shot_id,batch,clip,clip_title,scene_id,camera,asset_type,priority,pure_prompt,negative_prompt,story_stage,stage_name,spatial_lock
MSB019,B01,03,游戏厅入口,SCN_ARCADE,CAM_ARCADE_01_ENTRANCE_WIDE,storyboard,A,"Create a pure cinematic film still for AIGC video generation, 16:9 landscape, high-resolution, photoreal Chinese dreamcore realism, 1990s small-town China, humid yellowed childhood memory, low light, restrained VHS grain, real old clothes, lived-in surfaces, no visible text or annotations. Use the whitebox reference for composition and spatial relationship: whitebox_renders_v2/B01/WB2_ARCADE_MSB019.png. Panel MSB019, Clip 03 游戏厅入口, time 00:34. Scene lock: SCN_ARCADE. Camera reference: CAM_ARCADE_01_ENTRANCE_WIDE. Shot size: 近景. Beat: 门帘擦镜. Visual focus: 脏塑料门帘贴着镜头擦过，后面露出旧街机彩光. Character focus: 环境/道具. Expression: 无人物，进入感. Blocking and motion: 门帘晃动作为隐藏剪辑. Continuity anchors: 低天花旧游戏机房、两侧街机、CRT 红蓝绿光、烟雾、脏塑料门帘. Story stage: S1_ARCADE_PLAY / arcade play and humiliation. Character stage lock: The brothers are absorbed by the arcade; Binzi shifts from swagger to humiliation.. Wardrobe state: Children remain clean; CRT light changes color on clothes; bully clothes can be sweaty, not muddy.. Emotion state: Excited play turning into status pressure and embarrassment.. Environment stage lock: Low-ceiling hidden arcade, CRT glow, smoke haze, plastic curtain, cramped machine rows.. Identity locks: A Lei is the tall older brother with old thin metal-frame glasses, a blue worn tracksuit, protective posture, and a habit of pushing his glasses. Xiao Chuan is the middle/protagonist boy with round eyes, a slightly protruding right ear, half-open mouth, red scarf, blue school jacket and green schoolbag, often gripping the bag straps. Xiao Man is the smallest younger brother with a round head, rounder body, timid downcast eyes, warm old vest or pale shirt, hands gripping his hem, toes turned inward. Binzi is the short bully boss with dyed yellow hair and a compact aggressive body. The other three bullies must have distinct tall-thin, heavy, and errand-runner silhouettes. The image must look like a final movie frame or clean keyframe, not a storyboard drawing.","No text, no captions, no Chinese characters, no English letters, no labels, no arrows, no diagrams, no storyboard frame, no contact sheet, no sketch lines, no watermark. Avoid modern phones, modern cars, LED shop signs, polished mall interiors, fashionable contemporary clothes, glossy advertisement lighting, heroic violence, gore, blood focus, glamorized fighting, or characters looking like adults. Avoid panel-specific problems: 现代电玩城、液晶屏、抓娃娃机、明亮商业空间、额外女生. Do not add alley mud, fight injury, corridor lighting, phone booth glow, or 8-bit pixels.",S1_ARCADE_PLAY,arcade play and humiliation,"Follow whitebox_renders_v2/B01/WB2_ARCADE_MSB019.png; preserve axis, scale, foreground/midground/background, and subject blocking."
MSB020,B01,03,游戏厅入口,SCN_ARCADE,CAM_ARCADE_01_ENTRANCE_WIDE,start_frame,A,"Create a pure cinematic film still for AIGC video generation, 16:9 landscape, high-resolution, photoreal Chinese dreamcore realism, 1990s small-town China, humid yellowed childhood memory, low light, restrained VHS grain, real old clothes, lived-in surfaces, no visible text or annotations. Use the whitebox reference for composition and spatial relationship: whitebox_renders_v2/B01/WB2_ARCADE_MSB020.png. Panel MSB020, Clip 03 游戏厅入口, time 00:35. Scene lock: SCN_ARCADE. Camera reference: CAM_ARCADE_01_ENTRANCE_WIDE. Shot size: 全景. Beat: 三兄弟入口剪影. Visual focus: 三兄弟站在入口下方，室内低天花和两侧街机压住他们. Character focus: 三兄弟. Expression: 被空间吞进去的惊讶. Blocking and motion: 站位保持阿磊前、小川中、小满后. Continuity anchors: 低天花旧游戏机房、两侧街机、CRT 红蓝绿光、烟雾、脏塑料门帘. Story stage: S1_ARCADE_PLAY / arcade play and humiliation. Character stage lock: The brothers are absorbed by the arcade; Binzi shifts from swagger to humiliation.. Wardrobe state: Children remain clean; CRT light changes color on clothes; bully clothes can be sweaty, not muddy.. Emotion state: Excited play turning into status pressure and embarrassment.. Environment stage lock: Low-ceiling hidden arcade, CRT glow, smoke haze, plastic curtain, cramped machine rows.. Identity locks: A Lei is the tall older brother with old thin metal-frame glasses, a blue worn tracksuit, protective posture, and a habit of pushing his glasses. Xiao Chuan is the middle/protagonist boy with round eyes, a slightly protruding right ear, half-open mouth, red scarf, blue school jacket and green schoolbag, often gripping the bag straps. Xiao Man is the smallest younger brother with a round head, rounder body, timid downcast eyes, warm old vest or pale shirt, hands gripping his hem, toes turned inward. Binzi is the short bully boss with dyed yellow hair and a compact aggressive body. The other three bullies must have distinct tall-thin, heavy, and errand-runner silhouettes. The image must look like a final movie frame or clean keyframe, not a storyboard drawing.","No text, no captions, no Chinese characters, no English letters, no labels, no arrows, no diagrams, no storyboard frame, no contact sheet, no sketch lines, no watermark. Avoid modern phones, modern cars, LED shop signs, polished mall interiors, fashionable contemporary clothes, glossy advertisement lighting, heroic violence, gore, blood focus, glamorized fighting, or characters looking like adults. Avoid panel-specific problems: 现代电玩城、液晶屏、抓娃娃机、明亮商业空间、额外女生. Do not add alley mud, fight injury, corridor lighting, phone booth glow, or 8-bit pixels.",S1_ARCADE_PLAY,arcade play and humiliation,"Follow whitebox_renders_v2/B01/WB2_ARCADE_MSB020.png; preserve axis, scale, foreground/midground/background, and subject blocking."
MSB021,B01,03,游戏厅入口,SCN_ARCADE,CAM_ARCADE_01_ENTRANCE_WIDE,storyboard,A,"Create a pure cinematic film still for AIGC video generation, 16:9 landscape, high-resolution, photoreal Chinese dreamcore realism, 1990s small-town China, humid yellowed childhood memory, low light, restrained VHS grain, real old clothes, lived-in surfaces, no visible text or annotations. Use the whitebox reference for composition and spatial relationship: whitebox_renders_v2/B01/WB2_ARCADE_MSB021.png. Panel MSB021, Clip 03 游戏厅入口, time 00:37. Scene lock: SCN_ARCADE. Camera reference: CAM_ARCADE_01_ENTRANCE_WIDE. Shot size: 中景. Beat: 阿磊先迈入. Visual focus: 阿磊向前迈一步，肩膀故意撑开，小川和小满还在门口. Character focus: 阿磊. Expression: 装作熟悉，其实眼睛快速扫动. Blocking and motion: 向前一步后停. Continuity anchors: 低天花旧游戏机房、两侧街机、CRT 红蓝绿光、烟雾、脏塑料门帘. Story stage: S1_ARCADE_PLAY / arcade play and humiliation. Character stage lock: The brothers are absorbed by the arcade; Binzi shifts from swagger to humiliation.. Wardrobe state: Children remain clean; CRT light changes color on clothes; bully clothes can be sweaty, not muddy.. Emotion state: Excited play turning into status pressure and embarrassment.. Environment stage lock: Low-ceiling hidden arcade, CRT glow, smoke haze, plastic curtain, cramped machine rows.. Identity locks: A Lei is the tall older brother with old thin metal-frame glasses, a blue worn tracksuit, protective posture, and a habit of pushing his glasses. Xiao Chuan is the middle/protagonist boy with round eyes, a slightly protruding right ear, half-open mouth, red scarf, blue school jacket and green schoolbag, often gripping the bag straps. Xiao Man is the smallest younger brother with a round head, rounder body, timid downcast eyes, warm old vest or pale shirt, hands gripping his hem, toes turned inward. Binzi is the short bully boss with dyed yellow hair and a compact aggressive body. The other three bullies must have distinct tall-thin, heavy, and errand-runner silhouettes. The image must look like a final movie frame or clean keyframe, not a storyboard drawing.","No text, no captions, no Chinese characters, no English letters, no labels, no arrows, no diagrams, no storyboard frame, no contact sheet, no sketch lines, no watermark. Avoid modern phones, modern cars, LED shop signs, polished mall interiors, fashionable contemporary clothes, glossy advertisement lighting, heroic violence, gore, blood focus, glamorized fighting, or characters looking like adults. Avoid panel-specific problems: 现代电玩城、液晶屏、抓娃娃机、明亮商业空间、额外女生. Do not add alley mud, fight injury, corridor lighting, phone booth glow, or 8-bit pixels.",S1_ARCADE_PLAY,arcade play and humiliation,"Follow whitebox_renders_v2/B01/WB2_ARCADE_MSB021.png; preserve axis, scale, foreground/midground/background, and subject blocking."
MSB022,B01,03,游戏厅入口,SCN_ARCADE,CAM_ARCADE_01_ENTRANCE_WIDE,storyboard,A,"Create a pure cinematic film still for AIGC video generation, 16:9 landscape, high-resolution, photoreal Chinese dreamcore realism, 1990s small-town China, humid yellowed childhood memory, low light, restrained VHS grain, real old clothes, lived-in surfaces, no visible text or annotations. Use the whitebox reference for composition and spatial relationship: whitebox_renders_v2/B01/WB2_ARCADE_MSB022.png. Panel MSB022, Clip 03 游戏厅入口, time 00:38. Scene lock: SCN_ARCADE. Camera reference: CAM_ARCADE_01_ENTRANCE_WIDE. Shot size: 中景. Beat: 小川看屏幕. Visual focus: 小川侧脸被蓝绿屏幕光照亮，红领巾和书包边缘清楚. Character focus: 小川. Expression: 好奇压过害怕. Blocking and motion: 头部小幅转向街机. Continuity anchors: 低天花旧游戏机房、两侧街机、CRT 红蓝绿光、烟雾、脏塑料门帘. Story stage: S1_ARCADE_PLAY / arcade play and humiliation. Character stage lock: The brothers are absorbed by the arcade; Binzi shifts from swagger to humiliation.. Wardrobe state: Children remain clean; CRT light changes color on clothes; bully clothes can be sweaty, not muddy.. Emotion state: Excited play turning into status pressure and embarrassment.. Environment stage lock: Low-ceiling hidden arcade, CRT glow, smoke haze, plastic curtain, cramped machine rows.. Identity locks: A Lei is the tall older brother with old thin metal-frame glasses, a blue worn tracksuit, protective posture, and a habit of pushing his glasses. Xiao Chuan is the middle/protagonist boy with round eyes, a slightly protruding right ear, half-open mouth, red scarf, blue school jacket and green schoolbag, often gripping the bag straps. Xiao Man is the smallest younger brother with a round head, rounder body, timid downcast eyes, warm old vest or pale shirt, hands gripping his hem, toes turned inward. Binzi is the short bully boss with dyed yellow hair and a compact aggressive body. The other three bullies must have distinct tall-thin, heavy, and errand-runner silhouettes. The image must look like a final movie frame or clean keyframe, not a storyboard drawing.","No text, no captions, no Chinese characters, no English letters, no labels, no arrows, no diagrams, no storyboard frame, no contact sheet, no sketch lines, no watermark. Avoid modern phones, modern cars, LED shop signs, polished mall interiors, fashionable contemporary clothes, glossy advertisement lighting, heroic violence, gore, blood focus, glamorized fighting, or characters looking like adults. Avoid panel-specific problems: 现代电玩城、液晶屏、抓娃娃机、明亮商业空间、额外女生. Do not add alley mud, fight injury, corridor lighting, phone booth glow, or 8-bit pixels.",S1_ARCADE_PLAY,arcade play and humiliation,"Follow whitebox_renders_v2/B01/WB2_ARCADE_MSB022.png; preserve axis, scale, foreground/midground/background, and subject blocking."
MSB023,B01,03,游戏厅入口,SCN_ARCADE,CAM_ARCADE_01_ENTRANCE_WIDE,storyboard,B,"Create a pure cinematic film still for AIGC video generation, 16:9 landscape, high-resolution, photoreal Chinese dreamcore realism, 1990s small-town China, humid yellowed childhood memory, low light, restrained VHS grain, real old clothes, lived-in surfaces, no visible text or annotations. Use the whitebox reference for composition and spatial relationship: whitebox_renders_v2/B01/WB2_ARCADE_MSB023.png. Panel MSB023, Clip 03 游戏厅入口, time 00:40. Scene lock: SCN_ARCADE. Camera reference: CAM_ARCADE_01_ENTRANCE_WIDE. Shot size: 中景. Beat: 小满贴近. Visual focus: 小满靠近小川身后，只露半个身体，看向发光屏幕. Character focus: 小满. Expression: 迟疑，眨眼快. Blocking and motion: 抓衣角，跟半步. Continuity anchors: 低天花旧游戏机房、两侧街机、CRT 红蓝绿光、烟雾、脏塑料门帘. Story stage: S1_ARCADE_PLAY / arcade play and humiliation. Character stage lock: The brothers are absorbed by the arcade; Binzi shifts from swagger to humiliation.. Wardrobe state: Children remain clean; CRT light changes color on clothes; bully clothes can be sweaty, not muddy.. Emotion state: Excited play turning into status pressure and embarrassment.. Environment stage lock: Low-ceiling hidden arcade, CRT glow, smoke haze, plastic curtain, cramped machine rows.. Identity locks: A Lei is the tall older brother with old thin metal-frame glasses, a blue worn tracksuit, protective posture, and a habit of pushing his glasses. Xiao Chuan is the middle/protagonist boy with round eyes, a slightly protruding right ear, half-open mouth, red scarf, blue school jacket and green schoolbag, often gripping the bag straps. Xiao Man is the smallest younger brother with a round head, rounder body, timid downcast eyes, warm old vest or pale shirt, hands gripping his hem, toes turned inward. Binzi is the short bully boss with dyed yellow hair and a compact aggressive body. The other three bullies must have distinct tall-thin, heavy, and errand-runner silhouettes. The image must look like a final movie frame or clean keyframe, not a storyboard drawing.","No text, no captions, no Chinese characters, no English letters, no labels, no arrows, no diagrams, no storyboard frame, no contact sheet, no sketch lines, no watermark. Avoid modern phones, modern cars, LED shop signs, polished mall interiors, fashionable contemporary clothes, glossy advertisement lighting, heroic violence, gore, blood focus, glamorized fighting, or characters looking like adults. Avoid panel-specific problems: 现代电玩城、液晶屏、抓娃娃机、明亮商业空间、额外女生. Do not add alley mud, fight injury, corridor lighting, phone booth glow, or 8-bit pixels.",S1_ARCADE_PLAY,arcade play and humiliation,"Follow whitebox_renders_v2/B01/WB2_ARCADE_MSB023.png; preserve axis, scale, foreground/midground/background, and subject blocking."
MSB024,B01,03,游戏厅入口,SCN_ARCADE,CAM_ARCADE_01_ENTRANCE_WIDE,keyframe,A,"Create a pure cinematic film still for AIGC video generation, 16:9 landscape, high-resolution, photoreal Chinese dreamcore realism, 1990s small-town China, humid yellowed childhood memory, low light, restrained VHS grain, real old clothes, lived-in surfaces, no visible text or annotations. Use the whitebox reference for composition and spatial relationship: whitebox_renders_v2/B01/WB2_ARCADE_MSB024.png. Panel MSB024, Clip 03 游戏厅入口, time 00:42. Scene lock: SCN_ARCADE. Camera reference: CAM_ARCADE_01_ENTRANCE_WIDE. Shot size: 广角. Beat: 街机排布. Visual focus: 两排旧街机形成狭窄通道，远处有人影但不抢主体. Character focus: 环境. Expression: 压迫、热闹但脏旧. Blocking and motion: slow dolly in. Continuity anchors: 低天花旧游戏机房、两侧街机、CRT 红蓝绿光、烟雾、脏塑料门帘. Story stage: S1_ARCADE_PLAY / arcade play and humiliation. Character stage lock: The brothers are absorbed by the arcade; Binzi shifts from swagger to humiliation.. Wardrobe state: Children remain clean; CRT light changes color on clothes; bully clothes can be sweaty, not muddy.. Emotion state: Excited play turning into status pressure and embarrassment.. Environment stage lock: Low-ceiling hidden arcade, CRT glow, smoke haze, plastic curtain, cramped machine rows.. Identity locks: A Lei is the tall older brother with old thin metal-frame glasses, a blue worn tracksuit, protective posture, and a habit of pushing his glasses. Xiao Chuan is the middle/protagonist boy with round eyes, a slightly protruding right ear, half-open mouth, red scarf, blue school jacket and green schoolbag, often gripping the bag straps. Xiao Man is the smallest younger brother with a round head, rounder body, timid downcast eyes, warm old vest or pale shirt, hands gripping his hem, toes turned inward. Binzi is the short bully boss with dyed yellow hair and a compact aggressive body. The other three bullies must have distinct tall-thin, heavy, and errand-runner silhouettes. The image must look like a final movie frame or clean keyframe, not a storyboard drawing.","No text, no captions, no Chinese characters, no English letters, no labels, no arrows, no diagrams, no storyboard frame, no contact sheet, no sketch lines, no watermark. Avoid modern phones, modern cars, LED shop signs, polished mall interiors, fashionable contemporary clothes, glossy advertisement lighting, heroic violence, gore, blood focus, glamorized fighting, or characters looking like adults. Avoid panel-specific problems: 现代电玩城、液晶屏、抓娃娃机、明亮商业空间、额外女生. Do not add alley mud, fight injury, corridor lighting, phone booth glow, or 8-bit pixels.",S1_ARCADE_PLAY,arcade play and humiliation,"Follow whitebox_renders_v2/B01/WB2_ARCADE_MSB024.png; preserve axis, scale, foreground/midground/background, and subject blocking."
MSB025,B01,03,游戏厅入口,SCN_ARCADE,CAM_ARCADE_01_ENTRANCE_WIDE,storyboard,B,"Create a pure cinematic film still for AIGC video generation, 16:9 landscape, high-resolution, photoreal Chinese dreamcore realism, 1990s small-town China, humid yellowed childhood memory, low light, restrained VHS grain, real old clothes, lived-in surfaces, no visible text or annotations. Use the whitebox reference for composition and spatial relationship: whitebox_renders_v2/B01/WB2_ARCADE_MSB025.png. Panel MSB025, Clip 03 游戏厅入口, time 00:43. Scene lock: SCN_ARCADE. Camera reference: CAM_ARCADE_01_ENTRANCE_WIDE. Shot size: 特写. Beat: 摇杆按钮前景. Visual focus: 磨损摇杆、彩色按钮、硬币槽，孩子的手和旧机器比例对比. Character focus: 道具. Expression: 无表情，物件记忆. Blocking and motion: 固定近景. Continuity anchors: 低天花旧游戏机房、两侧街机、CRT 红蓝绿光、烟雾、脏塑料门帘. Story stage: S1_ARCADE_PLAY / arcade play and humiliation. Character stage lock: The brothers are absorbed by the arcade; Binzi shifts from swagger to humiliation.. Wardrobe state: Children remain clean; CRT light changes color on clothes; bully clothes can be sweaty, not muddy.. Emotion state: Excited play turning into status pressure and embarrassment.. Environment stage lock: Low-ceiling hidden arcade, CRT glow, smoke haze, plastic curtain, cramped machine rows.. Identity locks: A Lei is the tall older brother with old thin metal-frame glasses, a blue worn tracksuit, protective posture, and a habit of pushing his glasses. Xiao Chuan is the middle/protagonist boy with round eyes, a slightly protruding right ear, half-open mouth, red scarf, blue school jacket and green schoolbag, often gripping the bag straps. Xiao Man is the smallest younger brother with a round head, rounder body, timid downcast eyes, warm old vest or pale shirt, hands gripping his hem, toes turned inward. Binzi is the short bully boss with dyed yellow hair and a compact aggressive body. The other three bullies must have distinct tall-thin, heavy, and errand-runner silhouettes. The image must look like a final movie frame or clean keyframe, not a storyboard drawing.","No text, no captions, no Chinese characters, no English letters, no labels, no arrows, no diagrams, no storyboard frame, no contact sheet, no sketch lines, no watermark. Avoid modern phones, modern cars, LED shop signs, polished mall interiors, fashionable contemporary clothes, glossy advertisement lighting, heroic violence, gore, blood focus, glamorized fighting, or characters looking like adults. Avoid panel-specific problems: 现代电玩城、液晶屏、抓娃娃机、明亮商业空间、额外女生. Do not add alley mud, fight injury, corridor lighting, phone booth glow, or 8-bit pixels.",S1_ARCADE_PLAY,arcade play and humiliation,"Follow whitebox_renders_v2/B01/WB2_ARCADE_MSB025.png; preserve axis, scale, foreground/midground/background, and subject blocking."
MSB026,B01,03,游戏厅入口,SCN_ARCADE,CAM_ARCADE_01_ENTRANCE_WIDE,storyboard,C,"Create a pure cinematic film still for AIGC video generation, 16:9 landscape, high-resolution, photoreal Chinese dreamcore realism, 1990s small-town China, humid yellowed childhood memory, low light, restrained VHS grain, real old clothes, lived-in surfaces, no visible text or annotations. Use the whitebox reference for composition and spatial relationship: whitebox_renders_v2/B01/WB2_ARCADE_MSB026.png. Panel MSB026, Clip 03 游戏厅入口, time 00:45. Scene lock: SCN_ARCADE. Camera reference: CAM_ARCADE_01_ENTRANCE_WIDE. Shot size: 中远景. Beat: 烟雾和顶灯. Visual focus: 昏暗顶灯、烟雾、墙上海报和老旧天花板形成密闭感. Character focus: 环境. Expression: 不安的兴奋. Blocking and motion: 只允许烟雾轻动. Continuity anchors: 低天花旧游戏机房、两侧街机、CRT 红蓝绿光、烟雾、脏塑料门帘. Story stage: S1_ARCADE_PLAY / arcade play and humiliation. Character stage lock: The brothers are absorbed by the arcade; Binzi shifts from swagger to humiliation.. Wardrobe state: Children remain clean; CRT light changes color on clothes; bully clothes can be sweaty, not muddy.. Emotion state: Excited play turning into status pressure and embarrassment.. Environment stage lock: Low-ceiling hidden arcade, CRT glow, smoke haze, plastic curtain, cramped machine rows.. Identity locks: A Lei is the tall older brother with old thin metal-frame glasses, a blue worn tracksuit, protective posture, and a habit of pushing his glasses. Xiao Chuan is the middle/protagonist boy with round eyes, a slightly protruding right ear, half-open mouth, red scarf, blue school jacket and green schoolbag, often gripping the bag straps. Xiao Man is the smallest younger brother with a round head, rounder body, timid downcast eyes, warm old vest or pale shirt, hands gripping his hem, toes turned inward. Binzi is the short bully boss with dyed yellow hair and a compact aggressive body. The other three bullies must have distinct tall-thin, heavy, and errand-runner silhouettes. The image must look like a final movie frame or clean keyframe, not a storyboard drawing.","No text, no captions, no Chinese characters, no English letters, no labels, no arrows, no diagrams, no storyboard frame, no contact sheet, no sketch lines, no watermark. Avoid modern phones, modern cars, LED shop signs, polished mall interiors, fashionable contemporary clothes, glossy advertisement lighting, heroic violence, gore, blood focus, glamorized fighting, or characters looking like adults. Avoid panel-specific problems: 现代电玩城、液晶屏、抓娃娃机、明亮商业空间、额外女生. Do not add alley mud, fight injury, corridor lighting, phone booth glow, or 8-bit pixels.",S1_ARCADE_PLAY,arcade play and humiliation,"Follow whitebox_renders_v2/B01/WB2_ARCADE_MSB026.png; preserve axis, scale, foreground/midground/background, and subject blocking."
MSB027,B01,03,游戏厅入口,SCN_ARCADE,CAM_ARCADE_01_ENTRANCE_WIDE,storyboard,A,"Create a pure cinematic film still for AIGC video generation, 16:9 landscape, high-resolution, photoreal Chinese dreamcore realism, 1990s small-town China, humid yellowed childhood memory, low light, restrained VHS grain, real old clothes, lived-in surfaces, no visible text or annotations. Use the whitebox reference for composition and spatial relationship: whitebox_renders_v2/B01/WB2_ARCADE_MSB027.png. Panel MSB027, Clip 03 游戏厅入口, time 00:46. Scene lock: SCN_ARCADE. Camera reference: CAM_ARCADE_01_ENTRANCE_WIDE. Shot size: 全景. Beat: 三兄弟深入. Visual focus: 三人沿街机通道向里走，阿磊被机器吸引，小川跟着看，小满被拉着走. Character focus: 三兄弟. Expression: 兴奋、跟随、被动. Blocking and motion: 前进方向清楚. Continuity anchors: 低天花旧游戏机房、两侧街机、CRT 红蓝绿光、烟雾、脏塑料门帘. Story stage: S1_ARCADE_PLAY / arcade play and humiliation. Character stage lock: The brothers are absorbed by the arcade; Binzi shifts from swagger to humiliation.. Wardrobe state: Children remain clean; CRT light changes color on clothes; bully clothes can be sweaty, not muddy.. Emotion state: Excited play turning into status pressure and embarrassment.. Environment stage lock: Low-ceiling hidden arcade, CRT glow, smoke haze, plastic curtain, cramped machine rows.. Identity locks: A Lei is the tall older brother with old thin metal-frame glasses, a blue worn tracksuit, protective posture, and a habit of pushing his glasses. Xiao Chuan is the middle/protagonist boy with round eyes, a slightly protruding right ear, half-open mouth, red scarf, blue school jacket and green schoolbag, often gripping the bag straps. Xiao Man is the smallest younger brother with a round head, rounder body, timid downcast eyes, warm old vest or pale shirt, hands gripping his hem, toes turned inward. Binzi is the short bully boss with dyed yellow hair and a compact aggressive body. The other three bullies must have distinct tall-thin, heavy, and errand-runner silhouettes. The image must look like a final movie frame or clean keyframe, not a storyboard drawing.","No text, no captions, no Chinese characters, no English letters, no labels, no arrows, no diagrams, no storyboard frame, no contact sheet, no sketch lines, no watermark. Avoid modern phones, modern cars, LED shop signs, polished mall interiors, fashionable contemporary clothes, glossy advertisement lighting, heroic violence, gore, blood focus, glamorized fighting, or characters looking like adults. Avoid panel-specific problems: 现代电玩城、液晶屏、抓娃娃机、明亮商业空间、额外女生. Do not add alley mud, fight injury, corridor lighting, phone booth glow, or 8-bit pixels.",S1_ARCADE_PLAY,arcade play and humiliation,"Follow whitebox_renders_v2/B01/WB2_ARCADE_MSB027.png; preserve axis, scale, foreground/midground/background, and subject blocking."
MSB028,B01,03,游戏厅入口,SCN_ARCADE,CAM_ARCADE_01_ENTRANCE_WIDE,end_frame,A,"Create a pure cinematic film still for AIGC video generation, 16:9 landscape, high-resolution, photoreal Chinese dreamcore realism, 1990s small-town China, humid yellowed childhood memory, low light, restrained VHS grain, real old clothes, lived-in surfaces, no visible text or annotations. Use the whitebox reference for composition and spatial relationship: whitebox_renders_v2/B01/WB2_ARCADE_MSB028.png. Panel MSB028, Clip 03 游戏厅入口, time 00:48. Scene lock: SCN_ARCADE. Camera reference: CAM_ARCADE_01_ENTRANCE_WIDE. Shot size: 中远景. Beat: 街霸机远处出现. Visual focus: 远处一台街头霸王机器的屏幕更亮，像目标点. Character focus: 环境/道具. Expression: 无人物表情，目标明确. Blocking and motion: 镜头停在机器方向. Continuity anchors: 低天花旧游戏机房、两侧街机、CRT 红蓝绿光、烟雾、脏塑料门帘. Story stage: S1_ARCADE_PLAY / arcade play and humiliation. Character stage lock: The brothers are absorbed by the arcade; Binzi shifts from swagger to humiliation.. Wardrobe state: Children remain clean; CRT light changes color on clothes; bully clothes can be sweaty, not muddy.. Emotion state: Excited play turning into status pressure and embarrassment.. Environment stage lock: Low-ceiling hidden arcade, CRT glow, smoke haze, plastic curtain, cramped machine rows.. Identity locks: A Lei is the tall older brother with old thin metal-frame glasses, a blue worn tracksuit, protective posture, and a habit of pushing his glasses. Xiao Chuan is the middle/protagonist boy with round eyes, a slightly protruding right ear, half-open mouth, red scarf, blue school jacket and green schoolbag, often gripping the bag straps. Xiao Man is the smallest younger brother with a round head, rounder body, timid downcast eyes, warm old vest or pale shirt, hands gripping his hem, toes turned inward. Binzi is the short bully boss with dyed yellow hair and a compact aggressive body. The other three bullies must have distinct tall-thin, heavy, and errand-runner silhouettes. The image must look like a final movie frame or clean keyframe, not a storyboard drawing.","No text, no captions, no Chinese characters, no English letters, no labels, no arrows, no diagrams, no storyboard frame, no contact sheet, no sketch lines, no watermark. Avoid modern phones, modern cars, LED shop signs, polished mall interiors, fashionable contemporary clothes, glossy advertisement lighting, heroic violence, gore, blood focus, glamorized fighting, or characters looking like adults. Avoid panel-specific problems: 现代电玩城、液晶屏、抓娃娃机、明亮商业空间、额外女生. Do not add alley mud, fight injury, corridor lighting, phone booth glow, or 8-bit pixels.",S1_ARCADE_PLAY,arcade play and humiliation,"Follow whitebox_renders_v2/B01/WB2_ARCADE_MSB028.png; preserve axis, scale, foreground/midground/background, and subject blocking."
MSB029,B02,04,找到街霸,SCN_ARCADE,CAM_ARCADE_02_STREET_FIGHTER_CABINET,keyframe,A,"Create a pure cinematic film still for AIGC video generation, 16:9 landscape, high-resolution, photoreal Chinese dreamcore realism, 1990s small-town China, humid yellowed childhood memory, low light, restrained VHS grain, real old clothes, lived-in surfaces, no visible text or annotations. Use the whitebox reference for composition and spatial relationship: whitebox_renders_v2/B02/WB2_ARCADE_MSB029.png. Panel MSB029, Clip 04 找到街霸, time 00:50. Scene lock: SCN_ARCADE. Camera reference: CAM_ARCADE_02_STREET_FIGHTER_CABINET. Shot size: 中景. Beat: 街霸机正面. Visual focus: 街头霸王街机占画面中心，屏幕和操作台磨损清楚. Character focus: 街机. Expression: 无人物，机器作为冲突种子. Blocking and motion: 固定构图. Continuity anchors: 街头霸王街机、磨损摇杆、哥哥站操作位、主角旁观、小弟弟躲后、CRT 光. Story stage: S1_ARCADE_PLAY / arcade play and humiliation. Character stage lock: The brothers are absorbed by the arcade; Binzi shifts from swagger to humiliation.. Wardrobe state: Children remain clean; CRT light changes color on clothes; bully clothes can be sweaty, not muddy.. Emotion state: Excited play turning into status pressure and embarrassment.. Environment stage lock: Low-ceiling hidden arcade, CRT glow, smoke haze, plastic curtain, cramped machine rows.. Identity locks: A Lei is the tall older brother with old thin metal-frame glasses, a blue worn tracksuit, protective posture, and a habit of pushing his glasses. Xiao Chuan is the middle/protagonist boy with round eyes, a slightly protruding right ear, half-open mouth, red scarf, blue school jacket and green schoolbag, often gripping the bag straps. Xiao Man is the smallest younger brother with a round head, rounder body, timid downcast eyes, warm old vest or pale shirt, hands gripping his hem, toes turned inward. Binzi is the short bully boss with dyed yellow hair and a compact aggressive body. The other three bullies must have distinct tall-thin, heavy, and errand-runner silhouettes. The image must look like a final movie frame or clean keyframe, not a storyboard drawing.","No text, no captions, no Chinese characters, no English letters, no labels, no arrows, no diagrams, no storyboard frame, no contact sheet, no sketch lines, no watermark. Avoid modern phones, modern cars, LED shop signs, polished mall interiors, fashionable contemporary clothes, glossy advertisement lighting, heroic violence, gore, blood focus, glamorized fighting, or characters looking like adults. Avoid panel-specific problems: 现代格斗游戏、哥哥和老大现实打斗、主角参与对战、多人混乱. Do not add alley mud, fight injury, corridor lighting, phone booth glow, or 8-bit pixels.",S1_ARCADE_PLAY,arcade play and humiliation,"Follow whitebox_renders_v2/B02/WB2_ARCADE_MSB029.png; preserve axis, scale, foreground/midground/background, and subject blocking."
MSB030,B02,04,找到街霸,SCN_ARCADE,CAM_ARCADE_02_STREET_FIGHTER_CABINET,storyboard,A,"Create a pure cinematic film still for AIGC video generation, 16:9 landscape, high-resolution, photoreal Chinese dreamcore realism, 1990s small-town China, humid yellowed childhood memory, low light, restrained VHS grain, real old clothes, lived-in surfaces, no visible text or annotations. Use the whitebox reference for composition and spatial relationship: whitebox_renders_v2/B02/WB2_ARCADE_MSB030.png. Panel MSB030, Clip 04 找到街霸, time 00:51. Scene lock: SCN_ARCADE. Camera reference: CAM_ARCADE_02_STREET_FIGHTER_CABINET. Shot size: 中景. Beat: 阿磊抢到操作位. Visual focus: 阿磊站到操作位，手放在摇杆旁，下巴微扬. Character focus: 阿磊. Expression: 兴奋但故作淡定. Blocking and motion: 身体前倾，肩膀撑开. Continuity anchors: 街头霸王街机、磨损摇杆、哥哥站操作位、主角旁观、小弟弟躲后、CRT 光. Story stage: S1_ARCADE_PLAY / arcade play and humiliation. Character stage lock: The brothers are absorbed by the arcade; Binzi shifts from swagger to humiliation.. Wardrobe state: Children remain clean; CRT light changes color on clothes; bully clothes can be sweaty, not muddy.. Emotion state: Excited play turning into status pressure and embarrassment.. Environment stage lock: Low-ceiling hidden arcade, CRT glow, smoke haze, plastic curtain, cramped machine rows.. Identity locks: A Lei is the tall older brother with old thin metal-frame glasses, a blue worn tracksuit, protective posture, and a habit of pushing his glasses. Xiao Chuan is the middle/protagonist boy with round eyes, a slightly protruding right ear, half-open mouth, red scarf, blue school jacket and green schoolbag, often gripping the bag straps. Xiao Man is the smallest younger brother with a round head, rounder body, timid downcast eyes, warm old vest or pale shirt, hands gripping his hem, toes turned inward. Binzi is the short bully boss with dyed yellow hair and a compact aggressive body. The other three bullies must have distinct tall-thin, heavy, and errand-runner silhouettes. The image must look like a final movie frame or clean keyframe, not a storyboard drawing.","No text, no captions, no Chinese characters, no English letters, no labels, no arrows, no diagrams, no storyboard frame, no contact sheet, no sketch lines, no watermark. Avoid modern phones, modern cars, LED shop signs, polished mall interiors, fashionable contemporary clothes, glossy advertisement lighting, heroic violence, gore, blood focus, glamorized fighting, or characters looking like adults. Avoid panel-specific problems: 现代格斗游戏、哥哥和老大现实打斗、主角参与对战、多人混乱. Do not add alley mud, fight injury, corridor lighting, phone booth glow, or 8-bit pixels.",S1_ARCADE_PLAY,arcade play and humiliation,"Follow whitebox_renders_v2/B02/WB2_ARCADE_MSB030.png; preserve axis, scale, foreground/midground/background, and subject blocking."
MSB031,B02,04,找到街霸,SCN_ARCADE,CAM_ARCADE_02_STREET_FIGHTER_CABINET,storyboard,A,"Create a pure cinematic film still for AIGC video generation, 16:9 landscape, high-resolution, photoreal Chinese dreamcore realism, 1990s small-town China, humid yellowed childhood memory, low light, restrained VHS grain, real old clothes, lived-in surfaces, no visible text or annotations. Use the whitebox reference for composition and spatial relationship: whitebox_renders_v2/B02/WB2_ARCADE_MSB031.png. Panel MSB031, Clip 04 找到街霸, time 00:53. Scene lock: SCN_ARCADE. Camera reference: CAM_ARCADE_02_STREET_FIGHTER_CABINET. Shot size: 中景. Beat: 小川靠旁边看. Visual focus: 小川站在阿磊侧后，红领巾被屏幕光照亮，手还抓书包带. Character focus: 小川. Expression: 羡慕和紧张混合. Blocking and motion: 不碰机器，只看. Continuity anchors: 街头霸王街机、磨损摇杆、哥哥站操作位、主角旁观、小弟弟躲后、CRT 光. Story stage: S1_ARCADE_PLAY / arcade play and humiliation. Character stage lock: The brothers are absorbed by the arcade; Binzi shifts from swagger to humiliation.. Wardrobe state: Children remain clean; CRT light changes color on clothes; bully clothes can be sweaty, not muddy.. Emotion state: Excited play turning into status pressure and embarrassment.. Environment stage lock: Low-ceiling hidden arcade, CRT glow, smoke haze, plastic curtain, cramped machine rows.. Identity locks: A Lei is the tall older brother with old thin metal-frame glasses, a blue worn tracksuit, protective posture, and a habit of pushing his glasses. Xiao Chuan is the middle/protagonist boy with round eyes, a slightly protruding right ear, half-open mouth, red scarf, blue school jacket and green schoolbag, often gripping the bag straps. Xiao Man is the smallest younger brother with a round head, rounder body, timid downcast eyes, warm old vest or pale shirt, hands gripping his hem, toes turned inward. Binzi is the short bully boss with dyed yellow hair and a compact aggressive body. The other three bullies must have distinct tall-thin, heavy, and errand-runner silhouettes. The image must look like a final movie frame or clean keyframe, not a storyboard drawing.","No text, no captions, no Chinese characters, no English letters, no labels, no arrows, no diagrams, no storyboard frame, no contact sheet, no sketch lines, no watermark. Avoid modern phones, modern cars, LED shop signs, polished mall interiors, fashionable contemporary clothes, glossy advertisement lighting, heroic violence, gore, blood focus, glamorized fighting, or characters looking like adults. Avoid panel-specific problems: 现代格斗游戏、哥哥和老大现实打斗、主角参与对战、多人混乱. Do not add alley mud, fight injury, corridor lighting, phone booth glow, or 8-bit pixels.",S1_ARCADE_PLAY,arcade play and humiliation,"Follow whitebox_renders_v2/B02/WB2_ARCADE_MSB031.png; preserve axis, scale, foreground/midground/background, and subject blocking."
MSB032,B02,04,找到街霸,SCN_ARCADE,CAM_ARCADE_02_STREET_FIGHTER_CABINET,storyboard,B,"Create a pure cinematic film still for AIGC video generation, 16:9 landscape, high-resolution, photoreal Chinese dreamcore realism, 1990s small-town China, humid yellowed childhood memory, low light, restrained VHS grain, real old clothes, lived-in surfaces, no visible text or annotations. Use the whitebox reference for composition and spatial relationship: whitebox_renders_v2/B02/WB2_ARCADE_MSB032.png. Panel MSB032, Clip 04 找到街霸, time 00:55. Scene lock: SCN_ARCADE. Camera reference: CAM_ARCADE_02_STREET_FIGHTER_CABINET. Shot size: 中景. Beat: 小满躲机器后. Visual focus: 小满只露出半张脸和浅色衬衫，躲在小川身后看屏幕. Character focus: 小满. Expression: 好奇但怕人群. Blocking and motion: 贴近小川. Continuity anchors: 街头霸王街机、磨损摇杆、哥哥站操作位、主角旁观、小弟弟躲后、CRT 光. Story stage: S1_ARCADE_PLAY / arcade play and humiliation. Character stage lock: The brothers are absorbed by the arcade; Binzi shifts from swagger to humiliation.. Wardrobe state: Children remain clean; CRT light changes color on clothes; bully clothes can be sweaty, not muddy.. Emotion state: Excited play turning into status pressure and embarrassment.. Environment stage lock: Low-ceiling hidden arcade, CRT glow, smoke haze, plastic curtain, cramped machine rows.. Identity locks: A Lei is the tall older brother with old thin metal-frame glasses, a blue worn tracksuit, protective posture, and a habit of pushing his glasses. Xiao Chuan is the middle/protagonist boy with round eyes, a slightly protruding right ear, half-open mouth, red scarf, blue school jacket and green schoolbag, often gripping the bag straps. Xiao Man is the smallest younger brother with a round head, rounder body, timid downcast eyes, warm old vest or pale shirt, hands gripping his hem, toes turned inward. Binzi is the short bully boss with dyed yellow hair and a compact aggressive body. The other three bullies must have distinct tall-thin, heavy, and errand-runner silhouettes. The image must look like a final movie frame or clean keyframe, not a storyboard drawing.","No text, no captions, no Chinese characters, no English letters, no labels, no arrows, no diagrams, no storyboard frame, no contact sheet, no sketch lines, no watermark. Avoid modern phones, modern cars, LED shop signs, polished mall interiors, fashionable contemporary clothes, glossy advertisement lighting, heroic violence, gore, blood focus, glamorized fighting, or characters looking like adults. Avoid panel-specific problems: 现代格斗游戏、哥哥和老大现实打斗、主角参与对战、多人混乱. Do not add alley mud, fight injury, corridor lighting, phone booth glow, or 8-bit pixels.",S1_ARCADE_PLAY,arcade play and humiliation,"Follow whitebox_renders_v2/B02/WB2_ARCADE_MSB032.png; preserve axis, scale, foreground/midground/background, and subject blocking."
MSB033,B02,04,找到街霸,SCN_ARCADE,CAM_ARCADE_02_STREET_FIGHTER_CABINET,storyboard,B,"Create a pure cinematic film still for AIGC video generation, 16:9 landscape, high-resolution, photoreal Chinese dreamcore realism, 1990s small-town China, humid yellowed childhood memory, low light, restrained VHS grain, real old clothes, lived-in surfaces, no visible text or annotations. Use the whitebox reference for composition and spatial relationship: whitebox_renders_v2/B02/WB2_ARCADE_MSB033.png. Panel MSB033, Clip 04 找到街霸, time 00:57. Scene lock: SCN_ARCADE. Camera reference: CAM_ARCADE_02_STREET_FIGHTER_CABINET. Shot size: 特写. Beat: 按钮手部. Visual focus: 阿磊的儿童手指放到彩色按钮上，袖口磨毛和按钮划痕同框. Character focus: 阿磊/道具. Expression: 专注. Blocking and motion: 手开始操作前的准备. Continuity anchors: 街头霸王街机、磨损摇杆、哥哥站操作位、主角旁观、小弟弟躲后、CRT 光. Story stage: S1_ARCADE_PLAY / arcade play and humiliation. Character stage lock: The brothers are absorbed by the arcade; Binzi shifts from swagger to humiliation.. Wardrobe state: Children remain clean; CRT light changes color on clothes; bully clothes can be sweaty, not muddy.. Emotion state: Excited play turning into status pressure and embarrassment.. Environment stage lock: Low-ceiling hidden arcade, CRT glow, smoke haze, plastic curtain, cramped machine rows.. Identity locks: A Lei is the tall older brother with old thin metal-frame glasses, a blue worn tracksuit, protective posture, and a habit of pushing his glasses. Xiao Chuan is the middle/protagonist boy with round eyes, a slightly protruding right ear, half-open mouth, red scarf, blue school jacket and green schoolbag, often gripping the bag straps. Xiao Man is the smallest younger brother with a round head, rounder body, timid downcast eyes, warm old vest or pale shirt, hands gripping his hem, toes turned inward. Binzi is the short bully boss with dyed yellow hair and a compact aggressive body. The other three bullies must have distinct tall-thin, heavy, and errand-runner silhouettes. The image must look like a final movie frame or clean keyframe, not a storyboard drawing.","No text, no captions, no Chinese characters, no English letters, no labels, no arrows, no diagrams, no storyboard frame, no contact sheet, no sketch lines, no watermark. Avoid modern phones, modern cars, LED shop signs, polished mall interiors, fashionable contemporary clothes, glossy advertisement lighting, heroic violence, gore, blood focus, glamorized fighting, or characters looking like adults. Avoid panel-specific problems: 现代格斗游戏、哥哥和老大现实打斗、主角参与对战、多人混乱. Do not add alley mud, fight injury, corridor lighting, phone booth glow, or 8-bit pixels.",S1_ARCADE_PLAY,arcade play and humiliation,"Follow whitebox_renders_v2/B02/WB2_ARCADE_MSB033.png; preserve axis, scale, foreground/midground/background, and subject blocking."
MSB034,B02,04,找到街霸,SCN_ARCADE,CAM_ARCADE_02_STREET_FIGHTER_CABINET,storyboard,A,"Create a pure cinematic film still for AIGC video generation, 16:9 landscape, high-resolution, photoreal Chinese dreamcore realism, 1990s small-town China, humid yellowed childhood memory, low light, restrained VHS grain, real old clothes, lived-in surfaces, no visible text or annotations. Use the whitebox reference for composition and spatial relationship: whitebox_renders_v2/B02/WB2_ARCADE_MSB034.png. Panel MSB034, Clip 04 找到街霸, time 00:58. Scene lock: SCN_ARCADE. Camera reference: CAM_ARCADE_02_STREET_FIGHTER_CABINET. Shot size: 中景. Beat: 彬子进入边缘. Visual focus: 彬子从机器另一侧进入画面，黄发梢和黑夹克先被看见. Character focus: 彬子. Expression: 挑衅假笑. Blocking and motion: 下巴前顶，靠近机器. Continuity anchors: 街头霸王街机、磨损摇杆、哥哥站操作位、主角旁观、小弟弟躲后、CRT 光. Story stage: S1_ARCADE_PLAY / arcade play and humiliation. Character stage lock: The brothers are absorbed by the arcade; Binzi shifts from swagger to humiliation.. Wardrobe state: Children remain clean; CRT light changes color on clothes; bully clothes can be sweaty, not muddy.. Emotion state: Excited play turning into status pressure and embarrassment.. Environment stage lock: Low-ceiling hidden arcade, CRT glow, smoke haze, plastic curtain, cramped machine rows.. Identity locks: A Lei is the tall older brother with old thin metal-frame glasses, a blue worn tracksuit, protective posture, and a habit of pushing his glasses. Xiao Chuan is the middle/protagonist boy with round eyes, a slightly protruding right ear, half-open mouth, red scarf, blue school jacket and green schoolbag, often gripping the bag straps. Xiao Man is the smallest younger brother with a round head, rounder body, timid downcast eyes, warm old vest or pale shirt, hands gripping his hem, toes turned inward. Binzi is the short bully boss with dyed yellow hair and a compact aggressive body. The other three bullies must have distinct tall-thin, heavy, and errand-runner silhouettes. The image must look like a final movie frame or clean keyframe, not a storyboard drawing.","No text, no captions, no Chinese characters, no English letters, no labels, no arrows, no diagrams, no storyboard frame, no contact sheet, no sketch lines, no watermark. Avoid modern phones, modern cars, LED shop signs, polished mall interiors, fashionable contemporary clothes, glossy advertisement lighting, heroic violence, gore, blood focus, glamorized fighting, or characters looking like adults. Avoid panel-specific problems: 现代格斗游戏、哥哥和老大现实打斗、主角参与对战、多人混乱. Do not add alley mud, fight injury, corridor lighting, phone booth glow, or 8-bit pixels.",S1_ARCADE_PLAY,arcade play and humiliation,"Follow whitebox_renders_v2/B02/WB2_ARCADE_MSB034.png; preserve axis, scale, foreground/midground/background, and subject blocking."
MSB035,B02,04,找到街霸,SCN_ARCADE,CAM_ARCADE_02_STREET_FIGHTER_CABINET,start_frame,A,"Create a pure cinematic film still for AIGC video generation, 16:9 landscape, high-resolution, photoreal Chinese dreamcore realism, 1990s small-town China, humid yellowed childhood memory, low light, restrained VHS grain, real old clothes, lived-in surfaces, no visible text or annotations. Use the whitebox reference for composition and spatial relationship: whitebox_renders_v2/B02/WB2_ARCADE_MSB035.png. Panel MSB035, Clip 04 找到街霸, time 01:00. Scene lock: SCN_ARCADE. Camera reference: CAM_ARCADE_02_STREET_FIGHTER_CABINET. Shot size: 中景. Beat: 两侧对位. Visual focus: 阿磊和彬子分别站在机器两侧，屏幕在中间，身高差和气势差清楚. Character focus: 阿磊/彬子. Expression: 阿磊装稳，彬子轻蔑. Blocking and motion: 对战站位锁定. Continuity anchors: 街头霸王街机、磨损摇杆、哥哥站操作位、主角旁观、小弟弟躲后、CRT 光. Story stage: S1_ARCADE_PLAY / arcade play and humiliation. Character stage lock: The brothers are absorbed by the arcade; Binzi shifts from swagger to humiliation.. Wardrobe state: Children remain clean; CRT light changes color on clothes; bully clothes can be sweaty, not muddy.. Emotion state: Excited play turning into status pressure and embarrassment.. Environment stage lock: Low-ceiling hidden arcade, CRT glow, smoke haze, plastic curtain, cramped machine rows.. Identity locks: A Lei is the tall older brother with old thin metal-frame glasses, a blue worn tracksuit, protective posture, and a habit of pushing his glasses. Xiao Chuan is the middle/protagonist boy with round eyes, a slightly protruding right ear, half-open mouth, red scarf, blue school jacket and green schoolbag, often gripping the bag straps. Xiao Man is the smallest younger brother with a round head, rounder body, timid downcast eyes, warm old vest or pale shirt, hands gripping his hem, toes turned inward. Binzi is the short bully boss with dyed yellow hair and a compact aggressive body. The other three bullies must have distinct tall-thin, heavy, and errand-runner silhouettes. The image must look like a final movie frame or clean keyframe, not a storyboard drawing.","No text, no captions, no Chinese characters, no English letters, no labels, no arrows, no diagrams, no storyboard frame, no contact sheet, no sketch lines, no watermark. Avoid modern phones, modern cars, LED shop signs, polished mall interiors, fashionable contemporary clothes, glossy advertisement lighting, heroic violence, gore, blood focus, glamorized fighting, or characters looking like adults. Avoid panel-specific problems: 现代格斗游戏、哥哥和老大现实打斗、主角参与对战、多人混乱. Do not add alley mud, fight injury, corridor lighting, phone booth glow, or 8-bit pixels.",S1_ARCADE_PLAY,arcade play and humiliation,"Follow whitebox_renders_v2/B02/WB2_ARCADE_MSB035.png; preserve axis, scale, foreground/midground/background, and subject blocking."
MSB036,B02,04,找到街霸,SCN_ARCADE,CAM_ARCADE_02_STREET_FIGHTER_CABINET,storyboard,B,"Create a pure cinematic film still for AIGC video generation, 16:9 landscape, high-resolution, photoreal Chinese dreamcore realism, 1990s small-town China, humid yellowed childhood memory, low light, restrained VHS grain, real old clothes, lived-in surfaces, no visible text or annotations. Use the whitebox reference for composition and spatial relationship: whitebox_renders_v2/B02/WB2_ARCADE_MSB036.png. Panel MSB036, Clip 04 找到街霸, time 01:02. Scene lock: SCN_ARCADE. Camera reference: CAM_ARCADE_02_STREET_FIGHTER_CABINET. Shot size: 近景. Beat: 小川反应. Visual focus: 小川看见彬子，笑意收住，眼睛从屏幕移到彬子脸上. Character focus: 小川. Expression: 警觉但不懂危险. Blocking and motion: 头部小幅转移. Continuity anchors: 街头霸王街机、磨损摇杆、哥哥站操作位、主角旁观、小弟弟躲后、CRT 光. Story stage: S1_ARCADE_PLAY / arcade play and humiliation. Character stage lock: The brothers are absorbed by the arcade; Binzi shifts from swagger to humiliation.. Wardrobe state: Children remain clean; CRT light changes color on clothes; bully clothes can be sweaty, not muddy.. Emotion state: Excited play turning into status pressure and embarrassment.. Environment stage lock: Low-ceiling hidden arcade, CRT glow, smoke haze, plastic curtain, cramped machine rows.. Identity locks: A Lei is the tall older brother with old thin metal-frame glasses, a blue worn tracksuit, protective posture, and a habit of pushing his glasses. Xiao Chuan is the middle/protagonist boy with round eyes, a slightly protruding right ear, half-open mouth, red scarf, blue school jacket and green schoolbag, often gripping the bag straps. Xiao Man is the smallest younger brother with a round head, rounder body, timid downcast eyes, warm old vest or pale shirt, hands gripping his hem, toes turned inward. Binzi is the short bully boss with dyed yellow hair and a compact aggressive body. The other three bullies must have distinct tall-thin, heavy, and errand-runner silhouettes. The image must look like a final movie frame or clean keyframe, not a storyboard drawing.","No text, no captions, no Chinese characters, no English letters, no labels, no arrows, no diagrams, no storyboard frame, no contact sheet, no sketch lines, no watermark. Avoid modern phones, modern cars, LED shop signs, polished mall interiors, fashionable contemporary clothes, glossy advertisement lighting, heroic violence, gore, blood focus, glamorized fighting, or characters looking like adults. Avoid panel-specific problems: 现代格斗游戏、哥哥和老大现实打斗、主角参与对战、多人混乱. Do not add alley mud, fight injury, corridor lighting, phone booth glow, or 8-bit pixels.",S1_ARCADE_PLAY,arcade play and humiliation,"Follow whitebox_renders_v2/B02/WB2_ARCADE_MSB036.png; preserve axis, scale, foreground/midground/background, and subject blocking."
MSB037,B02,04,找到街霸,SCN_ARCADE,CAM_ARCADE_02_STREET_FIGHTER_CABINET,end_frame,B,"Create a pure cinematic film still for AIGC video generation, 16:9 landscape, high-resolution, photoreal Chinese dreamcore realism, 1990s small-town China, humid yellowed childhood memory, low light, restrained VHS grain, real old clothes, lived-in surfaces, no visible text or annotations. Use the whitebox reference for composition and spatial relationship: whitebox_renders_v2/B02/WB2_ARCADE_MSB037.png. Panel MSB037, Clip 04 找到街霸, time 01:04. Scene lock: SCN_ARCADE. Camera reference: CAM_ARCADE_02_STREET_FIGHTER_CABINET. Shot size: 特写. Beat: 硬币入槽. Visual focus: 硬币投入街机槽，金属声和 CRT 光形成对战开始点. Character focus: 道具. Expression: 无人物，仪式感. Blocking and motion: 手离开硬币槽. Continuity anchors: 街头霸王街机、磨损摇杆、哥哥站操作位、主角旁观、小弟弟躲后、CRT 光. Story stage: S1_ARCADE_PLAY / arcade play and humiliation. Character stage lock: The brothers are absorbed by the arcade; Binzi shifts from swagger to humiliation.. Wardrobe state: Children remain clean; CRT light changes color on clothes; bully clothes can be sweaty, not muddy.. Emotion state: Excited play turning into status pressure and embarrassment.. Environment stage lock: Low-ceiling hidden arcade, CRT glow, smoke haze, plastic curtain, cramped machine rows.. Identity locks: A Lei is the tall older brother with old thin metal-frame glasses, a blue worn tracksuit, protective posture, and a habit of pushing his glasses. Xiao Chuan is the middle/protagonist boy with round eyes, a slightly protruding right ear, half-open mouth, red scarf, blue school jacket and green schoolbag, often gripping the bag straps. Xiao Man is the smallest younger brother with a round head, rounder body, timid downcast eyes, warm old vest or pale shirt, hands gripping his hem, toes turned inward. Binzi is the short bully boss with dyed yellow hair and a compact aggressive body. The other three bullies must have distinct tall-thin, heavy, and errand-runner silhouettes. The image must look like a final movie frame or clean keyframe, not a storyboard drawing.","No text, no captions, no Chinese characters, no English letters, no labels, no arrows, no diagrams, no storyboard frame, no contact sheet, no sketch lines, no watermark. Avoid modern phones, modern cars, LED shop signs, polished mall interiors, fashionable contemporary clothes, glossy advertisement lighting, heroic violence, gore, blood focus, glamorized fighting, or characters looking like adults. Avoid panel-specific problems: 现代格斗游戏、哥哥和老大现实打斗、主角参与对战、多人混乱. Do not add alley mud, fight injury, corridor lighting, phone booth glow, or 8-bit pixels.",S1_ARCADE_PLAY,arcade play and humiliation,"Follow whitebox_renders_v2/B02/WB2_ARCADE_MSB037.png; preserve axis, scale, foreground/midground/background, and subject blocking."
MSB038,B02,05,哥哥打赢老大,SCN_ARCADE,CAM_ARCADE_03_DUEL_OVER_SHOULDER,start_frame,A,"Create a pure cinematic film still for AIGC video generation, 16:9 landscape, high-resolution, photoreal Chinese dreamcore realism, 1990s small-town China, humid yellowed childhood memory, low light, restrained VHS grain, real old clothes, lived-in surfaces, no visible text or annotations. Use the whitebox reference for composition and spatial relationship: whitebox_renders_v2/B02/WB2_ARCADE_MSB038.png. Panel MSB038, Clip 05 哥哥打赢老大, time 01:06. Scene lock: SCN_ARCADE. Camera reference: CAM_ARCADE_03_DUEL_OVER_SHOULDER. Shot size: 过肩中景. Beat: 对战开局肩背. Visual focus: 阿磊左前景肩背、彬子右侧，街霸屏幕夹在中间. Character focus: 阿磊/彬子. Expression: 双方专注，彬子假笑. Blocking and motion: 镜头固定在屏幕和肩背之间. Continuity anchors: 哥哥左侧，彬子右侧，街霸屏幕居中，CRT 胜利红光，主角旁观. Story stage: S1_ARCADE_PLAY / arcade play and humiliation. Character stage lock: The brothers are absorbed by the arcade; Binzi shifts from swagger to humiliation.. Wardrobe state: Children remain clean; CRT light changes color on clothes; bully clothes can be sweaty, not muddy.. Emotion state: Excited play turning into status pressure and embarrassment.. Environment stage lock: Low-ceiling hidden arcade, CRT glow, smoke haze, plastic curtain, cramped machine rows.. Identity locks: A Lei is the tall older brother with old thin metal-frame glasses, a blue worn tracksuit, protective posture, and a habit of pushing his glasses. Xiao Chuan is the middle/protagonist boy with round eyes, a slightly protruding right ear, half-open mouth, red scarf, blue school jacket and green schoolbag, often gripping the bag straps. Xiao Man is the smallest younger brother with a round head, rounder body, timid downcast eyes, warm old vest or pale shirt, hands gripping his hem, toes turned inward. Binzi is the short bully boss with dyed yellow hair and a compact aggressive body. The other three bullies must have distinct tall-thin, heavy, and errand-runner silhouettes. The image must look like a final movie frame or clean keyframe, not a storyboard drawing.","No text, no captions, no Chinese characters, no English letters, no labels, no arrows, no diagrams, no storyboard frame, no contact sheet, no sketch lines, no watermark. Avoid modern phones, modern cars, LED shop signs, polished mall interiors, fashionable contemporary clothes, glossy advertisement lighting, heroic violence, gore, blood focus, glamorized fighting, or characters looking like adults. Avoid panel-specific problems: 现实拳脚打斗、主角参与对战、屏幕变现代游戏、胜利过度欢乐. Do not add alley mud, fight injury, corridor lighting, phone booth glow, or 8-bit pixels.",S1_ARCADE_PLAY,arcade play and humiliation,"Follow whitebox_renders_v2/B02/WB2_ARCADE_MSB038.png; preserve axis, scale, foreground/midground/background, and subject blocking."
MSB039,B02,05,哥哥打赢老大,SCN_ARCADE,CAM_ARCADE_03_DUEL_OVER_SHOULDER,storyboard,B,"Create a pure cinematic film still for AIGC video generation, 16:9 landscape, high-resolution, photoreal Chinese dreamcore realism, 1990s small-town China, humid yellowed childhood memory, low light, restrained VHS grain, real old clothes, lived-in surfaces, no visible text or annotations. Use the whitebox reference for composition and spatial relationship: whitebox_renders_v2/B02/WB2_ARCADE_MSB039.png. Panel MSB039, Clip 05 哥哥打赢老大, time 01:07. Scene lock: SCN_ARCADE. Camera reference: CAM_ARCADE_03_DUEL_OVER_SHOULDER. Shot size: 特写. Beat: 阿磊快速按键. Visual focus: 阿磊手指在彩色按钮上快速动作，袖口磨毛明显. Character focus: 阿磊/道具. Expression: 手部紧张兴奋. Blocking and motion: 只拍手和按钮. Continuity anchors: 哥哥左侧，彬子右侧，街霸屏幕居中，CRT 胜利红光，主角旁观. Story stage: S1_ARCADE_PLAY / arcade play and humiliation. Character stage lock: The brothers are absorbed by the arcade; Binzi shifts from swagger to humiliation.. Wardrobe state: Children remain clean; CRT light changes color on clothes; bully clothes can be sweaty, not muddy.. Emotion state: Excited play turning into status pressure and embarrassment.. Environment stage lock: Low-ceiling hidden arcade, CRT glow, smoke haze, plastic curtain, cramped machine rows.. Identity locks: A Lei is the tall older brother with old thin metal-frame glasses, a blue worn tracksuit, protective posture, and a habit of pushing his glasses. Xiao Chuan is the middle/protagonist boy with round eyes, a slightly protruding right ear, half-open mouth, red scarf, blue school jacket and green schoolbag, often gripping the bag straps. Xiao Man is the smallest younger brother with a round head, rounder body, timid downcast eyes, warm old vest or pale shirt, hands gripping his hem, toes turned inward. Binzi is the short bully boss with dyed yellow hair and a compact aggressive body. The other three bullies must have distinct tall-thin, heavy, and errand-runner silhouettes. The image must look like a final movie frame or clean keyframe, not a storyboard drawing.","No text, no captions, no Chinese characters, no English letters, no labels, no arrows, no diagrams, no storyboard frame, no contact sheet, no sketch lines, no watermark. Avoid modern phones, modern cars, LED shop signs, polished mall interiors, fashionable contemporary clothes, glossy advertisement lighting, heroic violence, gore, blood focus, glamorized fighting, or characters looking like adults. Avoid panel-specific problems: 现实拳脚打斗、主角参与对战、屏幕变现代游戏、胜利过度欢乐. Do not add alley mud, fight injury, corridor lighting, phone booth glow, or 8-bit pixels.",S1_ARCADE_PLAY,arcade play and humiliation,"Follow whitebox_renders_v2/B02/WB2_ARCADE_MSB039.png; preserve axis, scale, foreground/midground/background, and subject blocking."
MSB040,B02,05,哥哥打赢老大,SCN_ARCADE,CAM_ARCADE_03_DUEL_OVER_SHOULDER,storyboard,A,"Create a pure cinematic film still for AIGC video generation, 16:9 landscape, high-resolution, photoreal Chinese dreamcore realism, 1990s small-town China, humid yellowed childhood memory, low light, restrained VHS grain, real old clothes, lived-in surfaces, no visible text or annotations. Use the whitebox reference for composition and spatial relationship: whitebox_renders_v2/B02/WB2_ARCADE_MSB040.png. Panel MSB040, Clip 05 哥哥打赢老大, time 01:09. Scene lock: SCN_ARCADE. Camera reference: CAM_ARCADE_03_DUEL_OVER_SHOULDER. Shot size: 近景. Beat: 彬子挑衅侧脸. Visual focus: 彬子侧脸被 CRT 光照亮，嘴角歪，眼睛从下往上瞪. Character focus: 彬子. Expression: 挑衅，觉得必赢. Blocking and motion: 下巴前顶. Continuity anchors: 哥哥左侧，彬子右侧，街霸屏幕居中，CRT 胜利红光，主角旁观. Story stage: S1_ARCADE_PLAY / arcade play and humiliation. Character stage lock: The brothers are absorbed by the arcade; Binzi shifts from swagger to humiliation.. Wardrobe state: Children remain clean; CRT light changes color on clothes; bully clothes can be sweaty, not muddy.. Emotion state: Excited play turning into status pressure and embarrassment.. Environment stage lock: Low-ceiling hidden arcade, CRT glow, smoke haze, plastic curtain, cramped machine rows.. Identity locks: A Lei is the tall older brother with old thin metal-frame glasses, a blue worn tracksuit, protective posture, and a habit of pushing his glasses. Xiao Chuan is the middle/protagonist boy with round eyes, a slightly protruding right ear, half-open mouth, red scarf, blue school jacket and green schoolbag, often gripping the bag straps. Xiao Man is the smallest younger brother with a round head, rounder body, timid downcast eyes, warm old vest or pale shirt, hands gripping his hem, toes turned inward. Binzi is the short bully boss with dyed yellow hair and a compact aggressive body. The other three bullies must have distinct tall-thin, heavy, and errand-runner silhouettes. The image must look like a final movie frame or clean keyframe, not a storyboard drawing.","No text, no captions, no Chinese characters, no English letters, no labels, no arrows, no diagrams, no storyboard frame, no contact sheet, no sketch lines, no watermark. Avoid modern phones, modern cars, LED shop signs, polished mall interiors, fashionable contemporary clothes, glossy advertisement lighting, heroic violence, gore, blood focus, glamorized fighting, or characters looking like adults. Avoid panel-specific problems: 现实拳脚打斗、主角参与对战、屏幕变现代游戏、胜利过度欢乐. Do not add alley mud, fight injury, corridor lighting, phone booth glow, or 8-bit pixels.",S1_ARCADE_PLAY,arcade play and humiliation,"Follow whitebox_renders_v2/B02/WB2_ARCADE_MSB040.png; preserve axis, scale, foreground/midground/background, and subject blocking."
MSB041,B02,05,哥哥打赢老大,SCN_ARCADE,CAM_ARCADE_03_DUEL_OVER_SHOULDER,storyboard,B,"Create a pure cinematic film still for AIGC video generation, 16:9 landscape, high-resolution, photoreal Chinese dreamcore realism, 1990s small-town China, humid yellowed childhood memory, low light, restrained VHS grain, real old clothes, lived-in surfaces, no visible text or annotations. Use the whitebox reference for composition and spatial relationship: whitebox_renders_v2/B02/WB2_ARCADE_MSB041.png. Panel MSB041, Clip 05 哥哥打赢老大, time 01:11. Scene lock: SCN_ARCADE. Camera reference: CAM_ARCADE_03_DUEL_OVER_SHOULDER. Shot size: 近景. Beat: 小川看哥哥. Visual focus: 小川不看屏幕，先看阿磊脸色，试图判断能不能高兴. Character focus: 小川. Expression: 期待但谨慎. Blocking and motion: 攥书包带更紧. Continuity anchors: 哥哥左侧，彬子右侧，街霸屏幕居中，CRT 胜利红光，主角旁观. Story stage: S1_ARCADE_PLAY / arcade play and humiliation. Character stage lock: The brothers are absorbed by the arcade; Binzi shifts from swagger to humiliation.. Wardrobe state: Children remain clean; CRT light changes color on clothes; bully clothes can be sweaty, not muddy.. Emotion state: Excited play turning into status pressure and embarrassment.. Environment stage lock: Low-ceiling hidden arcade, CRT glow, smoke haze, plastic curtain, cramped machine rows.. Identity locks: A Lei is the tall older brother with old thin metal-frame glasses, a blue worn tracksuit, protective posture, and a habit of pushing his glasses. Xiao Chuan is the middle/protagonist boy with round eyes, a slightly protruding right ear, half-open mouth, red scarf, blue school jacket and green schoolbag, often gripping the bag straps. Xiao Man is the smallest younger brother with a round head, rounder body, timid downcast eyes, warm old vest or pale shirt, hands gripping his hem, toes turned inward. Binzi is the short bully boss with dyed yellow hair and a compact aggressive body. The other three bullies must have distinct tall-thin, heavy, and errand-runner silhouettes. The image must look like a final movie frame or clean keyframe, not a storyboard drawing.","No text, no captions, no Chinese characters, no English letters, no labels, no arrows, no diagrams, no storyboard frame, no contact sheet, no sketch lines, no watermark. Avoid modern phones, modern cars, LED shop signs, polished mall interiors, fashionable contemporary clothes, glossy advertisement lighting, heroic violence, gore, blood focus, glamorized fighting, or characters looking like adults. Avoid panel-specific problems: 现实拳脚打斗、主角参与对战、屏幕变现代游戏、胜利过度欢乐. Do not add alley mud, fight injury, corridor lighting, phone booth glow, or 8-bit pixels.",S1_ARCADE_PLAY,arcade play and humiliation,"Follow whitebox_renders_v2/B02/WB2_ARCADE_MSB041.png; preserve axis, scale, foreground/midground/background, and subject blocking."
MSB042,B02,05,哥哥打赢老大,SCN_ARCADE,CAM_ARCADE_03_DUEL_OVER_SHOULDER,storyboard,B,"Create a pure cinematic film still for AIGC video generation, 16:9 landscape, high-resolution, photoreal Chinese dreamcore realism, 1990s small-town China, humid yellowed childhood memory, low light, restrained VHS grain, real old clothes, lived-in surfaces, no visible text or annotations. Use the whitebox reference for composition and spatial relationship: whitebox_renders_v2/B02/WB2_ARCADE_MSB042.png. Panel MSB042, Clip 05 哥哥打赢老大, time 01:13. Scene lock: SCN_ARCADE. Camera reference: CAM_ARCADE_03_DUEL_OVER_SHOULDER. Shot size: 特写. Beat: 屏幕战斗闪白. Visual focus: 街霸屏幕出现强烈攻击闪光，不需要真实游戏版权细节. Character focus: 街机屏幕. Expression: 激烈但仍在游戏内. Blocking and motion: CRT 闪烁. Continuity anchors: 哥哥左侧，彬子右侧，街霸屏幕居中，CRT 胜利红光，主角旁观. Story stage: S1_ARCADE_PLAY / arcade play and humiliation. Character stage lock: The brothers are absorbed by the arcade; Binzi shifts from swagger to humiliation.. Wardrobe state: Children remain clean; CRT light changes color on clothes; bully clothes can be sweaty, not muddy.. Emotion state: Excited play turning into status pressure and embarrassment.. Environment stage lock: Low-ceiling hidden arcade, CRT glow, smoke haze, plastic curtain, cramped machine rows.. Identity locks: A Lei is the tall older brother with old thin metal-frame glasses, a blue worn tracksuit, protective posture, and a habit of pushing his glasses. Xiao Chuan is the middle/protagonist boy with round eyes, a slightly protruding right ear, half-open mouth, red scarf, blue school jacket and green schoolbag, often gripping the bag straps. Xiao Man is the smallest younger brother with a round head, rounder body, timid downcast eyes, warm old vest or pale shirt, hands gripping his hem, toes turned inward. Binzi is the short bully boss with dyed yellow hair and a compact aggressive body. The other three bullies must have distinct tall-thin, heavy, and errand-runner silhouettes. The image must look like a final movie frame or clean keyframe, not a storyboard drawing.","No text, no captions, no Chinese characters, no English letters, no labels, no arrows, no diagrams, no storyboard frame, no contact sheet, no sketch lines, no watermark. Avoid modern phones, modern cars, LED shop signs, polished mall interiors, fashionable contemporary clothes, glossy advertisement lighting, heroic violence, gore, blood focus, glamorized fighting, or characters looking like adults. Avoid panel-specific problems: 现实拳脚打斗、主角参与对战、屏幕变现代游戏、胜利过度欢乐. Do not add alley mud, fight injury, corridor lighting, phone booth glow, or 8-bit pixels.",S1_ARCADE_PLAY,arcade play and humiliation,"Follow whitebox_renders_v2/B02/WB2_ARCADE_MSB042.png; preserve axis, scale, foreground/midground/background, and subject blocking."
MSB043,B02,05,哥哥打赢老大,SCN_ARCADE,CAM_ARCADE_03_DUEL_OVER_SHOULDER,storyboard,A,"Create a pure cinematic film still for AIGC video generation, 16:9 landscape, high-resolution, photoreal Chinese dreamcore realism, 1990s small-town China, humid yellowed childhood memory, low light, restrained VHS grain, real old clothes, lived-in surfaces, no visible text or annotations. Use the whitebox reference for composition and spatial relationship: whitebox_renders_v2/B02/WB2_ARCADE_MSB043.png. Panel MSB043, Clip 05 哥哥打赢老大, time 01:15. Scene lock: SCN_ARCADE. Camera reference: CAM_ARCADE_03_DUEL_OVER_SHOULDER. Shot size: 中近景. Beat: 阿磊嘴角压不住. Visual focus: 阿磊嘴角轻微上扬但不敢太明显，肩膀一抖. Character focus: 阿磊. Expression: 快赢的得意. Blocking and motion: 手继续操作. Continuity anchors: 哥哥左侧，彬子右侧，街霸屏幕居中，CRT 胜利红光，主角旁观. Story stage: S1_ARCADE_PLAY / arcade play and humiliation. Character stage lock: The brothers are absorbed by the arcade; Binzi shifts from swagger to humiliation.. Wardrobe state: Children remain clean; CRT light changes color on clothes; bully clothes can be sweaty, not muddy.. Emotion state: Excited play turning into status pressure and embarrassment.. Environment stage lock: Low-ceiling hidden arcade, CRT glow, smoke haze, plastic curtain, cramped machine rows.. Identity locks: A Lei is the tall older brother with old thin metal-frame glasses, a blue worn tracksuit, protective posture, and a habit of pushing his glasses. Xiao Chuan is the middle/protagonist boy with round eyes, a slightly protruding right ear, half-open mouth, red scarf, blue school jacket and green schoolbag, often gripping the bag straps. Xiao Man is the smallest younger brother with a round head, rounder body, timid downcast eyes, warm old vest or pale shirt, hands gripping his hem, toes turned inward. Binzi is the short bully boss with dyed yellow hair and a compact aggressive body. The other three bullies must have distinct tall-thin, heavy, and errand-runner silhouettes. The image must look like a final movie frame or clean keyframe, not a storyboard drawing.","No text, no captions, no Chinese characters, no English letters, no labels, no arrows, no diagrams, no storyboard frame, no contact sheet, no sketch lines, no watermark. Avoid modern phones, modern cars, LED shop signs, polished mall interiors, fashionable contemporary clothes, glossy advertisement lighting, heroic violence, gore, blood focus, glamorized fighting, or characters looking like adults. Avoid panel-specific problems: 现实拳脚打斗、主角参与对战、屏幕变现代游戏、胜利过度欢乐. Do not add alley mud, fight injury, corridor lighting, phone booth glow, or 8-bit pixels.",S1_ARCADE_PLAY,arcade play and humiliation,"Follow whitebox_renders_v2/B02/WB2_ARCADE_MSB043.png; preserve axis, scale, foreground/midground/background, and subject blocking."
MSB044,B02,05,哥哥打赢老大,SCN_ARCADE,CAM_ARCADE_03_DUEL_OVER_SHOULDER,storyboard,A,"Create a pure cinematic film still for AIGC video generation, 16:9 landscape, high-resolution, photoreal Chinese dreamcore realism, 1990s small-town China, humid yellowed childhood memory, low light, restrained VHS grain, real old clothes, lived-in surfaces, no visible text or annotations. Use the whitebox reference for composition and spatial relationship: whitebox_renders_v2/B02/WB2_ARCADE_MSB044.png. Panel MSB044, Clip 05 哥哥打赢老大, time 01:17. Scene lock: SCN_ARCADE. Camera reference: CAM_ARCADE_03_DUEL_OVER_SHOULDER. Shot size: 中近景. Beat: 彬子表情变僵. Visual focus: 彬子笑意消失，眨眼变少，鼻翼绷紧. Character focus: 彬子. Expression: 从轻蔑转为不信. Blocking and motion: 身体僵住. Continuity anchors: 哥哥左侧，彬子右侧，街霸屏幕居中，CRT 胜利红光，主角旁观. Story stage: S1_ARCADE_PLAY / arcade play and humiliation. Character stage lock: The brothers are absorbed by the arcade; Binzi shifts from swagger to humiliation.. Wardrobe state: Children remain clean; CRT light changes color on clothes; bully clothes can be sweaty, not muddy.. Emotion state: Excited play turning into status pressure and embarrassment.. Environment stage lock: Low-ceiling hidden arcade, CRT glow, smoke haze, plastic curtain, cramped machine rows.. Identity locks: A Lei is the tall older brother with old thin metal-frame glasses, a blue worn tracksuit, protective posture, and a habit of pushing his glasses. Xiao Chuan is the middle/protagonist boy with round eyes, a slightly protruding right ear, half-open mouth, red scarf, blue school jacket and green schoolbag, often gripping the bag straps. Xiao Man is the smallest younger brother with a round head, rounder body, timid downcast eyes, warm old vest or pale shirt, hands gripping his hem, toes turned inward. Binzi is the short bully boss with dyed yellow hair and a compact aggressive body. The other three bullies must have distinct tall-thin, heavy, and errand-runner silhouettes. The image must look like a final movie frame or clean keyframe, not a storyboard drawing.","No text, no captions, no Chinese characters, no English letters, no labels, no arrows, no diagrams, no storyboard frame, no contact sheet, no sketch lines, no watermark. Avoid modern phones, modern cars, LED shop signs, polished mall interiors, fashionable contemporary clothes, glossy advertisement lighting, heroic violence, gore, blood focus, glamorized fighting, or characters looking like adults. Avoid panel-specific problems: 现实拳脚打斗、主角参与对战、屏幕变现代游戏、胜利过度欢乐. Do not add alley mud, fight injury, corridor lighting, phone booth glow, or 8-bit pixels.",S1_ARCADE_PLAY,arcade play and humiliation,"Follow whitebox_renders_v2/B02/WB2_ARCADE_MSB044.png; preserve axis, scale, foreground/midground/background, and subject blocking."
MSB045,B02,05,哥哥打赢老大,SCN_ARCADE,CAM_ARCADE_03_DUEL_OVER_SHOULDER,keyframe,A,"Create a pure cinematic film still for AIGC video generation, 16:9 landscape, high-resolution, photoreal Chinese dreamcore realism, 1990s small-town China, humid yellowed childhood memory, low light, restrained VHS grain, real old clothes, lived-in surfaces, no visible text or annotations. Use the whitebox reference for composition and spatial relationship: whitebox_renders_v2/B02/WB2_ARCADE_MSB045.png. Panel MSB045, Clip 05 哥哥打赢老大, time 01:18. Scene lock: SCN_ARCADE. Camera reference: CAM_ARCADE_03_DUEL_OVER_SHOULDER. Shot size: 特写. Beat: 胜利画面亮起. Visual focus: CRT 胜利画面红光爆亮，屏幕边缘反射在机身上. Character focus: 街机屏幕. Expression: 无人物，胜负确定. Blocking and motion: 画面闪红. Continuity anchors: 哥哥左侧，彬子右侧，街霸屏幕居中，CRT 胜利红光，主角旁观. Story stage: S1_ARCADE_PLAY / arcade play and humiliation. Character stage lock: The brothers are absorbed by the arcade; Binzi shifts from swagger to humiliation.. Wardrobe state: Children remain clean; CRT light changes color on clothes; bully clothes can be sweaty, not muddy.. Emotion state: Excited play turning into status pressure and embarrassment.. Environment stage lock: Low-ceiling hidden arcade, CRT glow, smoke haze, plastic curtain, cramped machine rows.. Identity locks: A Lei is the tall older brother with old thin metal-frame glasses, a blue worn tracksuit, protective posture, and a habit of pushing his glasses. Xiao Chuan is the middle/protagonist boy with round eyes, a slightly protruding right ear, half-open mouth, red scarf, blue school jacket and green schoolbag, often gripping the bag straps. Xiao Man is the smallest younger brother with a round head, rounder body, timid downcast eyes, warm old vest or pale shirt, hands gripping his hem, toes turned inward. Binzi is the short bully boss with dyed yellow hair and a compact aggressive body. The other three bullies must have distinct tall-thin, heavy, and errand-runner silhouettes. The image must look like a final movie frame or clean keyframe, not a storyboard drawing.","No text, no captions, no Chinese characters, no English letters, no labels, no arrows, no diagrams, no storyboard frame, no contact sheet, no sketch lines, no watermark. Avoid modern phones, modern cars, LED shop signs, polished mall interiors, fashionable contemporary clothes, glossy advertisement lighting, heroic violence, gore, blood focus, glamorized fighting, or characters looking like adults. Avoid panel-specific problems: 现实拳脚打斗、主角参与对战、屏幕变现代游戏、胜利过度欢乐. Do not add alley mud, fight injury, corridor lighting, phone booth glow, or 8-bit pixels.",S1_ARCADE_PLAY,arcade play and humiliation,"Follow whitebox_renders_v2/B02/WB2_ARCADE_MSB045.png; preserve axis, scale, foreground/midground/background, and subject blocking."
MSB046,B02,05,哥哥打赢老大,SCN_ARCADE,CAM_ARCADE_03_DUEL_OVER_SHOULDER,keyframe,A,"Create a pure cinematic film still for AIGC video generation, 16:9 landscape, high-resolution, photoreal Chinese dreamcore realism, 1990s small-town China, humid yellowed childhood memory, low light, restrained VHS grain, real old clothes, lived-in surfaces, no visible text or annotations. Use the whitebox reference for composition and spatial relationship: whitebox_renders_v2/B02/WB2_ARCADE_MSB046.png. Panel MSB046, Clip 05 哥哥打赢老大, time 01:20. Scene lock: SCN_ARCADE. Camera reference: CAM_ARCADE_03_DUEL_OVER_SHOULDER. Shot size: 近景. Beat: 红光照彬子. Visual focus: 胜利红光照到彬子脸，黄发梢和嘴角小痣清楚. Character focus: 彬子. Expression: 受辱后僵住. Blocking and motion: 完全停住一拍. Continuity anchors: 哥哥左侧，彬子右侧，街霸屏幕居中，CRT 胜利红光，主角旁观. Story stage: S1_ARCADE_PLAY / arcade play and humiliation. Character stage lock: The brothers are absorbed by the arcade; Binzi shifts from swagger to humiliation.. Wardrobe state: Children remain clean; CRT light changes color on clothes; bully clothes can be sweaty, not muddy.. Emotion state: Excited play turning into status pressure and embarrassment.. Environment stage lock: Low-ceiling hidden arcade, CRT glow, smoke haze, plastic curtain, cramped machine rows.. Identity locks: A Lei is the tall older brother with old thin metal-frame glasses, a blue worn tracksuit, protective posture, and a habit of pushing his glasses. Xiao Chuan is the middle/protagonist boy with round eyes, a slightly protruding right ear, half-open mouth, red scarf, blue school jacket and green schoolbag, often gripping the bag straps. Xiao Man is the smallest younger brother with a round head, rounder body, timid downcast eyes, warm old vest or pale shirt, hands gripping his hem, toes turned inward. Binzi is the short bully boss with dyed yellow hair and a compact aggressive body. The other three bullies must have distinct tall-thin, heavy, and errand-runner silhouettes. The image must look like a final movie frame or clean keyframe, not a storyboard drawing.","No text, no captions, no Chinese characters, no English letters, no labels, no arrows, no diagrams, no storyboard frame, no contact sheet, no sketch lines, no watermark. Avoid modern phones, modern cars, LED shop signs, polished mall interiors, fashionable contemporary clothes, glossy advertisement lighting, heroic violence, gore, blood focus, glamorized fighting, or characters looking like adults. Avoid panel-specific problems: 现实拳脚打斗、主角参与对战、屏幕变现代游戏、胜利过度欢乐. Do not add alley mud, fight injury, corridor lighting, phone booth glow, or 8-bit pixels.",S1_ARCADE_PLAY,arcade play and humiliation,"Follow whitebox_renders_v2/B02/WB2_ARCADE_MSB046.png; preserve axis, scale, foreground/midground/background, and subject blocking."
MSB047,B02,05,哥哥打赢老大,SCN_ARCADE,CAM_ARCADE_03_DUEL_OVER_SHOULDER,storyboard,A,"Create a pure cinematic film still for AIGC video generation, 16:9 landscape, high-resolution, photoreal Chinese dreamcore realism, 1990s small-town China, humid yellowed childhood memory, low light, restrained VHS grain, real old clothes, lived-in surfaces, no visible text or annotations. Use the whitebox reference for composition and spatial relationship: whitebox_renders_v2/B02/WB2_ARCADE_MSB047.png. Panel MSB047, Clip 05 哥哥打赢老大, time 01:22. Scene lock: SCN_ARCADE. Camera reference: CAM_ARCADE_03_DUEL_OVER_SHOULDER. Shot size: 中景. Beat: 阿磊装不在乎. Visual focus: 阿磊想笑又忍住，手从按钮上离开，下巴更高. Character focus: 阿磊. Expression: 得意但装成熟. Blocking and motion: 肩膀轻抖. Continuity anchors: 哥哥左侧，彬子右侧，街霸屏幕居中，CRT 胜利红光，主角旁观. Story stage: S1_ARCADE_PLAY / arcade play and humiliation. Character stage lock: The brothers are absorbed by the arcade; Binzi shifts from swagger to humiliation.. Wardrobe state: Children remain clean; CRT light changes color on clothes; bully clothes can be sweaty, not muddy.. Emotion state: Excited play turning into status pressure and embarrassment.. Environment stage lock: Low-ceiling hidden arcade, CRT glow, smoke haze, plastic curtain, cramped machine rows.. Identity locks: A Lei is the tall older brother with old thin metal-frame glasses, a blue worn tracksuit, protective posture, and a habit of pushing his glasses. Xiao Chuan is the middle/protagonist boy with round eyes, a slightly protruding right ear, half-open mouth, red scarf, blue school jacket and green schoolbag, often gripping the bag straps. Xiao Man is the smallest younger brother with a round head, rounder body, timid downcast eyes, warm old vest or pale shirt, hands gripping his hem, toes turned inward. Binzi is the short bully boss with dyed yellow hair and a compact aggressive body. The other three bullies must have distinct tall-thin, heavy, and errand-runner silhouettes. The image must look like a final movie frame or clean keyframe, not a storyboard drawing.","No text, no captions, no Chinese characters, no English letters, no labels, no arrows, no diagrams, no storyboard frame, no contact sheet, no sketch lines, no watermark. Avoid modern phones, modern cars, LED shop signs, polished mall interiors, fashionable contemporary clothes, glossy advertisement lighting, heroic violence, gore, blood focus, glamorized fighting, or characters looking like adults. Avoid panel-specific problems: 现实拳脚打斗、主角参与对战、屏幕变现代游戏、胜利过度欢乐. Do not add alley mud, fight injury, corridor lighting, phone booth glow, or 8-bit pixels.",S1_ARCADE_PLAY,arcade play and humiliation,"Follow whitebox_renders_v2/B02/WB2_ARCADE_MSB047.png; preserve axis, scale, foreground/midground/background, and subject blocking."
MSB048,B02,05,哥哥打赢老大,SCN_ARCADE,CAM_ARCADE_03_DUEL_OVER_SHOULDER,storyboard,B,"Create a pure cinematic film still for AIGC video generation, 16:9 landscape, high-resolution, photoreal Chinese dreamcore realism, 1990s small-town China, humid yellowed childhood memory, low light, restrained VHS grain, real old clothes, lived-in surfaces, no visible text or annotations. Use the whitebox reference for composition and spatial relationship: whitebox_renders_v2/B02/WB2_ARCADE_MSB048.png. Panel MSB048, Clip 05 哥哥打赢老大, time 01:24. Scene lock: SCN_ARCADE. Camera reference: CAM_ARCADE_03_DUEL_OVER_SHOULDER. Shot size: 近景. Beat: 小川半笑. Visual focus: 小川看到哥哥赢，嘴角刚要笑，眼睛还看彬子反应. Character focus: 小川. Expression: 半笑半怕. Blocking and motion: 身体没有靠前. Continuity anchors: 哥哥左侧，彬子右侧，街霸屏幕居中，CRT 胜利红光，主角旁观. Story stage: S1_ARCADE_PLAY / arcade play and humiliation. Character stage lock: The brothers are absorbed by the arcade; Binzi shifts from swagger to humiliation.. Wardrobe state: Children remain clean; CRT light changes color on clothes; bully clothes can be sweaty, not muddy.. Emotion state: Excited play turning into status pressure and embarrassment.. Environment stage lock: Low-ceiling hidden arcade, CRT glow, smoke haze, plastic curtain, cramped machine rows.. Identity locks: A Lei is the tall older brother with old thin metal-frame glasses, a blue worn tracksuit, protective posture, and a habit of pushing his glasses. Xiao Chuan is the middle/protagonist boy with round eyes, a slightly protruding right ear, half-open mouth, red scarf, blue school jacket and green schoolbag, often gripping the bag straps. Xiao Man is the smallest younger brother with a round head, rounder body, timid downcast eyes, warm old vest or pale shirt, hands gripping his hem, toes turned inward. Binzi is the short bully boss with dyed yellow hair and a compact aggressive body. The other three bullies must have distinct tall-thin, heavy, and errand-runner silhouettes. The image must look like a final movie frame or clean keyframe, not a storyboard drawing.","No text, no captions, no Chinese characters, no English letters, no labels, no arrows, no diagrams, no storyboard frame, no contact sheet, no sketch lines, no watermark. Avoid modern phones, modern cars, LED shop signs, polished mall interiors, fashionable contemporary clothes, glossy advertisement lighting, heroic violence, gore, blood focus, glamorized fighting, or characters looking like adults. Avoid panel-specific problems: 现实拳脚打斗、主角参与对战、屏幕变现代游戏、胜利过度欢乐. Do not add alley mud, fight injury, corridor lighting, phone booth glow, or 8-bit pixels.",S1_ARCADE_PLAY,arcade play and humiliation,"Follow whitebox_renders_v2/B02/WB2_ARCADE_MSB048.png; preserve axis, scale, foreground/midground/background, and subject blocking."
MSB049,B02,05,哥哥打赢老大,SCN_ARCADE,CAM_ARCADE_03_DUEL_OVER_SHOULDER,end_frame,A,"Create a pure cinematic film still for AIGC video generation, 16:9 landscape, high-resolution, photoreal Chinese dreamcore realism, 1990s small-town China, humid yellowed childhood memory, low light, restrained VHS grain, real old clothes, lived-in surfaces, no visible text or annotations. Use the whitebox reference for composition and spatial relationship: whitebox_renders_v2/B02/WB2_ARCADE_MSB049.png. Panel MSB049, Clip 05 哥哥打赢老大, time 01:26. Scene lock: SCN_ARCADE. Camera reference: CAM_ARCADE_03_DUEL_OVER_SHOULDER. Shot size: 中景. Beat: 彬子视线钉住阿磊. Visual focus: 彬子越过街机盯住阿磊，背景三同伙模糊出现. Character focus: 彬子/阿磊. Expression: 羞辱转为报复. Blocking and motion: 彬子不动，只看. Continuity anchors: 哥哥左侧，彬子右侧，街霸屏幕居中，CRT 胜利红光，主角旁观. Story stage: S1_ARCADE_PLAY / arcade play and humiliation. Character stage lock: The brothers are absorbed by the arcade; Binzi shifts from swagger to humiliation.. Wardrobe state: Children remain clean; CRT light changes color on clothes; bully clothes can be sweaty, not muddy.. Emotion state: Excited play turning into status pressure and embarrassment.. Environment stage lock: Low-ceiling hidden arcade, CRT glow, smoke haze, plastic curtain, cramped machine rows.. Identity locks: A Lei is the tall older brother with old thin metal-frame glasses, a blue worn tracksuit, protective posture, and a habit of pushing his glasses. Xiao Chuan is the middle/protagonist boy with round eyes, a slightly protruding right ear, half-open mouth, red scarf, blue school jacket and green schoolbag, often gripping the bag straps. Xiao Man is the smallest younger brother with a round head, rounder body, timid downcast eyes, warm old vest or pale shirt, hands gripping his hem, toes turned inward. Binzi is the short bully boss with dyed yellow hair and a compact aggressive body. The other three bullies must have distinct tall-thin, heavy, and errand-runner silhouettes. The image must look like a final movie frame or clean keyframe, not a storyboard drawing.","No text, no captions, no Chinese characters, no English letters, no labels, no arrows, no diagrams, no storyboard frame, no contact sheet, no sketch lines, no watermark. Avoid modern phones, modern cars, LED shop signs, polished mall interiors, fashionable contemporary clothes, glossy advertisement lighting, heroic violence, gore, blood focus, glamorized fighting, or characters looking like adults. Avoid panel-specific problems: 现实拳脚打斗、主角参与对战、屏幕变现代游戏、胜利过度欢乐. Do not add alley mud, fight injury, corridor lighting, phone booth glow, or 8-bit pixels.",S1_ARCADE_PLAY,arcade play and humiliation,"Follow whitebox_renders_v2/B02/WB2_ARCADE_MSB049.png; preserve axis, scale, foreground/midground/background, and subject blocking."
MSB050,B02,06,老大记仇,SCN_ARCADE,CAM_ARCADE_04_BOSS_LOSES_REACTION,keyframe,A,"Create a pure cinematic film still for AIGC video generation, 16:9 landscape, high-resolution, photoreal Chinese dreamcore realism, 1990s small-town China, humid yellowed childhood memory, low light, restrained VHS grain, real old clothes, lived-in surfaces, no visible text or annotations. Use the whitebox reference for composition and spatial relationship: whitebox_renders_v2/B02/WB2_ARCADE_MSB050.png. Panel MSB050, Clip 06 老大记仇, time 01:28. Scene lock: SCN_ARCADE. Camera reference: CAM_ARCADE_04_BOSS_LOSES_REACTION. Shot size: 近景. Beat: 彬子脸色沉下. Visual focus: 彬子脸在红光里僵住，嘴角歪笑消失，下颌咬紧. Character focus: 彬子. Expression: 受辱憋怒. Blocking and motion: 只允许眼神变化. Continuity anchors: 彬子中右前景，高杆、大海、小齐聚到身后，CRT 红光和暗黄顶灯. Story stage: S1_ARCADE_PLAY / arcade play and humiliation. Character stage lock: The brothers are absorbed by the arcade; Binzi shifts from swagger to humiliation.. Wardrobe state: Children remain clean; CRT light changes color on clothes; bully clothes can be sweaty, not muddy.. Emotion state: Excited play turning into status pressure and embarrassment.. Environment stage lock: Low-ceiling hidden arcade, CRT glow, smoke haze, plastic curtain, cramped machine rows.. Identity locks: A Lei is the tall older brother with old thin metal-frame glasses, a blue worn tracksuit, protective posture, and a habit of pushing his glasses. Xiao Chuan is the middle/protagonist boy with round eyes, a slightly protruding right ear, half-open mouth, red scarf, blue school jacket and green schoolbag, often gripping the bag straps. Xiao Man is the smallest younger brother with a round head, rounder body, timid downcast eyes, warm old vest or pale shirt, hands gripping his hem, toes turned inward. Binzi is the short bully boss with dyed yellow hair and a compact aggressive body. The other three bullies must have distinct tall-thin, heavy, and errand-runner silhouettes. The image must look like a final movie frame or clean keyframe, not a storyboard drawing.","No text, no captions, no Chinese characters, no English letters, no labels, no arrows, no diagrams, no storyboard frame, no contact sheet, no sketch lines, no watermark. Avoid modern phones, modern cars, LED shop signs, polished mall interiors, fashionable contemporary clothes, glossy advertisement lighting, heroic violence, gore, blood focus, glamorized fighting, or characters looking like adults. Avoid panel-specific problems: 立刻动手、四人统一脸、成年人黑帮、西装化、夸张武器. Do not add alley mud, fight injury, corridor lighting, phone booth glow, or 8-bit pixels.",S1_ARCADE_PLAY,arcade play and humiliation,"Follow whitebox_renders_v2/B02/WB2_ARCADE_MSB050.png; preserve axis, scale, foreground/midground/background, and subject blocking."
MSB051,B02,06,老大记仇,SCN_ARCADE,CAM_ARCADE_04_BOSS_LOSES_REACTION,storyboard,A,"Create a pure cinematic film still for AIGC video generation, 16:9 landscape, high-resolution, photoreal Chinese dreamcore realism, 1990s small-town China, humid yellowed childhood memory, low light, restrained VHS grain, real old clothes, lived-in surfaces, no visible text or annotations. Use the whitebox reference for composition and spatial relationship: whitebox_renders_v2/B02/WB2_ARCADE_MSB051.png. Panel MSB051, Clip 06 老大记仇, time 01:29. Scene lock: SCN_ARCADE. Camera reference: CAM_ARCADE_04_BOSS_LOSES_REACTION. Shot size: 中景. Beat: 高杆入背景. Visual focus: 高杆从背景一侧靠近，灰白夹克和长手臂先形成剪影. Character focus: 高杆. Expression: 半垂眼，无聊但压迫. Blocking and motion: 慢慢站到边缘. Continuity anchors: 彬子中右前景，高杆、大海、小齐聚到身后，CRT 红光和暗黄顶灯. Story stage: S1_ARCADE_PLAY / arcade play and humiliation. Character stage lock: The brothers are absorbed by the arcade; Binzi shifts from swagger to humiliation.. Wardrobe state: Children remain clean; CRT light changes color on clothes; bully clothes can be sweaty, not muddy.. Emotion state: Excited play turning into status pressure and embarrassment.. Environment stage lock: Low-ceiling hidden arcade, CRT glow, smoke haze, plastic curtain, cramped machine rows.. Identity locks: A Lei is the tall older brother with old thin metal-frame glasses, a blue worn tracksuit, protective posture, and a habit of pushing his glasses. Xiao Chuan is the middle/protagonist boy with round eyes, a slightly protruding right ear, half-open mouth, red scarf, blue school jacket and green schoolbag, often gripping the bag straps. Xiao Man is the smallest younger brother with a round head, rounder body, timid downcast eyes, warm old vest or pale shirt, hands gripping his hem, toes turned inward. Binzi is the short bully boss with dyed yellow hair and a compact aggressive body. The other three bullies must have distinct tall-thin, heavy, and errand-runner silhouettes. The image must look like a final movie frame or clean keyframe, not a storyboard drawing.","No text, no captions, no Chinese characters, no English letters, no labels, no arrows, no diagrams, no storyboard frame, no contact sheet, no sketch lines, no watermark. Avoid modern phones, modern cars, LED shop signs, polished mall interiors, fashionable contemporary clothes, glossy advertisement lighting, heroic violence, gore, blood focus, glamorized fighting, or characters looking like adults. Avoid panel-specific problems: 立刻动手、四人统一脸、成年人黑帮、西装化、夸张武器. Do not add alley mud, fight injury, corridor lighting, phone booth glow, or 8-bit pixels.",S1_ARCADE_PLAY,arcade play and humiliation,"Follow whitebox_renders_v2/B02/WB2_ARCADE_MSB051.png; preserve axis, scale, foreground/midground/background, and subject blocking."
MSB052,B02,06,老大记仇,SCN_ARCADE,CAM_ARCADE_04_BOSS_LOSES_REACTION,storyboard,B,"Create a pure cinematic film still for AIGC video generation, 16:9 landscape, high-resolution, photoreal Chinese dreamcore realism, 1990s small-town China, humid yellowed childhood memory, low light, restrained VHS grain, real old clothes, lived-in surfaces, no visible text or annotations. Use the whitebox reference for composition and spatial relationship: whitebox_renders_v2/B02/WB2_ARCADE_MSB052.png. Panel MSB052, Clip 06 老大记仇, time 01:31. Scene lock: SCN_ARCADE. Camera reference: CAM_ARCADE_04_BOSS_LOSES_REACTION. Shot size: 中景. Beat: 大海堵住后方. Visual focus: 大海宽身体进入背景，褪色 T 恤和宽站姿把空间堵住. Character focus: 大海. Expression: 看彬子脸色. Blocking and motion: 脚站宽，抹汗. Continuity anchors: 彬子中右前景，高杆、大海、小齐聚到身后，CRT 红光和暗黄顶灯. Story stage: S1_ARCADE_PLAY / arcade play and humiliation. Character stage lock: The brothers are absorbed by the arcade; Binzi shifts from swagger to humiliation.. Wardrobe state: Children remain clean; CRT light changes color on clothes; bully clothes can be sweaty, not muddy.. Emotion state: Excited play turning into status pressure and embarrassment.. Environment stage lock: Low-ceiling hidden arcade, CRT glow, smoke haze, plastic curtain, cramped machine rows.. Identity locks: A Lei is the tall older brother with old thin metal-frame glasses, a blue worn tracksuit, protective posture, and a habit of pushing his glasses. Xiao Chuan is the middle/protagonist boy with round eyes, a slightly protruding right ear, half-open mouth, red scarf, blue school jacket and green schoolbag, often gripping the bag straps. Xiao Man is the smallest younger brother with a round head, rounder body, timid downcast eyes, warm old vest or pale shirt, hands gripping his hem, toes turned inward. Binzi is the short bully boss with dyed yellow hair and a compact aggressive body. The other three bullies must have distinct tall-thin, heavy, and errand-runner silhouettes. The image must look like a final movie frame or clean keyframe, not a storyboard drawing.","No text, no captions, no Chinese characters, no English letters, no labels, no arrows, no diagrams, no storyboard frame, no contact sheet, no sketch lines, no watermark. Avoid modern phones, modern cars, LED shop signs, polished mall interiors, fashionable contemporary clothes, glossy advertisement lighting, heroic violence, gore, blood focus, glamorized fighting, or characters looking like adults. Avoid panel-specific problems: 立刻动手、四人统一脸、成年人黑帮、西装化、夸张武器. Do not add alley mud, fight injury, corridor lighting, phone booth glow, or 8-bit pixels.",S1_ARCADE_PLAY,arcade play and humiliation,"Follow whitebox_renders_v2/B02/WB2_ARCADE_MSB052.png; preserve axis, scale, foreground/midground/background, and subject blocking."
MSB053,B02,06,老大记仇,SCN_ARCADE,CAM_ARCADE_04_BOSS_LOSES_REACTION,storyboard,B,"Create a pure cinematic film still for AIGC video generation, 16:9 landscape, high-resolution, photoreal Chinese dreamcore realism, 1990s small-town China, humid yellowed childhood memory, low light, restrained VHS grain, real old clothes, lived-in surfaces, no visible text or annotations. Use the whitebox reference for composition and spatial relationship: whitebox_renders_v2/B02/WB2_ARCADE_MSB053.png. Panel MSB053, Clip 06 老大记仇, time 01:33. Scene lock: SCN_ARCADE. Camera reference: CAM_ARCADE_04_BOSS_LOSES_REACTION. Shot size: 中景. Beat: 小齐起哄收声. Visual focus: 小齐本来想笑，看到彬子脸色后笑收住，手抠袖口. Character focus: 小齐. Expression: 讨好转紧张. Blocking and motion: 身体前探又缩回. Continuity anchors: 彬子中右前景，高杆、大海、小齐聚到身后，CRT 红光和暗黄顶灯. Story stage: S1_ARCADE_PLAY / arcade play and humiliation. Character stage lock: The brothers are absorbed by the arcade; Binzi shifts from swagger to humiliation.. Wardrobe state: Children remain clean; CRT light changes color on clothes; bully clothes can be sweaty, not muddy.. Emotion state: Excited play turning into status pressure and embarrassment.. Environment stage lock: Low-ceiling hidden arcade, CRT glow, smoke haze, plastic curtain, cramped machine rows.. Identity locks: A Lei is the tall older brother with old thin metal-frame glasses, a blue worn tracksuit, protective posture, and a habit of pushing his glasses. Xiao Chuan is the middle/protagonist boy with round eyes, a slightly protruding right ear, half-open mouth, red scarf, blue school jacket and green schoolbag, often gripping the bag straps. Xiao Man is the smallest younger brother with a round head, rounder body, timid downcast eyes, warm old vest or pale shirt, hands gripping his hem, toes turned inward. Binzi is the short bully boss with dyed yellow hair and a compact aggressive body. The other three bullies must have distinct tall-thin, heavy, and errand-runner silhouettes. The image must look like a final movie frame or clean keyframe, not a storyboard drawing.","No text, no captions, no Chinese characters, no English letters, no labels, no arrows, no diagrams, no storyboard frame, no contact sheet, no sketch lines, no watermark. Avoid modern phones, modern cars, LED shop signs, polished mall interiors, fashionable contemporary clothes, glossy advertisement lighting, heroic violence, gore, blood focus, glamorized fighting, or characters looking like adults. Avoid panel-specific problems: 立刻动手、四人统一脸、成年人黑帮、西装化、夸张武器. Do not add alley mud, fight injury, corridor lighting, phone booth glow, or 8-bit pixels.",S1_ARCADE_PLAY,arcade play and humiliation,"Follow whitebox_renders_v2/B02/WB2_ARCADE_MSB053.png; preserve axis, scale, foreground/midground/background, and subject blocking."
MSB054,B02,06,老大记仇,SCN_ARCADE,CAM_ARCADE_04_BOSS_LOSES_REACTION,keyframe,A,"Create a pure cinematic film still for AIGC video generation, 16:9 landscape, high-resolution, photoreal Chinese dreamcore realism, 1990s small-town China, humid yellowed childhood memory, low light, restrained VHS grain, real old clothes, lived-in surfaces, no visible text or annotations. Use the whitebox reference for composition and spatial relationship: whitebox_renders_v2/B02/WB2_ARCADE_MSB054.png. Panel MSB054, Clip 06 老大记仇, time 01:35. Scene lock: SCN_ARCADE. Camera reference: CAM_ARCADE_04_BOSS_LOSES_REACTION. Shot size: 中景. Beat: 四人轮廓成组. Visual focus: 彬子矮在前，高杆高瘦、大海宽、小齐飘在边缘，轮廓差异清楚. Character focus: 混混四人. Expression: 不同情绪：憋怒、冷、等命令、慌兴奋. Blocking and motion: slow push-in. Continuity anchors: 彬子中右前景，高杆、大海、小齐聚到身后，CRT 红光和暗黄顶灯. Story stage: S1_ARCADE_PLAY / arcade play and humiliation. Character stage lock: The brothers are absorbed by the arcade; Binzi shifts from swagger to humiliation.. Wardrobe state: Children remain clean; CRT light changes color on clothes; bully clothes can be sweaty, not muddy.. Emotion state: Excited play turning into status pressure and embarrassment.. Environment stage lock: Low-ceiling hidden arcade, CRT glow, smoke haze, plastic curtain, cramped machine rows.. Identity locks: A Lei is the tall older brother with old thin metal-frame glasses, a blue worn tracksuit, protective posture, and a habit of pushing his glasses. Xiao Chuan is the middle/protagonist boy with round eyes, a slightly protruding right ear, half-open mouth, red scarf, blue school jacket and green schoolbag, often gripping the bag straps. Xiao Man is the smallest younger brother with a round head, rounder body, timid downcast eyes, warm old vest or pale shirt, hands gripping his hem, toes turned inward. Binzi is the short bully boss with dyed yellow hair and a compact aggressive body. The other three bullies must have distinct tall-thin, heavy, and errand-runner silhouettes. The image must look like a final movie frame or clean keyframe, not a storyboard drawing.","No text, no captions, no Chinese characters, no English letters, no labels, no arrows, no diagrams, no storyboard frame, no contact sheet, no sketch lines, no watermark. Avoid modern phones, modern cars, LED shop signs, polished mall interiors, fashionable contemporary clothes, glossy advertisement lighting, heroic violence, gore, blood focus, glamorized fighting, or characters looking like adults. Avoid panel-specific problems: 立刻动手、四人统一脸、成年人黑帮、西装化、夸张武器. Do not add alley mud, fight injury, corridor lighting, phone booth glow, or 8-bit pixels.",S1_ARCADE_PLAY,arcade play and humiliation,"Follow whitebox_renders_v2/B02/WB2_ARCADE_MSB054.png; preserve axis, scale, foreground/midground/background, and subject blocking."
MSB055,B02,06,老大记仇,SCN_ARCADE,CAM_ARCADE_04_BOSS_LOSES_REACTION,storyboard,A,"Create a pure cinematic film still for AIGC video generation, 16:9 landscape, high-resolution, photoreal Chinese dreamcore realism, 1990s small-town China, humid yellowed childhood memory, low light, restrained VHS grain, real old clothes, lived-in surfaces, no visible text or annotations. Use the whitebox reference for composition and spatial relationship: whitebox_renders_v2/B02/WB2_ARCADE_MSB055.png. Panel MSB055, Clip 06 老大记仇, time 01:36. Scene lock: SCN_ARCADE. Camera reference: CAM_ARCADE_04_BOSS_LOSES_REACTION. Shot size: 反打中景. Beat: 阿磊没察觉后果. Visual focus: 阿磊带着弟弟准备离开，还在压住笑意. Character focus: 阿磊/三兄弟. Expression: 阿磊得意，小川不安，小满跟随. Blocking and motion: 向门口方向转身. Continuity anchors: 彬子中右前景，高杆、大海、小齐聚到身后，CRT 红光和暗黄顶灯. Story stage: S1_ARCADE_PLAY / arcade play and humiliation. Character stage lock: The brothers are absorbed by the arcade; Binzi shifts from swagger to humiliation.. Wardrobe state: Children remain clean; CRT light changes color on clothes; bully clothes can be sweaty, not muddy.. Emotion state: Excited play turning into status pressure and embarrassment.. Environment stage lock: Low-ceiling hidden arcade, CRT glow, smoke haze, plastic curtain, cramped machine rows.. Identity locks: A Lei is the tall older brother with old thin metal-frame glasses, a blue worn tracksuit, protective posture, and a habit of pushing his glasses. Xiao Chuan is the middle/protagonist boy with round eyes, a slightly protruding right ear, half-open mouth, red scarf, blue school jacket and green schoolbag, often gripping the bag straps. Xiao Man is the smallest younger brother with a round head, rounder body, timid downcast eyes, warm old vest or pale shirt, hands gripping his hem, toes turned inward. Binzi is the short bully boss with dyed yellow hair and a compact aggressive body. The other three bullies must have distinct tall-thin, heavy, and errand-runner silhouettes. The image must look like a final movie frame or clean keyframe, not a storyboard drawing.","No text, no captions, no Chinese characters, no English letters, no labels, no arrows, no diagrams, no storyboard frame, no contact sheet, no sketch lines, no watermark. Avoid modern phones, modern cars, LED shop signs, polished mall interiors, fashionable contemporary clothes, glossy advertisement lighting, heroic violence, gore, blood focus, glamorized fighting, or characters looking like adults. Avoid panel-specific problems: 立刻动手、四人统一脸、成年人黑帮、西装化、夸张武器. Do not add alley mud, fight injury, corridor lighting, phone booth glow, or 8-bit pixels.",S1_ARCADE_PLAY,arcade play and humiliation,"Follow whitebox_renders_v2/B02/WB2_ARCADE_MSB055.png; preserve axis, scale, foreground/midground/background, and subject blocking."
MSB056,B02,06,老大记仇,SCN_ARCADE,CAM_ARCADE_04_BOSS_LOSES_REACTION,storyboard,A,"Create a pure cinematic film still for AIGC video generation, 16:9 landscape, high-resolution, photoreal Chinese dreamcore realism, 1990s small-town China, humid yellowed childhood memory, low light, restrained VHS grain, real old clothes, lived-in surfaces, no visible text or annotations. Use the whitebox reference for composition and spatial relationship: whitebox_renders_v2/B02/WB2_ARCADE_MSB056.png. Panel MSB056, Clip 06 老大记仇, time 01:38. Scene lock: SCN_ARCADE. Camera reference: CAM_ARCADE_04_BOSS_LOSES_REACTION. Shot size: 中近景. Beat: 彬子看背影. Visual focus: 彬子盯着阿磊背影，手把腰包往上一拽. Character focus: 彬子. Expression: 决定报复. Blocking and motion: 手部动作短促. Continuity anchors: 彬子中右前景，高杆、大海、小齐聚到身后，CRT 红光和暗黄顶灯. Story stage: S1_ARCADE_PLAY / arcade play and humiliation. Character stage lock: The brothers are absorbed by the arcade; Binzi shifts from swagger to humiliation.. Wardrobe state: Children remain clean; CRT light changes color on clothes; bully clothes can be sweaty, not muddy.. Emotion state: Excited play turning into status pressure and embarrassment.. Environment stage lock: Low-ceiling hidden arcade, CRT glow, smoke haze, plastic curtain, cramped machine rows.. Identity locks: A Lei is the tall older brother with old thin metal-frame glasses, a blue worn tracksuit, protective posture, and a habit of pushing his glasses. Xiao Chuan is the middle/protagonist boy with round eyes, a slightly protruding right ear, half-open mouth, red scarf, blue school jacket and green schoolbag, often gripping the bag straps. Xiao Man is the smallest younger brother with a round head, rounder body, timid downcast eyes, warm old vest or pale shirt, hands gripping his hem, toes turned inward. Binzi is the short bully boss with dyed yellow hair and a compact aggressive body. The other three bullies must have distinct tall-thin, heavy, and errand-runner silhouettes. The image must look like a final movie frame or clean keyframe, not a storyboard drawing.","No text, no captions, no Chinese characters, no English letters, no labels, no arrows, no diagrams, no storyboard frame, no contact sheet, no sketch lines, no watermark. Avoid modern phones, modern cars, LED shop signs, polished mall interiors, fashionable contemporary clothes, glossy advertisement lighting, heroic violence, gore, blood focus, glamorized fighting, or characters looking like adults. Avoid panel-specific problems: 立刻动手、四人统一脸、成年人黑帮、西装化、夸张武器. Do not add alley mud, fight injury, corridor lighting, phone booth glow, or 8-bit pixels.",S1_ARCADE_PLAY,arcade play and humiliation,"Follow whitebox_renders_v2/B02/WB2_ARCADE_MSB056.png; preserve axis, scale, foreground/midground/background, and subject blocking."
MSB057,B02,06,老大记仇,SCN_ARCADE,CAM_ARCADE_04_BOSS_LOSES_REACTION,end_frame,B,"Create a pure cinematic film still for AIGC video generation, 16:9 landscape, high-resolution, photoreal Chinese dreamcore realism, 1990s small-town China, humid yellowed childhood memory, low light, restrained VHS grain, real old clothes, lived-in surfaces, no visible text or annotations. Use the whitebox reference for composition and spatial relationship: whitebox_renders_v2/B02/WB2_ARCADE_MSB057.png. Panel MSB057, Clip 06 老大记仇, time 01:40. Scene lock: SCN_ARCADE. Camera reference: CAM_ARCADE_04_BOSS_LOSES_REACTION. Shot size: 中远景. Beat: 街机声变闷. Visual focus: 游戏厅仍热闹，但四人组所在区域像被声音抽空. Character focus: 混混四人/环境. Expression: 压住的怒气. Blocking and motion: 背景人模糊不抢主体. Continuity anchors: 彬子中右前景，高杆、大海、小齐聚到身后，CRT 红光和暗黄顶灯. Story stage: S1_ARCADE_PLAY / arcade play and humiliation. Character stage lock: The brothers are absorbed by the arcade; Binzi shifts from swagger to humiliation.. Wardrobe state: Children remain clean; CRT light changes color on clothes; bully clothes can be sweaty, not muddy.. Emotion state: Excited play turning into status pressure and embarrassment.. Environment stage lock: Low-ceiling hidden arcade, CRT glow, smoke haze, plastic curtain, cramped machine rows.. Identity locks: A Lei is the tall older brother with old thin metal-frame glasses, a blue worn tracksuit, protective posture, and a habit of pushing his glasses. Xiao Chuan is the middle/protagonist boy with round eyes, a slightly protruding right ear, half-open mouth, red scarf, blue school jacket and green schoolbag, often gripping the bag straps. Xiao Man is the smallest younger brother with a round head, rounder body, timid downcast eyes, warm old vest or pale shirt, hands gripping his hem, toes turned inward. Binzi is the short bully boss with dyed yellow hair and a compact aggressive body. The other three bullies must have distinct tall-thin, heavy, and errand-runner silhouettes. The image must look like a final movie frame or clean keyframe, not a storyboard drawing.","No text, no captions, no Chinese characters, no English letters, no labels, no arrows, no diagrams, no storyboard frame, no contact sheet, no sketch lines, no watermark. Avoid modern phones, modern cars, LED shop signs, polished mall interiors, fashionable contemporary clothes, glossy advertisement lighting, heroic violence, gore, blood focus, glamorized fighting, or characters looking like adults. Avoid panel-specific problems: 立刻动手、四人统一脸、成年人黑帮、西装化、夸张武器. Do not add alley mud, fight injury, corridor lighting, phone booth glow, or 8-bit pixels.",S1_ARCADE_PLAY,arcade play and humiliation,"Follow whitebox_renders_v2/B02/WB2_ARCADE_MSB057.png; preserve axis, scale, foreground/midground/background, and subject blocking."
