shot_id,batch,clip,clip_title,scene_id,camera,asset_type,priority,pure_prompt,negative_prompt,story_stage,stage_name,spatial_lock
MSB066,B03,08,偏僻小路,SCN_ALLEY,CAM_ALLEY_01_WALK_HOME,keyframe,A,"Create a pure cinematic film still for AIGC video generation, 16:9 landscape, high-resolution, photoreal Chinese dreamcore realism, 1990s small-town China, humid yellowed childhood memory, low light, restrained VHS grain, real old clothes, lived-in surfaces, no visible text or annotations. Use the whitebox reference for composition and spatial relationship: whitebox_renders_v2/B03/WB2_ALLEY_MSB066.png. Panel MSB066, Clip 08 偏僻小路, time 01:56. Scene lock: SCN_ALLEY. Camera reference: CAM_ALLEY_01_WALK_HOME. Shot size: 远景. Beat: 小路全貌. Visual focus: 狭窄小路两侧围墙和杂草，远处旧路灯，路面湿而空. Character focus: 环境. Expression: 无人物，偏僻感. Blocking and motion: locked-off. Continuity anchors: 老小区背后偏僻小路、围墙、杂草、碎砖石、潮湿地面、旧路灯，三兄弟从游戏机房回家. Story stage: S2_EXIT_TO_STANDOFF / exit and danger premonition. Character stage lock: Happy afterglow drains away; the brothers sense danger before the alley blockade.. Wardrobe state: The brothers are still mostly clean; clothes can wrinkle and bags can swing, but no fight dirt.. Emotion state: The mood shifts from pride to alertness and unease.. Environment stage lock: Arcade exit to damp secluded path; warm door light falls behind them, shadows begin to appear.. Identity locks: A Lei is the tall older brother with old thin metal-frame glasses, a blue worn tracksuit, protective posture, and a habit of pushing his glasses. Xiao Chuan is the middle/protagonist boy with round eyes, a slightly protruding right ear, half-open mouth, red scarf, blue school jacket and green schoolbag, often gripping the bag straps. Xiao Man is the smallest younger brother with a round head, rounder body, timid downcast eyes, warm old vest or pale shirt, hands gripping his hem, toes turned inward. Binzi is the short bully boss with dyed yellow hair and a compact aggressive body. The other three bullies must have distinct tall-thin, heavy, and errand-runner silhouettes. The image must look like a final movie frame or clean keyframe, not a storyboard drawing.","No text, no captions, no Chinese characters, no English letters, no labels, no arrows, no diagrams, no storyboard frame, no contact sheet, no sketch lines, no watermark. Avoid modern phones, modern cars, LED shop signs, polished mall interiors, fashionable contemporary clothes, glossy advertisement lighting, heroic violence, gore, blood focus, glamorized fighting, or characters looking like adults. Avoid panel-specific problems: 大街、车流、现代路灯、人群、追逐提前开始. Do not make the brothers already beaten, muddy, heroic, or inside the abandoned corridor.",S2_EXIT_TO_STANDOFF,exit and danger premonition,"Follow whitebox_renders_v2/B03/WB2_ALLEY_MSB066.png; preserve axis, scale, foreground/midground/background, and subject blocking."
MSB067,B03,08,偏僻小路,SCN_ALLEY,CAM_ALLEY_01_WALK_HOME,start_frame,A,"Create a pure cinematic film still for AIGC video generation, 16:9 landscape, high-resolution, photoreal Chinese dreamcore realism, 1990s small-town China, humid yellowed childhood memory, low light, restrained VHS grain, real old clothes, lived-in surfaces, no visible text or annotations. Use the whitebox reference for composition and spatial relationship: whitebox_renders_v2/B03/WB2_ALLEY_MSB067.png. Panel MSB067, Clip 08 偏僻小路, time 01:57. Scene lock: SCN_ALLEY. Camera reference: CAM_ALLEY_01_WALK_HOME. Shot size: 全景. Beat: 三兄弟进入小路. Visual focus: 三兄弟从画面左侧进入，小路深处留出危险空间. Character focus: 三兄弟. Expression: 还在兴奋. Blocking and motion: 低机位 tracking. Continuity anchors: 老小区背后偏僻小路、围墙、杂草、碎砖石、潮湿地面、旧路灯，三兄弟从游戏机房回家. Story stage: S2_EXIT_TO_STANDOFF / exit and danger premonition. Character stage lock: Happy afterglow drains away; the brothers sense danger before the alley blockade.. Wardrobe state: The brothers are still mostly clean; clothes can wrinkle and bags can swing, but no fight dirt.. Emotion state: The mood shifts from pride to alertness and unease.. Environment stage lock: Arcade exit to damp secluded path; warm door light falls behind them, shadows begin to appear.. Identity locks: A Lei is the tall older brother with old thin metal-frame glasses, a blue worn tracksuit, protective posture, and a habit of pushing his glasses. Xiao Chuan is the middle/protagonist boy with round eyes, a slightly protruding right ear, half-open mouth, red scarf, blue school jacket and green schoolbag, often gripping the bag straps. Xiao Man is the smallest younger brother with a round head, rounder body, timid downcast eyes, warm old vest or pale shirt, hands gripping his hem, toes turned inward. Binzi is the short bully boss with dyed yellow hair and a compact aggressive body. The other three bullies must have distinct tall-thin, heavy, and errand-runner silhouettes. The image must look like a final movie frame or clean keyframe, not a storyboard drawing.","No text, no captions, no Chinese characters, no English letters, no labels, no arrows, no diagrams, no storyboard frame, no contact sheet, no sketch lines, no watermark. Avoid modern phones, modern cars, LED shop signs, polished mall interiors, fashionable contemporary clothes, glossy advertisement lighting, heroic violence, gore, blood focus, glamorized fighting, or characters looking like adults. Avoid panel-specific problems: 大街、车流、现代路灯、人群、追逐提前开始. Do not make the brothers already beaten, muddy, heroic, or inside the abandoned corridor.",S2_EXIT_TO_STANDOFF,exit and danger premonition,"Follow whitebox_renders_v2/B03/WB2_ALLEY_MSB067.png; preserve axis, scale, foreground/midground/background, and subject blocking."
MSB068,B03,08,偏僻小路,SCN_ALLEY,CAM_ALLEY_01_WALK_HOME,storyboard,B,"Create a pure cinematic film still for AIGC video generation, 16:9 landscape, high-resolution, photoreal Chinese dreamcore realism, 1990s small-town China, humid yellowed childhood memory, low light, restrained VHS grain, real old clothes, lived-in surfaces, no visible text or annotations. Use the whitebox reference for composition and spatial relationship: whitebox_renders_v2/B03/WB2_ALLEY_MSB068.png. Panel MSB068, Clip 08 偏僻小路, time 01:59. Scene lock: SCN_ALLEY. Camera reference: CAM_ALLEY_01_WALK_HOME. Shot size: 中景. Beat: 阿磊继续讲赢法. Visual focus: 阿磊边走边比划摇杆，小川抬头认真听. Character focus: 阿磊/小川. Expression: 阿磊得意，小川崇拜. Blocking and motion: 向前走，手比划. Continuity anchors: 老小区背后偏僻小路、围墙、杂草、碎砖石、潮湿地面、旧路灯，三兄弟从游戏机房回家. Story stage: S2_EXIT_TO_STANDOFF / exit and danger premonition. Character stage lock: Happy afterglow drains away; the brothers sense danger before the alley blockade.. Wardrobe state: The brothers are still mostly clean; clothes can wrinkle and bags can swing, but no fight dirt.. Emotion state: The mood shifts from pride to alertness and unease.. Environment stage lock: Arcade exit to damp secluded path; warm door light falls behind them, shadows begin to appear.. Identity locks: A Lei is the tall older brother with old thin metal-frame glasses, a blue worn tracksuit, protective posture, and a habit of pushing his glasses. Xiao Chuan is the middle/protagonist boy with round eyes, a slightly protruding right ear, half-open mouth, red scarf, blue school jacket and green schoolbag, often gripping the bag straps. Xiao Man is the smallest younger brother with a round head, rounder body, timid downcast eyes, warm old vest or pale shirt, hands gripping his hem, toes turned inward. Binzi is the short bully boss with dyed yellow hair and a compact aggressive body. The other three bullies must have distinct tall-thin, heavy, and errand-runner silhouettes. The image must look like a final movie frame or clean keyframe, not a storyboard drawing.","No text, no captions, no Chinese characters, no English letters, no labels, no arrows, no diagrams, no storyboard frame, no contact sheet, no sketch lines, no watermark. Avoid modern phones, modern cars, LED shop signs, polished mall interiors, fashionable contemporary clothes, glossy advertisement lighting, heroic violence, gore, blood focus, glamorized fighting, or characters looking like adults. Avoid panel-specific problems: 大街、车流、现代路灯、人群、追逐提前开始. Do not make the brothers already beaten, muddy, heroic, or inside the abandoned corridor.",S2_EXIT_TO_STANDOFF,exit and danger premonition,"Follow whitebox_renders_v2/B03/WB2_ALLEY_MSB068.png; preserve axis, scale, foreground/midground/background, and subject blocking."
MSB069,B03,08,偏僻小路,SCN_ALLEY,CAM_ALLEY_01_WALK_HOME,storyboard,C,"Create a pure cinematic film still for AIGC video generation, 16:9 landscape, high-resolution, photoreal Chinese dreamcore realism, 1990s small-town China, humid yellowed childhood memory, low light, restrained VHS grain, real old clothes, lived-in surfaces, no visible text or annotations. Use the whitebox reference for composition and spatial relationship: whitebox_renders_v2/B03/WB2_ALLEY_MSB069.png. Panel MSB069, Clip 08 偏僻小路, time 02:01. Scene lock: SCN_ALLEY. Camera reference: CAM_ALLEY_01_WALK_HOME. Shot size: 中景. Beat: 小满跟不上. Visual focus: 小满落后半步，脚尖内扣，努力跟上哥哥节奏. Character focus: 小满. Expression: 放松但迟缓. Blocking and motion: 小跑两步追上. Continuity anchors: 老小区背后偏僻小路、围墙、杂草、碎砖石、潮湿地面、旧路灯，三兄弟从游戏机房回家. Story stage: S2_EXIT_TO_STANDOFF / exit and danger premonition. Character stage lock: Happy afterglow drains away; the brothers sense danger before the alley blockade.. Wardrobe state: The brothers are still mostly clean; clothes can wrinkle and bags can swing, but no fight dirt.. Emotion state: The mood shifts from pride to alertness and unease.. Environment stage lock: Arcade exit to damp secluded path; warm door light falls behind them, shadows begin to appear.. Identity locks: A Lei is the tall older brother with old thin metal-frame glasses, a blue worn tracksuit, protective posture, and a habit of pushing his glasses. Xiao Chuan is the middle/protagonist boy with round eyes, a slightly protruding right ear, half-open mouth, red scarf, blue school jacket and green schoolbag, often gripping the bag straps. Xiao Man is the smallest younger brother with a round head, rounder body, timid downcast eyes, warm old vest or pale shirt, hands gripping his hem, toes turned inward. Binzi is the short bully boss with dyed yellow hair and a compact aggressive body. The other three bullies must have distinct tall-thin, heavy, and errand-runner silhouettes. The image must look like a final movie frame or clean keyframe, not a storyboard drawing.","No text, no captions, no Chinese characters, no English letters, no labels, no arrows, no diagrams, no storyboard frame, no contact sheet, no sketch lines, no watermark. Avoid modern phones, modern cars, LED shop signs, polished mall interiors, fashionable contemporary clothes, glossy advertisement lighting, heroic violence, gore, blood focus, glamorized fighting, or characters looking like adults. Avoid panel-specific problems: 大街、车流、现代路灯、人群、追逐提前开始. Do not make the brothers already beaten, muddy, heroic, or inside the abandoned corridor.",S2_EXIT_TO_STANDOFF,exit and danger premonition,"Follow whitebox_renders_v2/B03/WB2_ALLEY_MSB069.png; preserve axis, scale, foreground/midground/background, and subject blocking."
MSB070,B03,08,偏僻小路,SCN_ALLEY,CAM_ALLEY_01_WALK_HOME,prop,A,"Create a pure cinematic film still for AIGC video generation, 16:9 landscape, high-resolution, photoreal Chinese dreamcore realism, 1990s small-town China, humid yellowed childhood memory, low light, restrained VHS grain, real old clothes, lived-in surfaces, no visible text or annotations. Use the whitebox reference for composition and spatial relationship: whitebox_renders_v2/B03/WB2_ALLEY_MSB070.png. Panel MSB070, Clip 08 偏僻小路, time 02:03. Scene lock: SCN_ALLEY. Camera reference: CAM_ALLEY_01_WALK_HOME. Shot size: 特写. Beat: 路边碎石第一次出现. Visual focus: 路边碎砖石和一块普通石块在画面角落出现，不被强调成武器. Character focus: 道具/环境. Expression: 无人物. Blocking and motion: 固定低角度. Continuity anchors: 老小区背后偏僻小路、围墙、杂草、碎砖石、潮湿地面、旧路灯，三兄弟从游戏机房回家. Story stage: S2_EXIT_TO_STANDOFF / exit and danger premonition. Character stage lock: Happy afterglow drains away; the brothers sense danger before the alley blockade.. Wardrobe state: The brothers are still mostly clean; clothes can wrinkle and bags can swing, but no fight dirt.. Emotion state: The mood shifts from pride to alertness and unease.. Environment stage lock: Arcade exit to damp secluded path; warm door light falls behind them, shadows begin to appear.. Identity locks: A Lei is the tall older brother with old thin metal-frame glasses, a blue worn tracksuit, protective posture, and a habit of pushing his glasses. Xiao Chuan is the middle/protagonist boy with round eyes, a slightly protruding right ear, half-open mouth, red scarf, blue school jacket and green schoolbag, often gripping the bag straps. Xiao Man is the smallest younger brother with a round head, rounder body, timid downcast eyes, warm old vest or pale shirt, hands gripping his hem, toes turned inward. Binzi is the short bully boss with dyed yellow hair and a compact aggressive body. The other three bullies must have distinct tall-thin, heavy, and errand-runner silhouettes. The image must look like a final movie frame or clean keyframe, not a storyboard drawing.","No text, no captions, no Chinese characters, no English letters, no labels, no arrows, no diagrams, no storyboard frame, no contact sheet, no sketch lines, no watermark. Avoid modern phones, modern cars, LED shop signs, polished mall interiors, fashionable contemporary clothes, glossy advertisement lighting, heroic violence, gore, blood focus, glamorized fighting, or characters looking like adults. Avoid panel-specific problems: 大街、车流、现代路灯、人群、追逐提前开始. Do not make the brothers already beaten, muddy, heroic, or inside the abandoned corridor.",S2_EXIT_TO_STANDOFF,exit and danger premonition,"Follow whitebox_renders_v2/B03/WB2_ALLEY_MSB070.png; preserve axis, scale, foreground/midground/background, and subject blocking."
MSB071,B03,08,偏僻小路,SCN_ALLEY,CAM_ALLEY_01_WALK_HOME,storyboard,A,"Create a pure cinematic film still for AIGC video generation, 16:9 landscape, high-resolution, photoreal Chinese dreamcore realism, 1990s small-town China, humid yellowed childhood memory, low light, restrained VHS grain, real old clothes, lived-in surfaces, no visible text or annotations. Use the whitebox reference for composition and spatial relationship: whitebox_renders_v2/B03/WB2_ALLEY_MSB071.png. Panel MSB071, Clip 08 偏僻小路, time 02:05. Scene lock: SCN_ALLEY. Camera reference: CAM_ALLEY_01_WALK_HOME. Shot size: 中景. Beat: 小川经过石块. Visual focus: 小川从石块旁走过，完全没注意，书包甩过前景. Character focus: 小川/道具. Expression: 开心余波. Blocking and motion: 石块作为环境锚点. Continuity anchors: 老小区背后偏僻小路、围墙、杂草、碎砖石、潮湿地面、旧路灯，三兄弟从游戏机房回家. Story stage: S2_EXIT_TO_STANDOFF / exit and danger premonition. Character stage lock: Happy afterglow drains away; the brothers sense danger before the alley blockade.. Wardrobe state: The brothers are still mostly clean; clothes can wrinkle and bags can swing, but no fight dirt.. Emotion state: The mood shifts from pride to alertness and unease.. Environment stage lock: Arcade exit to damp secluded path; warm door light falls behind them, shadows begin to appear.. Identity locks: A Lei is the tall older brother with old thin metal-frame glasses, a blue worn tracksuit, protective posture, and a habit of pushing his glasses. Xiao Chuan is the middle/protagonist boy with round eyes, a slightly protruding right ear, half-open mouth, red scarf, blue school jacket and green schoolbag, often gripping the bag straps. Xiao Man is the smallest younger brother with a round head, rounder body, timid downcast eyes, warm old vest or pale shirt, hands gripping his hem, toes turned inward. Binzi is the short bully boss with dyed yellow hair and a compact aggressive body. The other three bullies must have distinct tall-thin, heavy, and errand-runner silhouettes. The image must look like a final movie frame or clean keyframe, not a storyboard drawing.","No text, no captions, no Chinese characters, no English letters, no labels, no arrows, no diagrams, no storyboard frame, no contact sheet, no sketch lines, no watermark. Avoid modern phones, modern cars, LED shop signs, polished mall interiors, fashionable contemporary clothes, glossy advertisement lighting, heroic violence, gore, blood focus, glamorized fighting, or characters looking like adults. Avoid panel-specific problems: 大街、车流、现代路灯、人群、追逐提前开始. Do not make the brothers already beaten, muddy, heroic, or inside the abandoned corridor.",S2_EXIT_TO_STANDOFF,exit and danger premonition,"Follow whitebox_renders_v2/B03/WB2_ALLEY_MSB071.png; preserve axis, scale, foreground/midground/background, and subject blocking."
MSB072,B03,08,偏僻小路,SCN_ALLEY,CAM_ALLEY_01_WALK_HOME,storyboard,A,"Create a pure cinematic film still for AIGC video generation, 16:9 landscape, high-resolution, photoreal Chinese dreamcore realism, 1990s small-town China, humid yellowed childhood memory, low light, restrained VHS grain, real old clothes, lived-in surfaces, no visible text or annotations. Use the whitebox reference for composition and spatial relationship: whitebox_renders_v2/B03/WB2_ALLEY_MSB072.png. Panel MSB072, Clip 08 偏僻小路, time 02:06. Scene lock: SCN_ALLEY. Camera reference: CAM_ALLEY_01_WALK_HOME. Shot size: 远景. Beat: 远处阴影. Visual focus: 小路前方灯下出现几个人影，三兄弟还未完全意识到. Character focus: 混混远影/三兄弟. Expression: 危险初现. Blocking and motion: 人物在远处不清晰. Continuity anchors: 老小区背后偏僻小路、围墙、杂草、碎砖石、潮湿地面、旧路灯，三兄弟从游戏机房回家. Story stage: S2_EXIT_TO_STANDOFF / exit and danger premonition. Character stage lock: Happy afterglow drains away; the brothers sense danger before the alley blockade.. Wardrobe state: The brothers are still mostly clean; clothes can wrinkle and bags can swing, but no fight dirt.. Emotion state: The mood shifts from pride to alertness and unease.. Environment stage lock: Arcade exit to damp secluded path; warm door light falls behind them, shadows begin to appear.. Identity locks: A Lei is the tall older brother with old thin metal-frame glasses, a blue worn tracksuit, protective posture, and a habit of pushing his glasses. Xiao Chuan is the middle/protagonist boy with round eyes, a slightly protruding right ear, half-open mouth, red scarf, blue school jacket and green schoolbag, often gripping the bag straps. Xiao Man is the smallest younger brother with a round head, rounder body, timid downcast eyes, warm old vest or pale shirt, hands gripping his hem, toes turned inward. Binzi is the short bully boss with dyed yellow hair and a compact aggressive body. The other three bullies must have distinct tall-thin, heavy, and errand-runner silhouettes. The image must look like a final movie frame or clean keyframe, not a storyboard drawing.","No text, no captions, no Chinese characters, no English letters, no labels, no arrows, no diagrams, no storyboard frame, no contact sheet, no sketch lines, no watermark. Avoid modern phones, modern cars, LED shop signs, polished mall interiors, fashionable contemporary clothes, glossy advertisement lighting, heroic violence, gore, blood focus, glamorized fighting, or characters looking like adults. Avoid panel-specific problems: 大街、车流、现代路灯、人群、追逐提前开始. Do not make the brothers already beaten, muddy, heroic, or inside the abandoned corridor.",S2_EXIT_TO_STANDOFF,exit and danger premonition,"Follow whitebox_renders_v2/B03/WB2_ALLEY_MSB072.png; preserve axis, scale, foreground/midground/background, and subject blocking."
MSB073,B03,08,偏僻小路,SCN_ALLEY,CAM_ALLEY_01_WALK_HOME,storyboard,A,"Create a pure cinematic film still for AIGC video generation, 16:9 landscape, high-resolution, photoreal Chinese dreamcore realism, 1990s small-town China, humid yellowed childhood memory, low light, restrained VHS grain, real old clothes, lived-in surfaces, no visible text or annotations. Use the whitebox reference for composition and spatial relationship: whitebox_renders_v2/B03/WB2_ALLEY_MSB073.png. Panel MSB073, Clip 08 偏僻小路, time 02:08. Scene lock: SCN_ALLEY. Camera reference: CAM_ALLEY_01_WALK_HOME. Shot size: 中景. Beat: 阿磊脚步变慢. Visual focus: 阿磊的比划停住，身体略挡到小川前面. Character focus: 阿磊. Expression: 从得意转警觉. Blocking and motion: 步子慢下来. Continuity anchors: 老小区背后偏僻小路、围墙、杂草、碎砖石、潮湿地面、旧路灯，三兄弟从游戏机房回家. Story stage: S2_EXIT_TO_STANDOFF / exit and danger premonition. Character stage lock: Happy afterglow drains away; the brothers sense danger before the alley blockade.. Wardrobe state: The brothers are still mostly clean; clothes can wrinkle and bags can swing, but no fight dirt.. Emotion state: The mood shifts from pride to alertness and unease.. Environment stage lock: Arcade exit to damp secluded path; warm door light falls behind them, shadows begin to appear.. Identity locks: A Lei is the tall older brother with old thin metal-frame glasses, a blue worn tracksuit, protective posture, and a habit of pushing his glasses. Xiao Chuan is the middle/protagonist boy with round eyes, a slightly protruding right ear, half-open mouth, red scarf, blue school jacket and green schoolbag, often gripping the bag straps. Xiao Man is the smallest younger brother with a round head, rounder body, timid downcast eyes, warm old vest or pale shirt, hands gripping his hem, toes turned inward. Binzi is the short bully boss with dyed yellow hair and a compact aggressive body. The other three bullies must have distinct tall-thin, heavy, and errand-runner silhouettes. The image must look like a final movie frame or clean keyframe, not a storyboard drawing.","No text, no captions, no Chinese characters, no English letters, no labels, no arrows, no diagrams, no storyboard frame, no contact sheet, no sketch lines, no watermark. Avoid modern phones, modern cars, LED shop signs, polished mall interiors, fashionable contemporary clothes, glossy advertisement lighting, heroic violence, gore, blood focus, glamorized fighting, or characters looking like adults. Avoid panel-specific problems: 大街、车流、现代路灯、人群、追逐提前开始. Do not make the brothers already beaten, muddy, heroic, or inside the abandoned corridor.",S2_EXIT_TO_STANDOFF,exit and danger premonition,"Follow whitebox_renders_v2/B03/WB2_ALLEY_MSB073.png; preserve axis, scale, foreground/midground/background, and subject blocking."
MSB074,B03,08,偏僻小路,SCN_ALLEY,CAM_ALLEY_01_WALK_HOME,storyboard,B,"Create a pure cinematic film still for AIGC video generation, 16:9 landscape, high-resolution, photoreal Chinese dreamcore realism, 1990s small-town China, humid yellowed childhood memory, low light, restrained VHS grain, real old clothes, lived-in surfaces, no visible text or annotations. Use the whitebox reference for composition and spatial relationship: whitebox_renders_v2/B03/WB2_ALLEY_MSB074.png. Panel MSB074, Clip 08 偏僻小路, time 02:10. Scene lock: SCN_ALLEY. Camera reference: CAM_ALLEY_01_WALK_HOME. Shot size: 近景. Beat: 小川看哥哥表情. Visual focus: 小川不看前方，先看阿磊脸色，笑收住. Character focus: 小川. Expression: 不明所以的紧张. Blocking and motion: 头转向阿磊. Continuity anchors: 老小区背后偏僻小路、围墙、杂草、碎砖石、潮湿地面、旧路灯，三兄弟从游戏机房回家. Story stage: S2_EXIT_TO_STANDOFF / exit and danger premonition. Character stage lock: Happy afterglow drains away; the brothers sense danger before the alley blockade.. Wardrobe state: The brothers are still mostly clean; clothes can wrinkle and bags can swing, but no fight dirt.. Emotion state: The mood shifts from pride to alertness and unease.. Environment stage lock: Arcade exit to damp secluded path; warm door light falls behind them, shadows begin to appear.. Identity locks: A Lei is the tall older brother with old thin metal-frame glasses, a blue worn tracksuit, protective posture, and a habit of pushing his glasses. Xiao Chuan is the middle/protagonist boy with round eyes, a slightly protruding right ear, half-open mouth, red scarf, blue school jacket and green schoolbag, often gripping the bag straps. Xiao Man is the smallest younger brother with a round head, rounder body, timid downcast eyes, warm old vest or pale shirt, hands gripping his hem, toes turned inward. Binzi is the short bully boss with dyed yellow hair and a compact aggressive body. The other three bullies must have distinct tall-thin, heavy, and errand-runner silhouettes. The image must look like a final movie frame or clean keyframe, not a storyboard drawing.","No text, no captions, no Chinese characters, no English letters, no labels, no arrows, no diagrams, no storyboard frame, no contact sheet, no sketch lines, no watermark. Avoid modern phones, modern cars, LED shop signs, polished mall interiors, fashionable contemporary clothes, glossy advertisement lighting, heroic violence, gore, blood focus, glamorized fighting, or characters looking like adults. Avoid panel-specific problems: 大街、车流、现代路灯、人群、追逐提前开始. Do not make the brothers already beaten, muddy, heroic, or inside the abandoned corridor.",S2_EXIT_TO_STANDOFF,exit and danger premonition,"Follow whitebox_renders_v2/B03/WB2_ALLEY_MSB074.png; preserve axis, scale, foreground/midground/background, and subject blocking."
MSB075,B03,08,偏僻小路,SCN_ALLEY,CAM_ALLEY_01_WALK_HOME,end_frame,A,"Create a pure cinematic film still for AIGC video generation, 16:9 landscape, high-resolution, photoreal Chinese dreamcore realism, 1990s small-town China, humid yellowed childhood memory, low light, restrained VHS grain, real old clothes, lived-in surfaces, no visible text or annotations. Use the whitebox reference for composition and spatial relationship: whitebox_renders_v2/B03/WB2_ALLEY_MSB075.png. Panel MSB075, Clip 08 偏僻小路, time 02:12. Scene lock: SCN_ALLEY. Camera reference: CAM_ALLEY_01_WALK_HOME. Shot size: 全景. Beat: 三人停在小路中段. Visual focus: 三兄弟停住，前方阴影更清楚，后方路变暗. Character focus: 三兄弟/环境. Expression: 兴奋完全消失. Blocking and motion: 左右空间锁定. Continuity anchors: 老小区背后偏僻小路、围墙、杂草、碎砖石、潮湿地面、旧路灯，三兄弟从游戏机房回家. Story stage: S2_EXIT_TO_STANDOFF / exit and danger premonition. Character stage lock: Happy afterglow drains away; the brothers sense danger before the alley blockade.. Wardrobe state: The brothers are still mostly clean; clothes can wrinkle and bags can swing, but no fight dirt.. Emotion state: The mood shifts from pride to alertness and unease.. Environment stage lock: Arcade exit to damp secluded path; warm door light falls behind them, shadows begin to appear.. Identity locks: A Lei is the tall older brother with old thin metal-frame glasses, a blue worn tracksuit, protective posture, and a habit of pushing his glasses. Xiao Chuan is the middle/protagonist boy with round eyes, a slightly protruding right ear, half-open mouth, red scarf, blue school jacket and green schoolbag, often gripping the bag straps. Xiao Man is the smallest younger brother with a round head, rounder body, timid downcast eyes, warm old vest or pale shirt, hands gripping his hem, toes turned inward. Binzi is the short bully boss with dyed yellow hair and a compact aggressive body. The other three bullies must have distinct tall-thin, heavy, and errand-runner silhouettes. The image must look like a final movie frame or clean keyframe, not a storyboard drawing.","No text, no captions, no Chinese characters, no English letters, no labels, no arrows, no diagrams, no storyboard frame, no contact sheet, no sketch lines, no watermark. Avoid modern phones, modern cars, LED shop signs, polished mall interiors, fashionable contemporary clothes, glossy advertisement lighting, heroic violence, gore, blood focus, glamorized fighting, or characters looking like adults. Avoid panel-specific problems: 大街、车流、现代路灯、人群、追逐提前开始. Do not make the brothers already beaten, muddy, heroic, or inside the abandoned corridor.",S2_EXIT_TO_STANDOFF,exit and danger premonition,"Follow whitebox_renders_v2/B03/WB2_ALLEY_MSB075.png; preserve axis, scale, foreground/midground/background, and subject blocking."
MSB076,B03,09,四人堵路,SCN_ALLEY,CAM_ALLEY_02_BLOCKED,keyframe,A,"Create a pure cinematic film still for AIGC video generation, 16:9 landscape, high-resolution, photoreal Chinese dreamcore realism, 1990s small-town China, humid yellowed childhood memory, low light, restrained VHS grain, real old clothes, lived-in surfaces, no visible text or annotations. Use the whitebox reference for composition and spatial relationship: whitebox_renders_v2/B03/WB2_ALLEY_MSB076.png. Panel MSB076, Clip 09 四人堵路, time 02:14. Scene lock: SCN_ALLEY. Camera reference: CAM_ALLEY_02_BLOCKED. Shot size: 全景. Beat: 混混四人亮相. Visual focus: 彬子带三人从小路前方堵住去路，四人剪影差异明显. Character focus: 混混四人. Expression: 彬子凶，高杆冷，大海等命令，小齐兴奋. Blocking and motion: locked-off. Continuity anchors: 三兄弟左/近侧，四个混混右/远侧，彬子中心前压，高杆封边，大海堵中线，小齐边缘起哄. Story stage: S2_EXIT_TO_STANDOFF / exit and danger premonition. Character stage lock: Happy afterglow drains away; the brothers sense danger before the alley blockade.. Wardrobe state: The brothers are still mostly clean; clothes can wrinkle and bags can swing, but no fight dirt.. Emotion state: The mood shifts from pride to alertness and unease.. Environment stage lock: Arcade exit to damp secluded path; warm door light falls behind them, shadows begin to appear.. Identity locks: A Lei is the tall older brother with old thin metal-frame glasses, a blue worn tracksuit, protective posture, and a habit of pushing his glasses. Xiao Chuan is the middle/protagonist boy with round eyes, a slightly protruding right ear, half-open mouth, red scarf, blue school jacket and green schoolbag, often gripping the bag straps. Xiao Man is the smallest younger brother with a round head, rounder body, timid downcast eyes, warm old vest or pale shirt, hands gripping his hem, toes turned inward. Binzi is the short bully boss with dyed yellow hair and a compact aggressive body. The other three bullies must have distinct tall-thin, heavy, and errand-runner silhouettes. The image must look like a final movie frame or clean keyframe, not a storyboard drawing.","No text, no captions, no Chinese characters, no English letters, no labels, no arrows, no diagrams, no storyboard frame, no contact sheet, no sketch lines, no watermark. Avoid modern phones, modern cars, LED shop signs, polished mall interiors, fashionable contemporary clothes, glossy advertisement lighting, heroic violence, gore, blood focus, glamorized fighting, or characters looking like adults. Avoid panel-specific problems: 站位混乱、翻轴、立刻开打、额外人群、女生. Do not make the brothers already beaten, muddy, heroic, or inside the abandoned corridor.",S2_EXIT_TO_STANDOFF,exit and danger premonition,"Follow whitebox_renders_v2/B03/WB2_ALLEY_MSB076.png; preserve axis, scale, foreground/midground/background, and subject blocking."
MSB077,B03,09,四人堵路,SCN_ALLEY,CAM_ALLEY_02_BLOCKED,storyboard,A,"Create a pure cinematic film still for AIGC video generation, 16:9 landscape, high-resolution, photoreal Chinese dreamcore realism, 1990s small-town China, humid yellowed childhood memory, low light, restrained VHS grain, real old clothes, lived-in surfaces, no visible text or annotations. Use the whitebox reference for composition and spatial relationship: whitebox_renders_v2/B03/WB2_ALLEY_MSB077.png. Panel MSB077, Clip 09 四人堵路, time 02:15. Scene lock: SCN_ALLEY. Camera reference: CAM_ALLEY_02_BLOCKED. Shot size: 中景. Beat: 彬子向前半步. Visual focus: 彬子短小身形向前压，下巴顶出，手拽腰包. Character focus: 彬子. Expression: 受辱后的凶. Blocking and motion: 向前半步后停. Continuity anchors: 三兄弟左/近侧，四个混混右/远侧，彬子中心前压，高杆封边，大海堵中线，小齐边缘起哄. Story stage: S2_EXIT_TO_STANDOFF / exit and danger premonition. Character stage lock: Happy afterglow drains away; the brothers sense danger before the alley blockade.. Wardrobe state: The brothers are still mostly clean; clothes can wrinkle and bags can swing, but no fight dirt.. Emotion state: The mood shifts from pride to alertness and unease.. Environment stage lock: Arcade exit to damp secluded path; warm door light falls behind them, shadows begin to appear.. Identity locks: A Lei is the tall older brother with old thin metal-frame glasses, a blue worn tracksuit, protective posture, and a habit of pushing his glasses. Xiao Chuan is the middle/protagonist boy with round eyes, a slightly protruding right ear, half-open mouth, red scarf, blue school jacket and green schoolbag, often gripping the bag straps. Xiao Man is the smallest younger brother with a round head, rounder body, timid downcast eyes, warm old vest or pale shirt, hands gripping his hem, toes turned inward. Binzi is the short bully boss with dyed yellow hair and a compact aggressive body. The other three bullies must have distinct tall-thin, heavy, and errand-runner silhouettes. The image must look like a final movie frame or clean keyframe, not a storyboard drawing.","No text, no captions, no Chinese characters, no English letters, no labels, no arrows, no diagrams, no storyboard frame, no contact sheet, no sketch lines, no watermark. Avoid modern phones, modern cars, LED shop signs, polished mall interiors, fashionable contemporary clothes, glossy advertisement lighting, heroic violence, gore, blood focus, glamorized fighting, or characters looking like adults. Avoid panel-specific problems: 站位混乱、翻轴、立刻开打、额外人群、女生. Do not make the brothers already beaten, muddy, heroic, or inside the abandoned corridor.",S2_EXIT_TO_STANDOFF,exit and danger premonition,"Follow whitebox_renders_v2/B03/WB2_ALLEY_MSB077.png; preserve axis, scale, foreground/midground/background, and subject blocking."
MSB078,B03,09,四人堵路,SCN_ALLEY,CAM_ALLEY_02_BLOCKED,storyboard,A,"Create a pure cinematic film still for AIGC video generation, 16:9 landscape, high-resolution, photoreal Chinese dreamcore realism, 1990s small-town China, humid yellowed childhood memory, low light, restrained VHS grain, real old clothes, lived-in surfaces, no visible text or annotations. Use the whitebox reference for composition and spatial relationship: whitebox_renders_v2/B03/WB2_ALLEY_MSB078.png. Panel MSB078, Clip 09 四人堵路, time 02:17. Scene lock: SCN_ALLEY. Camera reference: CAM_ALLEY_02_BLOCKED. Shot size: 中景. Beat: 高杆封侧路. Visual focus: 高杆站在路边，长手臂横住墙边空隙. Character focus: 高杆. Expression: 半垂眼，不说话. Blocking and motion: 横臂封路. Continuity anchors: 三兄弟左/近侧，四个混混右/远侧，彬子中心前压，高杆封边，大海堵中线，小齐边缘起哄. Story stage: S2_EXIT_TO_STANDOFF / exit and danger premonition. Character stage lock: Happy afterglow drains away; the brothers sense danger before the alley blockade.. Wardrobe state: The brothers are still mostly clean; clothes can wrinkle and bags can swing, but no fight dirt.. Emotion state: The mood shifts from pride to alertness and unease.. Environment stage lock: Arcade exit to damp secluded path; warm door light falls behind them, shadows begin to appear.. Identity locks: A Lei is the tall older brother with old thin metal-frame glasses, a blue worn tracksuit, protective posture, and a habit of pushing his glasses. Xiao Chuan is the middle/protagonist boy with round eyes, a slightly protruding right ear, half-open mouth, red scarf, blue school jacket and green schoolbag, often gripping the bag straps. Xiao Man is the smallest younger brother with a round head, rounder body, timid downcast eyes, warm old vest or pale shirt, hands gripping his hem, toes turned inward. Binzi is the short bully boss with dyed yellow hair and a compact aggressive body. The other three bullies must have distinct tall-thin, heavy, and errand-runner silhouettes. The image must look like a final movie frame or clean keyframe, not a storyboard drawing.","No text, no captions, no Chinese characters, no English letters, no labels, no arrows, no diagrams, no storyboard frame, no contact sheet, no sketch lines, no watermark. Avoid modern phones, modern cars, LED shop signs, polished mall interiors, fashionable contemporary clothes, glossy advertisement lighting, heroic violence, gore, blood focus, glamorized fighting, or characters looking like adults. Avoid panel-specific problems: 站位混乱、翻轴、立刻开打、额外人群、女生. Do not make the brothers already beaten, muddy, heroic, or inside the abandoned corridor.",S2_EXIT_TO_STANDOFF,exit and danger premonition,"Follow whitebox_renders_v2/B03/WB2_ALLEY_MSB078.png; preserve axis, scale, foreground/midground/background, and subject blocking."
MSB079,B03,09,四人堵路,SCN_ALLEY,CAM_ALLEY_02_BLOCKED,storyboard,B,"Create a pure cinematic film still for AIGC video generation, 16:9 landscape, high-resolution, photoreal Chinese dreamcore realism, 1990s small-town China, humid yellowed childhood memory, low light, restrained VHS grain, real old clothes, lived-in surfaces, no visible text or annotations. Use the whitebox reference for composition and spatial relationship: whitebox_renders_v2/B03/WB2_ALLEY_MSB079.png. Panel MSB079, Clip 09 四人堵路, time 02:19. Scene lock: SCN_ALLEY. Camera reference: CAM_ALLEY_02_BLOCKED. Shot size: 中景. Beat: 大海堵中线. Visual focus: 大海宽脚站在路中，褪色 T 恤汗湿领口，身体像墙. Character focus: 大海. Expression: 看彬子等命令. Blocking and motion: 宽站姿不动. Continuity anchors: 三兄弟左/近侧，四个混混右/远侧，彬子中心前压，高杆封边，大海堵中线，小齐边缘起哄. Story stage: S2_EXIT_TO_STANDOFF / exit and danger premonition. Character stage lock: Happy afterglow drains away; the brothers sense danger before the alley blockade.. Wardrobe state: The brothers are still mostly clean; clothes can wrinkle and bags can swing, but no fight dirt.. Emotion state: The mood shifts from pride to alertness and unease.. Environment stage lock: Arcade exit to damp secluded path; warm door light falls behind them, shadows begin to appear.. Identity locks: A Lei is the tall older brother with old thin metal-frame glasses, a blue worn tracksuit, protective posture, and a habit of pushing his glasses. Xiao Chuan is the middle/protagonist boy with round eyes, a slightly protruding right ear, half-open mouth, red scarf, blue school jacket and green schoolbag, often gripping the bag straps. Xiao Man is the smallest younger brother with a round head, rounder body, timid downcast eyes, warm old vest or pale shirt, hands gripping his hem, toes turned inward. Binzi is the short bully boss with dyed yellow hair and a compact aggressive body. The other three bullies must have distinct tall-thin, heavy, and errand-runner silhouettes. The image must look like a final movie frame or clean keyframe, not a storyboard drawing.","No text, no captions, no Chinese characters, no English letters, no labels, no arrows, no diagrams, no storyboard frame, no contact sheet, no sketch lines, no watermark. Avoid modern phones, modern cars, LED shop signs, polished mall interiors, fashionable contemporary clothes, glossy advertisement lighting, heroic violence, gore, blood focus, glamorized fighting, or characters looking like adults. Avoid panel-specific problems: 站位混乱、翻轴、立刻开打、额外人群、女生. Do not make the brothers already beaten, muddy, heroic, or inside the abandoned corridor.",S2_EXIT_TO_STANDOFF,exit and danger premonition,"Follow whitebox_renders_v2/B03/WB2_ALLEY_MSB079.png; preserve axis, scale, foreground/midground/background, and subject blocking."
MSB080,B03,09,四人堵路,SCN_ALLEY,CAM_ALLEY_02_BLOCKED,storyboard,B,"Create a pure cinematic film still for AIGC video generation, 16:9 landscape, high-resolution, photoreal Chinese dreamcore realism, 1990s small-town China, humid yellowed childhood memory, low light, restrained VHS grain, real old clothes, lived-in surfaces, no visible text or annotations. Use the whitebox reference for composition and spatial relationship: whitebox_renders_v2/B03/WB2_ALLEY_MSB080.png. Panel MSB080, Clip 09 四人堵路, time 02:21. Scene lock: SCN_ALLEY. Camera reference: CAM_ALLEY_02_BLOCKED. Shot size: 中景. Beat: 小齐起哄. Visual focus: 小齐在边缘前探，嘴角快笑，手还抠袖口. Character focus: 小齐. Expression: 兴奋讨好. Blocking and motion: 换重心. Continuity anchors: 三兄弟左/近侧，四个混混右/远侧，彬子中心前压，高杆封边，大海堵中线，小齐边缘起哄. Story stage: S2_EXIT_TO_STANDOFF / exit and danger premonition. Character stage lock: Happy afterglow drains away; the brothers sense danger before the alley blockade.. Wardrobe state: The brothers are still mostly clean; clothes can wrinkle and bags can swing, but no fight dirt.. Emotion state: The mood shifts from pride to alertness and unease.. Environment stage lock: Arcade exit to damp secluded path; warm door light falls behind them, shadows begin to appear.. Identity locks: A Lei is the tall older brother with old thin metal-frame glasses, a blue worn tracksuit, protective posture, and a habit of pushing his glasses. Xiao Chuan is the middle/protagonist boy with round eyes, a slightly protruding right ear, half-open mouth, red scarf, blue school jacket and green schoolbag, often gripping the bag straps. Xiao Man is the smallest younger brother with a round head, rounder body, timid downcast eyes, warm old vest or pale shirt, hands gripping his hem, toes turned inward. Binzi is the short bully boss with dyed yellow hair and a compact aggressive body. The other three bullies must have distinct tall-thin, heavy, and errand-runner silhouettes. The image must look like a final movie frame or clean keyframe, not a storyboard drawing.","No text, no captions, no Chinese characters, no English letters, no labels, no arrows, no diagrams, no storyboard frame, no contact sheet, no sketch lines, no watermark. Avoid modern phones, modern cars, LED shop signs, polished mall interiors, fashionable contemporary clothes, glossy advertisement lighting, heroic violence, gore, blood focus, glamorized fighting, or characters looking like adults. Avoid panel-specific problems: 站位混乱、翻轴、立刻开打、额外人群、女生. Do not make the brothers already beaten, muddy, heroic, or inside the abandoned corridor.",S2_EXIT_TO_STANDOFF,exit and danger premonition,"Follow whitebox_renders_v2/B03/WB2_ALLEY_MSB080.png; preserve axis, scale, foreground/midground/background, and subject blocking."
MSB081,B03,09,四人堵路,SCN_ALLEY,CAM_ALLEY_02_BLOCKED,keyframe,A,"Create a pure cinematic film still for AIGC video generation, 16:9 landscape, high-resolution, photoreal Chinese dreamcore realism, 1990s small-town China, humid yellowed childhood memory, low light, restrained VHS grain, real old clothes, lived-in surfaces, no visible text or annotations. Use the whitebox reference for composition and spatial relationship: whitebox_renders_v2/B03/WB2_ALLEY_MSB081.png. Panel MSB081, Clip 09 四人堵路, time 02:23. Scene lock: SCN_ALLEY. Camera reference: CAM_ALLEY_02_BLOCKED. Shot size: 全景. Beat: 阿磊挡弟弟. Visual focus: 阿磊迈到小川和小满前面，三兄弟左侧队形收紧. Character focus: 阿磊/三兄弟. Expression: 强撑，怕但要挡. Blocking and motion: 身体挡前. Continuity anchors: 三兄弟左/近侧，四个混混右/远侧，彬子中心前压，高杆封边，大海堵中线，小齐边缘起哄. Story stage: S2_EXIT_TO_STANDOFF / exit and danger premonition. Character stage lock: Happy afterglow drains away; the brothers sense danger before the alley blockade.. Wardrobe state: The brothers are still mostly clean; clothes can wrinkle and bags can swing, but no fight dirt.. Emotion state: The mood shifts from pride to alertness and unease.. Environment stage lock: Arcade exit to damp secluded path; warm door light falls behind them, shadows begin to appear.. Identity locks: A Lei is the tall older brother with old thin metal-frame glasses, a blue worn tracksuit, protective posture, and a habit of pushing his glasses. Xiao Chuan is the middle/protagonist boy with round eyes, a slightly protruding right ear, half-open mouth, red scarf, blue school jacket and green schoolbag, often gripping the bag straps. Xiao Man is the smallest younger brother with a round head, rounder body, timid downcast eyes, warm old vest or pale shirt, hands gripping his hem, toes turned inward. Binzi is the short bully boss with dyed yellow hair and a compact aggressive body. The other three bullies must have distinct tall-thin, heavy, and errand-runner silhouettes. The image must look like a final movie frame or clean keyframe, not a storyboard drawing.","No text, no captions, no Chinese characters, no English letters, no labels, no arrows, no diagrams, no storyboard frame, no contact sheet, no sketch lines, no watermark. Avoid modern phones, modern cars, LED shop signs, polished mall interiors, fashionable contemporary clothes, glossy advertisement lighting, heroic violence, gore, blood focus, glamorized fighting, or characters looking like adults. Avoid panel-specific problems: 站位混乱、翻轴、立刻开打、额外人群、女生. Do not make the brothers already beaten, muddy, heroic, or inside the abandoned corridor.",S2_EXIT_TO_STANDOFF,exit and danger premonition,"Follow whitebox_renders_v2/B03/WB2_ALLEY_MSB081.png; preserve axis, scale, foreground/midground/background, and subject blocking."
MSB082,B03,09,四人堵路,SCN_ALLEY,CAM_ALLEY_02_BLOCKED,storyboard,A,"Create a pure cinematic film still for AIGC video generation, 16:9 landscape, high-resolution, photoreal Chinese dreamcore realism, 1990s small-town China, humid yellowed childhood memory, low light, restrained VHS grain, real old clothes, lived-in surfaces, no visible text or annotations. Use the whitebox reference for composition and spatial relationship: whitebox_renders_v2/B03/WB2_ALLEY_MSB082.png. Panel MSB082, Clip 09 四人堵路, time 02:24. Scene lock: SCN_ALLEY. Camera reference: CAM_ALLEY_02_BLOCKED. Shot size: 中景. Beat: 小川被遮住半个. Visual focus: 小川站在阿磊背后半个身位，眼睛越过哥哥看彬子. Character focus: 小川. Expression: 紧张，理解危险. Blocking and motion: 攥书包带. Continuity anchors: 三兄弟左/近侧，四个混混右/远侧，彬子中心前压，高杆封边，大海堵中线，小齐边缘起哄. Story stage: S2_EXIT_TO_STANDOFF / exit and danger premonition. Character stage lock: Happy afterglow drains away; the brothers sense danger before the alley blockade.. Wardrobe state: The brothers are still mostly clean; clothes can wrinkle and bags can swing, but no fight dirt.. Emotion state: The mood shifts from pride to alertness and unease.. Environment stage lock: Arcade exit to damp secluded path; warm door light falls behind them, shadows begin to appear.. Identity locks: A Lei is the tall older brother with old thin metal-frame glasses, a blue worn tracksuit, protective posture, and a habit of pushing his glasses. Xiao Chuan is the middle/protagonist boy with round eyes, a slightly protruding right ear, half-open mouth, red scarf, blue school jacket and green schoolbag, often gripping the bag straps. Xiao Man is the smallest younger brother with a round head, rounder body, timid downcast eyes, warm old vest or pale shirt, hands gripping his hem, toes turned inward. Binzi is the short bully boss with dyed yellow hair and a compact aggressive body. The other three bullies must have distinct tall-thin, heavy, and errand-runner silhouettes. The image must look like a final movie frame or clean keyframe, not a storyboard drawing.","No text, no captions, no Chinese characters, no English letters, no labels, no arrows, no diagrams, no storyboard frame, no contact sheet, no sketch lines, no watermark. Avoid modern phones, modern cars, LED shop signs, polished mall interiors, fashionable contemporary clothes, glossy advertisement lighting, heroic violence, gore, blood focus, glamorized fighting, or characters looking like adults. Avoid panel-specific problems: 站位混乱、翻轴、立刻开打、额外人群、女生. Do not make the brothers already beaten, muddy, heroic, or inside the abandoned corridor.",S2_EXIT_TO_STANDOFF,exit and danger premonition,"Follow whitebox_renders_v2/B03/WB2_ALLEY_MSB082.png; preserve axis, scale, foreground/midground/background, and subject blocking."
MSB083,B03,09,四人堵路,SCN_ALLEY,CAM_ALLEY_02_BLOCKED,storyboard,B,"Create a pure cinematic film still for AIGC video generation, 16:9 landscape, high-resolution, photoreal Chinese dreamcore realism, 1990s small-town China, humid yellowed childhood memory, low light, restrained VHS grain, real old clothes, lived-in surfaces, no visible text or annotations. Use the whitebox reference for composition and spatial relationship: whitebox_renders_v2/B03/WB2_ALLEY_MSB083.png. Panel MSB083, Clip 09 四人堵路, time 02:26. Scene lock: SCN_ALLEY. Camera reference: CAM_ALLEY_02_BLOCKED. Shot size: 中景. Beat: 小满靠墙. Visual focus: 小满退到墙边，抓衣角，脚尖内扣，不知道该跑还是站. Character focus: 小满. Expression: 茫然害怕. Blocking and motion: 僵住. Continuity anchors: 三兄弟左/近侧，四个混混右/远侧，彬子中心前压，高杆封边，大海堵中线，小齐边缘起哄. Story stage: S2_EXIT_TO_STANDOFF / exit and danger premonition. Character stage lock: Happy afterglow drains away; the brothers sense danger before the alley blockade.. Wardrobe state: The brothers are still mostly clean; clothes can wrinkle and bags can swing, but no fight dirt.. Emotion state: The mood shifts from pride to alertness and unease.. Environment stage lock: Arcade exit to damp secluded path; warm door light falls behind them, shadows begin to appear.. Identity locks: A Lei is the tall older brother with old thin metal-frame glasses, a blue worn tracksuit, protective posture, and a habit of pushing his glasses. Xiao Chuan is the middle/protagonist boy with round eyes, a slightly protruding right ear, half-open mouth, red scarf, blue school jacket and green schoolbag, often gripping the bag straps. Xiao Man is the smallest younger brother with a round head, rounder body, timid downcast eyes, warm old vest or pale shirt, hands gripping his hem, toes turned inward. Binzi is the short bully boss with dyed yellow hair and a compact aggressive body. The other three bullies must have distinct tall-thin, heavy, and errand-runner silhouettes. The image must look like a final movie frame or clean keyframe, not a storyboard drawing.","No text, no captions, no Chinese characters, no English letters, no labels, no arrows, no diagrams, no storyboard frame, no contact sheet, no sketch lines, no watermark. Avoid modern phones, modern cars, LED shop signs, polished mall interiors, fashionable contemporary clothes, glossy advertisement lighting, heroic violence, gore, blood focus, glamorized fighting, or characters looking like adults. Avoid panel-specific problems: 站位混乱、翻轴、立刻开打、额外人群、女生. Do not make the brothers already beaten, muddy, heroic, or inside the abandoned corridor.",S2_EXIT_TO_STANDOFF,exit and danger premonition,"Follow whitebox_renders_v2/B03/WB2_ALLEY_MSB083.png; preserve axis, scale, foreground/midground/background, and subject blocking."
MSB084,B03,09,四人堵路,SCN_ALLEY,CAM_ALLEY_02_BLOCKED,storyboard,A,"Create a pure cinematic film still for AIGC video generation, 16:9 landscape, high-resolution, photoreal Chinese dreamcore realism, 1990s small-town China, humid yellowed childhood memory, low light, restrained VHS grain, real old clothes, lived-in surfaces, no visible text or annotations. Use the whitebox reference for composition and spatial relationship: whitebox_renders_v2/B03/WB2_ALLEY_MSB084.png. Panel MSB084, Clip 09 四人堵路, time 02:28. Scene lock: SCN_ALLEY. Camera reference: CAM_ALLEY_02_BLOCKED. Shot size: 远景. Beat: 双方空间关系. Visual focus: 小路像被两组人堵成死巷，三兄弟后方也变暗. Character focus: 全体. Expression: 对峙凝固. Blocking and motion: 不翻轴. Continuity anchors: 三兄弟左/近侧，四个混混右/远侧，彬子中心前压，高杆封边，大海堵中线，小齐边缘起哄. Story stage: S2_EXIT_TO_STANDOFF / exit and danger premonition. Character stage lock: Happy afterglow drains away; the brothers sense danger before the alley blockade.. Wardrobe state: The brothers are still mostly clean; clothes can wrinkle and bags can swing, but no fight dirt.. Emotion state: The mood shifts from pride to alertness and unease.. Environment stage lock: Arcade exit to damp secluded path; warm door light falls behind them, shadows begin to appear.. Identity locks: A Lei is the tall older brother with old thin metal-frame glasses, a blue worn tracksuit, protective posture, and a habit of pushing his glasses. Xiao Chuan is the middle/protagonist boy with round eyes, a slightly protruding right ear, half-open mouth, red scarf, blue school jacket and green schoolbag, often gripping the bag straps. Xiao Man is the smallest younger brother with a round head, rounder body, timid downcast eyes, warm old vest or pale shirt, hands gripping his hem, toes turned inward. Binzi is the short bully boss with dyed yellow hair and a compact aggressive body. The other three bullies must have distinct tall-thin, heavy, and errand-runner silhouettes. The image must look like a final movie frame or clean keyframe, not a storyboard drawing.","No text, no captions, no Chinese characters, no English letters, no labels, no arrows, no diagrams, no storyboard frame, no contact sheet, no sketch lines, no watermark. Avoid modern phones, modern cars, LED shop signs, polished mall interiors, fashionable contemporary clothes, glossy advertisement lighting, heroic violence, gore, blood focus, glamorized fighting, or characters looking like adults. Avoid panel-specific problems: 站位混乱、翻轴、立刻开打、额外人群、女生. Do not make the brothers already beaten, muddy, heroic, or inside the abandoned corridor.",S2_EXIT_TO_STANDOFF,exit and danger premonition,"Follow whitebox_renders_v2/B03/WB2_ALLEY_MSB084.png; preserve axis, scale, foreground/midground/background, and subject blocking."
MSB085,B03,09,四人堵路,SCN_ALLEY,CAM_ALLEY_02_BLOCKED,end_frame,A,"Create a pure cinematic film still for AIGC video generation, 16:9 landscape, high-resolution, photoreal Chinese dreamcore realism, 1990s small-town China, humid yellowed childhood memory, low light, restrained VHS grain, real old clothes, lived-in surfaces, no visible text or annotations. Use the whitebox reference for composition and spatial relationship: whitebox_renders_v2/B03/WB2_ALLEY_MSB085.png. Panel MSB085, Clip 09 四人堵路, time 02:30. Scene lock: SCN_ALLEY. Camera reference: CAM_ALLEY_02_BLOCKED. Shot size: 近景. Beat: 彬子盯阿磊. Visual focus: 彬子越过小路盯住阿磊，旧街机红光记忆从脸上隐约回响. Character focus: 彬子/阿磊. Expression: 报复明确. Blocking and motion: 眼神锁定. Continuity anchors: 三兄弟左/近侧，四个混混右/远侧，彬子中心前压，高杆封边，大海堵中线，小齐边缘起哄. Story stage: S2_EXIT_TO_STANDOFF / exit and danger premonition. Character stage lock: Happy afterglow drains away; the brothers sense danger before the alley blockade.. Wardrobe state: The brothers are still mostly clean; clothes can wrinkle and bags can swing, but no fight dirt.. Emotion state: The mood shifts from pride to alertness and unease.. Environment stage lock: Arcade exit to damp secluded path; warm door light falls behind them, shadows begin to appear.. Identity locks: A Lei is the tall older brother with old thin metal-frame glasses, a blue worn tracksuit, protective posture, and a habit of pushing his glasses. Xiao Chuan is the middle/protagonist boy with round eyes, a slightly protruding right ear, half-open mouth, red scarf, blue school jacket and green schoolbag, often gripping the bag straps. Xiao Man is the smallest younger brother with a round head, rounder body, timid downcast eyes, warm old vest or pale shirt, hands gripping his hem, toes turned inward. Binzi is the short bully boss with dyed yellow hair and a compact aggressive body. The other three bullies must have distinct tall-thin, heavy, and errand-runner silhouettes. The image must look like a final movie frame or clean keyframe, not a storyboard drawing.","No text, no captions, no Chinese characters, no English letters, no labels, no arrows, no diagrams, no storyboard frame, no contact sheet, no sketch lines, no watermark. Avoid modern phones, modern cars, LED shop signs, polished mall interiors, fashionable contemporary clothes, glossy advertisement lighting, heroic violence, gore, blood focus, glamorized fighting, or characters looking like adults. Avoid panel-specific problems: 站位混乱、翻轴、立刻开打、额外人群、女生. Do not make the brothers already beaten, muddy, heroic, or inside the abandoned corridor.",S2_EXIT_TO_STANDOFF,exit and danger premonition,"Follow whitebox_renders_v2/B03/WB2_ALLEY_MSB085.png; preserve axis, scale, foreground/midground/background, and subject blocking."
MSB086,B04,10,围殴哥哥,SCN_ALLEY,CAM_ALLEY_03_BROTHER_BEATEN,start_frame,A,"Create a pure cinematic film still for AIGC video generation, 16:9 landscape, high-resolution, photoreal Chinese dreamcore realism, 1990s small-town China, humid yellowed childhood memory, low light, restrained VHS grain, real old clothes, lived-in surfaces, no visible text or annotations. Use the whitebox reference for composition and spatial relationship: whitebox_renders_v2/B04/WB2_ALLEY_MSB086.png. Panel MSB086, Clip 10 围殴哥哥, time 02:32. Scene lock: SCN_ALLEY. Camera reference: CAM_ALLEY_03_BROTHER_BEATEN. Shot size: 全景. Beat: 四人收拢. Visual focus: 混混四人从半圆收拢，阿磊被挤到画面中心. Character focus: 阿磊/混混四人. Expression: 阿磊强撑，四人压近. Blocking and motion: 向中心挤压. Continuity anchors: 哥哥在中心被围，小川侧面，小满墙边，四个混混轮廓不同，路灯黄，潮湿地面. Story stage: S3_ALLEY_PRESSURE / alley pressure. Character stage lock: A Lei tries to hold himself together; Xiao Chuan shrinks back; Xiao Man freezes.. Wardrobe state: Clothes start to wrinkle and catch a little wall dust; still not fully dirty.. Emotion state: Pressure, shame, fear, and trapped breathing.. Environment stage lock: Secluded alley compresses the group; wet ground, wall, weeds, broken brick and old streetlight.. Identity locks: A Lei is the tall older brother with old thin metal-frame glasses, a blue worn tracksuit, protective posture, and a habit of pushing his glasses. Xiao Chuan is the middle/protagonist boy with round eyes, a slightly protruding right ear, half-open mouth, red scarf, blue school jacket and green schoolbag, often gripping the bag straps. Xiao Man is the smallest younger brother with a round head, rounder body, timid downcast eyes, warm old vest or pale shirt, hands gripping his hem, toes turned inward. Binzi is the short bully boss with dyed yellow hair and a compact aggressive body. The other three bullies must have distinct tall-thin, heavy, and errand-runner silhouettes. The image must look like a final movie frame or clean keyframe, not a storyboard drawing.","No text, no captions, no Chinese characters, no English letters, no labels, no arrows, no diagrams, no storyboard frame, no contact sheet, no sketch lines, no watermark. Avoid modern phones, modern cars, LED shop signs, polished mall interiors, fashionable contemporary clothes, glossy advertisement lighting, heroic violence, gore, blood focus, glamorized fighting, or characters looking like adults. Avoid panel-specific problems: 复杂武打、血腥、英雄反击、成年人暴力、镜头乱转. Do not show the stone impact yet; do not overplay blood, gore, or triumphant violence.",S3_ALLEY_PRESSURE,alley pressure,"Follow whitebox_renders_v2/B04/WB2_ALLEY_MSB086.png; preserve axis, scale, foreground/midground/background, and subject blocking."
MSB087,B04,10,围殴哥哥,SCN_ALLEY,CAM_ALLEY_03_BROTHER_BEATEN,storyboard,B,"Create a pure cinematic film still for AIGC video generation, 16:9 landscape, high-resolution, photoreal Chinese dreamcore realism, 1990s small-town China, humid yellowed childhood memory, low light, restrained VHS grain, real old clothes, lived-in surfaces, no visible text or annotations. Use the whitebox reference for composition and spatial relationship: whitebox_renders_v2/B04/WB2_ALLEY_MSB087.png. Panel MSB087, Clip 10 围殴哥哥, time 02:34. Scene lock: SCN_ALLEY. Camera reference: CAM_ALLEY_03_BROTHER_BEATEN. Shot size: 中景. Beat: 阿磊还嘴. Visual focus: 阿磊下巴抬着说话，手却从口袋里抽出来挡在身前. Character focus: 阿磊. Expression: 嘴硬，手先暴露害怕. Blocking and motion: 后退半步. Continuity anchors: 哥哥在中心被围，小川侧面，小满墙边，四个混混轮廓不同，路灯黄，潮湿地面. Story stage: S3_ALLEY_PRESSURE / alley pressure. Character stage lock: A Lei tries to hold himself together; Xiao Chuan shrinks back; Xiao Man freezes.. Wardrobe state: Clothes start to wrinkle and catch a little wall dust; still not fully dirty.. Emotion state: Pressure, shame, fear, and trapped breathing.. Environment stage lock: Secluded alley compresses the group; wet ground, wall, weeds, broken brick and old streetlight.. Identity locks: A Lei is the tall older brother with old thin metal-frame glasses, a blue worn tracksuit, protective posture, and a habit of pushing his glasses. Xiao Chuan is the middle/protagonist boy with round eyes, a slightly protruding right ear, half-open mouth, red scarf, blue school jacket and green schoolbag, often gripping the bag straps. Xiao Man is the smallest younger brother with a round head, rounder body, timid downcast eyes, warm old vest or pale shirt, hands gripping his hem, toes turned inward. Binzi is the short bully boss with dyed yellow hair and a compact aggressive body. The other three bullies must have distinct tall-thin, heavy, and errand-runner silhouettes. The image must look like a final movie frame or clean keyframe, not a storyboard drawing.","No text, no captions, no Chinese characters, no English letters, no labels, no arrows, no diagrams, no storyboard frame, no contact sheet, no sketch lines, no watermark. Avoid modern phones, modern cars, LED shop signs, polished mall interiors, fashionable contemporary clothes, glossy advertisement lighting, heroic violence, gore, blood focus, glamorized fighting, or characters looking like adults. Avoid panel-specific problems: 复杂武打、血腥、英雄反击、成年人暴力、镜头乱转. Do not show the stone impact yet; do not overplay blood, gore, or triumphant violence.",S3_ALLEY_PRESSURE,alley pressure,"Follow whitebox_renders_v2/B04/WB2_ALLEY_MSB087.png; preserve axis, scale, foreground/midground/background, and subject blocking."
MSB088,B04,10,围殴哥哥,SCN_ALLEY,CAM_ALLEY_03_BROTHER_BEATEN,storyboard,A,"Create a pure cinematic film still for AIGC video generation, 16:9 landscape, high-resolution, photoreal Chinese dreamcore realism, 1990s small-town China, humid yellowed childhood memory, low light, restrained VHS grain, real old clothes, lived-in surfaces, no visible text or annotations. Use the whitebox reference for composition and spatial relationship: whitebox_renders_v2/B04/WB2_ALLEY_MSB088.png. Panel MSB088, Clip 10 围殴哥哥, time 02:36. Scene lock: SCN_ALLEY. Camera reference: CAM_ALLEY_03_BROTHER_BEATEN. Shot size: 中景. Beat: 高杆封退路. Visual focus: 高杆长手臂挡住阿磊侧后，灰白袖子像横杠. Character focus: 高杆/阿磊. Expression: 高杆冷，阿磊被限制. Blocking and motion: 横臂不大动. Continuity anchors: 哥哥在中心被围，小川侧面，小满墙边，四个混混轮廓不同，路灯黄，潮湿地面. Story stage: S3_ALLEY_PRESSURE / alley pressure. Character stage lock: A Lei tries to hold himself together; Xiao Chuan shrinks back; Xiao Man freezes.. Wardrobe state: Clothes start to wrinkle and catch a little wall dust; still not fully dirty.. Emotion state: Pressure, shame, fear, and trapped breathing.. Environment stage lock: Secluded alley compresses the group; wet ground, wall, weeds, broken brick and old streetlight.. Identity locks: A Lei is the tall older brother with old thin metal-frame glasses, a blue worn tracksuit, protective posture, and a habit of pushing his glasses. Xiao Chuan is the middle/protagonist boy with round eyes, a slightly protruding right ear, half-open mouth, red scarf, blue school jacket and green schoolbag, often gripping the bag straps. Xiao Man is the smallest younger brother with a round head, rounder body, timid downcast eyes, warm old vest or pale shirt, hands gripping his hem, toes turned inward. Binzi is the short bully boss with dyed yellow hair and a compact aggressive body. The other three bullies must have distinct tall-thin, heavy, and errand-runner silhouettes. The image must look like a final movie frame or clean keyframe, not a storyboard drawing.","No text, no captions, no Chinese characters, no English letters, no labels, no arrows, no diagrams, no storyboard frame, no contact sheet, no sketch lines, no watermark. Avoid modern phones, modern cars, LED shop signs, polished mall interiors, fashionable contemporary clothes, glossy advertisement lighting, heroic violence, gore, blood focus, glamorized fighting, or characters looking like adults. Avoid panel-specific problems: 复杂武打、血腥、英雄反击、成年人暴力、镜头乱转. Do not show the stone impact yet; do not overplay blood, gore, or triumphant violence.",S3_ALLEY_PRESSURE,alley pressure,"Follow whitebox_renders_v2/B04/WB2_ALLEY_MSB088.png; preserve axis, scale, foreground/midground/background, and subject blocking."
MSB089,B04,10,围殴哥哥,SCN_ALLEY,CAM_ALLEY_03_BROTHER_BEATEN,storyboard,A,"Create a pure cinematic film still for AIGC video generation, 16:9 landscape, high-resolution, photoreal Chinese dreamcore realism, 1990s small-town China, humid yellowed childhood memory, low light, restrained VHS grain, real old clothes, lived-in surfaces, no visible text or annotations. Use the whitebox reference for composition and spatial relationship: whitebox_renders_v2/B04/WB2_ALLEY_MSB089.png. Panel MSB089, Clip 10 围殴哥哥, time 02:38. Scene lock: SCN_ALLEY. Camera reference: CAM_ALLEY_03_BROTHER_BEATEN. Shot size: 中景. Beat: 大海肩膀顶近. Visual focus: 大海用肩膀和身体把空间压小，不做漂亮拳脚. Character focus: 大海/阿磊. Expression: 大海执行命令. Blocking and motion: 身体前压. Continuity anchors: 哥哥在中心被围，小川侧面，小满墙边，四个混混轮廓不同，路灯黄，潮湿地面. Story stage: S3_ALLEY_PRESSURE / alley pressure. Character stage lock: A Lei tries to hold himself together; Xiao Chuan shrinks back; Xiao Man freezes.. Wardrobe state: Clothes start to wrinkle and catch a little wall dust; still not fully dirty.. Emotion state: Pressure, shame, fear, and trapped breathing.. Environment stage lock: Secluded alley compresses the group; wet ground, wall, weeds, broken brick and old streetlight.. Identity locks: A Lei is the tall older brother with old thin metal-frame glasses, a blue worn tracksuit, protective posture, and a habit of pushing his glasses. Xiao Chuan is the middle/protagonist boy with round eyes, a slightly protruding right ear, half-open mouth, red scarf, blue school jacket and green schoolbag, often gripping the bag straps. Xiao Man is the smallest younger brother with a round head, rounder body, timid downcast eyes, warm old vest or pale shirt, hands gripping his hem, toes turned inward. Binzi is the short bully boss with dyed yellow hair and a compact aggressive body. The other three bullies must have distinct tall-thin, heavy, and errand-runner silhouettes. The image must look like a final movie frame or clean keyframe, not a storyboard drawing.","No text, no captions, no Chinese characters, no English letters, no labels, no arrows, no diagrams, no storyboard frame, no contact sheet, no sketch lines, no watermark. Avoid modern phones, modern cars, LED shop signs, polished mall interiors, fashionable contemporary clothes, glossy advertisement lighting, heroic violence, gore, blood focus, glamorized fighting, or characters looking like adults. Avoid panel-specific problems: 复杂武打、血腥、英雄反击、成年人暴力、镜头乱转. Do not show the stone impact yet; do not overplay blood, gore, or triumphant violence.",S3_ALLEY_PRESSURE,alley pressure,"Follow whitebox_renders_v2/B04/WB2_ALLEY_MSB089.png; preserve axis, scale, foreground/midground/background, and subject blocking."
MSB090,B04,10,围殴哥哥,SCN_ALLEY,CAM_ALLEY_03_BROTHER_BEATEN,storyboard,B,"Create a pure cinematic film still for AIGC video generation, 16:9 landscape, high-resolution, photoreal Chinese dreamcore realism, 1990s small-town China, humid yellowed childhood memory, low light, restrained VHS grain, real old clothes, lived-in surfaces, no visible text or annotations. Use the whitebox reference for composition and spatial relationship: whitebox_renders_v2/B04/WB2_ALLEY_MSB090.png. Panel MSB090, Clip 10 围殴哥哥, time 02:40. Scene lock: SCN_ALLEY. Camera reference: CAM_ALLEY_03_BROTHER_BEATEN. Shot size: 中景. Beat: 小齐起哄边退. Visual focus: 小齐在边上起哄，身体前探但脚随时想退. Character focus: 小齐. Expression: 兴奋又虚. Blocking and motion: 换重心. Continuity anchors: 哥哥在中心被围，小川侧面，小满墙边，四个混混轮廓不同，路灯黄，潮湿地面. Story stage: S3_ALLEY_PRESSURE / alley pressure. Character stage lock: A Lei tries to hold himself together; Xiao Chuan shrinks back; Xiao Man freezes.. Wardrobe state: Clothes start to wrinkle and catch a little wall dust; still not fully dirty.. Emotion state: Pressure, shame, fear, and trapped breathing.. Environment stage lock: Secluded alley compresses the group; wet ground, wall, weeds, broken brick and old streetlight.. Identity locks: A Lei is the tall older brother with old thin metal-frame glasses, a blue worn tracksuit, protective posture, and a habit of pushing his glasses. Xiao Chuan is the middle/protagonist boy with round eyes, a slightly protruding right ear, half-open mouth, red scarf, blue school jacket and green schoolbag, often gripping the bag straps. Xiao Man is the smallest younger brother with a round head, rounder body, timid downcast eyes, warm old vest or pale shirt, hands gripping his hem, toes turned inward. Binzi is the short bully boss with dyed yellow hair and a compact aggressive body. The other three bullies must have distinct tall-thin, heavy, and errand-runner silhouettes. The image must look like a final movie frame or clean keyframe, not a storyboard drawing.","No text, no captions, no Chinese characters, no English letters, no labels, no arrows, no diagrams, no storyboard frame, no contact sheet, no sketch lines, no watermark. Avoid modern phones, modern cars, LED shop signs, polished mall interiors, fashionable contemporary clothes, glossy advertisement lighting, heroic violence, gore, blood focus, glamorized fighting, or characters looking like adults. Avoid panel-specific problems: 复杂武打、血腥、英雄反击、成年人暴力、镜头乱转. Do not show the stone impact yet; do not overplay blood, gore, or triumphant violence.",S3_ALLEY_PRESSURE,alley pressure,"Follow whitebox_renders_v2/B04/WB2_ALLEY_MSB090.png; preserve axis, scale, foreground/midground/background, and subject blocking."
MSB091,B04,10,围殴哥哥,SCN_ALLEY,CAM_ALLEY_03_BROTHER_BEATEN,storyboard,A,"Create a pure cinematic film still for AIGC video generation, 16:9 landscape, high-resolution, photoreal Chinese dreamcore realism, 1990s small-town China, humid yellowed childhood memory, low light, restrained VHS grain, real old clothes, lived-in surfaces, no visible text or annotations. Use the whitebox reference for composition and spatial relationship: whitebox_renders_v2/B04/WB2_ALLEY_MSB091.png. Panel MSB091, Clip 10 围殴哥哥, time 02:42. Scene lock: SCN_ALLEY. Camera reference: CAM_ALLEY_03_BROTHER_BEATEN. Shot size: 近景. Beat: 彬子靠近阿磊. Visual focus: 彬子站到阿磊面前，短脖子前压，嘴角歪. Character focus: 彬子/阿磊. Expression: 羞辱对峙. Blocking and motion: 下巴顶人. Continuity anchors: 哥哥在中心被围，小川侧面，小满墙边，四个混混轮廓不同，路灯黄，潮湿地面. Story stage: S3_ALLEY_PRESSURE / alley pressure. Character stage lock: A Lei tries to hold himself together; Xiao Chuan shrinks back; Xiao Man freezes.. Wardrobe state: Clothes start to wrinkle and catch a little wall dust; still not fully dirty.. Emotion state: Pressure, shame, fear, and trapped breathing.. Environment stage lock: Secluded alley compresses the group; wet ground, wall, weeds, broken brick and old streetlight.. Identity locks: A Lei is the tall older brother with old thin metal-frame glasses, a blue worn tracksuit, protective posture, and a habit of pushing his glasses. Xiao Chuan is the middle/protagonist boy with round eyes, a slightly protruding right ear, half-open mouth, red scarf, blue school jacket and green schoolbag, often gripping the bag straps. Xiao Man is the smallest younger brother with a round head, rounder body, timid downcast eyes, warm old vest or pale shirt, hands gripping his hem, toes turned inward. Binzi is the short bully boss with dyed yellow hair and a compact aggressive body. The other three bullies must have distinct tall-thin, heavy, and errand-runner silhouettes. The image must look like a final movie frame or clean keyframe, not a storyboard drawing.","No text, no captions, no Chinese characters, no English letters, no labels, no arrows, no diagrams, no storyboard frame, no contact sheet, no sketch lines, no watermark. Avoid modern phones, modern cars, LED shop signs, polished mall interiors, fashionable contemporary clothes, glossy advertisement lighting, heroic violence, gore, blood focus, glamorized fighting, or characters looking like adults. Avoid panel-specific problems: 复杂武打、血腥、英雄反击、成年人暴力、镜头乱转. Do not show the stone impact yet; do not overplay blood, gore, or triumphant violence.",S3_ALLEY_PRESSURE,alley pressure,"Follow whitebox_renders_v2/B04/WB2_ALLEY_MSB091.png; preserve axis, scale, foreground/midground/background, and subject blocking."
MSB092,B04,10,围殴哥哥,SCN_ALLEY,CAM_ALLEY_03_BROTHER_BEATEN,storyboard,A,"Create a pure cinematic film still for AIGC video generation, 16:9 landscape, high-resolution, photoreal Chinese dreamcore realism, 1990s small-town China, humid yellowed childhood memory, low light, restrained VHS grain, real old clothes, lived-in surfaces, no visible text or annotations. Use the whitebox reference for composition and spatial relationship: whitebox_renders_v2/B04/WB2_ALLEY_MSB092.png. Panel MSB092, Clip 10 围殴哥哥, time 02:44. Scene lock: SCN_ALLEY. Camera reference: CAM_ALLEY_03_BROTHER_BEATEN. Shot size: 中景. Beat: 第一次推搡. Visual focus: 阿磊被推得肩膀一歪，仍想站稳. Character focus: 阿磊. Expression: 疼但怕丢脸. Blocking and motion: 身体失衡但没倒. Continuity anchors: 哥哥在中心被围，小川侧面，小满墙边，四个混混轮廓不同，路灯黄，潮湿地面. Story stage: S3_ALLEY_PRESSURE / alley pressure. Character stage lock: A Lei tries to hold himself together; Xiao Chuan shrinks back; Xiao Man freezes.. Wardrobe state: Clothes start to wrinkle and catch a little wall dust; still not fully dirty.. Emotion state: Pressure, shame, fear, and trapped breathing.. Environment stage lock: Secluded alley compresses the group; wet ground, wall, weeds, broken brick and old streetlight.. Identity locks: A Lei is the tall older brother with old thin metal-frame glasses, a blue worn tracksuit, protective posture, and a habit of pushing his glasses. Xiao Chuan is the middle/protagonist boy with round eyes, a slightly protruding right ear, half-open mouth, red scarf, blue school jacket and green schoolbag, often gripping the bag straps. Xiao Man is the smallest younger brother with a round head, rounder body, timid downcast eyes, warm old vest or pale shirt, hands gripping his hem, toes turned inward. Binzi is the short bully boss with dyed yellow hair and a compact aggressive body. The other three bullies must have distinct tall-thin, heavy, and errand-runner silhouettes. The image must look like a final movie frame or clean keyframe, not a storyboard drawing.","No text, no captions, no Chinese characters, no English letters, no labels, no arrows, no diagrams, no storyboard frame, no contact sheet, no sketch lines, no watermark. Avoid modern phones, modern cars, LED shop signs, polished mall interiors, fashionable contemporary clothes, glossy advertisement lighting, heroic violence, gore, blood focus, glamorized fighting, or characters looking like adults. Avoid panel-specific problems: 复杂武打、血腥、英雄反击、成年人暴力、镜头乱转. Do not show the stone impact yet; do not overplay blood, gore, or triumphant violence.",S3_ALLEY_PRESSURE,alley pressure,"Follow whitebox_renders_v2/B04/WB2_ALLEY_MSB092.png; preserve axis, scale, foreground/midground/background, and subject blocking."
MSB093,B04,10,围殴哥哥,SCN_ALLEY,CAM_ALLEY_03_BROTHER_BEATEN,keyframe,A,"Create a pure cinematic film still for AIGC video generation, 16:9 landscape, high-resolution, photoreal Chinese dreamcore realism, 1990s small-town China, humid yellowed childhood memory, low light, restrained VHS grain, real old clothes, lived-in surfaces, no visible text or annotations. Use the whitebox reference for composition and spatial relationship: whitebox_renders_v2/B04/WB2_ALLEY_MSB093.png. Panel MSB093, Clip 10 围殴哥哥, time 02:46. Scene lock: SCN_ALLEY. Camera reference: CAM_ALLEY_03_BROTHER_BEATEN. Shot size: 中景. Beat: 小川侧面僵住. Visual focus: 小川站在侧面，双手攥书包带，眼睛在哥哥和彬子之间跳. Character focus: 小川. Expression: 想动但不知道怎么动. Blocking and motion: 身体收紧. Continuity anchors: 哥哥在中心被围，小川侧面，小满墙边，四个混混轮廓不同，路灯黄，潮湿地面. Story stage: S3_ALLEY_PRESSURE / alley pressure. Character stage lock: A Lei tries to hold himself together; Xiao Chuan shrinks back; Xiao Man freezes.. Wardrobe state: Clothes start to wrinkle and catch a little wall dust; still not fully dirty.. Emotion state: Pressure, shame, fear, and trapped breathing.. Environment stage lock: Secluded alley compresses the group; wet ground, wall, weeds, broken brick and old streetlight.. Identity locks: A Lei is the tall older brother with old thin metal-frame glasses, a blue worn tracksuit, protective posture, and a habit of pushing his glasses. Xiao Chuan is the middle/protagonist boy with round eyes, a slightly protruding right ear, half-open mouth, red scarf, blue school jacket and green schoolbag, often gripping the bag straps. Xiao Man is the smallest younger brother with a round head, rounder body, timid downcast eyes, warm old vest or pale shirt, hands gripping his hem, toes turned inward. Binzi is the short bully boss with dyed yellow hair and a compact aggressive body. The other three bullies must have distinct tall-thin, heavy, and errand-runner silhouettes. The image must look like a final movie frame or clean keyframe, not a storyboard drawing.","No text, no captions, no Chinese characters, no English letters, no labels, no arrows, no diagrams, no storyboard frame, no contact sheet, no sketch lines, no watermark. Avoid modern phones, modern cars, LED shop signs, polished mall interiors, fashionable contemporary clothes, glossy advertisement lighting, heroic violence, gore, blood focus, glamorized fighting, or characters looking like adults. Avoid panel-specific problems: 复杂武打、血腥、英雄反击、成年人暴力、镜头乱转. Do not show the stone impact yet; do not overplay blood, gore, or triumphant violence.",S3_ALLEY_PRESSURE,alley pressure,"Follow whitebox_renders_v2/B04/WB2_ALLEY_MSB093.png; preserve axis, scale, foreground/midground/background, and subject blocking."
MSB094,B04,10,围殴哥哥,SCN_ALLEY,CAM_ALLEY_03_BROTHER_BEATEN,storyboard,B,"Create a pure cinematic film still for AIGC video generation, 16:9 landscape, high-resolution, photoreal Chinese dreamcore realism, 1990s small-town China, humid yellowed childhood memory, low light, restrained VHS grain, real old clothes, lived-in surfaces, no visible text or annotations. Use the whitebox reference for composition and spatial relationship: whitebox_renders_v2/B04/WB2_ALLEY_MSB094.png. Panel MSB094, Clip 10 围殴哥哥, time 02:48. Scene lock: SCN_ALLEY. Camera reference: CAM_ALLEY_03_BROTHER_BEATEN. Shot size: 中景. Beat: 小满完全不动. Visual focus: 小满靠墙，嘴角下压，抓衣角，不哭也不喊. Character focus: 小满. Expression: 被吓空. Blocking and motion: 脚尖内扣，冻结. Continuity anchors: 哥哥在中心被围，小川侧面，小满墙边，四个混混轮廓不同，路灯黄，潮湿地面. Story stage: S3_ALLEY_PRESSURE / alley pressure. Character stage lock: A Lei tries to hold himself together; Xiao Chuan shrinks back; Xiao Man freezes.. Wardrobe state: Clothes start to wrinkle and catch a little wall dust; still not fully dirty.. Emotion state: Pressure, shame, fear, and trapped breathing.. Environment stage lock: Secluded alley compresses the group; wet ground, wall, weeds, broken brick and old streetlight.. Identity locks: A Lei is the tall older brother with old thin metal-frame glasses, a blue worn tracksuit, protective posture, and a habit of pushing his glasses. Xiao Chuan is the middle/protagonist boy with round eyes, a slightly protruding right ear, half-open mouth, red scarf, blue school jacket and green schoolbag, often gripping the bag straps. Xiao Man is the smallest younger brother with a round head, rounder body, timid downcast eyes, warm old vest or pale shirt, hands gripping his hem, toes turned inward. Binzi is the short bully boss with dyed yellow hair and a compact aggressive body. The other three bullies must have distinct tall-thin, heavy, and errand-runner silhouettes. The image must look like a final movie frame or clean keyframe, not a storyboard drawing.","No text, no captions, no Chinese characters, no English letters, no labels, no arrows, no diagrams, no storyboard frame, no contact sheet, no sketch lines, no watermark. Avoid modern phones, modern cars, LED shop signs, polished mall interiors, fashionable contemporary clothes, glossy advertisement lighting, heroic violence, gore, blood focus, glamorized fighting, or characters looking like adults. Avoid panel-specific problems: 复杂武打、血腥、英雄反击、成年人暴力、镜头乱转. Do not show the stone impact yet; do not overplay blood, gore, or triumphant violence.",S3_ALLEY_PRESSURE,alley pressure,"Follow whitebox_renders_v2/B04/WB2_ALLEY_MSB094.png; preserve axis, scale, foreground/midground/background, and subject blocking."
MSB095,B04,10,围殴哥哥,SCN_ALLEY,CAM_ALLEY_03_BROTHER_BEATEN,keyframe,A,"Create a pure cinematic film still for AIGC video generation, 16:9 landscape, high-resolution, photoreal Chinese dreamcore realism, 1990s small-town China, humid yellowed childhood memory, low light, restrained VHS grain, real old clothes, lived-in surfaces, no visible text or annotations. Use the whitebox reference for composition and spatial relationship: whitebox_renders_v2/B04/WB2_ALLEY_MSB095.png. Panel MSB095, Clip 10 围殴哥哥, time 02:50. Scene lock: SCN_ALLEY. Camera reference: CAM_ALLEY_03_BROTHER_BEATEN. Shot size: 低机位中景. Beat: 哥哥失衡低位. Visual focus: 阿磊被推到更低位置，混混身体变成画面边框. Character focus: 阿磊/混混. Expression: 阿磊怕丢脸转为真害怕. Blocking and motion: 手持轻晃后停. Continuity anchors: 哥哥在中心被围，小川侧面，小满墙边，四个混混轮廓不同，路灯黄，潮湿地面. Story stage: S3_ALLEY_PRESSURE / alley pressure. Character stage lock: A Lei tries to hold himself together; Xiao Chuan shrinks back; Xiao Man freezes.. Wardrobe state: Clothes start to wrinkle and catch a little wall dust; still not fully dirty.. Emotion state: Pressure, shame, fear, and trapped breathing.. Environment stage lock: Secluded alley compresses the group; wet ground, wall, weeds, broken brick and old streetlight.. Identity locks: A Lei is the tall older brother with old thin metal-frame glasses, a blue worn tracksuit, protective posture, and a habit of pushing his glasses. Xiao Chuan is the middle/protagonist boy with round eyes, a slightly protruding right ear, half-open mouth, red scarf, blue school jacket and green schoolbag, often gripping the bag straps. Xiao Man is the smallest younger brother with a round head, rounder body, timid downcast eyes, warm old vest or pale shirt, hands gripping his hem, toes turned inward. Binzi is the short bully boss with dyed yellow hair and a compact aggressive body. The other three bullies must have distinct tall-thin, heavy, and errand-runner silhouettes. The image must look like a final movie frame or clean keyframe, not a storyboard drawing.","No text, no captions, no Chinese characters, no English letters, no labels, no arrows, no diagrams, no storyboard frame, no contact sheet, no sketch lines, no watermark. Avoid modern phones, modern cars, LED shop signs, polished mall interiors, fashionable contemporary clothes, glossy advertisement lighting, heroic violence, gore, blood focus, glamorized fighting, or characters looking like adults. Avoid panel-specific problems: 复杂武打、血腥、英雄反击、成年人暴力、镜头乱转. Do not show the stone impact yet; do not overplay blood, gore, or triumphant violence.",S3_ALLEY_PRESSURE,alley pressure,"Follow whitebox_renders_v2/B04/WB2_ALLEY_MSB095.png; preserve axis, scale, foreground/midground/background, and subject blocking."
MSB096,B04,10,围殴哥哥,SCN_ALLEY,CAM_ALLEY_03_BROTHER_BEATEN,end_frame,A,"Create a pure cinematic film still for AIGC video generation, 16:9 landscape, high-resolution, photoreal Chinese dreamcore realism, 1990s small-town China, humid yellowed childhood memory, low light, restrained VHS grain, real old clothes, lived-in surfaces, no visible text or annotations. Use the whitebox reference for composition and spatial relationship: whitebox_renders_v2/B04/WB2_ALLEY_MSB096.png. Panel MSB096, Clip 10 围殴哥哥, time 02:52. Scene lock: SCN_ALLEY. Camera reference: CAM_ALLEY_03_BROTHER_BEATEN. Shot size: 中近景. Beat: 彬子准备下狠手. Visual focus: 彬子表情变空，手臂或身体准备进一步动作，但不展示暴力细节. Character focus: 彬子. Expression: 牙关咬紧，失控前. Blocking and motion: 动作停在准备阶段. Continuity anchors: 哥哥在中心被围，小川侧面，小满墙边，四个混混轮廓不同，路灯黄，潮湿地面. Story stage: S3_ALLEY_PRESSURE / alley pressure. Character stage lock: A Lei tries to hold himself together; Xiao Chuan shrinks back; Xiao Man freezes.. Wardrobe state: Clothes start to wrinkle and catch a little wall dust; still not fully dirty.. Emotion state: Pressure, shame, fear, and trapped breathing.. Environment stage lock: Secluded alley compresses the group; wet ground, wall, weeds, broken brick and old streetlight.. Identity locks: A Lei is the tall older brother with old thin metal-frame glasses, a blue worn tracksuit, protective posture, and a habit of pushing his glasses. Xiao Chuan is the middle/protagonist boy with round eyes, a slightly protruding right ear, half-open mouth, red scarf, blue school jacket and green schoolbag, often gripping the bag straps. Xiao Man is the smallest younger brother with a round head, rounder body, timid downcast eyes, warm old vest or pale shirt, hands gripping his hem, toes turned inward. Binzi is the short bully boss with dyed yellow hair and a compact aggressive body. The other three bullies must have distinct tall-thin, heavy, and errand-runner silhouettes. The image must look like a final movie frame or clean keyframe, not a storyboard drawing.","No text, no captions, no Chinese characters, no English letters, no labels, no arrows, no diagrams, no storyboard frame, no contact sheet, no sketch lines, no watermark. Avoid modern phones, modern cars, LED shop signs, polished mall interiors, fashionable contemporary clothes, glossy advertisement lighting, heroic violence, gore, blood focus, glamorized fighting, or characters looking like adults. Avoid panel-specific problems: 复杂武打、血腥、英雄反击、成年人暴力、镜头乱转. Do not show the stone impact yet; do not overplay blood, gore, or triumphant violence.",S3_ALLEY_PRESSURE,alley pressure,"Follow whitebox_renders_v2/B04/WB2_ALLEY_MSB096.png; preserve axis, scale, foreground/midground/background, and subject blocking."
MSB097,B04,10,围殴哥哥,SCN_ALLEY,CAM_ALLEY_03_BROTHER_BEATEN,storyboard,A,"Create a pure cinematic film still for AIGC video generation, 16:9 landscape, high-resolution, photoreal Chinese dreamcore realism, 1990s small-town China, humid yellowed childhood memory, low light, restrained VHS grain, real old clothes, lived-in surfaces, no visible text or annotations. Use the whitebox reference for composition and spatial relationship: whitebox_renders_v2/B04/WB2_ALLEY_MSB097.png. Panel MSB097, Clip 10 围殴哥哥, time 02:54. Scene lock: SCN_ALLEY. Camera reference: CAM_ALLEY_03_BROTHER_BEATEN. Shot size: 近景. Beat: 小川视线下坠前. Visual focus: 小川看到彬子的准备动作，脸僵住，眼神即将落向地面. Character focus: 小川. Expression: 恐惧推到顶点. Blocking and motion: 头部开始下移. Continuity anchors: 哥哥在中心被围，小川侧面，小满墙边，四个混混轮廓不同，路灯黄，潮湿地面. Story stage: S3_ALLEY_PRESSURE / alley pressure. Character stage lock: A Lei tries to hold himself together; Xiao Chuan shrinks back; Xiao Man freezes.. Wardrobe state: Clothes start to wrinkle and catch a little wall dust; still not fully dirty.. Emotion state: Pressure, shame, fear, and trapped breathing.. Environment stage lock: Secluded alley compresses the group; wet ground, wall, weeds, broken brick and old streetlight.. Identity locks: A Lei is the tall older brother with old thin metal-frame glasses, a blue worn tracksuit, protective posture, and a habit of pushing his glasses. Xiao Chuan is the middle/protagonist boy with round eyes, a slightly protruding right ear, half-open mouth, red scarf, blue school jacket and green schoolbag, often gripping the bag straps. Xiao Man is the smallest younger brother with a round head, rounder body, timid downcast eyes, warm old vest or pale shirt, hands gripping his hem, toes turned inward. Binzi is the short bully boss with dyed yellow hair and a compact aggressive body. The other three bullies must have distinct tall-thin, heavy, and errand-runner silhouettes. The image must look like a final movie frame or clean keyframe, not a storyboard drawing.","No text, no captions, no Chinese characters, no English letters, no labels, no arrows, no diagrams, no storyboard frame, no contact sheet, no sketch lines, no watermark. Avoid modern phones, modern cars, LED shop signs, polished mall interiors, fashionable contemporary clothes, glossy advertisement lighting, heroic violence, gore, blood focus, glamorized fighting, or characters looking like adults. Avoid panel-specific problems: 复杂武打、血腥、英雄反击、成年人暴力、镜头乱转. Do not show the stone impact yet; do not overplay blood, gore, or triumphant violence.",S3_ALLEY_PRESSURE,alley pressure,"Follow whitebox_renders_v2/B04/WB2_ALLEY_MSB097.png; preserve axis, scale, foreground/midground/background, and subject blocking."
MSB098,B04,11,石块失手,SCN_ALLEY,CAM_ALLEY_04_STONE_HIT,prop,A,"Create a pure cinematic film still for AIGC video generation, 16:9 landscape, high-resolution, photoreal Chinese dreamcore realism, 1990s small-town China, humid yellowed childhood memory, low light, restrained VHS grain, real old clothes, lived-in surfaces, no visible text or annotations. Use the whitebox reference for composition and spatial relationship: whitebox_renders_v2/B04/WB2_ALLEY_MSB098.png. Panel MSB098, Clip 11 石块失手, time 02:56. Scene lock: SCN_ALLEY. Camera reference: CAM_ALLEY_04_STONE_HIT. Shot size: 特写. Beat: 石块再出现. Visual focus: 路边普通石块在湿地边缘，旁边碎砖和杂草说明它属于环境. Character focus: 石块/环境. Expression: 无人物，命运感. Blocking and motion: 固定低角度. Continuity anchors: 路边普通石块、湿地、主角浅绿书包、彬子准备下狠手、声音抽空，避免血腥. Story stage: S4_STONE_ACCIDENT / stone accident. Character stage lock: Xiao Chuan panics and acts without heroism; A Lei is being squeezed by the group.. Wardrobe state: Xiao Chuan's hand, knee, shoe edge, scarf, and bag start to become wet or muddy.. Emotion state: Panic, loss of control, shock after impact.. Environment stage lock: Wet ground and roadside stone become the visual center; violence is hidden and de-glorified.. Identity locks: A Lei is the tall older brother with old thin metal-frame glasses, a blue worn tracksuit, protective posture, and a habit of pushing his glasses. Xiao Chuan is the middle/protagonist boy with round eyes, a slightly protruding right ear, half-open mouth, red scarf, blue school jacket and green schoolbag, often gripping the bag straps. Xiao Man is the smallest younger brother with a round head, rounder body, timid downcast eyes, warm old vest or pale shirt, hands gripping his hem, toes turned inward. Binzi is the short bully boss with dyed yellow hair and a compact aggressive body. The other three bullies must have distinct tall-thin, heavy, and errand-runner silhouettes. The image must look like a final movie frame or clean keyframe, not a storyboard drawing.","No text, no captions, no Chinese characters, no English letters, no labels, no arrows, no diagrams, no storyboard frame, no contact sheet, no sketch lines, no watermark. Avoid modern phones, modern cars, LED shop signs, polished mall interiors, fashionable contemporary clothes, glossy advertisement lighting, heroic violence, gore, blood focus, glamorized fighting, or characters looking like adults. Avoid panel-specific problems: 血腥头部特写、英雄化慢动作、武器摆拍、石块变刀棍、庆祝. Keep the impact obscured and panic-based; no gore, no heroic pose, no explicit wound detail.",S4_STONE_ACCIDENT,stone accident,"Follow whitebox_renders_v2/B04/WB2_ALLEY_MSB098.png; preserve axis, scale, foreground/midground/background, and subject blocking."
MSB099,B04,11,石块失手,SCN_ALLEY,CAM_ALLEY_04_STONE_HIT,storyboard,A,"Create a pure cinematic film still for AIGC video generation, 16:9 landscape, high-resolution, photoreal Chinese dreamcore realism, 1990s small-town China, humid yellowed childhood memory, low light, restrained VHS grain, real old clothes, lived-in surfaces, no visible text or annotations. Use the whitebox reference for composition and spatial relationship: whitebox_renders_v2/B04/WB2_ALLEY_MSB099.png. Panel MSB099, Clip 11 石块失手, time 02:58. Scene lock: SCN_ALLEY. Camera reference: CAM_ALLEY_04_STONE_HIT. Shot size: 近景. Beat: 小川眼神落下. Visual focus: 小川眼神从哥哥和彬子之间突然落到地面石块. Character focus: 小川. Expression: 恐惧中找到一个错误出口. Blocking and motion: 只有眼神变化. Continuity anchors: 路边普通石块、湿地、主角浅绿书包、彬子准备下狠手、声音抽空，避免血腥. Story stage: S4_STONE_ACCIDENT / stone accident. Character stage lock: Xiao Chuan panics and acts without heroism; A Lei is being squeezed by the group.. Wardrobe state: Xiao Chuan's hand, knee, shoe edge, scarf, and bag start to become wet or muddy.. Emotion state: Panic, loss of control, shock after impact.. Environment stage lock: Wet ground and roadside stone become the visual center; violence is hidden and de-glorified.. Identity locks: A Lei is the tall older brother with old thin metal-frame glasses, a blue worn tracksuit, protective posture, and a habit of pushing his glasses. Xiao Chuan is the middle/protagonist boy with round eyes, a slightly protruding right ear, half-open mouth, red scarf, blue school jacket and green schoolbag, often gripping the bag straps. Xiao Man is the smallest younger brother with a round head, rounder body, timid downcast eyes, warm old vest or pale shirt, hands gripping his hem, toes turned inward. Binzi is the short bully boss with dyed yellow hair and a compact aggressive body. The other three bullies must have distinct tall-thin, heavy, and errand-runner silhouettes. The image must look like a final movie frame or clean keyframe, not a storyboard drawing.","No text, no captions, no Chinese characters, no English letters, no labels, no arrows, no diagrams, no storyboard frame, no contact sheet, no sketch lines, no watermark. Avoid modern phones, modern cars, LED shop signs, polished mall interiors, fashionable contemporary clothes, glossy advertisement lighting, heroic violence, gore, blood focus, glamorized fighting, or characters looking like adults. Avoid panel-specific problems: 血腥头部特写、英雄化慢动作、武器摆拍、石块变刀棍、庆祝. Keep the impact obscured and panic-based; no gore, no heroic pose, no explicit wound detail.",S4_STONE_ACCIDENT,stone accident,"Follow whitebox_renders_v2/B04/WB2_ALLEY_MSB099.png; preserve axis, scale, foreground/midground/background, and subject blocking."
MSB100,B04,11,石块失手,SCN_ALLEY,CAM_ALLEY_04_STONE_HIT,storyboard,B,"Create a pure cinematic film still for AIGC video generation, 16:9 landscape, high-resolution, photoreal Chinese dreamcore realism, 1990s small-town China, humid yellowed childhood memory, low light, restrained VHS grain, real old clothes, lived-in surfaces, no visible text or annotations. Use the whitebox reference for composition and spatial relationship: whitebox_renders_v2/B04/WB2_ALLEY_MSB100.png. Panel MSB100, Clip 11 石块失手, time 03:00. Scene lock: SCN_ALLEY. Camera reference: CAM_ALLEY_04_STONE_HIT. Shot size: 特写. Beat: 手松开书包带. Visual focus: 小川一只手从书包带上松开，指节发白. Character focus: 小川. Expression: 下意识，不是决定. Blocking and motion: 手部松开. Continuity anchors: 路边普通石块、湿地、主角浅绿书包、彬子准备下狠手、声音抽空，避免血腥. Story stage: S4_STONE_ACCIDENT / stone accident. Character stage lock: Xiao Chuan panics and acts without heroism; A Lei is being squeezed by the group.. Wardrobe state: Xiao Chuan's hand, knee, shoe edge, scarf, and bag start to become wet or muddy.. Emotion state: Panic, loss of control, shock after impact.. Environment stage lock: Wet ground and roadside stone become the visual center; violence is hidden and de-glorified.. Identity locks: A Lei is the tall older brother with old thin metal-frame glasses, a blue worn tracksuit, protective posture, and a habit of pushing his glasses. Xiao Chuan is the middle/protagonist boy with round eyes, a slightly protruding right ear, half-open mouth, red scarf, blue school jacket and green schoolbag, often gripping the bag straps. Xiao Man is the smallest younger brother with a round head, rounder body, timid downcast eyes, warm old vest or pale shirt, hands gripping his hem, toes turned inward. Binzi is the short bully boss with dyed yellow hair and a compact aggressive body. The other three bullies must have distinct tall-thin, heavy, and errand-runner silhouettes. The image must look like a final movie frame or clean keyframe, not a storyboard drawing.","No text, no captions, no Chinese characters, no English letters, no labels, no arrows, no diagrams, no storyboard frame, no contact sheet, no sketch lines, no watermark. Avoid modern phones, modern cars, LED shop signs, polished mall interiors, fashionable contemporary clothes, glossy advertisement lighting, heroic violence, gore, blood focus, glamorized fighting, or characters looking like adults. Avoid panel-specific problems: 血腥头部特写、英雄化慢动作、武器摆拍、石块变刀棍、庆祝. Keep the impact obscured and panic-based; no gore, no heroic pose, no explicit wound detail.",S4_STONE_ACCIDENT,stone accident,"Follow whitebox_renders_v2/B04/WB2_ALLEY_MSB100.png; preserve axis, scale, foreground/midground/background, and subject blocking."
MSB101,B04,11,石块失手,SCN_ALLEY,CAM_ALLEY_04_STONE_HIT,storyboard,A,"Create a pure cinematic film still for AIGC video generation, 16:9 landscape, high-resolution, photoreal Chinese dreamcore realism, 1990s small-town China, humid yellowed childhood memory, low light, restrained VHS grain, real old clothes, lived-in surfaces, no visible text or annotations. Use the whitebox reference for composition and spatial relationship: whitebox_renders_v2/B04/WB2_ALLEY_MSB101.png. Panel MSB101, Clip 11 石块失手, time 03:02. Scene lock: SCN_ALLEY. Camera reference: CAM_ALLEY_04_STONE_HIT. Shot size: 中景. Beat: 弯身动作开始. Visual focus: 小川身体歪斜向下，不是漂亮下蹲，书包失去平衡. Character focus: 小川. Expression: 慌乱失控. Blocking and motion: 身体向下折. Continuity anchors: 路边普通石块、湿地、主角浅绿书包、彬子准备下狠手、声音抽空，避免血腥. Story stage: S4_STONE_ACCIDENT / stone accident. Character stage lock: Xiao Chuan panics and acts without heroism; A Lei is being squeezed by the group.. Wardrobe state: Xiao Chuan's hand, knee, shoe edge, scarf, and bag start to become wet or muddy.. Emotion state: Panic, loss of control, shock after impact.. Environment stage lock: Wet ground and roadside stone become the visual center; violence is hidden and de-glorified.. Identity locks: A Lei is the tall older brother with old thin metal-frame glasses, a blue worn tracksuit, protective posture, and a habit of pushing his glasses. Xiao Chuan is the middle/protagonist boy with round eyes, a slightly protruding right ear, half-open mouth, red scarf, blue school jacket and green schoolbag, often gripping the bag straps. Xiao Man is the smallest younger brother with a round head, rounder body, timid downcast eyes, warm old vest or pale shirt, hands gripping his hem, toes turned inward. Binzi is the short bully boss with dyed yellow hair and a compact aggressive body. The other three bullies must have distinct tall-thin, heavy, and errand-runner silhouettes. The image must look like a final movie frame or clean keyframe, not a storyboard drawing.","No text, no captions, no Chinese characters, no English letters, no labels, no arrows, no diagrams, no storyboard frame, no contact sheet, no sketch lines, no watermark. Avoid modern phones, modern cars, LED shop signs, polished mall interiors, fashionable contemporary clothes, glossy advertisement lighting, heroic violence, gore, blood focus, glamorized fighting, or characters looking like adults. Avoid panel-specific problems: 血腥头部特写、英雄化慢动作、武器摆拍、石块变刀棍、庆祝. Keep the impact obscured and panic-based; no gore, no heroic pose, no explicit wound detail.",S4_STONE_ACCIDENT,stone accident,"Follow whitebox_renders_v2/B04/WB2_ALLEY_MSB101.png; preserve axis, scale, foreground/midground/background, and subject blocking."
MSB102,B04,11,石块失手,SCN_ALLEY,CAM_ALLEY_04_STONE_HIT,keyframe,A,"Create a pure cinematic film still for AIGC video generation, 16:9 landscape, high-resolution, photoreal Chinese dreamcore realism, 1990s small-town China, humid yellowed childhood memory, low light, restrained VHS grain, real old clothes, lived-in surfaces, no visible text or annotations. Use the whitebox reference for composition and spatial relationship: whitebox_renders_v2/B04/WB2_ALLEY_MSB102.png. Panel MSB102, Clip 11 石块失手, time 03:04. Scene lock: SCN_ALLEY. Camera reference: CAM_ALLEY_04_STONE_HIT. Shot size: 特写. Beat: 手碰到石块. Visual focus: 小川的手碰到湿石块，泥水和小手比例清楚. Character focus: 小川/石块. Expression: 急促，迟疑不到一秒. Blocking and motion: 手抓住石块. Continuity anchors: 路边普通石块、湿地、主角浅绿书包、彬子准备下狠手、声音抽空，避免血腥. Story stage: S4_STONE_ACCIDENT / stone accident. Character stage lock: Xiao Chuan panics and acts without heroism; A Lei is being squeezed by the group.. Wardrobe state: Xiao Chuan's hand, knee, shoe edge, scarf, and bag start to become wet or muddy.. Emotion state: Panic, loss of control, shock after impact.. Environment stage lock: Wet ground and roadside stone become the visual center; violence is hidden and de-glorified.. Identity locks: A Lei is the tall older brother with old thin metal-frame glasses, a blue worn tracksuit, protective posture, and a habit of pushing his glasses. Xiao Chuan is the middle/protagonist boy with round eyes, a slightly protruding right ear, half-open mouth, red scarf, blue school jacket and green schoolbag, often gripping the bag straps. Xiao Man is the smallest younger brother with a round head, rounder body, timid downcast eyes, warm old vest or pale shirt, hands gripping his hem, toes turned inward. Binzi is the short bully boss with dyed yellow hair and a compact aggressive body. The other three bullies must have distinct tall-thin, heavy, and errand-runner silhouettes. The image must look like a final movie frame or clean keyframe, not a storyboard drawing.","No text, no captions, no Chinese characters, no English letters, no labels, no arrows, no diagrams, no storyboard frame, no contact sheet, no sketch lines, no watermark. Avoid modern phones, modern cars, LED shop signs, polished mall interiors, fashionable contemporary clothes, glossy advertisement lighting, heroic violence, gore, blood focus, glamorized fighting, or characters looking like adults. Avoid panel-specific problems: 血腥头部特写、英雄化慢动作、武器摆拍、石块变刀棍、庆祝. Keep the impact obscured and panic-based; no gore, no heroic pose, no explicit wound detail.",S4_STONE_ACCIDENT,stone accident,"Follow whitebox_renders_v2/B04/WB2_ALLEY_MSB102.png; preserve axis, scale, foreground/midground/background, and subject blocking."
MSB103,B04,11,石块失手,SCN_ALLEY,CAM_ALLEY_04_STONE_HIT,storyboard,A,"Create a pure cinematic film still for AIGC video generation, 16:9 landscape, high-resolution, photoreal Chinese dreamcore realism, 1990s small-town China, humid yellowed childhood memory, low light, restrained VHS grain, real old clothes, lived-in surfaces, no visible text or annotations. Use the whitebox reference for composition and spatial relationship: whitebox_renders_v2/B04/WB2_ALLEY_MSB103.png. Panel MSB103, Clip 11 石块失手, time 03:06. Scene lock: SCN_ALLEY. Camera reference: CAM_ALLEY_04_STONE_HIT. Shot size: 中景. Beat: 彬子动作逼近. Visual focus: 彬子准备动作继续靠近阿磊，画面边缘小川弯身. Character focus: 彬子/阿磊/小川. Expression: 彬子失控，小川被逼急. Blocking and motion: 两条动作线并置. Continuity anchors: 路边普通石块、湿地、主角浅绿书包、彬子准备下狠手、声音抽空，避免血腥. Story stage: S4_STONE_ACCIDENT / stone accident. Character stage lock: Xiao Chuan panics and acts without heroism; A Lei is being squeezed by the group.. Wardrobe state: Xiao Chuan's hand, knee, shoe edge, scarf, and bag start to become wet or muddy.. Emotion state: Panic, loss of control, shock after impact.. Environment stage lock: Wet ground and roadside stone become the visual center; violence is hidden and de-glorified.. Identity locks: A Lei is the tall older brother with old thin metal-frame glasses, a blue worn tracksuit, protective posture, and a habit of pushing his glasses. Xiao Chuan is the middle/protagonist boy with round eyes, a slightly protruding right ear, half-open mouth, red scarf, blue school jacket and green schoolbag, often gripping the bag straps. Xiao Man is the smallest younger brother with a round head, rounder body, timid downcast eyes, warm old vest or pale shirt, hands gripping his hem, toes turned inward. Binzi is the short bully boss with dyed yellow hair and a compact aggressive body. The other three bullies must have distinct tall-thin, heavy, and errand-runner silhouettes. The image must look like a final movie frame or clean keyframe, not a storyboard drawing.","No text, no captions, no Chinese characters, no English letters, no labels, no arrows, no diagrams, no storyboard frame, no contact sheet, no sketch lines, no watermark. Avoid modern phones, modern cars, LED shop signs, polished mall interiors, fashionable contemporary clothes, glossy advertisement lighting, heroic violence, gore, blood focus, glamorized fighting, or characters looking like adults. Avoid panel-specific problems: 血腥头部特写、英雄化慢动作、武器摆拍、石块变刀棍、庆祝. Keep the impact obscured and panic-based; no gore, no heroic pose, no explicit wound detail.",S4_STONE_ACCIDENT,stone accident,"Follow whitebox_renders_v2/B04/WB2_ALLEY_MSB103.png; preserve axis, scale, foreground/midground/background, and subject blocking."
MSB104,B04,11,石块失手,SCN_ALLEY,CAM_ALLEY_04_STONE_HIT,storyboard,A,"Create a pure cinematic film still for AIGC video generation, 16:9 landscape, high-resolution, photoreal Chinese dreamcore realism, 1990s small-town China, humid yellowed childhood memory, low light, restrained VHS grain, real old clothes, lived-in surfaces, no visible text or annotations. Use the whitebox reference for composition and spatial relationship: whitebox_renders_v2/B04/WB2_ALLEY_MSB104.png. Panel MSB104, Clip 11 石块失手, time 03:08. Scene lock: SCN_ALLEY. Camera reference: CAM_ALLEY_04_STONE_HIT. Shot size: 中景. Beat: 小川起身甩动. Visual focus: 小川抓着石块猛地起身，身体歪，动作短促混乱. Character focus: 小川. Expression: 惊恐，不是愤怒. Blocking and motion: 起身+甩动合一. Continuity anchors: 路边普通石块、湿地、主角浅绿书包、彬子准备下狠手、声音抽空，避免血腥. Story stage: S4_STONE_ACCIDENT / stone accident. Character stage lock: Xiao Chuan panics and acts without heroism; A Lei is being squeezed by the group.. Wardrobe state: Xiao Chuan's hand, knee, shoe edge, scarf, and bag start to become wet or muddy.. Emotion state: Panic, loss of control, shock after impact.. Environment stage lock: Wet ground and roadside stone become the visual center; violence is hidden and de-glorified.. Identity locks: A Lei is the tall older brother with old thin metal-frame glasses, a blue worn tracksuit, protective posture, and a habit of pushing his glasses. Xiao Chuan is the middle/protagonist boy with round eyes, a slightly protruding right ear, half-open mouth, red scarf, blue school jacket and green schoolbag, often gripping the bag straps. Xiao Man is the smallest younger brother with a round head, rounder body, timid downcast eyes, warm old vest or pale shirt, hands gripping his hem, toes turned inward. Binzi is the short bully boss with dyed yellow hair and a compact aggressive body. The other three bullies must have distinct tall-thin, heavy, and errand-runner silhouettes. The image must look like a final movie frame or clean keyframe, not a storyboard drawing.","No text, no captions, no Chinese characters, no English letters, no labels, no arrows, no diagrams, no storyboard frame, no contact sheet, no sketch lines, no watermark. Avoid modern phones, modern cars, LED shop signs, polished mall interiors, fashionable contemporary clothes, glossy advertisement lighting, heroic violence, gore, blood focus, glamorized fighting, or characters looking like adults. Avoid panel-specific problems: 血腥头部特写、英雄化慢动作、武器摆拍、石块变刀棍、庆祝. Keep the impact obscured and panic-based; no gore, no heroic pose, no explicit wound detail.",S4_STONE_ACCIDENT,stone accident,"Follow whitebox_renders_v2/B04/WB2_ALLEY_MSB104.png; preserve axis, scale, foreground/midground/background, and subject blocking."
MSB105,B04,11,石块失手,SCN_ALLEY,CAM_ALLEY_04_STONE_HIT,end_frame,A,"Create a pure cinematic film still for AIGC video generation, 16:9 landscape, high-resolution, photoreal Chinese dreamcore realism, 1990s small-town China, humid yellowed childhood memory, low light, restrained VHS grain, real old clothes, lived-in surfaces, no visible text or annotations. Use the whitebox reference for composition and spatial relationship: whitebox_renders_v2/B04/WB2_ALLEY_MSB105.png. Panel MSB105, Clip 11 石块失手, time 03:10. Scene lock: SCN_ALLEY. Camera reference: CAM_ALLEY_04_STONE_HIT. Shot size: 中景. Beat: 遮挡冲击瞬间. Visual focus: 前景人影或路灯柱遮住冲击瞬间，只看到众人身体突然停住. Character focus: 全体. Expression: 声音抽空. Blocking and motion: 动作后突然 locked-off. Continuity anchors: 路边普通石块、湿地、主角浅绿书包、彬子准备下狠手、声音抽空，避免血腥. Story stage: S4_STONE_ACCIDENT / stone accident. Character stage lock: Xiao Chuan panics and acts without heroism; A Lei is being squeezed by the group.. Wardrobe state: Xiao Chuan's hand, knee, shoe edge, scarf, and bag start to become wet or muddy.. Emotion state: Panic, loss of control, shock after impact.. Environment stage lock: Wet ground and roadside stone become the visual center; violence is hidden and de-glorified.. Identity locks: A Lei is the tall older brother with old thin metal-frame glasses, a blue worn tracksuit, protective posture, and a habit of pushing his glasses. Xiao Chuan is the middle/protagonist boy with round eyes, a slightly protruding right ear, half-open mouth, red scarf, blue school jacket and green schoolbag, often gripping the bag straps. Xiao Man is the smallest younger brother with a round head, rounder body, timid downcast eyes, warm old vest or pale shirt, hands gripping his hem, toes turned inward. Binzi is the short bully boss with dyed yellow hair and a compact aggressive body. The other three bullies must have distinct tall-thin, heavy, and errand-runner silhouettes. The image must look like a final movie frame or clean keyframe, not a storyboard drawing.","No text, no captions, no Chinese characters, no English letters, no labels, no arrows, no diagrams, no storyboard frame, no contact sheet, no sketch lines, no watermark. Avoid modern phones, modern cars, LED shop signs, polished mall interiors, fashionable contemporary clothes, glossy advertisement lighting, heroic violence, gore, blood focus, glamorized fighting, or characters looking like adults. Avoid panel-specific problems: 血腥头部特写、英雄化慢动作、武器摆拍、石块变刀棍、庆祝. Keep the impact obscured and panic-based; no gore, no heroic pose, no explicit wound detail.",S4_STONE_ACCIDENT,stone accident,"Follow whitebox_renders_v2/B04/WB2_ALLEY_MSB105.png; preserve axis, scale, foreground/midground/background, and subject blocking."
MSB106,B04,11,石块失手,SCN_ALLEY,CAM_ALLEY_04_STONE_HIT,keyframe,A,"Create a pure cinematic film still for AIGC video generation, 16:9 landscape, high-resolution, photoreal Chinese dreamcore realism, 1990s small-town China, humid yellowed childhood memory, low light, restrained VHS grain, real old clothes, lived-in surfaces, no visible text or annotations. Use the whitebox reference for composition and spatial relationship: whitebox_renders_v2/B04/WB2_ALLEY_MSB106.png. Panel MSB106, Clip 11 石块失手, time 03:12. Scene lock: SCN_ALLEY. Camera reference: CAM_ALLEY_04_STONE_HIT. Shot size: 近景. Beat: 彬子不可置信. Visual focus: 彬子不做血腥表现，只拍脸上不可置信和失去凶相的空白. Character focus: 彬子. Expression: 从凶变空. Blocking and motion: 停住不动. Continuity anchors: 路边普通石块、湿地、主角浅绿书包、彬子准备下狠手、声音抽空，避免血腥. Story stage: S4_STONE_ACCIDENT / stone accident. Character stage lock: Xiao Chuan panics and acts without heroism; A Lei is being squeezed by the group.. Wardrobe state: Xiao Chuan's hand, knee, shoe edge, scarf, and bag start to become wet or muddy.. Emotion state: Panic, loss of control, shock after impact.. Environment stage lock: Wet ground and roadside stone become the visual center; violence is hidden and de-glorified.. Identity locks: A Lei is the tall older brother with old thin metal-frame glasses, a blue worn tracksuit, protective posture, and a habit of pushing his glasses. Xiao Chuan is the middle/protagonist boy with round eyes, a slightly protruding right ear, half-open mouth, red scarf, blue school jacket and green schoolbag, often gripping the bag straps. Xiao Man is the smallest younger brother with a round head, rounder body, timid downcast eyes, warm old vest or pale shirt, hands gripping his hem, toes turned inward. Binzi is the short bully boss with dyed yellow hair and a compact aggressive body. The other three bullies must have distinct tall-thin, heavy, and errand-runner silhouettes. The image must look like a final movie frame or clean keyframe, not a storyboard drawing.","No text, no captions, no Chinese characters, no English letters, no labels, no arrows, no diagrams, no storyboard frame, no contact sheet, no sketch lines, no watermark. Avoid modern phones, modern cars, LED shop signs, polished mall interiors, fashionable contemporary clothes, glossy advertisement lighting, heroic violence, gore, blood focus, glamorized fighting, or characters looking like adults. Avoid panel-specific problems: 血腥头部特写、英雄化慢动作、武器摆拍、石块变刀棍、庆祝. Keep the impact obscured and panic-based; no gore, no heroic pose, no explicit wound detail.",S4_STONE_ACCIDENT,stone accident,"Follow whitebox_renders_v2/B04/WB2_ALLEY_MSB106.png; preserve axis, scale, foreground/midground/background, and subject blocking."
MSB107,B04,11,石块失手,SCN_ALLEY,CAM_ALLEY_04_STONE_HIT,keyframe,A,"Create a pure cinematic film still for AIGC video generation, 16:9 landscape, high-resolution, photoreal Chinese dreamcore realism, 1990s small-town China, humid yellowed childhood memory, low light, restrained VHS grain, real old clothes, lived-in surfaces, no visible text or annotations. Use the whitebox reference for composition and spatial relationship: whitebox_renders_v2/B04/WB2_ALLEY_MSB107.png. Panel MSB107, Clip 11 石块失手, time 03:14. Scene lock: SCN_ALLEY. Camera reference: CAM_ALLEY_04_STONE_HIT. Shot size: 近景. Beat: 小川失声. Visual focus: 小川手还悬着，嘴张开但发不出声，浅绿书包歪到一边. Character focus: 小川. Expression: 彻底惊恐. Blocking and motion: 冻结一拍. Continuity anchors: 路边普通石块、湿地、主角浅绿书包、彬子准备下狠手、声音抽空，避免血腥. Story stage: S4_STONE_ACCIDENT / stone accident. Character stage lock: Xiao Chuan panics and acts without heroism; A Lei is being squeezed by the group.. Wardrobe state: Xiao Chuan's hand, knee, shoe edge, scarf, and bag start to become wet or muddy.. Emotion state: Panic, loss of control, shock after impact.. Environment stage lock: Wet ground and roadside stone become the visual center; violence is hidden and de-glorified.. Identity locks: A Lei is the tall older brother with old thin metal-frame glasses, a blue worn tracksuit, protective posture, and a habit of pushing his glasses. Xiao Chuan is the middle/protagonist boy with round eyes, a slightly protruding right ear, half-open mouth, red scarf, blue school jacket and green schoolbag, often gripping the bag straps. Xiao Man is the smallest younger brother with a round head, rounder body, timid downcast eyes, warm old vest or pale shirt, hands gripping his hem, toes turned inward. Binzi is the short bully boss with dyed yellow hair and a compact aggressive body. The other three bullies must have distinct tall-thin, heavy, and errand-runner silhouettes. The image must look like a final movie frame or clean keyframe, not a storyboard drawing.","No text, no captions, no Chinese characters, no English letters, no labels, no arrows, no diagrams, no storyboard frame, no contact sheet, no sketch lines, no watermark. Avoid modern phones, modern cars, LED shop signs, polished mall interiors, fashionable contemporary clothes, glossy advertisement lighting, heroic violence, gore, blood focus, glamorized fighting, or characters looking like adults. Avoid panel-specific problems: 血腥头部特写、英雄化慢动作、武器摆拍、石块变刀棍、庆祝. Keep the impact obscured and panic-based; no gore, no heroic pose, no explicit wound detail.",S4_STONE_ACCIDENT,stone accident,"Follow whitebox_renders_v2/B04/WB2_ALLEY_MSB107.png; preserve axis, scale, foreground/midground/background, and subject blocking."
MSB108,B04,12,主角逃跑,SCN_ALLEY,CAM_ALLEY_05_ESCAPE_VECTOR,start_frame,A,"Create a pure cinematic film still for AIGC video generation, 16:9 landscape, high-resolution, photoreal Chinese dreamcore realism, 1990s small-town China, humid yellowed childhood memory, low light, restrained VHS grain, real old clothes, lived-in surfaces, no visible text or annotations. Use the whitebox reference for composition and spatial relationship: whitebox_renders_v2/B04/WB2_ALLEY_MSB108.png. Panel MSB108, Clip 12 主角逃跑, time 03:16. Scene lock: SCN_ALLEY. Camera reference: CAM_ALLEY_05_ESCAPE_VECTOR. Shot size: 中景. Beat: 冻结后的第一步. Visual focus: 小川从冻结中突然歪出去，脚步不是标准起跑. Character focus: 小川. Expression: 惊恐自动反应. Blocking and motion: 身体先歪，脚才跟上. Continuity anchors: 小川沿小路深处逃向废楼方向，书包剧烈晃动，哥哥小满留在后方混乱中，路灯拖影. Story stage: S5_ESCAPE_DIRTY / escape dirty state. Character stage lock: Xiao Chuan runs in panic with broken breath; he is not brave, only frightened.. Wardrobe state: Xiao Chuan is visibly dirtier: knees, shoes, bag edge and sleeves muddy; clothes crooked.. Emotion state: Breathless fear, tunnel vision, guilt, and flight.. Environment stage lock: The alley streaks past toward an abandoned building entrance.. Identity locks: A Lei is the tall older brother with old thin metal-frame glasses, a blue worn tracksuit, protective posture, and a habit of pushing his glasses. Xiao Chuan is the middle/protagonist boy with round eyes, a slightly protruding right ear, half-open mouth, red scarf, blue school jacket and green schoolbag, often gripping the bag straps. Xiao Man is the smallest younger brother with a round head, rounder body, timid downcast eyes, warm old vest or pale shirt, hands gripping his hem, toes turned inward. Binzi is the short bully boss with dyed yellow hair and a compact aggressive body. The other three bullies must have distinct tall-thin, heavy, and errand-runner silhouettes. The image must look like a final movie frame or clean keyframe, not a storyboard drawing.","No text, no captions, no Chinese characters, no English letters, no labels, no arrows, no diagrams, no storyboard frame, no contact sheet, no sketch lines, no watermark. Avoid modern phones, modern cars, LED shop signs, polished mall interiors, fashionable contemporary clothes, glossy advertisement lighting, heroic violence, gore, blood focus, glamorized fighting, or characters looking like adults. Avoid panel-specific problems: 逃跑方向漂移、大街追车、突然变白天、追兵追到身边、哥哥小满一起跑. Do not restore Xiao Chuan to clean clothes; do not make the escape look brave or action-heroic.",S5_ESCAPE_DIRTY,escape dirty state,"Follow whitebox_renders_v2/B04/WB2_ALLEY_MSB108.png; preserve axis, scale, foreground/midground/background, and subject blocking."
MSB109,B04,12,主角逃跑,SCN_ALLEY,CAM_ALLEY_05_ESCAPE_VECTOR,storyboard,A,"Create a pure cinematic film still for AIGC video generation, 16:9 landscape, high-resolution, photoreal Chinese dreamcore realism, 1990s small-town China, humid yellowed childhood memory, low light, restrained VHS grain, real old clothes, lived-in surfaces, no visible text or annotations. Use the whitebox reference for composition and spatial relationship: whitebox_renders_v2/B04/WB2_ALLEY_MSB109.png. Panel MSB109, Clip 12 主角逃跑, time 03:17. Scene lock: SCN_ALLEY. Camera reference: CAM_ALLEY_05_ESCAPE_VECTOR. Shot size: 近景. Beat: 书包猛甩. Visual focus: 浅绿色书包斜甩，红领巾被带起，证明是同一个主角. Character focus: 小川/道具. Expression: 恐惧速度. Blocking and motion: 低位跟拍. Continuity anchors: 小川沿小路深处逃向废楼方向，书包剧烈晃动，哥哥小满留在后方混乱中，路灯拖影. Story stage: S5_ESCAPE_DIRTY / escape dirty state. Character stage lock: Xiao Chuan runs in panic with broken breath; he is not brave, only frightened.. Wardrobe state: Xiao Chuan is visibly dirtier: knees, shoes, bag edge and sleeves muddy; clothes crooked.. Emotion state: Breathless fear, tunnel vision, guilt, and flight.. Environment stage lock: The alley streaks past toward an abandoned building entrance.. Identity locks: A Lei is the tall older brother with old thin metal-frame glasses, a blue worn tracksuit, protective posture, and a habit of pushing his glasses. Xiao Chuan is the middle/protagonist boy with round eyes, a slightly protruding right ear, half-open mouth, red scarf, blue school jacket and green schoolbag, often gripping the bag straps. Xiao Man is the smallest younger brother with a round head, rounder body, timid downcast eyes, warm old vest or pale shirt, hands gripping his hem, toes turned inward. Binzi is the short bully boss with dyed yellow hair and a compact aggressive body. The other three bullies must have distinct tall-thin, heavy, and errand-runner silhouettes. The image must look like a final movie frame or clean keyframe, not a storyboard drawing.","No text, no captions, no Chinese characters, no English letters, no labels, no arrows, no diagrams, no storyboard frame, no contact sheet, no sketch lines, no watermark. Avoid modern phones, modern cars, LED shop signs, polished mall interiors, fashionable contemporary clothes, glossy advertisement lighting, heroic violence, gore, blood focus, glamorized fighting, or characters looking like adults. Avoid panel-specific problems: 逃跑方向漂移、大街追车、突然变白天、追兵追到身边、哥哥小满一起跑. Do not restore Xiao Chuan to clean clothes; do not make the escape look brave or action-heroic.",S5_ESCAPE_DIRTY,escape dirty state,"Follow whitebox_renders_v2/B04/WB2_ALLEY_MSB109.png; preserve axis, scale, foreground/midground/background, and subject blocking."
MSB110,B04,12,主角逃跑,SCN_ALLEY,CAM_ALLEY_05_ESCAPE_VECTOR,storyboard,A,"Create a pure cinematic film still for AIGC video generation, 16:9 landscape, high-resolution, photoreal Chinese dreamcore realism, 1990s small-town China, humid yellowed childhood memory, low light, restrained VHS grain, real old clothes, lived-in surfaces, no visible text or annotations. Use the whitebox reference for composition and spatial relationship: whitebox_renders_v2/B04/WB2_ALLEY_MSB110.png. Panel MSB110, Clip 12 主角逃跑, time 03:19. Scene lock: SCN_ALLEY. Camera reference: CAM_ALLEY_05_ESCAPE_VECTOR. Shot size: 远景. Beat: 哥哥留后方. Visual focus: 阿磊和小满留在混乱后方，阿磊半起身想喊，小满仍僵. Character focus: 阿磊/小满. Expression: 震惊和迟滞. Blocking and motion: 不跟跑. Continuity anchors: 小川沿小路深处逃向废楼方向，书包剧烈晃动，哥哥小满留在后方混乱中，路灯拖影. Story stage: S5_ESCAPE_DIRTY / escape dirty state. Character stage lock: Xiao Chuan runs in panic with broken breath; he is not brave, only frightened.. Wardrobe state: Xiao Chuan is visibly dirtier: knees, shoes, bag edge and sleeves muddy; clothes crooked.. Emotion state: Breathless fear, tunnel vision, guilt, and flight.. Environment stage lock: The alley streaks past toward an abandoned building entrance.. Identity locks: A Lei is the tall older brother with old thin metal-frame glasses, a blue worn tracksuit, protective posture, and a habit of pushing his glasses. Xiao Chuan is the middle/protagonist boy with round eyes, a slightly protruding right ear, half-open mouth, red scarf, blue school jacket and green schoolbag, often gripping the bag straps. Xiao Man is the smallest younger brother with a round head, rounder body, timid downcast eyes, warm old vest or pale shirt, hands gripping his hem, toes turned inward. Binzi is the short bully boss with dyed yellow hair and a compact aggressive body. The other three bullies must have distinct tall-thin, heavy, and errand-runner silhouettes. The image must look like a final movie frame or clean keyframe, not a storyboard drawing.","No text, no captions, no Chinese characters, no English letters, no labels, no arrows, no diagrams, no storyboard frame, no contact sheet, no sketch lines, no watermark. Avoid modern phones, modern cars, LED shop signs, polished mall interiors, fashionable contemporary clothes, glossy advertisement lighting, heroic violence, gore, blood focus, glamorized fighting, or characters looking like adults. Avoid panel-specific problems: 逃跑方向漂移、大街追车、突然变白天、追兵追到身边、哥哥小满一起跑. Do not restore Xiao Chuan to clean clothes; do not make the escape look brave or action-heroic.",S5_ESCAPE_DIRTY,escape dirty state,"Follow whitebox_renders_v2/B04/WB2_ALLEY_MSB110.png; preserve axis, scale, foreground/midground/background, and subject blocking."
MSB111,B04,12,主角逃跑,SCN_ALLEY,CAM_ALLEY_05_ESCAPE_VECTOR,storyboard,B,"Create a pure cinematic film still for AIGC video generation, 16:9 landscape, high-resolution, photoreal Chinese dreamcore realism, 1990s small-town China, humid yellowed childhood memory, low light, restrained VHS grain, real old clothes, lived-in surfaces, no visible text or annotations. Use the whitebox reference for composition and spatial relationship: whitebox_renders_v2/B04/WB2_ALLEY_MSB111.png. Panel MSB111, Clip 12 主角逃跑, time 03:21. Scene lock: SCN_ALLEY. Camera reference: CAM_ALLEY_05_ESCAPE_VECTOR. Shot size: 中景. Beat: 混混反应慢半拍. Visual focus: 高杆和大海先愣住，小齐收声，彬子状态不清. Character focus: 混混四人. Expression: 群体失控. Blocking and motion: 动作延迟. Continuity anchors: 小川沿小路深处逃向废楼方向，书包剧烈晃动，哥哥小满留在后方混乱中，路灯拖影. Story stage: S5_ESCAPE_DIRTY / escape dirty state. Character stage lock: Xiao Chuan runs in panic with broken breath; he is not brave, only frightened.. Wardrobe state: Xiao Chuan is visibly dirtier: knees, shoes, bag edge and sleeves muddy; clothes crooked.. Emotion state: Breathless fear, tunnel vision, guilt, and flight.. Environment stage lock: The alley streaks past toward an abandoned building entrance.. Identity locks: A Lei is the tall older brother with old thin metal-frame glasses, a blue worn tracksuit, protective posture, and a habit of pushing his glasses. Xiao Chuan is the middle/protagonist boy with round eyes, a slightly protruding right ear, half-open mouth, red scarf, blue school jacket and green schoolbag, often gripping the bag straps. Xiao Man is the smallest younger brother with a round head, rounder body, timid downcast eyes, warm old vest or pale shirt, hands gripping his hem, toes turned inward. Binzi is the short bully boss with dyed yellow hair and a compact aggressive body. The other three bullies must have distinct tall-thin, heavy, and errand-runner silhouettes. The image must look like a final movie frame or clean keyframe, not a storyboard drawing.","No text, no captions, no Chinese characters, no English letters, no labels, no arrows, no diagrams, no storyboard frame, no contact sheet, no sketch lines, no watermark. Avoid modern phones, modern cars, LED shop signs, polished mall interiors, fashionable contemporary clothes, glossy advertisement lighting, heroic violence, gore, blood focus, glamorized fighting, or characters looking like adults. Avoid panel-specific problems: 逃跑方向漂移、大街追车、突然变白天、追兵追到身边、哥哥小满一起跑. Do not restore Xiao Chuan to clean clothes; do not make the escape look brave or action-heroic.",S5_ESCAPE_DIRTY,escape dirty state,"Follow whitebox_renders_v2/B04/WB2_ALLEY_MSB111.png; preserve axis, scale, foreground/midground/background, and subject blocking."
MSB112,B04,12,主角逃跑,SCN_ALLEY,CAM_ALLEY_05_ESCAPE_VECTOR,storyboard,A,"Create a pure cinematic film still for AIGC video generation, 16:9 landscape, high-resolution, photoreal Chinese dreamcore realism, 1990s small-town China, humid yellowed childhood memory, low light, restrained VHS grain, real old clothes, lived-in surfaces, no visible text or annotations. Use the whitebox reference for composition and spatial relationship: whitebox_renders_v2/B04/WB2_ALLEY_MSB112.png. Panel MSB112, Clip 12 主角逃跑, time 03:22. Scene lock: SCN_ALLEY. Camera reference: CAM_ALLEY_05_ESCAPE_VECTOR. Shot size: 低机位中景. Beat: 小川冲过石块点. Visual focus: 小川跑过刚才石块所在位置，湿地反光拉长. Character focus: 小川/环境. Expression: 逃离现场. Blocking and motion: 沿同一轴线向深处. Continuity anchors: 小川沿小路深处逃向废楼方向，书包剧烈晃动，哥哥小满留在后方混乱中，路灯拖影. Story stage: S5_ESCAPE_DIRTY / escape dirty state. Character stage lock: Xiao Chuan runs in panic with broken breath; he is not brave, only frightened.. Wardrobe state: Xiao Chuan is visibly dirtier: knees, shoes, bag edge and sleeves muddy; clothes crooked.. Emotion state: Breathless fear, tunnel vision, guilt, and flight.. Environment stage lock: The alley streaks past toward an abandoned building entrance.. Identity locks: A Lei is the tall older brother with old thin metal-frame glasses, a blue worn tracksuit, protective posture, and a habit of pushing his glasses. Xiao Chuan is the middle/protagonist boy with round eyes, a slightly protruding right ear, half-open mouth, red scarf, blue school jacket and green schoolbag, often gripping the bag straps. Xiao Man is the smallest younger brother with a round head, rounder body, timid downcast eyes, warm old vest or pale shirt, hands gripping his hem, toes turned inward. Binzi is the short bully boss with dyed yellow hair and a compact aggressive body. The other three bullies must have distinct tall-thin, heavy, and errand-runner silhouettes. The image must look like a final movie frame or clean keyframe, not a storyboard drawing.","No text, no captions, no Chinese characters, no English letters, no labels, no arrows, no diagrams, no storyboard frame, no contact sheet, no sketch lines, no watermark. Avoid modern phones, modern cars, LED shop signs, polished mall interiors, fashionable contemporary clothes, glossy advertisement lighting, heroic violence, gore, blood focus, glamorized fighting, or characters looking like adults. Avoid panel-specific problems: 逃跑方向漂移、大街追车、突然变白天、追兵追到身边、哥哥小满一起跑. Do not restore Xiao Chuan to clean clothes; do not make the escape look brave or action-heroic.",S5_ESCAPE_DIRTY,escape dirty state,"Follow whitebox_renders_v2/B04/WB2_ALLEY_MSB112.png; preserve axis, scale, foreground/midground/background, and subject blocking."
MSB113,B04,12,主角逃跑,SCN_ALLEY,CAM_ALLEY_05_ESCAPE_VECTOR,storyboard,A,"Create a pure cinematic film still for AIGC video generation, 16:9 landscape, high-resolution, photoreal Chinese dreamcore realism, 1990s small-town China, humid yellowed childhood memory, low light, restrained VHS grain, real old clothes, lived-in surfaces, no visible text or annotations. Use the whitebox reference for composition and spatial relationship: whitebox_renders_v2/B04/WB2_ALLEY_MSB113.png. Panel MSB113, Clip 12 主角逃跑, time 03:24. Scene lock: SCN_ALLEY. Camera reference: CAM_ALLEY_05_ESCAPE_VECTOR. Shot size: 远景. Beat: 追兵启动. Visual focus: 后方混混开始反应追，但与小川保持距离. Character focus: 追兵/小川. Expression: 追逐启动但空间清楚. Blocking and motion: 同方向，不翻轴. Continuity anchors: 小川沿小路深处逃向废楼方向，书包剧烈晃动，哥哥小满留在后方混乱中，路灯拖影. Story stage: S5_ESCAPE_DIRTY / escape dirty state. Character stage lock: Xiao Chuan runs in panic with broken breath; he is not brave, only frightened.. Wardrobe state: Xiao Chuan is visibly dirtier: knees, shoes, bag edge and sleeves muddy; clothes crooked.. Emotion state: Breathless fear, tunnel vision, guilt, and flight.. Environment stage lock: The alley streaks past toward an abandoned building entrance.. Identity locks: A Lei is the tall older brother with old thin metal-frame glasses, a blue worn tracksuit, protective posture, and a habit of pushing his glasses. Xiao Chuan is the middle/protagonist boy with round eyes, a slightly protruding right ear, half-open mouth, red scarf, blue school jacket and green schoolbag, often gripping the bag straps. Xiao Man is the smallest younger brother with a round head, rounder body, timid downcast eyes, warm old vest or pale shirt, hands gripping his hem, toes turned inward. Binzi is the short bully boss with dyed yellow hair and a compact aggressive body. The other three bullies must have distinct tall-thin, heavy, and errand-runner silhouettes. The image must look like a final movie frame or clean keyframe, not a storyboard drawing.","No text, no captions, no Chinese characters, no English letters, no labels, no arrows, no diagrams, no storyboard frame, no contact sheet, no sketch lines, no watermark. Avoid modern phones, modern cars, LED shop signs, polished mall interiors, fashionable contemporary clothes, glossy advertisement lighting, heroic violence, gore, blood focus, glamorized fighting, or characters looking like adults. Avoid panel-specific problems: 逃跑方向漂移、大街追车、突然变白天、追兵追到身边、哥哥小满一起跑. Do not restore Xiao Chuan to clean clothes; do not make the escape look brave or action-heroic.",S5_ESCAPE_DIRTY,escape dirty state,"Follow whitebox_renders_v2/B04/WB2_ALLEY_MSB113.png; preserve axis, scale, foreground/midground/background, and subject blocking."
MSB114,B04,12,主角逃跑,SCN_ALLEY,CAM_ALLEY_05_ESCAPE_VECTOR,storyboard,B,"Create a pure cinematic film still for AIGC video generation, 16:9 landscape, high-resolution, photoreal Chinese dreamcore realism, 1990s small-town China, humid yellowed childhood memory, low light, restrained VHS grain, real old clothes, lived-in surfaces, no visible text or annotations. Use the whitebox reference for composition and spatial relationship: whitebox_renders_v2/B04/WB2_ALLEY_MSB114.png. Panel MSB114, Clip 12 主角逃跑, time 03:26. Scene lock: SCN_ALLEY. Camera reference: CAM_ALLEY_05_ESCAPE_VECTOR. Shot size: 近景. Beat: 墙面擦镜. Visual focus: 黑暗墙面快速擦过镜头，作为逃跑隐藏剪辑. Character focus: 环境. Expression: 无表情，速度感. Blocking and motion: 横向擦镜. Continuity anchors: 小川沿小路深处逃向废楼方向，书包剧烈晃动，哥哥小满留在后方混乱中，路灯拖影. Story stage: S5_ESCAPE_DIRTY / escape dirty state. Character stage lock: Xiao Chuan runs in panic with broken breath; he is not brave, only frightened.. Wardrobe state: Xiao Chuan is visibly dirtier: knees, shoes, bag edge and sleeves muddy; clothes crooked.. Emotion state: Breathless fear, tunnel vision, guilt, and flight.. Environment stage lock: The alley streaks past toward an abandoned building entrance.. Identity locks: A Lei is the tall older brother with old thin metal-frame glasses, a blue worn tracksuit, protective posture, and a habit of pushing his glasses. Xiao Chuan is the middle/protagonist boy with round eyes, a slightly protruding right ear, half-open mouth, red scarf, blue school jacket and green schoolbag, often gripping the bag straps. Xiao Man is the smallest younger brother with a round head, rounder body, timid downcast eyes, warm old vest or pale shirt, hands gripping his hem, toes turned inward. Binzi is the short bully boss with dyed yellow hair and a compact aggressive body. The other three bullies must have distinct tall-thin, heavy, and errand-runner silhouettes. The image must look like a final movie frame or clean keyframe, not a storyboard drawing.","No text, no captions, no Chinese characters, no English letters, no labels, no arrows, no diagrams, no storyboard frame, no contact sheet, no sketch lines, no watermark. Avoid modern phones, modern cars, LED shop signs, polished mall interiors, fashionable contemporary clothes, glossy advertisement lighting, heroic violence, gore, blood focus, glamorized fighting, or characters looking like adults. Avoid panel-specific problems: 逃跑方向漂移、大街追车、突然变白天、追兵追到身边、哥哥小满一起跑. Do not restore Xiao Chuan to clean clothes; do not make the escape look brave or action-heroic.",S5_ESCAPE_DIRTY,escape dirty state,"Follow whitebox_renders_v2/B04/WB2_ALLEY_MSB114.png; preserve axis, scale, foreground/midground/background, and subject blocking."
MSB115,B04,12,主角逃跑,SCN_ALLEY,CAM_ALLEY_05_ESCAPE_VECTOR,keyframe,A,"Create a pure cinematic film still for AIGC video generation, 16:9 landscape, high-resolution, photoreal Chinese dreamcore realism, 1990s small-town China, humid yellowed childhood memory, low light, restrained VHS grain, real old clothes, lived-in surfaces, no visible text or annotations. Use the whitebox reference for composition and spatial relationship: whitebox_renders_v2/B04/WB2_ALLEY_MSB115.png. Panel MSB115, Clip 12 主角逃跑, time 03:27. Scene lock: SCN_ALLEY. Camera reference: CAM_ALLEY_05_ESCAPE_VECTOR. Shot size: 中景. Beat: 路灯拖影. Visual focus: 旧路灯在小川头顶拉成长条，像 CRT 扫描线预兆. Character focus: 小川/环境. Expression: 呼吸乱. Blocking and motion: 低位跟拍. Continuity anchors: 小川沿小路深处逃向废楼方向，书包剧烈晃动，哥哥小满留在后方混乱中，路灯拖影. Story stage: S5_ESCAPE_DIRTY / escape dirty state. Character stage lock: Xiao Chuan runs in panic with broken breath; he is not brave, only frightened.. Wardrobe state: Xiao Chuan is visibly dirtier: knees, shoes, bag edge and sleeves muddy; clothes crooked.. Emotion state: Breathless fear, tunnel vision, guilt, and flight.. Environment stage lock: The alley streaks past toward an abandoned building entrance.. Identity locks: A Lei is the tall older brother with old thin metal-frame glasses, a blue worn tracksuit, protective posture, and a habit of pushing his glasses. Xiao Chuan is the middle/protagonist boy with round eyes, a slightly protruding right ear, half-open mouth, red scarf, blue school jacket and green schoolbag, often gripping the bag straps. Xiao Man is the smallest younger brother with a round head, rounder body, timid downcast eyes, warm old vest or pale shirt, hands gripping his hem, toes turned inward. Binzi is the short bully boss with dyed yellow hair and a compact aggressive body. The other three bullies must have distinct tall-thin, heavy, and errand-runner silhouettes. The image must look like a final movie frame or clean keyframe, not a storyboard drawing.","No text, no captions, no Chinese characters, no English letters, no labels, no arrows, no diagrams, no storyboard frame, no contact sheet, no sketch lines, no watermark. Avoid modern phones, modern cars, LED shop signs, polished mall interiors, fashionable contemporary clothes, glossy advertisement lighting, heroic violence, gore, blood focus, glamorized fighting, or characters looking like adults. Avoid panel-specific problems: 逃跑方向漂移、大街追车、突然变白天、追兵追到身边、哥哥小满一起跑. Do not restore Xiao Chuan to clean clothes; do not make the escape look brave or action-heroic.",S5_ESCAPE_DIRTY,escape dirty state,"Follow whitebox_renders_v2/B04/WB2_ALLEY_MSB115.png; preserve axis, scale, foreground/midground/background, and subject blocking."
MSB116,B04,12,主角逃跑,SCN_ALLEY,CAM_ALLEY_05_ESCAPE_VECTOR,storyboard,A,"Create a pure cinematic film still for AIGC video generation, 16:9 landscape, high-resolution, photoreal Chinese dreamcore realism, 1990s small-town China, humid yellowed childhood memory, low light, restrained VHS grain, real old clothes, lived-in surfaces, no visible text or annotations. Use the whitebox reference for composition and spatial relationship: whitebox_renders_v2/B04/WB2_ALLEY_MSB116.png. Panel MSB116, Clip 12 主角逃跑, time 03:29. Scene lock: SCN_ALLEY. Camera reference: CAM_ALLEY_05_ESCAPE_VECTOR. Shot size: 中近景. Beat: 小川回头. Visual focus: 小川边跑边短促回头，圆眼睛睁大，嘴还张着. Character focus: 小川. Expression: 害怕确认距离. Blocking and motion: 头部快速回看. Continuity anchors: 小川沿小路深处逃向废楼方向，书包剧烈晃动，哥哥小满留在后方混乱中，路灯拖影. Story stage: S5_ESCAPE_DIRTY / escape dirty state. Character stage lock: Xiao Chuan runs in panic with broken breath; he is not brave, only frightened.. Wardrobe state: Xiao Chuan is visibly dirtier: knees, shoes, bag edge and sleeves muddy; clothes crooked.. Emotion state: Breathless fear, tunnel vision, guilt, and flight.. Environment stage lock: The alley streaks past toward an abandoned building entrance.. Identity locks: A Lei is the tall older brother with old thin metal-frame glasses, a blue worn tracksuit, protective posture, and a habit of pushing his glasses. Xiao Chuan is the middle/protagonist boy with round eyes, a slightly protruding right ear, half-open mouth, red scarf, blue school jacket and green schoolbag, often gripping the bag straps. Xiao Man is the smallest younger brother with a round head, rounder body, timid downcast eyes, warm old vest or pale shirt, hands gripping his hem, toes turned inward. Binzi is the short bully boss with dyed yellow hair and a compact aggressive body. The other three bullies must have distinct tall-thin, heavy, and errand-runner silhouettes. The image must look like a final movie frame or clean keyframe, not a storyboard drawing.","No text, no captions, no Chinese characters, no English letters, no labels, no arrows, no diagrams, no storyboard frame, no contact sheet, no sketch lines, no watermark. Avoid modern phones, modern cars, LED shop signs, polished mall interiors, fashionable contemporary clothes, glossy advertisement lighting, heroic violence, gore, blood focus, glamorized fighting, or characters looking like adults. Avoid panel-specific problems: 逃跑方向漂移、大街追车、突然变白天、追兵追到身边、哥哥小满一起跑. Do not restore Xiao Chuan to clean clothes; do not make the escape look brave or action-heroic.",S5_ESCAPE_DIRTY,escape dirty state,"Follow whitebox_renders_v2/B04/WB2_ALLEY_MSB116.png; preserve axis, scale, foreground/midground/background, and subject blocking."
MSB117,B04,12,主角逃跑,SCN_ALLEY,CAM_ALLEY_05_ESCAPE_VECTOR,storyboard,A,"Create a pure cinematic film still for AIGC video generation, 16:9 landscape, high-resolution, photoreal Chinese dreamcore realism, 1990s small-town China, humid yellowed childhood memory, low light, restrained VHS grain, real old clothes, lived-in surfaces, no visible text or annotations. Use the whitebox reference for composition and spatial relationship: whitebox_renders_v2/B04/WB2_ALLEY_MSB117.png. Panel MSB117, Clip 12 主角逃跑, time 03:31. Scene lock: SCN_ALLEY. Camera reference: CAM_ALLEY_05_ESCAPE_VECTOR. Shot size: 远景. Beat: 废楼轮廓出现. Visual focus: 小路尽头出现废楼暗入口，像唯一可逃方向. Character focus: 环境/小川. Expression: 被迫选择. Blocking and motion: 镜头前方显露入口. Continuity anchors: 小川沿小路深处逃向废楼方向，书包剧烈晃动，哥哥小满留在后方混乱中，路灯拖影. Story stage: S5_ESCAPE_DIRTY / escape dirty state. Character stage lock: Xiao Chuan runs in panic with broken breath; he is not brave, only frightened.. Wardrobe state: Xiao Chuan is visibly dirtier: knees, shoes, bag edge and sleeves muddy; clothes crooked.. Emotion state: Breathless fear, tunnel vision, guilt, and flight.. Environment stage lock: The alley streaks past toward an abandoned building entrance.. Identity locks: A Lei is the tall older brother with old thin metal-frame glasses, a blue worn tracksuit, protective posture, and a habit of pushing his glasses. Xiao Chuan is the middle/protagonist boy with round eyes, a slightly protruding right ear, half-open mouth, red scarf, blue school jacket and green schoolbag, often gripping the bag straps. Xiao Man is the smallest younger brother with a round head, rounder body, timid downcast eyes, warm old vest or pale shirt, hands gripping his hem, toes turned inward. Binzi is the short bully boss with dyed yellow hair and a compact aggressive body. The other three bullies must have distinct tall-thin, heavy, and errand-runner silhouettes. The image must look like a final movie frame or clean keyframe, not a storyboard drawing.","No text, no captions, no Chinese characters, no English letters, no labels, no arrows, no diagrams, no storyboard frame, no contact sheet, no sketch lines, no watermark. Avoid modern phones, modern cars, LED shop signs, polished mall interiors, fashionable contemporary clothes, glossy advertisement lighting, heroic violence, gore, blood focus, glamorized fighting, or characters looking like adults. Avoid panel-specific problems: 逃跑方向漂移、大街追车、突然变白天、追兵追到身边、哥哥小满一起跑. Do not restore Xiao Chuan to clean clothes; do not make the escape look brave or action-heroic.",S5_ESCAPE_DIRTY,escape dirty state,"Follow whitebox_renders_v2/B04/WB2_ALLEY_MSB117.png; preserve axis, scale, foreground/midground/background, and subject blocking."
MSB118,B04,12,主角逃跑,SCN_ALLEY,CAM_ALLEY_05_ESCAPE_VECTOR,end_frame,A,"Create a pure cinematic film still for AIGC video generation, 16:9 landscape, high-resolution, photoreal Chinese dreamcore realism, 1990s small-town China, humid yellowed childhood memory, low light, restrained VHS grain, real old clothes, lived-in surfaces, no visible text or annotations. Use the whitebox reference for composition and spatial relationship: whitebox_renders_v2/B04/WB2_ALLEY_MSB118.png. Panel MSB118, Clip 12 主角逃跑, time 03:32. Scene lock: SCN_ALLEY. Camera reference: CAM_ALLEY_05_ESCAPE_VECTOR. Shot size: 全景. Beat: 小川冲向废楼. Visual focus: 小川朝废楼入口跑去，追兵声音留在后方. Character focus: 小川. Expression: 逃生本能. Blocking and motion: 方向锁定废楼. Continuity anchors: 小川沿小路深处逃向废楼方向，书包剧烈晃动，哥哥小满留在后方混乱中，路灯拖影. Story stage: S5_ESCAPE_DIRTY / escape dirty state. Character stage lock: Xiao Chuan runs in panic with broken breath; he is not brave, only frightened.. Wardrobe state: Xiao Chuan is visibly dirtier: knees, shoes, bag edge and sleeves muddy; clothes crooked.. Emotion state: Breathless fear, tunnel vision, guilt, and flight.. Environment stage lock: The alley streaks past toward an abandoned building entrance.. Identity locks: A Lei is the tall older brother with old thin metal-frame glasses, a blue worn tracksuit, protective posture, and a habit of pushing his glasses. Xiao Chuan is the middle/protagonist boy with round eyes, a slightly protruding right ear, half-open mouth, red scarf, blue school jacket and green schoolbag, often gripping the bag straps. Xiao Man is the smallest younger brother with a round head, rounder body, timid downcast eyes, warm old vest or pale shirt, hands gripping his hem, toes turned inward. Binzi is the short bully boss with dyed yellow hair and a compact aggressive body. The other three bullies must have distinct tall-thin, heavy, and errand-runner silhouettes. The image must look like a final movie frame or clean keyframe, not a storyboard drawing.","No text, no captions, no Chinese characters, no English letters, no labels, no arrows, no diagrams, no storyboard frame, no contact sheet, no sketch lines, no watermark. Avoid modern phones, modern cars, LED shop signs, polished mall interiors, fashionable contemporary clothes, glossy advertisement lighting, heroic violence, gore, blood focus, glamorized fighting, or characters looking like adults. Avoid panel-specific problems: 逃跑方向漂移、大街追车、突然变白天、追兵追到身边、哥哥小满一起跑. Do not restore Xiao Chuan to clean clothes; do not make the escape look brave or action-heroic.",S5_ESCAPE_DIRTY,escape dirty state,"Follow whitebox_renders_v2/B04/WB2_ALLEY_MSB118.png; preserve axis, scale, foreground/midground/background, and subject blocking."
MSB119,B04,12,主角逃跑,SCN_ALLEY,CAM_ALLEY_05_ESCAPE_VECTOR,keyframe,A,"Create a pure cinematic film still for AIGC video generation, 16:9 landscape, high-resolution, photoreal Chinese dreamcore realism, 1990s small-town China, humid yellowed childhood memory, low light, restrained VHS grain, real old clothes, lived-in surfaces, no visible text or annotations. Use the whitebox reference for composition and spatial relationship: whitebox_renders_v2/B04/WB2_ALLEY_MSB119.png. Panel MSB119, Clip 12 主角逃跑, time 03:34. Scene lock: SCN_ALLEY. Camera reference: CAM_ALLEY_05_ESCAPE_VECTOR. Shot size: 中景. Beat: 黑暗吞没. Visual focus: 小川身影被废楼入口暗处吞进去，路灯黄留在外面. Character focus: 小川/环境. Expression: 从现实冲突进入梦核空间. Blocking and motion: 暗处过门. Continuity anchors: 小川沿小路深处逃向废楼方向，书包剧烈晃动，哥哥小满留在后方混乱中，路灯拖影. Story stage: S5_ESCAPE_DIRTY / escape dirty state. Character stage lock: Xiao Chuan runs in panic with broken breath; he is not brave, only frightened.. Wardrobe state: Xiao Chuan is visibly dirtier: knees, shoes, bag edge and sleeves muddy; clothes crooked.. Emotion state: Breathless fear, tunnel vision, guilt, and flight.. Environment stage lock: The alley streaks past toward an abandoned building entrance.. Identity locks: A Lei is the tall older brother with old thin metal-frame glasses, a blue worn tracksuit, protective posture, and a habit of pushing his glasses. Xiao Chuan is the middle/protagonist boy with round eyes, a slightly protruding right ear, half-open mouth, red scarf, blue school jacket and green schoolbag, often gripping the bag straps. Xiao Man is the smallest younger brother with a round head, rounder body, timid downcast eyes, warm old vest or pale shirt, hands gripping his hem, toes turned inward. Binzi is the short bully boss with dyed yellow hair and a compact aggressive body. The other three bullies must have distinct tall-thin, heavy, and errand-runner silhouettes. The image must look like a final movie frame or clean keyframe, not a storyboard drawing.","No text, no captions, no Chinese characters, no English letters, no labels, no arrows, no diagrams, no storyboard frame, no contact sheet, no sketch lines, no watermark. Avoid modern phones, modern cars, LED shop signs, polished mall interiors, fashionable contemporary clothes, glossy advertisement lighting, heroic violence, gore, blood focus, glamorized fighting, or characters looking like adults. Avoid panel-specific problems: 逃跑方向漂移、大街追车、突然变白天、追兵追到身边、哥哥小满一起跑. Do not restore Xiao Chuan to clean clothes; do not make the escape look brave or action-heroic.",S5_ESCAPE_DIRTY,escape dirty state,"Follow whitebox_renders_v2/B04/WB2_ALLEY_MSB119.png; preserve axis, scale, foreground/midground/background, and subject blocking."
