frame,time_sec,timecode,gray_diff,hist_diff,edge_diff,composite
1,0.042,00:00.04,0.000237,0.073151,0.0,0.025733
2,0.083,00:00.08,6e-05,0.014234,0.0,0.005015
3,0.125,00:00.13,5.1e-05,0.010267,0.0,0.003621
4,0.167,00:00.17,4.9e-05,0.010277,0.0,0.003624
5,0.209,00:00.21,5.7e-05,0.024594,0.0,0.008639
6,0.25,00:00.25,4.1e-05,0.011239,0.0,0.003956
7,0.292,00:00.29,2.6e-05,0.01266,0.0,0.004445
8,0.334,00:00.33,6.1e-05,0.018465,0.0,0.006496
9,0.375,00:00.38,8.9e-05,0.046922,0.0,0.016471
10,0.417,00:00.42,5.2e-05,0.013951,0.0,0.004911
11,0.459,00:00.46,3.7e-05,0.010304,0.0,0.003626
12,0.501,00:00.50,0.000287,0.10687,0.0,0.037562
13,0.542,00:00.54,5.8e-05,0.040177,0.0,0.014094
14,0.584,00:00.58,3.2e-05,0.015593,0.0,0.005475
15,0.626,00:00.63,3.8e-05,0.010466,0.0,0.003684
16,0.667,00:00.67,0.942235,0.841245,0.0,0.812665
17,0.709,00:00.71,0.012266,0.09032,0.0,0.038358
18,0.751,00:00.75,0.008446,0.127091,0.0,0.049127
19,0.792,00:00.79,0.005512,0.051359,0.0,0.021007
20,0.834,00:00.83,0.003941,0.064703,0.0,0.024813
21,0.876,00:00.88,0.003194,0.127344,0.0,0.046327
22,0.918,00:00.92,0.006078,0.139843,0.001481,0.052436
23,0.959,00:00.96,0.007986,0.096205,0.004097,0.038474
24,1.001,00:01.00,0.011755,0.106976,0.004884,0.044395
25,1.043,00:01.04,0.013798,0.076306,0.004028,0.034699
26,1.084,00:01.08,0.020459,0.128204,0.004491,0.056573
27,1.126,00:01.13,0.030479,0.120658,0.009491,0.059943
28,1.168,00:01.17,0.046526,0.125948,0.015231,0.071194
29,1.21,00:01.21,0.052353,0.191745,0.014259,0.097331
30,1.251,00:01.25,0.081801,0.275438,0.026319,0.144026
31,1.293,00:01.29,0.071032,0.095911,0.037083,0.076345
32,1.335,00:01.33,0.076745,0.157322,0.030324,0.100305
33,1.376,00:01.38,0.105557,0.229708,0.0425,0.142704
34,1.418,00:01.42,0.100614,0.09342,0.065,0.094535
35,1.46,00:01.46,0.105832,0.163025,0.062431,0.12151
36,1.502,00:01.50,0.120046,0.108537,0.056528,0.109666
37,1.543,00:01.54,0.134246,0.081274,0.066574,0.108939
38,1.585,00:01.58,0.130505,0.058567,0.067685,0.099045
39,1.627,00:01.63,0.110417,0.082261,0.06213,0.095733
40,1.668,00:01.67,0.099891,0.091562,0.055278,0.092515
41,1.71,00:01.71,0.098051,0.064073,0.048958,0.081249
42,1.752,00:01.75,0.102919,0.097146,0.046736,0.09528
43,1.793,00:01.79,0.109107,0.071263,0.047755,0.089726
44,1.835,00:01.84,0.102469,0.066067,0.050718,0.084553
45,1.877,00:01.88,0.112399,0.064691,0.054861,0.089947
46,1.919,00:01.92,0.149671,0.101044,0.053125,0.122997
47,1.96,00:01.96,0.138637,0.085682,0.04875,0.111114
48,2.002,00:02.00,0.115031,0.084911,0.04287,0.097273
49,2.044,00:02.04,0.091025,0.059122,0.038773,0.074634
50,2.085,00:02.09,0.069436,0.099367,0.033704,0.076339
51,2.127,00:02.13,0.055663,0.079559,0.027153,0.061176
52,2.169,00:02.17,0.050812,0.113315,0.020648,0.069672
53,2.211,00:02.21,0.041402,0.102606,0.016829,0.060366
54,2.252,00:02.25,0.025879,0.094127,0.010926,0.048271
55,2.294,00:02.29,0.009112,0.067322,0.005602,0.029135
56,2.336,00:02.34,0.007196,0.134708,0.002894,0.051395
57,2.377,00:02.38,0.004584,0.049829,0.002338,0.020195
58,2.419,00:02.42,0.004188,0.0438,0.001829,0.017816
59,2.461,00:02.46,0.197426,0.429678,0.016667,0.260638
60,2.503,00:02.50,0.273155,0.111462,0.026713,0.191918
61,2.544,00:02.54,0.126343,0.108802,0.034329,0.111002
62,2.586,00:02.59,0.070235,0.121415,0.026319,0.083756
63,2.628,00:02.63,0.000724,0.011176,0.00037,0.004347
64,2.669,00:02.67,0.015751,0.025425,0.019259,0.019488
65,2.711,00:02.71,0.000506,0.012397,0.000278,0.004645
66,2.753,00:02.75,0.01473,0.025085,0.016991,0.018581
67,2.794,00:02.79,0.000633,0.010766,0.00081,0.004197
68,2.836,00:02.84,0.015842,0.047356,0.016991,0.026987
69,2.878,00:02.88,0.000694,0.015497,0.001435,0.005949
70,2.92,00:02.92,0.011478,0.023484,0.014699,0.016002
71,2.961,00:02.96,0.000155,0.006282,0.000185,0.002302
72,3.003,00:03.00,0.007677,0.017027,0.011759,0.011358
73,3.045,00:03.04,0.000369,0.009947,0.00081,0.003766
74,3.086,00:03.09,0.006775,0.017179,0.011875,0.010926
75,3.128,00:03.13,0.000192,0.008335,0.000301,0.003053
76,3.17,00:03.17,0.003909,0.048527,0.008194,0.019954
77,3.212,00:03.21,0.000465,0.019344,0.000347,0.007061
78,3.253,00:03.25,0.003244,0.018014,0.008611,0.00895
79,3.295,00:03.29,0.000186,0.006719,0.000208,0.002475
80,3.337,00:03.34,0.002553,0.017474,0.007708,0.008291
81,3.378,00:03.38,0.00027,0.006945,0.000208,0.0026
82,3.42,00:03.42,0.002447,0.013375,0.007384,0.006766
83,3.462,00:03.46,0.000306,0.006875,0.000903,0.002665
84,3.504,00:03.50,0.005043,0.016045,0.010509,0.009441
85,3.545,00:03.55,0.000763,0.02253,0.001644,0.00847
86,3.587,00:03.59,0.005745,0.017241,0.010972,0.010291
87,3.629,00:03.63,0.000485,0.008729,6.9e-05,0.003329
88,3.67,00:03.67,0.00662,0.023646,0.01044,0.012961
89,3.712,00:03.71,0.000421,0.004989,0.000301,0.002008
90,3.754,00:03.75,0.004924,0.016082,0.010139,0.009351
91,3.795,00:03.80,0.000605,0.009171,0.000116,0.003554
92,3.837,00:03.84,0.011388,0.019783,0.012569,0.014444
93,3.879,00:03.88,0.000323,0.009487,0.000856,0.003584
94,3.921,00:03.92,0.008688,0.017465,0.01162,0.012053
95,3.962,00:03.96,0.000254,0.005297,0.000139,0.002008
96,4.004,00:04.00,0.007826,0.0166,0.01125,0.01124
97,4.046,00:04.05,0.000418,0.009867,0.000949,0.003778
98,4.087,00:04.09,0.010576,0.020685,0.011204,0.014177
99,4.129,00:04.13,0.001109,0.006479,0.000185,0.002896
100,4.171,00:04.17,0.010473,0.036013,0.011088,0.019473
101,4.213,00:04.21,0.000968,0.013848,0.000278,0.005407
102,4.254,00:04.25,0.010131,0.023878,0.012083,0.015137
103,4.296,00:04.30,0.001528,0.055161,0.000718,0.020218
104,4.338,00:04.34,0.0091,0.02268,0.011759,0.014119
105,4.379,00:04.38,0.000243,0.009375,0.000278,0.003443
106,4.421,00:04.42,0.01464,0.017515,0.012801,0.015462
107,4.463,00:04.46,0.000251,0.007593,0.000278,0.002823
108,4.505,00:04.50,0.010538,0.021123,0.012106,0.0144
109,4.546,00:04.55,0.000314,0.008367,0.001065,0.003208
110,4.588,00:04.59,0.010619,0.020567,0.012986,0.014337
111,4.63,00:04.63,0.000117,0.004903,0.000324,0.001813
112,4.671,00:04.67,0.011504,0.024769,0.01338,0.016334
113,4.713,00:04.71,0.000157,0.00837,0.000671,0.003083
114,4.755,00:04.75,0.011673,0.020314,0.013356,0.014866
115,4.796,00:04.80,0.000151,0.009733,0.000139,0.003504
116,4.838,00:04.84,0.015279,0.016464,0.012917,0.015458
117,4.88,00:04.88,0.000149,0.009605,0.000463,0.00349
118,4.922,00:04.92,0.014691,0.021295,0.013449,0.016878
119,4.963,00:04.96,0.000105,0.005073,0.000162,0.001849
120,5.005,00:05.01,0.016499,0.03017,0.014028,0.021037
121,5.047,00:05.05,0.00036,0.00421,6.9e-05,0.001679
122,5.088,00:05.09,0.015806,0.016325,0.013681,0.015775
123,5.13,00:05.13,0.000237,0.00715,0.000301,0.002663
124,5.172,00:05.17,0.003279,0.013359,0.00838,0.007317
125,5.214,00:05.21,0.000271,0.010304,0.000162,0.003772
126,5.255,00:05.26,0.00352,0.014688,0.008727,0.00795
127,5.297,00:05.30,0.000216,0.008087,0.000278,0.002977
128,5.339,00:05.34,0.002498,0.025515,0.006389,0.010943
129,5.38,00:05.38,0.000321,0.010189,0.000417,0.003784
130,5.422,00:05.42,0.002704,0.019191,0.008542,0.009059
131,5.464,00:05.46,0.000411,0.013402,0.001528,0.005069
132,5.506,00:05.51,0.002911,0.018671,0.008542,0.00899
133,5.547,00:05.55,0.00064,0.013327,0.001667,0.005183
134,5.589,00:05.59,0.002322,0.012471,0.0075,0.006392
135,5.631,00:05.63,0.000106,0.005145,0.000162,0.001875
136,5.672,00:05.67,0.00498,0.024081,0.010764,0.012244
137,5.714,00:05.71,0.000418,0.010934,0.000347,0.004092
138,5.756,00:05.76,0.00443,0.014619,0.010417,0.008595
139,5.797,00:05.80,0.000149,0.007545,0.000231,0.002745
140,5.839,00:05.84,0.00487,0.018959,0.011227,0.010437
141,5.881,00:05.88,0.000247,0.005861,0.000532,0.00224
142,5.923,00:05.92,0.004746,0.016533,0.011435,0.00954
143,5.964,00:05.96,0.000109,0.007572,0.000463,0.002757
144,6.006,00:06.01,0.005833,0.016833,0.011227,0.010223
145,6.048,00:06.05,0.000355,0.012365,0.000926,0.004616
146,6.089,00:06.09,0.005506,0.014845,0.011574,0.009381
147,6.131,00:06.13,0.00017,0.005703,0.000486,0.002138
148,6.173,00:06.17,0.004631,0.020163,0.01125,0.010729
149,6.215,00:06.21,0.000525,0.01321,0.00213,0.005125
150,6.256,00:06.26,0.004293,0.014241,0.010347,0.00838
151,6.298,00:06.30,0.000203,0.010349,0.000162,0.00375
152,6.34,00:06.34,0.0092,0.019288,0.011366,0.012947
153,6.381,00:06.38,0.000219,0.008261,0.000324,0.003044
154,6.423,00:06.42,0.008138,0.014684,0.010856,0.010701
155,6.465,00:06.46,0.000424,0.010845,0.000463,0.004075
156,6.507,00:06.51,0.009704,0.019315,0.010162,0.013113
157,6.548,00:06.55,0.000245,0.009979,0.000116,0.003639
158,6.59,00:06.59,0.009067,0.018027,0.009421,0.012238
159,6.632,00:06.63,0.000335,0.01198,0.000185,0.004396
160,6.673,00:06.67,0.008718,0.024105,0.008079,0.014039
161,6.715,00:06.72,0.000294,0.017995,0.000417,0.006502
162,6.757,00:06.76,0.007305,0.020297,0.007338,0.011855
163,6.798,00:06.80,0.000325,0.007231,0.000185,0.002728
164,6.84,00:06.84,0.006948,0.027265,0.006921,0.014056
165,6.882,00:06.88,0.000963,0.026913,0.001528,0.010102
166,6.924,00:06.92,0.005784,0.04006,0.007477,0.01795
167,6.965,00:06.97,0.000266,0.005306,0.000139,0.002017
168,7.007,00:07.01,0.005633,0.022873,0.005995,0.011703
169,7.049,00:07.05,0.000132,0.007646,0.000139,0.002762
170,7.09,00:07.09,0.004719,0.014886,0.005139,0.008319
171,7.132,00:07.13,0.000136,0.008596,0.000139,0.003098
172,7.174,00:07.17,0.003375,0.011282,0.005324,0.006337
173,7.216,00:07.22,9.4e-05,0.006453,0.000255,0.002336
174,7.257,00:07.26,0.003307,0.018368,0.004514,0.008699
175,7.299,00:07.30,0.000214,0.010967,0.00037,0.003993
176,7.341,00:07.34,0.00274,0.029787,0.003843,0.012317
177,7.382,00:07.38,0.001185,0.033442,0.011435,0.0135
178,7.424,00:07.42,0.002559,0.030503,0.007176,0.012801
179,7.466,00:07.47,0.000955,0.023568,0.001898,0.008964
180,7.508,00:07.51,0.002796,0.03329,0.004653,0.013655
181,7.549,00:07.55,0.001082,0.028046,0.001875,0.010599
182,7.591,00:07.59,0.003793,0.043909,0.005486,0.018003
183,7.633,00:07.63,0.000856,0.016763,0.001296,0.006467
184,7.674,00:07.67,0.002049,0.014691,0.004028,0.006672
185,7.716,00:07.72,0.000579,0.014365,0.001134,0.005459
186,7.758,00:07.76,0.001772,0.01291,0.003912,0.005884
187,7.799,00:07.80,0.001056,0.02072,0.001597,0.007993
188,7.841,00:07.84,0.001932,0.014251,0.004468,0.006497
189,7.883,00:07.88,0.000853,0.011831,0.002685,0.004878
190,7.925,00:07.92,0.001376,0.011509,0.003657,0.00515
191,7.966,00:07.97,0.000244,0.004804,0.000139,0.00183
192,8.008,00:08.01,0.002195,0.032994,0.003981,0.013153
193,8.05,00:08.05,0.001147,0.027901,0.000417,0.010438
194,8.091,00:08.09,0.00124,0.013585,0.002824,0.005719
195,8.133,00:08.13,0.000568,0.010243,0.000324,0.00393
196,8.175,00:08.17,0.001148,0.009746,0.002824,0.004325
197,8.217,00:08.22,0.001065,0.014808,0.003171,0.006086
198,8.258,00:08.26,0.001175,0.012117,0.003171,0.005204
199,8.3,00:08.30,0.000267,0.008655,0.000625,0.003239
200,8.342,00:08.34,0.001882,0.012537,0.003287,0.005752
201,8.383,00:08.38,0.000114,0.004348,0.000116,0.001596
202,8.425,00:08.43,0.002422,0.013429,0.004282,0.006461
203,8.467,00:08.47,0.000421,0.012574,0.001528,0.004785
204,8.509,00:08.51,0.002092,0.018477,0.003912,0.008009
205,8.55,00:08.55,0.000278,0.009567,0.000671,0.003569
206,8.592,00:08.59,0.001621,0.012868,0.003056,0.005701
207,8.634,00:08.63,0.000244,0.015229,0.000602,0.005524
208,8.675,00:08.68,0.0018,0.010665,0.003148,0.005038
209,8.717,00:08.72,0.000142,0.006861,0.000162,0.002495
210,8.759,00:08.76,0.00153,0.010676,0.003079,0.004886
211,8.8,00:08.80,0.000323,0.010887,0.000694,0.004057
212,8.842,00:08.84,0.001469,0.017523,0.003773,0.007318
213,8.884,00:08.88,0.000401,0.011807,0.001019,0.004455
214,8.926,00:08.93,0.001514,0.009191,0.00294,0.004344
215,8.967,00:08.97,0.00021,0.008737,0.000556,0.003229
216,9.009,00:09.01,0.002437,0.015783,0.005,0.007365
217,9.051,00:09.05,0.001028,0.015176,0.003472,0.006224
218,9.092,00:09.09,0.001641,0.005879,0.003056,0.003266
219,9.134,00:09.13,0.000221,0.007537,6.9e-05,0.002766
220,9.176,00:09.18,0.001414,0.01345,0.002731,0.005759
221,9.218,00:09.22,0.000162,0.005806,0.000324,0.002154
222,9.259,00:09.26,0.002089,0.011945,0.003125,0.005642
223,9.301,00:09.30,0.000413,0.012874,0.000579,0.004791
224,9.343,00:09.34,0.003253,0.051489,0.004028,0.020213
225,9.384,00:09.38,0.000485,0.026268,0.00037,0.009498
226,9.426,00:09.43,0.001968,0.015394,0.002963,0.006767
227,9.468,00:09.47,0.000355,0.010263,0.000324,0.00382
228,9.51,00:09.51,0.001438,0.013519,0.003125,0.005835
229,9.551,00:09.55,0.000204,0.008789,0.000185,0.003207
230,9.593,00:09.59,0.001463,0.008893,0.002431,0.00416
231,9.635,00:09.63,0.000334,0.009013,0.000162,0.003355
232,9.676,00:09.68,0.001755,0.012649,0.003102,0.005703
233,9.718,00:09.72,0.000384,0.0117,0.000486,0.004355
234,9.76,00:09.76,0.001273,0.007937,0.002708,0.003749
235,9.801,00:09.80,0.00043,0.012403,0.000718,0.004649
236,9.843,00:09.84,0.001392,0.007481,0.003194,0.003703
237,9.885,00:09.88,0.000338,0.009676,0.000926,0.003665
238,9.927,00:09.93,0.00176,0.010436,0.00419,0.005039
239,9.968,00:09.97,0.000573,0.012666,0.001806,0.004929
240,10.01,00:10.01,0.00198,0.022169,0.003681,0.009217
241,10.052,00:10.05,0.000635,0.01443,0.001204,0.00552
242,10.093,00:10.09,0.001281,0.010857,0.003519,0.004856
243,10.135,00:10.14,0.000182,0.007766,0.000417,0.00286
244,10.177,00:10.18,0.000701,0.012807,0.001991,0.005067
245,10.219,00:10.22,0.000683,0.013812,0.002384,0.005449
246,10.26,00:10.26,0.001266,0.012293,0.004306,0.005429
247,10.302,00:10.30,0.000463,0.009107,0.001505,0.003593
248,10.344,00:10.34,0.001631,0.015837,0.006204,0.00706
249,10.385,00:10.39,0.000396,0.011454,0.000718,0.004299
250,10.427,00:10.43,0.001302,0.013704,0.004468,0.005959
251,10.469,00:10.47,0.000168,0.003691,0.000185,0.001403
252,10.511,00:10.51,0.000641,0.008472,0.001759,0.003494
253,10.552,00:10.55,0.000344,0.009917,0.000486,0.003709
254,10.594,00:10.59,0.000791,0.011979,0.001597,0.004787
255,10.636,00:10.64,0.000633,0.011833,0.000417,0.004532
256,10.677,00:10.68,0.001585,0.011266,0.002685,0.005083
257,10.719,00:10.72,0.002156,0.017724,0.002407,0.00763
258,10.761,00:10.76,0.003663,0.025754,0.004931,0.011522
259,10.802,00:10.80,0.003724,0.024078,0.003981,0.010874
260,10.844,00:10.84,0.003798,0.019968,0.007454,0.009823
261,10.886,00:10.89,0.005056,0.024395,0.006551,0.011974
262,10.928,00:10.93,0.005277,0.025367,0.010208,0.012801
263,10.969,00:10.97,0.007789,0.036222,0.009005,0.017862
264,11.011,00:11.01,0.011167,0.030708,0.012431,0.018133
265,11.053,00:11.05,0.011368,0.027492,0.012338,0.017108
266,11.094,00:11.09,0.011001,0.027763,0.015509,0.017318
267,11.136,00:11.14,0.016352,0.035339,0.016759,0.023038
268,11.178,00:11.18,0.012724,0.024913,0.018657,0.017584
269,11.22,00:11.22,0.014653,0.025833,0.01706,0.018807
270,11.261,00:11.26,0.015556,0.029346,0.01912,0.020739
271,11.303,00:11.30,0.014463,0.028337,0.018449,0.019718
272,11.345,00:11.34,0.015576,0.031943,0.019676,0.021715
273,11.386,00:11.39,0.017073,0.027515,0.019884,0.021009
274,11.428,00:11.43,0.018608,0.033885,0.022292,0.024324
275,11.47,00:11.47,0.020564,0.035821,0.023704,0.026218
276,11.512,00:11.51,0.018602,0.039594,0.024468,0.026535
277,11.553,00:11.55,0.016368,0.027031,0.023796,0.020843
278,11.595,00:11.59,0.01815,0.031191,0.026065,0.023506
279,11.637,00:11.64,0.018316,0.028769,0.024838,0.022627
280,11.678,00:11.68,0.019512,0.025834,0.027384,0.022512
281,11.72,00:11.72,0.020224,0.026538,0.026574,0.023069
282,11.762,00:11.76,0.018956,0.027243,0.027824,0.022743
283,11.803,00:11.80,0.019954,0.033432,0.027454,0.025421
284,11.845,00:11.85,0.019414,0.030567,0.028727,0.024249
285,11.887,00:11.89,0.020077,0.025521,0.02956,0.022931
286,11.929,00:11.93,0.021182,0.037434,0.030926,0.027844
287,11.97,00:11.97,0.021464,0.03587,0.030833,0.027443
288,12.012,00:12.01,0.020385,0.049776,0.034907,0.032124
289,12.054,00:12.05,0.02522,0.032591,0.034282,0.028706
290,12.095,00:12.10,0.021833,0.046298,0.035,0.031712
291,12.137,00:12.14,0.022838,0.033254,0.032014,0.027401
292,12.179,00:12.18,0.024216,0.038129,0.035671,0.030231
293,12.221,00:12.22,0.025485,0.029287,0.035185,0.027786
294,12.262,00:12.26,0.021239,0.033446,0.034907,0.026878
295,12.304,00:12.30,0.025601,0.031636,0.033866,0.02854
296,12.346,00:12.35,0.02218,0.02583,0.037384,0.024978
297,12.387,00:12.39,0.028305,0.034153,0.034884,0.03101
298,12.429,00:12.43,0.023133,0.037422,0.036574,0.029478
299,12.471,00:12.47,0.025333,0.038284,0.035231,0.030856
300,12.513,00:12.51,0.017175,0.024436,0.033634,0.021362
301,12.554,00:12.55,0.021412,0.034596,0.030764,0.026962
302,12.596,00:12.60,0.017971,0.062256,0.034491,0.035122
303,12.638,00:12.64,0.023686,0.04793,0.029491,0.032752
304,12.679,00:12.68,0.019275,0.02376,0.032616,0.022179
305,12.721,00:12.72,0.018908,0.02838,0.028171,0.02315
306,12.763,00:12.76,0.018946,0.030399,0.030255,0.024086
307,12.804,00:12.80,0.021296,0.044149,0.024352,0.0296
308,12.846,00:12.85,0.015882,0.042886,0.02456,0.026201
309,12.888,00:12.89,0.015938,0.03877,0.019745,0.02431
310,12.93,00:12.93,0.015138,0.050978,0.01956,0.028124
311,12.971,00:12.97,0.015939,0.043563,0.015324,0.025546
312,13.013,00:13.01,0.014591,0.038689,0.02081,0.023647
313,13.055,00:13.05,0.015691,0.023259,0.01287,0.018058
314,13.096,00:13.10,0.013664,0.023375,0.015046,0.017201
315,13.138,00:13.14,0.012812,0.028115,0.012014,0.018088
316,13.18,00:13.18,0.014126,0.029558,0.014352,0.01955
317,13.222,00:13.22,0.013233,0.026001,0.012014,0.01758
318,13.263,00:13.26,0.012262,0.065706,0.011157,0.030857
319,13.305,00:13.30,0.011092,0.051217,0.009375,0.024964
320,13.347,00:13.35,0.01539,0.031555,0.010417,0.020551
321,13.388,00:13.39,0.009586,0.026217,0.007199,0.015168
322,13.43,00:13.43,0.010244,0.063954,0.007986,0.028817
323,13.472,00:13.47,0.010848,0.057742,0.004884,0.026665
324,13.514,00:13.51,0.008115,0.032427,0.007199,0.016533
325,13.555,00:13.56,0.011729,0.023697,0.005602,0.015305
326,13.597,00:13.60,0.009804,0.076637,0.007269,0.032942
327,13.639,00:13.64,0.010603,0.051022,0.004306,0.02412
328,13.68,00:13.68,0.010311,0.028615,0.00537,0.016224
329,13.722,00:13.72,0.009788,0.025518,0.003958,0.014711
330,13.764,00:13.76,0.010931,0.04852,0.00588,0.023582
331,13.805,00:13.81,0.007318,0.060596,0.002778,0.025511
332,13.847,00:13.85,0.008669,0.030212,0.006481,0.01599
333,13.889,00:13.89,0.010788,0.023601,0.003681,0.014562
334,13.931,00:13.93,0.010054,0.061111,0.008171,0.027736
335,13.972,00:13.97,0.008994,0.052983,0.003472,0.023838
336,14.014,00:14.01,0.011543,0.030105,0.009838,0.017869
337,14.056,00:14.06,0.009988,0.019452,0.002917,0.012593
338,14.097,00:14.10,0.01482,0.043335,0.010949,0.024413
339,14.139,00:14.14,0.008107,0.046669,0.001782,0.020971
340,14.181,00:14.18,0.016291,0.045401,0.010093,0.02586
341,14.223,00:14.22,0.009626,0.032943,0.001528,0.016977
342,14.264,00:14.26,0.014032,0.078025,0.004792,0.035505
343,14.306,00:14.31,0.010082,0.055596,0.000579,0.025061
344,14.348,00:14.35,0.010434,0.017238,0.000579,0.01183
345,14.389,00:14.39,0.006655,0.029124,0.000509,0.013904
346,14.431,00:14.43,0.009875,0.034891,0.000579,0.017701
347,14.473,00:14.47,0.009174,0.019998,0.000625,0.012107
348,14.515,00:14.51,0.006493,0.042954,0.000625,0.018668
349,14.556,00:14.56,0.004336,0.029403,0.000625,0.012738
350,14.598,00:14.60,0.005495,0.042298,0.000579,0.017884
351,14.64,00:14.64,0.004534,0.061858,0.000648,0.024209
352,14.681,00:14.68,0.005648,0.06553,0.000625,0.026104
353,14.723,00:14.72,0.340969,0.869842,0.033519,0.49533
354,14.765,00:14.76,0.323376,0.748079,0.060069,0.445692
355,14.806,00:14.81,0.040279,0.102988,0.039838,0.062183
356,14.848,00:14.85,0.02436,0.11465,0.021806,0.055706
357,14.89,00:14.89,0.00615,0.029772,0.000949,0.013898
358,14.932,00:14.93,0.011615,0.048763,0.00787,0.024243
359,14.973,00:14.97,0.008559,0.032163,0.0025,0.016215
360,15.015,00:15.02,0.010601,0.047644,0.008403,0.023346
361,15.057,00:15.06,0.007681,0.05314,0.00206,0.02303
362,15.098,00:15.10,0.01301,0.044763,0.00831,0.023654
363,15.14,00:15.14,0.007185,0.023684,0.001759,0.012417
364,15.182,00:15.18,0.013404,0.038764,0.008843,0.021824
365,15.224,00:15.22,0.010009,0.054301,0.004097,0.02492
366,15.265,00:15.27,0.016053,0.060769,0.011875,0.031286
367,15.307,00:15.31,0.012819,0.064484,0.006528,0.030273
368,15.349,00:15.35,0.019205,0.077964,0.017454,0.039596
369,15.39,00:15.39,0.017702,0.050313,0.013588,0.028705
370,15.432,00:15.43,0.024754,0.05602,0.024306,0.035652
371,15.474,00:15.47,0.021649,0.04256,0.02125,0.028928
372,15.516,00:15.52,0.034359,0.059209,0.031551,0.042776
373,15.557,00:15.56,0.026032,0.046236,0.028426,0.033343
374,15.599,00:15.60,0.03323,0.044652,0.039838,0.037888
375,15.641,00:15.64,0.0428,0.053594,0.032477,0.045546
376,15.682,00:15.68,0.045938,0.058298,0.052384,0.050909
377,15.724,00:15.72,0.05341,0.051993,0.05294,0.052867
378,15.766,00:15.77,0.063893,0.060925,0.065625,0.063027
379,15.807,00:15.81,0.069522,0.050129,0.068056,0.062587
380,15.849,00:15.85,0.081794,0.046872,0.086134,0.070005
381,15.891,00:15.89,0.097925,0.057005,0.088704,0.082681
382,15.933,00:15.93,0.103719,0.058339,0.104653,0.087929
383,15.974,00:15.97,0.114489,0.070825,0.103704,0.098128
384,16.016,00:16.02,0.117408,0.068974,0.114676,0.100183
385,16.058,00:16.06,0.121142,0.067862,0.111597,0.10154
386,16.099,00:16.10,0.117977,0.096763,0.122477,0.111002
387,16.141,00:16.14,0.128773,0.091806,0.127315,0.115688
388,16.183,00:16.18,0.122413,0.080888,0.130856,0.108723
389,16.225,00:16.22,0.115513,0.063622,0.127222,0.098522
390,16.266,00:16.27,0.105603,0.077637,0.129653,0.09822
391,16.308,00:16.31,0.097764,0.061282,0.129491,0.088168
392,16.35,00:16.35,0.105868,0.078304,0.13,0.098634
393,16.391,00:16.39,0.091903,0.066902,0.124444,0.086407
394,16.433,00:16.43,0.082154,0.079205,0.132269,0.086133
395,16.475,00:16.47,0.080611,0.039256,0.131713,0.071247
396,16.517,00:16.52,0.088872,0.212132,0.135532,0.136679
397,16.558,00:16.56,0.077793,0.048061,0.135718,0.073179
398,16.6,00:16.60,0.084451,0.059563,0.137662,0.081061
399,16.642,00:16.64,0.067344,0.026611,0.128449,0.059198
400,16.683,00:16.68,0.080776,0.043729,0.129514,0.072683
401,16.725,00:16.73,0.084387,0.152805,0.153264,0.115221
402,16.767,00:16.77,0.060838,0.114439,0.112292,0.084744
403,16.808,00:16.81,0.070354,0.160298,0.095255,0.104324
404,16.85,00:16.85,0.057795,0.238566,0.075856,0.122871
405,16.892,00:16.89,0.0553,0.270474,0.066736,0.131754
406,16.934,00:16.93,0.041606,0.279726,0.053495,0.126137
407,16.975,00:16.98,0.034851,0.302171,0.044676,0.129396
408,17.017,00:17.02,0.030578,0.285658,0.039676,0.120766
409,17.059,00:17.06,0.018236,0.060366,0.032569,0.034415
410,17.1,00:17.10,0.018098,0.055168,0.02838,0.032101
411,17.142,00:17.14,0.012643,0.034419,0.026065,0.021607
412,17.184,00:17.18,0.01292,0.034936,0.021782,0.021512
413,17.226,00:17.23,0.01177,0.043378,0.018819,0.023538
414,17.267,00:17.27,0.012868,0.033572,0.018125,0.02064
415,17.309,00:17.31,0.01011,0.021339,0.016551,0.014684
416,17.351,00:17.35,0.011261,0.038653,0.015231,0.021245
417,17.392,00:17.39,0.009037,0.019291,0.015787,0.013301
418,17.434,00:17.43,0.009391,0.021661,0.016458,0.014393
419,17.476,00:17.48,0.014017,0.030398,0.020301,0.020379
420,17.518,00:17.52,0.014889,0.030447,0.02287,0.021133
421,17.559,00:17.56,0.01564,0.024781,0.024861,0.019761
422,17.601,00:17.60,0.014624,0.043712,0.027963,0.026139
423,17.643,00:17.64,0.015577,0.01596,0.029144,0.017068
424,17.684,00:17.68,0.01778,0.035678,0.02956,0.025222
425,17.726,00:17.73,0.017501,0.020443,0.030185,0.019799
426,17.768,00:17.77,0.023515,0.042355,0.037407,0.031498
427,17.809,00:17.81,0.019385,0.01844,0.034468,0.020562
428,17.851,00:17.85,0.019162,0.045419,0.035718,0.030007
429,17.893,00:17.89,0.016504,0.021367,0.034653,0.020021
430,17.935,00:17.93,0.011619,0.032831,0.03463,0.021344
431,17.976,00:17.98,0.011636,0.024163,0.032546,0.018111
432,18.018,00:18.02,0.012603,0.022674,0.03331,0.018198
433,18.06,00:18.06,0.011588,0.017013,0.032269,0.015554
434,18.101,00:18.10,0.00527,0.018089,0.027894,0.012019
435,18.143,00:18.14,0.003414,0.019313,0.019144,0.010552
436,18.185,00:18.18,0.007819,0.018663,0.032222,0.014055
437,18.227,00:18.23,0.005269,0.01239,0.028009,0.010036
438,18.268,00:18.27,0.003662,0.016149,0.020162,0.009682
439,18.31,00:18.31,0.006003,0.015333,0.030833,0.011751
440,18.352,00:18.35,0.007222,0.016825,0.032222,0.013083
441,18.393,00:18.39,0.004892,0.062695,0.024815,0.027115
442,18.435,00:18.44,0.00683,0.020557,0.03037,0.013989
443,18.477,00:18.48,0.006694,0.029075,0.029074,0.016765
444,18.519,00:18.52,0.00565,0.017148,0.026458,0.011755
445,18.56,00:18.56,0.007389,0.019567,0.030532,0.013966
446,18.602,00:18.60,0.005273,0.015747,0.026944,0.011106
447,18.644,00:18.64,0.007909,0.019275,0.035,0.014596
448,18.685,00:18.69,0.00879,0.023931,0.03206,0.016416
449,18.727,00:18.73,0.006325,0.017855,0.030486,0.012776
450,18.769,00:18.77,0.007833,0.021198,0.03544,0.015271
451,18.81,00:18.81,0.005391,0.026534,0.028819,0.015134
452,18.852,00:18.85,0.008091,0.014934,0.033403,0.013017
453,18.894,00:18.89,0.006148,0.014881,0.031389,0.011728
454,18.936,00:18.94,0.008301,0.034008,0.031458,0.019614
455,18.977,00:18.98,0.004114,0.017266,0.022315,0.010537
456,19.019,00:19.02,0.005243,0.011944,0.027269,0.009791
457,19.061,00:19.06,0.006236,0.011196,0.028935,0.010242
458,19.102,00:19.10,0.005953,0.021258,0.029398,0.013654
459,19.144,00:19.14,0.006137,0.027928,0.029931,0.016143
460,19.186,00:19.19,0.0078,0.016779,0.031736,0.013336
461,19.228,00:19.23,0.005322,0.012033,0.02787,0.009926
462,19.269,00:19.27,0.007251,0.014369,0.030741,0.012091
463,19.311,00:19.31,0.008759,0.021283,0.028681,0.015135
464,19.353,00:19.35,0.008168,0.015471,0.029792,0.012887
465,19.394,00:19.39,0.011719,0.01755,0.026528,0.015241
466,19.436,00:19.44,0.005387,0.018509,0.024653,0.011906
467,19.478,00:19.48,0.010554,0.019202,0.028681,0.015394
468,19.52,00:19.52,0.006885,0.020899,0.028148,0.013916
469,19.561,00:19.56,0.012792,0.018161,0.031412,0.016533
470,19.603,00:19.60,0.009917,0.018501,0.033588,0.015288
471,19.645,00:19.64,0.010132,0.024308,0.034167,0.017497
472,19.686,00:19.69,0.010473,0.016531,0.035231,0.015069
473,19.728,00:19.73,0.012996,0.012328,0.035093,0.014972
474,19.77,00:19.77,0.010848,0.020304,0.037245,0.016797
475,19.811,00:19.81,0.013894,0.030732,0.03662,0.02206
476,19.853,00:19.85,0.013733,0.021364,0.039514,0.018982
477,19.895,00:19.89,0.014288,0.015976,0.039977,0.017448
478,19.937,00:19.94,0.008732,0.01785,0.042384,0.015289
479,19.978,00:19.98,0.016128,0.01952,0.040255,0.019728
480,20.02,00:20.02,0.011899,0.024499,0.040995,0.019218
481,20.062,00:20.06,0.012454,0.02195,0.038588,0.018391
482,20.103,00:20.10,0.013133,0.016342,0.04,0.016943
483,20.145,00:20.15,0.014141,0.021001,0.039375,0.019065
484,20.187,00:20.19,0.011245,0.017698,0.042778,0.016657
485,20.229,00:20.23,0.017128,0.019802,0.041181,0.02047
486,20.27,00:20.27,0.015738,0.017256,0.040278,0.018723
487,20.312,00:20.31,0.01082,0.016006,0.037662,0.015319
488,20.354,00:20.35,0.011748,0.019322,0.038796,0.017104
489,20.395,00:20.40,0.01208,0.022975,0.038681,0.018553
490,20.437,00:20.44,0.011907,0.017323,0.038819,0.016494
491,20.479,00:20.48,0.011699,0.018636,0.034653,0.016422
492,20.521,00:20.52,0.01003,0.024898,0.033843,0.017615
493,20.562,00:20.56,0.010047,0.020246,0.033148,0.015927
494,20.604,00:20.60,0.009613,0.021379,0.033449,0.016114
495,20.646,00:20.65,0.010652,0.017858,0.030093,0.015118
496,20.687,00:20.69,0.007741,0.019382,0.029653,0.014006
497,20.729,00:20.73,0.008418,0.024436,0.025718,0.015755
498,20.771,00:20.77,0.010559,0.018807,0.028819,0.015272
499,20.812,00:20.81,0.008305,0.016154,0.026574,0.012879
500,20.854,00:20.85,0.006798,0.024176,0.025417,0.014742
501,20.896,00:20.90,0.008359,0.020525,0.025764,0.014358
502,20.938,00:20.94,0.007461,0.021653,0.02537,0.014219
503,20.979,00:20.98,0.007621,0.022702,0.024398,0.014577
504,21.021,00:21.02,0.008434,0.022578,0.024375,0.014979
505,21.063,00:21.06,0.006907,0.018746,0.022315,0.012592
506,21.104,00:21.10,0.008109,0.024217,0.023426,0.015279
507,21.146,00:21.15,0.007701,0.015246,0.020694,0.011641
508,21.188,00:21.19,0.009815,0.023084,0.024491,0.015927
509,21.23,00:21.23,0.007004,0.020814,0.021458,0.013283
510,21.271,00:21.27,0.00522,0.016143,0.017731,0.010294
511,21.313,00:21.31,0.008092,0.014013,0.022245,0.011579
512,21.355,00:21.35,0.006285,0.020601,0.022153,0.012882
513,21.396,00:21.40,0.007288,0.014709,0.021273,0.011284
514,21.438,00:21.44,0.005836,0.017063,0.021759,0.011358
515,21.48,00:21.48,0.007605,0.019543,0.024861,0.013509
516,21.522,00:21.52,0.006268,0.016355,0.02419,0.011591
517,21.563,00:21.56,0.006332,0.019271,0.024514,0.012679
518,21.605,00:21.60,0.004194,0.013644,0.018472,0.008929
519,21.647,00:21.65,0.005378,0.024216,0.025324,0.013966
520,21.688,00:21.69,0.003536,0.018466,0.020602,0.010468
521,21.73,00:21.73,0.008075,0.025292,0.027245,0.016018
522,21.772,00:21.77,0.00618,0.038708,0.024838,0.019431
523,21.813,00:21.81,0.00803,0.043557,0.025856,0.022247
524,21.855,00:21.86,0.007037,0.021176,0.026134,0.013895
525,21.897,00:21.90,0.009662,0.020035,0.030486,0.015375
526,21.939,00:21.94,0.008111,0.017544,0.028079,0.01341
527,21.98,00:21.98,0.009197,0.024248,0.03412,0.016957
528,22.022,00:22.02,0.006248,0.024048,0.037361,0.01559
529,22.064,00:22.06,0.009199,0.027937,0.039259,0.018763
530,22.105,00:22.11,0.005942,0.015917,0.037824,0.012621
531,22.147,00:22.15,0.005923,0.022381,0.035856,0.014677
532,22.189,00:22.19,0.005972,0.021022,0.038194,0.014462
533,22.231,00:22.23,0.007467,0.027605,0.044514,0.01822
534,22.272,00:22.27,0.006388,0.045905,0.043148,0.023895
535,22.314,00:22.31,0.010114,0.194196,0.045185,0.07805
536,22.356,00:22.36,0.011103,0.288288,0.030139,0.110021
537,22.397,00:22.40,0.010825,0.24483,0.035556,0.0952
538,22.439,00:22.44,0.013011,0.236296,0.032315,0.093091
539,22.481,00:22.48,0.015256,0.18794,0.047199,0.07889
540,22.523,00:22.52,0.019006,0.155002,0.063218,0.071026
541,22.564,00:22.56,0.017385,0.10888,0.098449,0.057515
542,22.606,00:22.61,0.016441,0.061876,0.06581,0.03728
543,22.648,00:22.65,0.012401,0.021687,0.068634,0.021274
544,22.689,00:22.69,0.020457,0.009815,0.066944,0.021381
545,22.731,00:22.73,0.021988,0.004678,0.069676,0.020699
546,22.773,00:22.77,0.023982,0.015613,0.073356,0.02599
547,22.814,00:22.81,0.024169,0.007325,0.07463,0.02332
548,22.856,00:22.86,0.023349,0.003694,0.075532,0.021688
549,22.898,00:22.90,0.023539,0.011344,0.075648,0.024481
550,22.94,00:22.94,0.024623,0.024612,0.078194,0.029976
551,22.981,00:22.98,0.027402,0.015252,0.073449,0.027754
552,23.023,00:23.02,0.02407,0.019338,0.068912,0.026898
553,23.065,00:23.06,0.132711,0.579087,0.060926,0.281764
554,23.106,00:23.11,0.087073,0.137589,0.057361,0.101783
555,23.148,00:23.15,0.061788,0.09539,0.062222,0.073592
556,23.19,00:23.19,0.062777,0.193631,0.065347,0.108833
557,23.232,00:23.23,0.038907,0.206139,0.054144,0.098962
558,23.273,00:23.27,0.037358,0.110541,0.037731,0.06301
559,23.315,00:23.31,0.032535,0.177395,0.024537,0.082437
560,23.357,00:23.36,0.040293,0.07056,0.008102,0.047668
561,23.398,00:23.40,0.047204,0.066467,0.0,0.049226
562,23.44,00:23.44,0.199978,0.676075,0.013241,0.347938
563,23.482,00:23.48,0.096094,0.099235,0.024398,0.090024
564,23.524,00:23.52,0.10687,0.256721,0.019954,0.150626
565,23.565,00:23.57,0.0807,0.173615,0.017384,0.106889
566,23.607,00:23.61,0.090741,0.205651,0.027245,0.12461
567,23.649,00:23.65,0.073553,0.129901,0.030417,0.088961
568,23.69,00:23.69,0.059802,0.351053,0.012986,0.157058
569,23.732,00:23.73,0.01785,0.251896,0.000208,0.098002
570,23.774,00:23.77,0.030347,0.423078,0.0,0.164769
571,23.815,00:23.82,0.020482,0.153157,0.0,0.06487
572,23.857,00:23.86,0.026759,0.147595,0.0,0.066376
573,23.899,00:23.90,0.143462,1.0,0.194653,0.448369
574,23.941,00:23.94,0.19716,0.25309,0.293171,0.226337
575,23.982,00:23.98,0.214261,0.380328,0.273287,0.278287
576,24.024,00:24.02,0.235579,0.493493,0.259769,0.328268
577,24.066,00:24.07,0.207847,0.495179,0.202616,0.30789
578,24.107,00:24.11,0.209426,0.29642,0.161481,0.235079
579,24.149,00:24.15,0.207355,0.257292,0.172986,0.221396
580,24.191,00:24.19,0.197299,0.223558,0.160787,0.202838
581,24.233,00:24.23,0.176704,0.206605,0.158866,0.185385
582,24.274,00:24.27,0.141358,0.15885,0.166644,0.150008
583,24.316,00:24.32,0.082294,0.072749,0.155556,0.086279
584,24.358,00:24.36,0.045719,0.066127,0.14125,0.062415
585,24.399,00:24.40,0.043131,0.051186,0.139282,0.055565
586,24.441,00:24.44,0.026835,0.066547,0.121412,0.050192
587,24.483,00:24.48,0.029379,0.043207,0.126134,0.043895
588,24.525,00:24.52,0.021881,0.035953,0.108102,0.035428
589,24.566,00:24.57,0.025575,0.044781,0.11787,0.041527
590,24.608,00:24.61,0.004149,0.049521,0.020185,0.021633
591,24.65,00:24.65,0.001555,0.020697,0.007662,0.008865
592,24.691,00:24.69,0.002173,0.02447,0.012662,0.011026
593,24.733,00:24.73,0.001443,0.035277,0.007685,0.013909
594,24.775,00:24.77,0.000724,0.021977,0.002431,0.008333
595,24.816,00:24.82,0.00038,0.016389,0.001852,0.00613
596,24.858,00:24.86,0.001279,0.03294,0.005995,0.012832
597,24.9,00:24.90,0.000638,0.023964,0.002662,0.009004
598,24.942,00:24.94,0.001418,0.038714,0.003796,0.01471
599,24.983,00:24.98,0.001391,0.024583,0.006644,0.010033
600,25.025,00:25.03,0.002289,0.04589,0.007685,0.018089
601,25.067,00:25.07,0.004523,0.036158,0.022176,0.01736
602,25.108,00:25.11,0.005099,0.037551,0.027315,0.018679
603,25.15,00:25.15,0.013606,0.044657,0.061736,0.029287
604,25.192,00:25.19,0.003666,0.046198,0.020787,0.020264
605,25.234,00:25.23,0.002407,0.036447,0.014977,0.015578
606,25.275,00:25.28,0.01222,0.049139,0.057014,0.029621
607,25.317,00:25.32,0.003491,0.029938,0.020231,0.014421
608,25.359,00:25.36,0.002993,0.035641,0.014699,0.015591
609,25.4,00:25.40,0.011127,0.049921,0.052639,0.028856
610,25.442,00:25.44,0.003785,0.031482,0.020162,0.015116
611,25.484,00:25.48,0.003058,0.037495,0.018218,0.016627
612,25.526,00:25.53,0.010969,0.045668,0.052778,0.027294
613,25.567,00:25.57,0.002796,0.027904,0.014977,0.012802
614,25.609,00:25.61,0.025564,0.056654,0.089028,0.042792
615,25.651,00:25.65,0.004227,0.04414,0.021481,0.019922
616,25.692,00:25.69,0.0272,0.051404,0.092269,0.042178
617,25.734,00:25.73,0.004173,0.036919,0.023056,0.017523
618,25.776,00:25.78,0.003815,0.038151,0.019491,0.0174
619,25.817,00:25.82,0.049225,0.068155,0.115532,0.062481
620,25.859,00:25.86,0.005122,0.036655,0.029699,0.018617
621,25.901,00:25.90,0.099417,0.124357,0.138449,0.112049
622,25.943,00:25.94,0.002687,0.037035,0.014537,0.015894
623,25.984,00:25.98,0.053589,0.063396,0.12456,0.064119
624,26.026,00:26.03,0.005276,0.048039,0.027431,0.022458
625,26.068,00:26.07,0.048718,0.06834,0.122523,0.062967
626,26.109,00:26.11,0.004179,0.039035,0.023079,0.018269
627,26.151,00:26.15,0.00296,0.034516,0.014861,0.015195
628,26.193,00:26.19,0.018518,0.044502,0.071551,0.032916
629,26.235,00:26.23,0.004446,0.034719,0.025278,0.017124
630,26.276,00:26.28,0.003418,0.029512,0.015949,0.013804
631,26.318,00:26.32,0.015357,0.053143,0.065532,0.0336
632,26.36,00:26.36,0.004295,0.048959,0.021319,0.02163
633,26.401,00:26.40,0.004505,0.039062,0.024537,0.018603
634,26.443,00:26.44,0.017108,0.048209,0.071528,0.033435
635,26.485,00:26.48,0.004348,0.031343,0.023333,0.015695
636,26.527,00:26.53,0.004685,0.047004,0.024282,0.021456
637,26.568,00:26.57,0.009913,0.039704,0.049931,0.024342
638,26.61,00:26.61,0.005286,0.034254,0.028611,0.017757
639,26.652,00:26.65,0.003812,0.033717,0.021319,0.01603
640,26.693,00:26.69,0.009915,0.04401,0.049514,0.025808
641,26.735,00:26.74,0.001957,0.02606,0.01088,0.011286
642,26.777,00:26.78,0.001403,0.019329,0.008148,0.008352
643,26.818,00:26.82,0.337836,0.650944,0.186019,0.432242
644,26.86,00:26.86,0.03594,0.063775,0.11206,0.053295
645,26.902,00:26.90,0.034445,0.040899,0.091389,0.042399
646,26.944,00:26.94,0.037155,0.042381,0.091574,0.044426
647,26.985,00:26.99,0.023869,0.036886,0.078542,0.033892
648,27.027,00:27.03,0.024458,0.055222,0.085046,0.041284
649,27.069,00:27.07,0.281865,0.319751,0.194861,0.286425
650,27.11,00:27.11,0.02668,0.058571,0.093681,0.044542
651,27.152,00:27.15,0.016377,0.052006,0.026644,0.029874
652,27.194,00:27.19,0.013799,0.04784,0.025903,0.026924
653,27.236,00:27.24,0.010051,0.031653,0.021829,0.018789
654,27.277,00:27.28,0.001907,0.030765,0.006389,0.012456
655,27.319,00:27.32,0.000851,0.024882,0.003218,0.009498
656,27.361,00:27.36,0.000894,0.024537,0.003333,0.009413
657,27.402,00:27.40,0.001239,0.033174,0.00456,0.012748
658,27.444,00:27.44,0.306146,0.96848,0.144005,0.521749
659,27.486,00:27.49,0.135346,0.42546,0.056481,0.229
660,27.528,00:27.53,0.102766,0.113175,0.055231,0.101656
661,27.569,00:27.57,0.096249,0.079279,0.041157,0.084801
662,27.611,00:27.61,0.076673,0.093836,0.026921,0.077705
663,27.653,00:27.65,0.053052,0.076443,0.022199,0.058153
664,27.694,00:27.69,0.047235,0.059254,0.019884,0.048706
665,27.736,00:27.74,0.03789,0.051798,0.01581,0.04055
666,27.778,00:27.78,0.023772,0.067045,0.0125,0.03779
667,27.819,00:27.82,0.015289,0.054987,0.01088,0.028742
668,27.861,00:27.86,0.014331,0.053974,0.010764,0.027849
669,27.903,00:27.90,0.00817,0.021088,0.009907,0.012865
670,27.945,00:27.94,0.005706,0.03234,0.009583,0.015416
671,27.986,00:27.99,0.003776,0.021332,0.008796,0.010422
672,28.028,00:28.03,0.003546,0.033497,0.00838,0.014512
673,28.07,00:28.07,0.002811,0.040714,0.007431,0.016539
674,28.111,00:28.11,0.002464,0.017302,0.006759,0.008087
675,28.153,00:28.15,0.002128,0.017002,0.006806,0.007802
676,28.195,00:28.19,0.002327,0.033479,0.006343,0.013632
677,28.237,00:28.24,0.001986,0.023009,0.005856,0.009731
678,28.278,00:28.28,0.003061,0.016404,0.007986,0.008224
679,28.32,00:28.32,0.001455,0.012626,0.00456,0.005675
680,28.362,00:28.36,0.003289,0.026958,0.007616,0.012006
681,28.403,00:28.40,0.00206,0.02784,0.006088,0.011486
682,28.445,00:28.45,0.001474,0.05202,0.003194,0.019337
683,28.487,00:28.49,0.000872,0.015382,0.002708,0.006134
684,28.529,00:28.53,0.000576,0.012876,0.000255,0.004849
685,28.57,00:28.57,0.000442,0.006669,0.000301,0.002607
686,28.612,00:28.61,0.000351,0.008686,0.000255,0.003258
687,28.654,00:28.65,0.120513,0.504123,0.020509,0.244776
688,28.695,00:28.70,0.304137,0.539407,0.113218,0.367389
689,28.737,00:28.74,0.001441,0.026975,0.005926,0.010826
690,28.779,00:28.78,0.294768,0.316717,0.177245,0.290698
691,28.82,00:28.82,0.001278,0.025038,0.005486,0.010015
692,28.862,00:28.86,0.212049,0.348268,0.152431,0.253764
693,28.904,00:28.90,0.00158,0.022915,0.007222,0.009612
694,28.946,00:28.95,0.067405,0.067196,0.112523,0.071843
695,28.987,00:28.99,0.00057,0.016517,0.001134,0.006208
696,29.029,00:29.03,0.002777,0.030276,0.010324,0.013156
697,29.071,00:29.07,0.043725,0.049013,0.1,0.051203
698,29.112,00:29.11,0.002956,0.032268,0.011319,0.014052
699,29.154,00:29.15,0.00135,0.023408,0.005463,0.009482
700,29.196,00:29.20,0.000758,0.042362,0.001481,0.015392
701,29.238,00:29.24,0.000643,0.015994,0.001435,0.006095
702,29.279,00:29.28,0.000787,0.020822,0.001944,0.007915
703,29.321,00:29.32,0.02002,0.128813,0.031343,0.05923
704,29.363,00:29.36,0.001369,0.021145,0.003403,0.008494
705,29.404,00:29.40,0.057336,0.101254,0.073796,0.074353
706,29.446,00:29.45,0.000968,0.018467,0.00419,0.007415
707,29.488,00:29.49,0.168909,0.2089,0.125417,0.178557
708,29.53,00:29.53,0.001278,0.024115,0.005231,0.009666
709,29.571,00:29.57,0.2004,0.250297,0.161852,0.214009
710,29.613,00:29.61,0.127596,0.131893,0.160741,0.132414
711,29.655,00:29.65,0.000444,0.011021,0.000833,0.004185
712,29.696,00:29.70,0.065276,0.107999,0.130139,0.086715
713,29.738,00:29.74,0.002778,0.029288,0.013079,0.013087
714,29.78,00:29.78,0.032167,0.058222,0.104884,0.048558
715,29.821,00:29.82,0.001939,0.024562,0.009491,0.010612
716,29.863,00:29.86,0.054929,0.072335,0.108981,0.066427
717,29.905,00:29.90,0.002429,0.028978,0.012963,0.012775
718,29.947,00:29.95,0.024131,0.054567,0.085718,0.040942
719,29.988,00:29.99,0.000792,0.018477,0.002917,0.007194
720,30.03,00:30.03,0.029863,0.05094,0.103634,0.044617
721,30.072,00:30.07,0.003296,0.028119,0.015532,0.013207
722,30.113,00:30.11,0.063629,0.067708,0.131157,0.071809
723,30.155,00:30.16,0.000837,0.017802,0.002708,0.006962
724,30.197,00:30.20,0.043953,0.039073,0.119028,0.049752
725,30.239,00:30.24,0.001245,0.020048,0.006181,0.00832
726,30.28,00:30.28,0.02165,0.041816,0.097546,0.036297
727,30.322,00:30.32,0.002154,0.025543,0.010185,0.011143
728,30.364,00:30.36,0.001437,0.032984,0.005671,0.012902
729,30.405,00:30.41,0.333023,0.749882,0.185532,0.464175
730,30.447,00:30.45,0.054034,0.050411,0.15787,0.06315
731,30.489,00:30.49,0.040879,0.042246,0.138194,0.051089
732,30.531,00:30.53,0.042607,0.046763,0.13919,0.05372
733,30.572,00:30.57,0.02687,0.042795,0.113796,0.041136
734,30.614,00:30.61,0.030955,0.046908,0.128079,0.046251
735,30.656,00:30.66,0.261107,0.507063,0.191944,0.340276
736,30.697,00:30.70,0.041344,0.056727,0.122245,0.054818
737,30.739,00:30.74,0.040124,0.040255,0.128449,0.049002
738,30.781,00:30.78,0.035802,0.040925,0.130023,0.047017
739,30.822,00:30.82,0.035695,0.042304,0.129514,0.04739
740,30.864,00:30.86,0.002016,0.026829,0.008519,0.011351
741,30.906,00:30.91,0.002178,0.026528,0.008866,0.011369
742,30.948,00:30.95,0.002399,0.03081,0.009815,0.013084
743,30.989,00:30.99,0.251203,0.874294,0.199537,0.464118
744,31.031,00:31.03,0.0974,0.083716,0.160787,0.098949
745,31.073,00:31.07,0.095441,0.076721,0.156806,0.095026
746,31.114,00:31.11,0.092928,0.097516,0.154444,0.100685
747,31.156,00:31.16,0.093238,0.103291,0.153056,0.102738
748,31.198,00:31.20,0.090521,0.099335,0.154769,0.100031
749,31.24,00:31.24,0.089139,0.103734,0.157917,0.101125
750,31.281,00:31.28,0.091129,0.161914,0.157523,0.122543
751,31.323,00:31.32,0.084972,0.091262,0.16081,0.094757
752,31.365,00:31.36,0.082042,0.090673,0.161574,0.093016
753,31.406,00:31.41,0.079249,0.070773,0.160671,0.084424
754,31.448,00:31.45,0.089177,0.12269,0.168889,0.108878
755,31.49,00:31.49,0.093914,0.093254,0.179769,0.102268
756,31.532,00:31.53,0.108869,0.140329,0.193727,0.128366
757,31.573,00:31.57,0.120269,0.106929,0.207338,0.124307
758,31.615,00:31.61,0.135135,0.100623,0.230602,0.132603
759,31.657,00:31.66,0.142048,0.059378,0.243079,0.123216
760,31.698,00:31.70,0.14872,0.06607,0.249028,0.129823
761,31.74,00:31.74,0.13434,0.072086,0.245671,0.123684
762,31.782,00:31.78,0.140493,0.052562,0.245278,0.120196
763,31.823,00:31.82,0.128706,0.045086,0.241481,0.110717
764,31.865,00:31.87,0.132986,0.056189,0.239144,0.116723
765,31.907,00:31.91,0.116127,0.04704,0.237708,0.104105
766,31.949,00:31.95,0.116288,0.046548,0.235995,0.103849
767,31.99,00:31.99,0.026389,0.049767,0.068194,0.038751
768,32.032,00:32.03,0.0018,0.027307,0.006667,0.011214
769,32.074,00:32.07,0.006158,0.037955,0.028171,0.019488
770,32.115,00:32.12,0.027264,0.041011,0.066227,0.035972
771,32.157,00:32.16,0.001391,0.015861,0.007014,0.007018
772,32.199,00:32.20,0.000971,0.018333,0.004745,0.007425
773,32.241,00:32.24,0.016101,0.033106,0.051898,0.025633
774,32.282,00:32.28,0.00101,0.015913,0.005023,0.006628
775,32.324,00:32.32,0.003381,0.025762,0.016782,0.012554
776,32.366,00:32.37,0.01482,0.034135,0.050949,0.025193
777,32.407,00:32.41,0.001072,0.016602,0.005671,0.006968
778,32.449,00:32.45,0.000495,0.011948,0.003194,0.004773
779,32.491,00:32.49,0.045696,0.065106,0.079861,0.055906
780,32.533,00:32.53,0.004543,0.025504,0.022847,0.01371
781,32.574,00:32.57,0.001457,0.022497,0.005694,0.009245
782,32.616,00:32.62,0.025546,0.044779,0.067894,0.036512
783,32.658,00:32.66,0.000816,0.013901,0.004491,0.005763
784,32.699,00:32.70,0.000658,0.010617,0.00331,0.004409
785,32.741,00:32.74,0.03924,0.044556,0.079005,0.045077
786,32.783,00:32.78,0.002693,0.028678,0.011157,0.012634
787,32.824,00:32.82,0.009265,0.031432,0.047106,0.020807
788,32.866,00:32.87,0.056321,0.075886,0.115162,0.069053
789,32.908,00:32.91,0.014835,0.041238,0.075417,0.030134
790,32.95,00:32.95,0.013919,0.035399,0.068495,0.026895
791,32.991,00:32.99,0.051192,0.074453,0.10669,0.064883
792,33.033,00:33.03,0.013932,0.033159,0.074468,0.026715
793,33.075,00:33.07,0.008542,0.030048,0.046042,0.019819
794,33.116,00:33.12,0.047216,0.052749,0.127593,0.05719
795,33.158,00:33.16,0.017361,0.038088,0.086644,0.031543
796,33.2,00:33.20,0.014105,0.035701,0.073495,0.027602
797,33.242,00:33.24,0.042486,0.052545,0.107338,0.052492
798,33.283,00:33.28,0.011456,0.044083,0.060694,0.027799
799,33.325,00:33.32,0.008968,0.034447,0.046759,0.021665
800,33.367,00:33.37,0.036444,0.052141,0.116505,0.049944
801,33.408,00:33.41,0.013805,0.038328,0.069306,0.027938
802,33.45,00:33.45,0.008435,0.033368,0.046667,0.020985
803,33.492,00:33.49,0.028767,0.040417,0.089606,0.038928
804,33.534,00:33.53,0.015249,0.035423,0.08044,0.028829
805,33.575,00:33.58,0.007452,0.030879,0.040741,0.01898
806,33.617,00:33.62,0.014207,0.036727,0.075069,0.028175
807,33.659,00:33.66,0.008852,0.032938,0.045949,0.020992
808,33.7,00:33.70,0.013822,0.034494,0.073403,0.027015
809,33.742,00:33.74,0.013075,0.033428,0.072176,0.026109
810,33.784,00:33.78,0.01244,0.034686,0.066829,0.025665
811,33.825,00:33.83,0.013076,0.031446,0.070694,0.025268
812,33.867,00:33.87,0.013817,0.033724,0.07625,0.027027
813,33.909,00:33.91,0.01186,0.03759,0.06463,0.026143
814,33.951,00:33.95,0.27208,0.863531,0.226481,0.474528
815,33.992,00:33.99,0.02595,0.051158,0.084005,0.040578
816,34.034,00:34.03,0.022177,0.029575,0.068519,0.029401
817,34.076,00:34.08,0.022737,0.034324,0.068843,0.031403
818,34.117,00:34.12,0.015986,0.029224,0.060417,0.025062
819,34.159,00:34.16,0.018343,0.029291,0.068426,0.027183
820,34.201,00:34.20,0.281048,0.4429,0.226644,0.332256
821,34.243,00:34.24,0.048844,0.036004,0.154097,0.054876
822,34.284,00:34.28,0.047489,0.034627,0.15,0.053238
823,34.326,00:34.33,0.000439,0.010599,0.000833,0.004034
824,34.368,00:34.37,0.000306,0.010676,0.001088,0.004014
825,34.409,00:34.41,0.000636,0.01323,0.003171,0.005297
826,34.451,00:34.45,0.001336,0.013345,0.006852,0.006091
827,34.493,00:34.49,0.003135,0.019847,0.013843,0.010055
828,34.535,00:34.53,0.000949,0.010382,0.006204,0.004776
829,34.576,00:34.58,0.288107,0.983585,0.189398,0.521654
830,34.618,00:34.62,0.118443,0.415677,0.116782,0.222309
831,34.66,00:34.66,0.066306,0.074654,0.074028,0.07
832,34.701,00:34.70,0.220957,0.356766,0.152593,0.261654
833,34.743,00:34.74,0.030722,0.063546,0.027593,0.041898
834,34.785,00:34.78,0.254119,0.30796,0.190648,0.266616
835,34.826,00:34.83,0.026396,0.07801,0.05125,0.046947
836,34.868,00:34.87,0.251729,0.245126,0.215579,0.245803
837,34.91,00:34.91,0.036285,0.082695,0.058866,0.054787
838,34.952,00:34.95,0.203689,0.159433,0.237338,0.191564
839,34.993,00:34.99,0.05811,0.085861,0.085301,0.070542
840,35.035,00:35.04,0.206142,0.139742,0.259444,0.188232
841,35.077,00:35.08,0.088136,0.099984,0.139306,0.0974
842,35.118,00:35.12,0.25292,0.201404,0.318657,0.241463
843,35.16,00:35.16,0.109319,0.061491,0.200833,0.10173
844,35.202,00:35.20,0.270445,0.208533,0.322454,0.253977
845,35.244,00:35.24,0.097953,0.05662,0.18463,0.092154
846,35.285,00:35.29,0.180225,0.085747,0.304537,0.159589
847,35.327,00:35.33,0.087303,0.061535,0.166667,0.086221
848,35.369,00:35.37,0.178202,0.081626,0.304468,0.157027
849,35.41,00:35.41,0.086865,0.067832,0.171782,0.088695
850,35.452,00:35.45,0.197798,0.091954,0.319653,0.172938
851,35.494,00:35.49,0.08044,0.05416,0.171782,0.080376
852,35.536,00:35.54,0.176172,0.07583,0.320069,0.155442
853,35.577,00:35.58,0.071863,0.051636,0.172361,0.074834
854,35.619,00:35.62,0.173549,0.079691,0.329977,0.156342
855,35.661,00:35.66,0.073236,0.04932,0.192593,0.076801
856,35.702,00:35.70,0.13611,0.058913,0.318472,0.127328
857,35.744,00:35.74,0.065065,0.043854,0.176898,0.068825
858,35.786,00:35.79,0.144805,0.061632,0.316829,0.132897
859,35.827,00:35.83,0.073726,0.043256,0.191898,0.074879
860,35.869,00:35.87,0.140193,0.06621,0.321134,0.132393
861,35.911,00:35.91,0.072336,0.042267,0.204514,0.07503
862,35.953,00:35.95,0.142091,0.079555,0.331551,0.13915
863,35.994,00:35.99,0.002024,0.022529,0.010208,0.010019
864,36.036,00:36.04,0.008672,0.06702,0.030741,0.0313
865,36.078,00:36.08,0.007755,0.031487,0.038889,0.019175
866,36.119,00:36.12,0.019154,0.047667,0.066667,0.033885
867,36.161,00:36.16,0.016589,0.037681,0.08581,0.030893
868,36.203,00:36.20,0.02473,0.052332,0.103565,0.042274
869,36.245,00:36.24,0.023884,0.047172,0.113264,0.040973
870,36.286,00:36.29,0.026556,0.051976,0.092639,0.042061
871,36.328,00:36.33,0.019845,0.037882,0.100671,0.034241
872,36.37,00:36.37,0.033172,0.045306,0.124097,0.046512
873,36.411,00:36.41,0.018843,0.039895,0.095324,0.033859
874,36.453,00:36.45,0.037717,0.057544,0.11338,0.052223
875,36.495,00:36.49,0.019209,0.038008,0.10088,0.033956
876,36.537,00:36.54,0.035369,0.050794,0.113704,0.048601
877,36.578,00:36.58,0.018281,0.041635,0.093009,0.033928
878,36.62,00:36.62,0.040297,0.056834,0.128681,0.054923
879,36.662,00:36.66,0.02112,0.03791,0.10581,0.035465
880,36.703,00:36.70,0.037495,0.052343,0.123958,0.051338
881,36.745,00:36.75,0.023215,0.03719,0.114097,0.037195
882,36.787,00:36.79,0.03788,0.047477,0.117153,0.049167
883,36.828,00:36.83,0.020952,0.035681,0.102477,0.03426
884,36.87,00:36.87,0.034966,0.048033,0.123449,0.048388
885,36.912,00:36.91,0.021265,0.041668,0.105069,0.036787
886,36.954,00:36.95,0.038727,0.065533,0.115718,0.055808
887,36.995,00:37.00,0.02263,0.036756,0.111458,0.036457
888,37.037,00:37.04,0.035158,0.053809,0.13537,0.051707
889,37.079,00:37.08,0.020672,0.038791,0.102778,0.035224
890,37.12,00:37.12,0.040697,0.057985,0.125764,0.055254
891,37.162,00:37.16,0.022726,0.038574,0.109907,0.036991
892,37.204,00:37.20,0.283292,0.652023,0.30338,0.414357
893,37.246,00:37.25,0.145948,0.097946,0.188657,0.133418
894,37.287,00:37.29,0.19717,0.156916,0.211366,0.184501
895,37.329,00:37.33,0.184746,0.098926,0.224537,0.158688
896,37.371,00:37.37,0.12135,0.061625,0.22419,0.11073
897,37.412,00:37.41,0.082479,0.046794,0.220208,0.083762
898,37.454,00:37.45,0.054695,0.0515,0.184097,0.066517
899,37.496,00:37.50,0.002186,0.032751,0.010023,0.013667
900,37.538,00:37.54,0.010401,0.03452,0.034931,0.021296
901,37.579,00:37.58,0.000672,0.020692,0.001991,0.007811
902,37.621,00:37.62,0.00054,0.0214,0.001759,0.007963
903,37.663,00:37.66,0.002212,0.027645,0.008773,0.011769
904,37.704,00:37.70,0.295081,0.426882,0.258981,0.337601
905,37.746,00:37.75,0.195348,0.127123,0.272685,0.179203
906,37.788,00:37.79,0.00189,0.025357,0.009792,0.010894
907,37.829,00:37.83,0.143087,0.071482,0.264236,0.13014
908,37.871,00:37.87,0.003766,0.029043,0.016042,0.01384
909,37.913,00:37.91,0.145999,0.097698,0.257407,0.140235
910,37.955,00:37.95,0.001511,0.026612,0.00669,0.010814
911,37.996,00:38.00,0.111029,0.071639,0.246111,0.110751
912,38.038,00:38.04,0.005877,0.037587,0.026412,0.019029
913,38.08,00:38.08,0.00238,0.021616,0.011019,0.009977
914,38.121,00:38.12,0.289613,0.839955,0.179005,0.471172
915,38.163,00:38.16,0.010877,0.018446,0.030023,0.015441
916,38.205,00:38.20,0.07578,0.255482,0.034514,0.134549
917,38.247,00:38.25,0.126799,0.277287,0.053889,0.172179
918,38.288,00:38.29,0.057141,0.145278,0.065417,0.088817
919,38.33,00:38.33,0.005792,0.02414,0.018032,0.013438
920,38.372,00:38.37,0.04594,0.07122,0.061944,0.056388
921,38.413,00:38.41,0.082594,0.303118,0.064676,0.157986
922,38.455,00:38.46,0.043428,0.171569,0.055278,0.089463
923,38.497,00:38.50,0.008763,0.026954,0.028866,0.01714
924,38.539,00:38.54,0.02162,0.052655,0.050463,0.035366
925,38.58,00:38.58,0.009082,0.030029,0.031019,0.018607
926,38.622,00:38.62,0.03648,0.140766,0.052384,0.07457
927,38.664,00:38.66,0.098446,0.223296,0.054653,0.137764
928,38.705,00:38.71,0.008294,0.039789,0.023634,0.020851
929,38.747,00:38.75,0.158052,0.383475,0.074907,0.228636
930,38.789,00:38.79,0.006911,0.038848,0.025972,0.019995
931,38.83,00:38.83,0.112791,0.171103,0.095509,0.131472
932,38.872,00:38.87,0.006433,0.024486,0.021296,0.014238
933,38.914,00:38.91,0.106223,0.096941,0.101829,0.102535
934,38.956,00:38.96,0.006525,0.029851,0.022523,0.016289
935,38.997,00:39.00,0.15866,0.266338,0.11294,0.191775
936,39.039,00:39.04,0.00551,0.024599,0.021366,0.013777
937,39.081,00:39.08,0.119107,0.174596,0.107014,0.137319
938,39.122,00:39.12,0.007711,0.044528,0.020579,0.021884
939,39.164,00:39.16,0.205816,0.225745,0.110486,0.203258
940,39.206,00:39.21,0.005404,0.023614,0.020417,0.013279
941,39.248,00:39.25,0.207392,0.191721,0.111273,0.192295
942,39.289,00:39.29,0.002851,0.028208,0.009838,0.012425
943,39.331,00:39.33,0.216442,0.211612,0.134907,0.206598
944,39.373,00:39.37,0.003163,0.024344,0.012847,0.011545
945,39.414,00:39.41,0.185171,0.17247,0.163819,0.17859
946,39.456,00:39.46,0.005363,0.024066,0.022824,0.013655
947,39.498,00:39.50,0.147058,0.139632,0.165671,0.146321
948,39.54,00:39.54,0.194729,0.215575,0.141944,0.196747
949,39.581,00:39.58,0.002018,0.02038,0.005671,0.00881
950,39.623,00:39.62,0.07605,0.101868,0.106806,0.088162
951,39.665,00:39.66,0.002878,0.024005,0.008449,0.01083
952,39.706,00:39.71,0.147165,0.157321,0.11206,0.147209
953,39.748,00:39.75,0.256031,0.34656,0.161065,0.278219
954,39.79,00:39.79,0.263538,0.380948,0.194398,0.297717
955,39.831,00:39.83,0.0025,0.02968,0.009468,0.01271
956,39.873,00:39.87,0.195718,0.230215,0.172477,0.205468
957,39.915,00:39.91,0.003611,0.034112,0.012755,0.015201
958,39.957,00:39.96,0.184449,0.213665,0.129514,0.189181
959,39.998,00:40.00,0.00296,0.029092,0.011042,0.012914
960,40.04,00:40.04,0.213136,0.409144,0.138449,0.27427
961,40.082,00:40.08,0.002959,0.024173,0.011227,0.011211
962,40.123,00:40.12,0.122932,0.137927,0.153819,0.131269
963,40.165,00:40.17,0.003891,0.022486,0.012269,0.011237
964,40.207,00:40.21,0.103013,0.138216,0.149352,0.119968
965,40.249,00:40.25,0.005129,0.03033,0.021181,0.015555
966,40.29,00:40.29,0.096123,0.105577,0.137176,0.103537
967,40.332,00:40.33,0.005848,0.025655,0.023912,0.014587
968,40.374,00:40.37,0.076363,0.102295,0.137755,0.091579
969,40.415,00:40.42,0.007204,0.029386,0.032269,0.017474
970,40.457,00:40.46,0.130293,0.132234,0.158241,0.133767
971,40.499,00:40.50,0.005404,0.024881,0.026782,0.014359
972,40.541,00:40.54,0.100521,0.113615,0.167338,0.111786
973,40.582,00:40.58,0.005434,0.030893,0.024097,0.016211
974,40.624,00:40.62,0.104282,0.101784,0.165671,0.109547
975,40.666,00:40.67,0.006545,0.030521,0.031481,0.01743
976,40.707,00:40.71,0.128869,0.124514,0.162338,0.130691
977,40.749,00:40.75,0.006574,0.031646,0.026597,0.017352
978,40.791,00:40.79,0.193416,0.207744,0.167755,0.195865
979,40.832,00:40.83,0.005213,0.025862,0.022037,0.014122
980,40.874,00:40.87,0.15093,0.169418,0.179491,0.160257
981,40.916,00:40.92,0.042847,0.142621,0.068218,0.080305
982,40.958,00:40.96,0.229046,0.210869,0.227731,0.222553
983,40.999,00:41.00,0.003883,0.023951,0.016644,0.012183
984,41.041,00:41.04,0.293722,0.241791,0.215602,0.267734
985,41.083,00:41.08,0.284249,0.415588,0.183542,0.320147
986,41.124,00:41.12,0.006368,0.025778,0.031296,0.015654
987,41.166,00:41.17,0.152984,0.195635,0.165579,0.169171
988,41.208,00:41.21,0.079905,0.182157,0.104769,0.11818
989,41.25,00:41.25,0.058844,0.080031,0.095741,0.069949
990,41.291,00:41.29,0.18563,0.231223,0.171944,0.200219
991,41.333,00:41.33,0.080604,0.135909,0.105417,0.102442
992,41.375,00:41.37,0.105731,0.148966,0.116875,0.121978
993,41.416,00:41.42,0.0654,0.132205,0.080787,0.090321
994,41.458,00:41.46,0.042728,0.201118,0.059769,0.099868
995,41.5,00:41.50,0.167275,0.162949,0.141528,0.163186
996,41.542,00:41.54,0.006486,0.024081,0.025509,0.014547
997,41.583,00:41.58,0.25835,0.242664,0.157801,0.242805
998,41.625,00:41.62,0.01081,0.041368,0.044769,0.024901
999,41.667,00:41.67,0.167253,0.136191,0.153542,0.15501
1000,41.708,00:41.71,0.00941,0.024061,0.035162,0.017113
1001,41.75,00:41.75,0.00866,0.023962,0.036296,0.016779
1002,41.792,00:41.79,0.112199,0.100117,0.139977,0.110748
1003,41.833,00:41.83,0.00644,0.0173,0.029977,0.012595
1004,41.875,00:41.88,0.196131,0.192045,0.153958,0.190483
1005,41.917,00:41.92,0.005129,0.020408,0.024491,0.012413
1006,41.959,00:41.96,0.006198,0.026348,0.025347,0.015165
1007,42.0,00:42.00,0.182248,0.143536,0.164167,0.166891
1008,42.042,00:42.04,0.007047,0.022506,0.027037,0.014457
1009,42.084,00:42.08,0.008334,0.023756,0.035347,0.016433
1010,42.125,00:42.13,0.205097,0.220403,0.183194,0.208264
1011,42.167,00:42.17,0.005157,0.018698,0.024954,0.011876
1012,42.209,00:42.21,0.13841,0.161767,0.173657,0.15011
1013,42.251,00:42.25,0.007006,0.026978,0.026111,0.015907
1014,42.292,00:42.29,0.077748,0.054295,0.147894,0.076554
1015,42.334,00:42.33,0.006809,0.01913,0.028241,0.013265
1016,42.376,00:42.38,0.145722,0.135815,0.16463,0.144145
1017,42.417,00:42.42,0.007787,0.025454,0.033681,0.01656
1018,42.459,00:42.46,0.146018,0.148895,0.154676,0.147891
1019,42.501,00:42.50,0.008927,0.021359,0.032755,0.015661
1020,42.543,00:42.54,0.009496,0.020811,0.032292,0.015736
1021,42.584,00:42.58,0.240103,0.322997,0.168171,0.261923
1022,42.626,00:42.63,0.003823,0.017171,0.014676,0.00958
1023,42.668,00:42.67,0.128811,0.075672,0.180694,0.115401
1024,42.709,00:42.71,0.004984,0.020293,0.014699,0.011313
1025,42.751,00:42.75,0.164069,0.128454,0.175972,0.152794
1026,42.793,00:42.79,0.005808,0.025103,0.021481,0.014129
1027,42.834,00:42.83,0.13985,0.125857,0.164352,0.137403
1028,42.876,00:42.88,0.006336,0.024887,0.022847,0.01448
1029,42.918,00:42.92,0.110958,0.0822,0.158218,0.105618
1030,42.96,00:42.96,0.269456,0.436926,0.134583,0.314583
1031,43.001,00:43.00,0.00309,0.013564,0.011458,0.007593
1032,43.043,00:43.04,0.273999,0.480437,0.106944,0.329547
1033,43.085,00:43.08,0.006289,0.023401,0.026551,0.014304
1034,43.126,00:43.13,0.231022,0.445806,0.11544,0.294638
1035,43.168,00:43.17,0.003346,0.018611,0.01287,0.009641
1036,43.21,00:43.21,0.14107,0.178135,0.134444,0.15338
1037,43.252,00:43.25,0.057053,0.065044,0.057778,0.059922
1038,43.293,00:43.29,0.069207,0.100898,0.093704,0.082749
1039,43.335,00:43.33,0.061749,0.178084,0.065347,0.102826
1040,43.377,00:43.38,0.136711,0.192652,0.155625,0.158182
1041,43.418,00:43.42,0.002496,0.014332,0.007778,0.007167
1042,43.46,00:43.46,0.142317,0.15629,0.156968,0.148673
1043,43.502,00:43.50,0.002095,0.014822,0.008958,0.007236
1044,43.544,00:43.54,0.205532,0.306609,0.16625,0.236981
1045,43.585,00:43.59,0.08723,0.104177,0.127384,0.097177
1046,43.627,00:43.63,0.149076,0.415485,0.068287,0.23424
1047,43.669,00:43.67,0.102849,0.163844,0.132407,0.127153
1048,43.71,00:43.71,0.200178,0.424668,0.172847,0.276017
1049,43.752,00:43.75,0.004392,0.020767,0.017847,0.011468
1050,43.794,00:43.79,0.189098,0.289522,0.184375,0.223774
1051,43.835,00:43.84,0.00503,0.023116,0.020324,0.012889
1052,43.877,00:43.88,0.146569,0.215008,0.187269,0.174593
1053,43.919,00:43.92,0.099294,0.130797,0.163333,0.116724
1054,43.961,00:43.96,0.007446,0.026509,0.025648,0.015938
1055,44.002,00:44.00,0.136995,0.192077,0.162384,0.158813
1056,44.044,00:44.04,0.15125,0.19193,0.166273,0.16699
1057,44.086,00:44.09,0.008607,0.026245,0.03125,0.017045
1058,44.127,00:44.13,0.107583,0.090121,0.164259,0.107139
1059,44.169,00:44.17,0.00684,0.018118,0.022593,0.012362
1060,44.211,00:44.21,0.16902,0.201307,0.185972,0.182016
1061,44.253,00:44.25,0.10404,0.093542,0.179722,0.107934
1062,44.294,00:44.29,0.007095,0.025187,0.02125,0.014843
1063,44.336,00:44.34,0.135886,0.13798,0.182315,0.141262
1064,44.378,00:44.38,0.134552,0.121038,0.176412,0.134008
1065,44.419,00:44.42,0.007463,0.019308,0.029699,0.013832
1066,44.461,00:44.46,0.105769,0.100463,0.171134,0.110448
1067,44.503,00:44.50,0.009359,0.026795,0.035162,0.018042
1068,44.545,00:44.54,0.148577,0.157312,0.182454,0.155022
1069,44.586,00:44.59,0.090592,0.07452,0.178704,0.093778
1070,44.628,00:44.63,0.00745,0.020603,0.026829,0.013991
1071,44.67,00:44.67,0.117615,0.107353,0.185833,0.120845
1072,44.711,00:44.71,0.102218,0.095803,0.173403,0.107091
1073,44.753,00:44.75,0.007251,0.025121,0.025069,0.015287
1074,44.795,00:44.79,0.080598,0.071643,0.158819,0.085286
1075,44.836,00:44.84,0.007594,0.022967,0.028588,0.015074
1076,44.878,00:44.88,0.119284,0.115947,0.172824,0.12347
1077,44.92,00:44.92,0.093629,0.077586,0.174213,0.096073
1078,44.962,00:44.96,0.009624,0.029336,0.034769,0.019037
1079,45.003,00:45.00,0.120157,0.107626,0.177454,0.121501
1080,45.045,00:45.05,0.114074,0.126666,0.162639,0.123338
1081,45.087,00:45.09,0.007417,0.02025,0.025625,0.013729
1082,45.128,00:45.13,0.088897,0.082214,0.158542,0.093522
1083,45.17,00:45.17,0.008192,0.018797,0.032338,0.014318
1084,45.212,00:45.21,0.125239,0.146197,0.176759,0.137726
1085,45.254,00:45.25,0.006695,0.021789,0.027963,0.014105
1086,45.295,00:45.30,0.228265,0.543626,0.212361,0.337051
1087,45.337,00:45.34,0.028865,0.047457,0.1175,0.044235
1088,45.379,00:45.38,0.104644,0.071434,0.20544,0.1031
1089,45.42,00:45.42,0.017003,0.044414,0.071435,0.03204
1090,45.462,00:45.46,0.104191,0.076029,0.208681,0.104783
1091,45.504,00:45.50,0.016376,0.047553,0.072546,0.032905
1092,45.546,00:45.55,0.103987,0.078819,0.209375,0.105717
1093,45.587,00:45.59,0.016669,0.042016,0.069653,0.030839
1094,45.629,00:45.63,0.099407,0.069818,0.192963,0.098406
1095,45.671,00:45.67,0.017827,0.041233,0.071296,0.031366
1096,45.712,00:45.71,0.090375,0.07151,0.191481,0.093883
1097,45.754,00:45.75,0.017844,0.037766,0.074144,0.030447
1098,45.796,00:45.80,0.098904,0.075005,0.200324,0.100681
1099,45.837,00:45.84,0.017229,0.043544,0.069375,0.031654
1100,45.879,00:45.88,0.10498,0.071683,0.202222,0.10305
1101,45.921,00:45.92,0.017615,0.043877,0.069815,0.032027
1102,45.963,00:45.96,0.100251,0.067385,0.193912,0.098114
1103,46.004,00:46.00,0.017526,0.039819,0.066111,0.030187
1104,46.046,00:46.05,0.097156,0.077377,0.194583,0.099976
1105,46.088,00:46.09,0.018776,0.04079,0.07706,0.032309
1106,46.129,00:46.13,0.092449,0.076202,0.201597,0.097677
1107,46.171,00:46.17,0.019557,0.042143,0.078611,0.033367
1108,46.213,00:46.21,0.104563,0.075063,0.211204,0.104902
1109,46.255,00:46.25,0.018347,0.033054,0.077731,0.029433
1110,46.296,00:46.30,0.106,0.073181,0.213727,0.105286
1111,46.338,00:46.34,0.019724,0.043544,0.082801,0.034369
1112,46.38,00:46.38,0.102765,0.074338,0.213287,0.103868
1113,46.421,00:46.42,0.02091,0.043947,0.085301,0.035412
1114,46.463,00:46.46,0.106802,0.083061,0.216736,0.109486
1115,46.505,00:46.50,0.021092,0.041664,0.086458,0.034829
1116,46.547,00:46.55,0.102447,0.086925,0.210231,0.107793
1117,46.588,00:46.59,0.019535,0.05748,0.080787,0.038941
1118,46.63,00:46.63,0.107024,0.07164,0.213148,0.105252
1119,46.672,00:46.67,0.01941,0.034547,0.081273,0.030894
1120,46.713,00:46.71,0.111651,0.068943,0.217662,0.107304
1121,46.755,00:46.76,0.020715,0.044512,0.0875,0.035722
1122,46.797,00:46.80,0.101344,0.070912,0.211435,0.101702
1123,46.838,00:46.84,0.019966,0.040772,0.079769,0.033228
1124,46.88,00:46.88,0.102524,0.073729,0.205856,0.102779
1125,46.922,00:46.92,0.01922,0.042825,0.075556,0.033115
1126,46.964,00:46.96,0.098177,0.081727,0.197222,0.102324
1127,47.005,00:47.01,0.019009,0.038643,0.073519,0.031332
1128,47.047,00:47.05,0.107943,0.082448,0.207685,0.108994
1129,47.089,00:47.09,0.019947,0.045985,0.075833,0.034649
1130,47.13,00:47.13,0.108369,0.077884,0.212153,0.108078
1131,47.172,00:47.17,0.017594,0.04086,0.071921,0.03117
1132,47.214,00:47.21,0.106983,0.069826,0.210926,0.104372
1133,47.256,00:47.26,0.017927,0.040488,0.070579,0.031088
1134,47.297,00:47.30,0.102955,0.064593,0.202778,0.099511
1135,47.339,00:47.34,0.019501,0.04306,0.075394,0.033336
1136,47.381,00:47.38,0.094832,0.082103,0.198032,0.100697
1137,47.422,00:47.42,0.320301,0.627572,0.229236,0.41874
1138,47.464,00:47.46,0.048842,0.044855,0.195162,0.062079
1139,47.506,00:47.51,0.001105,0.023161,0.004769,0.009191
1140,47.548,00:47.55,0.001447,0.024964,0.00625,0.010158
1141,47.589,00:47.59,0.000879,0.017698,0.003495,0.007027
1142,47.631,00:47.63,0.000591,0.016131,0.002685,0.006239
1143,47.673,00:47.67,0.323201,0.642493,0.222708,0.424904
1144,47.714,00:47.71,0.046785,0.036172,0.169722,0.055364
1145,47.756,00:47.76,0.000583,0.009554,0.002153,0.00388
1146,47.798,00:47.80,0.000686,0.014696,0.00375,0.005896
1147,47.839,00:47.84,0.000575,0.012335,0.002847,0.004918
1148,47.881,00:47.88,0.000937,0.017574,0.004282,0.007094
1149,47.923,00:47.92,0.281209,0.535751,0.23206,0.365384
1150,47.965,00:47.96,0.045699,0.03725,0.190093,0.057182
1151,48.006,00:48.01,0.00085,0.009123,0.004514,0.004112
1152,48.048,00:48.05,0.000494,0.012043,0.001898,0.004677
1153,48.09,00:48.09,0.000448,0.013952,0.00162,0.005291
1154,48.131,00:48.13,0.000824,0.013388,0.005185,0.005657
1155,48.173,00:48.17,0.356001,0.536999,0.256597,0.40941
1156,48.215,00:48.21,0.068392,0.050786,0.226389,0.07803
1157,48.257,00:48.26,0.000367,0.008389,0.001713,0.003309
1158,48.298,00:48.30,0.000718,0.014381,0.002384,0.005667
1159,48.34,00:48.34,0.000521,0.012931,0.001852,0.004998
1160,48.382,00:48.38,0.000901,0.01755,0.00338,0.006976
1161,48.423,00:48.42,0.001504,0.018051,0.006065,0.007752
1162,48.465,00:48.47,0.0006,0.011223,0.002454,0.004503
1163,48.507,00:48.51,0.000641,0.011505,0.002569,0.004636
1164,48.549,00:48.55,0.000638,0.014313,0.001944,0.005555
1165,48.59,00:48.59,0.000867,0.01792,0.003472,0.007096
1166,48.632,00:48.63,0.001084,0.013569,0.004259,0.005771
1167,48.674,00:48.67,0.278665,0.946989,0.207986,0.505511
1168,48.715,00:48.72,0.097803,0.156612,0.128704,0.121477
1169,48.757,00:48.76,0.080737,0.113137,0.11875,0.095878
1170,48.799,00:48.80,0.087983,0.137489,0.129236,0.109435
1171,48.84,00:48.84,0.000637,0.011672,0.002338,0.004669
1172,48.882,00:48.88,0.304508,0.62618,0.111273,0.39777
1173,48.924,00:48.92,0.000316,0.003711,0.001296,0.001602
1174,48.966,00:48.97,0.140136,0.259388,0.052569,0.173118
1175,49.007,00:49.01,0.051132,0.149913,0.03206,0.083798
1176,49.049,00:49.05,0.05254,0.164601,0.025625,0.08907
1177,49.091,00:49.09,0.051858,0.166262,0.033935,0.090107
1178,49.132,00:49.13,0.051734,0.146629,0.038935,0.083668
1179,49.174,00:49.17,0.051775,0.161198,0.032523,0.088148
1180,49.216,00:49.22,0.11135,0.299988,0.045926,0.170831
1181,49.258,00:49.26,0.209899,0.704164,0.120579,0.373959
1182,49.299,00:49.30,0.012358,0.029211,0.025671,0.019588
1183,49.341,00:49.34,0.2429,0.306196,0.161782,0.256942
1184,49.383,00:49.38,0.007772,0.034889,0.019583,0.018444
1185,49.424,00:49.42,0.276408,0.320786,0.171736,0.281473
1186,49.466,00:49.47,0.002469,0.026167,0.007153,0.011232
1187,49.508,00:49.51,0.236208,0.201454,0.187616,0.219185
1188,49.55,00:49.55,0.006915,0.028319,0.01875,0.01559
1189,49.591,00:49.59,0.216045,0.342202,0.215579,0.260153
1190,49.633,00:49.63,0.018235,0.027667,0.047523,0.024465
1191,49.675,00:49.67,0.130269,0.221973,0.18912,0.168251
1192,49.716,00:49.72,0.021968,0.028433,0.052847,0.027319
1193,49.758,00:49.76,0.050009,0.089409,0.124306,0.071228
1194,49.8,00:49.80,0.023659,0.032155,0.050556,0.029322
1195,49.841,00:49.84,0.036837,0.045719,0.098264,0.046088
1196,49.883,00:49.88,0.025192,0.023103,0.051134,0.027055
1197,49.925,00:49.92,0.040759,0.065374,0.093819,0.05468
1198,49.967,00:49.97,0.026571,0.031025,0.053264,0.0308
1199,50.008,00:50.01,0.037764,0.096359,0.077963,0.062292
1200,50.05,00:50.05,0.030683,0.084725,0.054375,0.051967
1201,50.092,00:50.09,0.037106,0.10687,0.072546,0.065067
1202,50.133,00:50.13,0.031993,0.06397,0.055648,0.04555
1203,50.175,00:50.18,0.037618,0.094008,0.068495,0.060442
1204,50.217,00:50.22,0.034028,0.057902,0.056991,0.04468
1205,50.259,00:50.26,0.038676,0.07037,0.067986,0.0527
1206,50.3,00:50.30,0.035683,0.051416,0.056505,0.043272
1207,50.342,00:50.34,0.040489,0.088784,0.071435,0.060487
1208,50.384,00:50.38,0.039226,0.07994,0.063866,0.05594
1209,50.425,00:50.43,0.041705,0.079962,0.060764,0.057
1210,50.467,00:50.47,0.021524,0.026508,0.041829,0.025299
1211,50.509,00:50.51,0.02119,0.022693,0.046991,0.024296
1212,50.551,00:50.55,0.019471,0.020776,0.038079,0.021789
1213,50.592,00:50.59,0.019624,0.029972,0.043657,0.025649
1214,50.634,00:50.63,0.017688,0.023629,0.034861,0.021484
1215,50.676,00:50.68,0.191142,0.770054,0.23794,0.398441
1216,50.717,00:50.72,0.221344,0.416804,0.28625,0.296245
1217,50.759,00:50.76,0.222169,0.51722,0.275463,0.330766
1218,50.801,00:50.80,0.088498,0.055678,0.230208,0.091182
1219,50.842,00:50.84,0.232361,0.296662,0.255301,0.25716
1220,50.884,00:50.88,0.227879,0.259816,0.274282,0.243697
1221,50.926,00:50.93,0.239009,0.20652,0.271481,0.230885
1222,50.968,00:50.97,0.238125,0.260481,0.263079,0.248445
1223,51.009,00:51.01,0.313696,0.398058,0.254421,0.337295
1224,51.051,00:51.05,0.291282,0.341271,0.265648,0.306215
1225,51.093,00:51.09,0.000593,0.015175,0.003264,0.005964
1226,51.134,00:51.13,0.224082,0.220129,0.259005,0.22619
1227,51.176,00:51.18,0.000743,0.015014,0.004259,0.00609
1228,51.218,00:51.22,0.155402,0.181171,0.234051,0.172286
1229,51.26,00:51.26,0.000921,0.01456,0.006181,0.006221
1230,51.301,00:51.30,0.088147,0.097833,0.183634,0.101086
1231,51.343,00:51.34,0.001162,0.017784,0.007963,0.00766
1232,51.385,00:51.38,0.073502,0.067098,0.158148,0.079725
1233,51.426,00:51.43,0.001017,0.01797,0.006782,0.007527
1234,51.468,00:51.47,0.064304,0.057829,0.150787,0.070686
1235,51.51,00:51.51,0.000882,0.013304,0.006319,0.005773
1236,51.552,00:51.55,0.054321,0.07873,0.144745,0.071907
1237,51.593,00:51.59,0.327657,0.687073,0.31875,0.452562
1238,51.635,00:51.63,0.06602,0.039738,0.245718,0.074791
1239,51.677,00:51.68,0.003477,0.022432,0.016157,0.011379
1240,51.718,00:51.72,0.003262,0.022343,0.017153,0.01133
1241,51.76,00:51.76,0.004045,0.024209,0.020486,0.012746
1242,51.802,00:51.80,0.001114,0.018227,0.005718,0.007564
1243,51.843,00:51.84,0.001286,0.021774,0.00625,0.008953
1244,51.885,00:51.89,0.000223,0.006773,0.001296,0.002623
1245,51.927,00:51.93,0.000187,0.006885,0.001088,0.002621
1246,51.969,00:51.97,0.000761,0.007957,0.00412,0.003616
1247,52.01,00:52.01,0.342321,0.401972,0.281204,0.357087
1248,52.052,00:52.05,0.072983,0.044488,0.238912,0.079603
1249,52.094,00:52.09,0.002547,0.021424,0.014213,0.01032
1250,52.135,00:52.14,0.001456,0.018323,0.008519,0.008066
1251,52.177,00:52.18,0.000922,0.017399,0.004699,0.007067
1252,52.219,00:52.22,0.000873,0.013551,0.005625,0.005785
1253,52.261,00:52.26,0.000598,0.013413,0.003796,0.005403
1254,52.302,00:52.30,0.000301,0.01009,0.002037,0.003901
1255,52.344,00:52.34,0.000339,0.011041,0.002801,0.004331
1256,52.386,00:52.39,0.001645,0.0171,0.007824,0.007672
1257,52.427,00:52.43,0.324933,0.796895,0.212431,0.478869
1258,52.469,00:52.47,0.009285,0.017544,0.051111,0.016358
1259,52.511,00:52.51,0.004988,0.017609,0.029468,0.011853
1260,52.553,00:52.55,0.022398,0.045559,0.079167,0.036181
1261,52.594,00:52.59,0.004278,0.031289,0.016574,0.014961
1262,52.636,00:52.64,0.003843,0.041054,0.015046,0.017987
1263,52.678,00:52.68,0.019209,0.032915,0.061528,0.028238
1264,52.719,00:52.72,0.002487,0.026573,0.011852,0.011854
1265,52.761,00:52.76,0.00193,0.019679,0.014005,0.00935
1266,52.803,00:52.80,0.015253,0.023947,0.06125,0.022896
1267,52.844,00:52.84,0.001857,0.016728,0.010764,0.007953
1268,52.886,00:52.89,0.002123,0.021323,0.011065,0.009737
1269,52.928,00:52.93,0.016156,0.030575,0.058102,0.025397
1270,52.97,00:52.97,0.002306,0.018856,0.012917,0.00916
1271,53.011,00:53.01,0.002546,0.019064,0.012384,0.009311
1272,53.053,00:53.05,0.016877,0.04577,0.060023,0.031304
1273,53.095,00:53.09,0.002613,0.013832,0.014375,0.007716
1274,53.136,00:53.14,0.002498,0.012086,0.017014,0.007305
1275,53.178,00:53.18,0.018302,0.02579,0.075486,0.026641
1276,53.22,00:53.22,0.002733,0.016527,0.017037,0.008992
1277,53.262,00:53.26,0.002743,0.014034,0.020278,0.008448
1278,53.303,00:53.30,0.017522,0.028926,0.073796,0.027141
1279,53.345,00:53.34,0.003004,0.01813,0.018472,0.009845
1280,53.387,00:53.39,0.003056,0.018934,0.017523,0.01006
1281,53.428,00:53.43,0.016092,0.032578,0.07037,0.02729
1282,53.47,00:53.47,0.003505,0.016717,0.019745,0.009753
1283,53.512,00:53.51,0.003994,0.019639,0.021458,0.011216
1284,53.554,00:53.55,0.015844,0.037822,0.064144,0.028366
1285,53.595,00:53.60,0.003255,0.018597,0.018125,0.010112
1286,53.637,00:53.64,0.004305,0.019978,0.023125,0.011673
1287,53.679,00:53.68,0.017726,0.032424,0.074722,0.02857
1288,53.72,00:53.72,0.004221,0.019097,0.022523,0.011258
1289,53.762,00:53.76,0.003532,0.018518,0.022616,0.010685
1290,53.804,00:53.80,0.014827,0.024891,0.071968,0.024064
1291,53.845,00:53.85,0.00421,0.015786,0.025069,0.010348
1292,53.887,00:53.89,0.00471,0.020113,0.02706,0.012336
1293,53.929,00:53.93,0.014292,0.028447,0.075023,0.02532
1294,53.971,00:53.97,0.004339,0.017491,0.025995,0.011108
1295,54.012,00:54.01,0.004247,0.020074,0.028264,0.012188
1296,54.054,00:54.05,0.019534,0.036823,0.081157,0.031748
1297,54.096,00:54.10,0.003966,0.014142,0.025278,0.009659
1298,54.137,00:54.14,0.00573,0.017317,0.033935,0.012606
1299,54.179,00:54.18,0.016488,0.026005,0.076366,0.025806
1300,54.221,00:54.22,0.005209,0.014994,0.030995,0.011212
1301,54.263,00:54.26,0.004928,0.016314,0.032662,0.011687
1302,54.304,00:54.30,0.016963,0.023007,0.082245,0.025607
1303,54.346,00:54.35,0.004448,0.01539,0.032037,0.011036
1304,54.388,00:54.39,0.00581,0.024421,0.034097,0.015153
1305,54.429,00:54.43,0.019291,0.028656,0.081759,0.028816
1306,54.471,00:54.47,0.006571,0.016024,0.037801,0.013002
1307,54.513,00:54.51,0.005854,0.015297,0.036644,0.012238
1308,54.555,00:54.55,0.017898,0.03062,0.086042,0.029165
1309,54.596,00:54.60,0.005912,0.013803,0.037523,0.011835
1310,54.638,00:54.64,0.006752,0.019784,0.040231,0.014661
1311,54.68,00:54.68,0.01708,0.023369,0.084583,0.026031
1312,54.721,00:54.72,0.006406,0.027982,0.038657,0.017182
1313,54.763,00:54.76,0.005965,0.015049,0.035995,0.012147
1314,54.805,00:54.80,0.021513,0.030038,0.092083,0.031554
1315,54.846,00:54.85,0.006581,0.015911,0.039676,0.013156
1316,54.888,00:54.89,0.006867,0.018958,0.043333,0.014745
1317,54.93,00:54.93,0.019066,0.025989,0.090741,0.028656
1318,54.972,00:54.97,0.007823,0.019326,0.047037,0.01577
1319,55.013,00:55.01,0.006975,0.026612,0.044653,0.017615
1320,55.055,00:55.06,0.020979,0.034415,0.093449,0.032929
1321,55.097,00:55.10,0.007517,0.025515,0.044907,0.017555
1322,55.138,00:55.14,0.008192,0.023111,0.049514,0.017546
1323,55.18,00:55.18,0.019774,0.029185,0.094051,0.030496
1324,55.222,00:55.22,0.008626,0.023424,0.051667,0.01811
1325,55.264,00:55.26,0.007391,0.021903,0.045972,0.016328
1326,55.305,00:55.31,0.020635,0.029809,0.095648,0.031347
1327,55.347,00:55.35,0.008429,0.020836,0.049769,0.016905
1328,55.389,00:55.39,0.009725,0.034311,0.055185,0.022876
1329,55.43,00:55.43,0.019427,0.036081,0.095556,0.032869
1330,55.472,00:55.47,0.010435,0.029711,0.060162,0.022154
1331,55.514,00:55.51,0.008613,0.021615,0.053148,0.017617
1332,55.556,00:55.56,0.027811,0.026742,0.104583,0.035114
1333,55.597,00:55.60,0.009076,0.018542,0.054653,0.016947
1334,55.639,00:55.64,0.011173,0.021259,0.063079,0.019894
1335,55.681,00:55.68,0.022626,0.032049,0.095949,0.033257
1336,55.722,00:55.72,0.011753,0.023371,0.063981,0.021042
1337,55.764,00:55.76,0.00915,0.024495,0.05456,0.019062
1338,55.806,00:55.81,0.022335,0.028572,0.102176,0.032502
1339,55.847,00:55.85,0.009786,0.019686,0.060463,0.018319
1340,55.889,00:55.89,0.010964,0.017546,0.062199,0.018391
1341,55.931,00:55.93,0.021068,0.028505,0.096574,0.031222
1342,55.973,00:55.97,0.011114,0.019949,0.065833,0.019678
1343,56.014,00:56.01,0.009567,0.02372,0.05919,0.019483
1344,56.056,00:56.06,0.02115,0.035347,0.100347,0.034038
1345,56.098,00:56.10,0.008862,0.029871,0.058287,0.021158
1346,56.139,00:56.14,0.01054,0.015622,0.063125,0.017577
1347,56.181,00:56.18,0.020846,0.028369,0.10169,0.031564
1348,56.223,00:56.22,0.011556,0.019482,0.06662,0.019837
1349,56.265,00:56.26,0.009636,0.02131,0.065486,0.019307
1350,56.306,00:56.31,0.020244,0.0351,0.105903,0.034009
1351,56.348,00:56.35,0.009856,0.020036,0.061574,0.018591
1352,56.39,00:56.39,0.011261,0.023958,0.064838,0.021063
1353,56.431,00:56.43,0.016103,0.032301,0.090231,0.029185
1354,56.473,00:56.47,0.01184,0.025088,0.06787,0.02208
1355,56.515,00:56.51,0.011172,0.021727,0.068542,0.020603
1356,56.557,00:56.56,0.019904,0.036139,0.09669,0.033265
1357,56.598,00:56.60,0.010024,0.020727,0.066782,0.019446
1358,56.64,00:56.64,0.011766,0.026722,0.070949,0.022919
1359,56.682,00:56.68,0.02144,0.038792,0.105579,0.035927
1360,56.723,00:56.72,0.012782,0.020616,0.072477,0.021493
1361,56.765,00:56.77,0.011762,0.027144,0.070556,0.023025
1362,56.807,00:56.81,0.018642,0.026643,0.10162,0.02974
1363,56.848,00:56.85,0.01088,0.022978,0.067986,0.020825
1364,56.89,00:56.89,0.012811,0.031869,0.074861,0.025686
1365,56.932,00:56.93,0.020071,0.043613,0.105926,0.036896
1366,56.974,00:56.97,0.013597,0.034736,0.077523,0.027388
1367,57.015,00:57.02,0.011387,0.036482,0.067986,0.02583
1368,57.057,00:57.06,0.026686,0.079785,0.117778,0.05438
1369,57.099,00:57.10,0.013273,0.039,0.082662,0.029217
1370,57.14,00:57.14,0.013873,0.036388,0.089884,0.029354
1371,57.182,00:57.18,0.018309,0.030954,0.109074,0.031811
1372,57.224,00:57.22,0.012147,0.026036,0.079699,0.023763
1373,57.266,00:57.27,0.009424,0.026436,0.066644,0.0211
1374,57.307,00:57.31,0.021357,0.039817,0.114815,0.037164
1375,57.349,00:57.35,0.010823,0.034525,0.072269,0.025263
1376,57.391,00:57.39,0.012123,0.049221,0.076667,0.031562
1377,57.432,00:57.43,0.020224,0.03441,0.110069,0.034173
1378,57.474,00:57.47,0.012405,0.025106,0.075185,0.023129
1379,57.516,00:57.52,0.012949,0.048028,0.085093,0.032441
1380,57.558,00:57.56,0.027576,0.057977,0.122269,0.047686
1381,57.599,00:57.60,0.014856,0.065219,0.069931,0.037991
1382,57.641,00:57.64,0.012755,0.026778,0.070324,0.02342
1383,57.683,00:57.68,0.017052,0.047753,0.094491,0.035541
1384,57.724,00:57.72,0.011547,0.023302,0.06963,0.021469
1385,57.766,00:57.77,0.009772,0.032139,0.058426,0.022466
1386,57.808,00:57.81,0.022524,0.029812,0.104375,0.03326
1387,57.849,00:57.85,0.010285,0.033133,0.061019,0.023355
1388,57.891,00:57.89,0.010881,0.019532,0.064676,0.019288
1389,57.933,00:57.93,0.020333,0.026284,0.101597,0.030542
1390,57.975,00:57.97,0.01025,0.023289,0.057731,0.019562
1391,58.016,00:58.02,0.008249,0.02557,0.051435,0.01863
1392,58.058,00:58.06,0.018385,0.040196,0.090671,0.033248
1393,58.1,00:58.10,0.008208,0.020129,0.049815,0.016541
1394,58.141,00:58.14,0.009733,0.021908,0.055486,0.01857
1395,58.183,00:58.18,0.018502,0.045017,0.089398,0.034872
1396,58.225,00:58.22,0.012925,0.030161,0.070741,0.024739
1397,58.267,00:58.27,0.008682,0.024742,0.050926,0.018528
1398,58.308,00:58.31,0.018022,0.033094,0.083449,0.02984
1399,58.35,00:58.35,0.00824,0.024857,0.050394,0.018271
1400,58.392,00:58.39,0.009707,0.025723,0.053773,0.019719
1401,58.433,00:58.43,0.017456,0.030125,0.086204,0.028765
1402,58.475,00:58.48,0.010247,0.031351,0.053889,0.021997
1403,58.517,00:58.52,0.009331,0.025068,0.054606,0.019367
1404,58.559,00:58.56,0.021704,0.041186,0.091134,0.035466
1405,58.6,00:58.60,0.008988,0.026774,0.055856,0.0199
1406,58.642,00:58.64,0.010809,0.038109,0.058032,0.025086
1407,58.684,00:58.68,0.021027,0.032471,0.090671,0.031997
1408,58.725,00:58.73,0.011741,0.030579,0.062431,0.023403
1409,58.767,00:58.77,0.010555,0.021888,0.058009,0.019267
1410,58.809,00:58.81,0.019492,0.033345,0.092824,0.031674
1411,58.85,00:58.85,0.010371,0.02848,0.059491,0.021621
1412,58.892,00:58.89,0.012111,0.032552,0.067731,0.024827
1413,58.934,00:58.93,0.020431,0.031977,0.095046,0.031933
1414,58.976,00:58.98,0.012668,0.026049,0.066806,0.022765
1415,59.017,00:59.02,0.011624,0.025625,0.062338,0.021596
1416,59.059,00:59.06,0.021782,0.058548,0.096111,0.042083
1417,59.101,00:59.10,0.010709,0.025559,0.062407,0.021076
1418,59.142,00:59.14,0.012523,0.021624,0.069051,0.021361
1419,59.184,00:59.18,0.019188,0.039161,0.094051,0.033665
1420,59.226,00:59.23,0.012445,0.031529,0.068125,0.024692
1421,59.268,00:59.27,0.010811,0.027374,0.06338,0.021865
1422,59.309,00:59.31,0.020502,0.047704,0.097292,0.037702
1423,59.351,00:59.35,0.011244,0.045425,0.061597,0.028243
1424,59.393,00:59.39,0.011947,0.034532,0.062407,0.024898
1425,59.434,00:59.43,0.018743,0.032034,0.083565,0.029877
1426,59.476,00:59.48,0.011881,0.031816,0.058218,0.023492
1427,59.518,00:59.52,0.010186,0.029424,0.053681,0.021268
1428,59.56,00:59.56,0.019931,0.052957,0.088241,0.038321
1429,59.601,00:59.60,0.011203,0.022789,0.059398,0.020077
1430,59.643,00:59.64,0.011154,0.036835,0.055741,0.024601
1431,59.685,00:59.68,0.019164,0.044998,0.084606,0.03475
1432,59.726,00:59.73,0.010665,0.034326,0.053958,0.023275
1433,59.768,00:59.77,0.009113,0.045644,0.050671,0.026055
1434,59.81,00:59.81,0.016723,0.053006,0.076042,0.035354
1435,59.851,00:59.85,0.010058,0.031037,0.050231,0.021418
1436,59.893,00:59.89,0.010526,0.040833,0.050602,0.025141
1437,59.935,00:59.93,0.01606,0.033965,0.074722,0.028193
1438,59.977,00:59.98,0.010073,0.046253,0.049838,0.026713
1439,60.018,01:00.02,0.007374,0.030111,0.042338,0.018828
1440,60.06,01:00.06,0.021014,0.05678,0.08706,0.040137
1441,60.102,01:00.10,0.007725,0.025675,0.038819,0.017117
1442,60.143,01:00.14,0.009237,0.028773,0.043356,0.019487
1443,60.185,01:00.19,0.018489,0.029961,0.086782,0.029334
1444,60.227,01:00.23,0.010505,0.028467,0.05044,0.020785
1445,60.269,01:00.27,0.008279,0.022629,0.046644,0.017138
1446,60.31,01:00.31,0.018882,0.032083,0.088657,0.03048
1447,60.352,01:00.35,0.006981,0.024141,0.040995,0.016389
1448,60.394,01:00.39,0.009012,0.026423,0.048912,0.019096
1449,60.435,01:00.44,0.019834,0.036227,0.091204,0.032708
1450,60.477,01:00.48,0.009865,0.029962,0.052245,0.021137
1451,60.519,01:00.52,0.008903,0.028753,0.050995,0.02006
1452,60.561,01:00.56,0.02141,0.047576,0.095463,0.037973
1453,60.602,01:00.60,0.011527,0.059193,0.042269,0.031284
1454,60.644,01:00.64,0.012738,0.05206,0.066204,0.031847
1455,60.686,01:00.69,0.019588,0.037026,0.094028,0.033135
1456,60.727,01:00.73,0.007705,0.027594,0.04463,0.018359
1457,60.769,01:00.77,0.006037,0.022865,0.044051,0.015728
1458,60.811,01:00.81,0.023631,0.043297,0.095347,0.037686
1459,60.852,01:00.85,0.005472,0.02592,0.036991,0.01578
1460,60.894,01:00.89,0.006911,0.024681,0.039005,0.01634
1461,60.936,01:00.94,0.018375,0.030917,0.078773,0.028805
1462,60.978,01:00.98,0.006953,0.026799,0.037245,0.016928
1463,61.019,01:01.02,0.005796,0.020561,0.032083,0.013592
1464,61.061,01:01.06,0.018557,0.040184,0.078403,0.032111
1465,61.103,01:01.10,0.010885,0.036199,0.043912,0.023048
1466,61.144,01:01.14,0.006073,0.028239,0.033333,0.016557
1467,61.186,01:01.19,0.018185,0.037846,0.072245,0.030472
1468,61.228,01:01.23,0.005642,0.022055,0.027917,0.013614
1469,61.27,01:01.27,0.004076,0.019949,0.022639,0.011488
1470,61.311,01:01.31,0.017002,0.026578,0.066088,0.025262
1471,61.353,01:01.35,0.005033,0.020831,0.02463,0.012522
1472,61.395,01:01.39,0.005061,0.028689,0.02294,0.015119
1473,61.436,01:01.44,0.262226,0.660097,0.066644,0.381922
1474,61.478,01:01.48,0.003517,0.039615,0.028542,0.018653
1475,61.52,01:01.52,0.000409,0.013405,0.002523,0.005169
1476,61.562,01:01.56,0.001486,0.044178,0.005139,0.016793
1477,61.603,01:01.60,0.000824,0.029203,0.003796,0.011054
1478,61.645,01:01.64,0.001072,0.027475,0.005926,0.010799
1479,61.687,01:01.69,0.00101,0.024837,0.005069,0.009756
1480,61.728,01:01.73,0.001326,0.032537,0.006759,0.012793
1481,61.77,01:01.77,0.003907,0.040852,0.021667,0.018614
1482,61.812,01:01.81,0.005289,0.049036,0.007824,0.020854
1483,61.853,01:01.85,0.003257,0.054742,0.00706,0.021657
1484,61.895,01:01.90,0.006228,0.203088,0.036806,0.078187
1485,61.937,01:01.94,0.002993,0.071342,0.019167,0.028533
1486,61.979,01:01.98,0.010689,0.108282,0.040602,0.047838
1487,62.02,01:02.02,0.003783,0.0455,0.024282,0.020434
1488,62.062,01:02.06,0.008042,0.071435,0.026319,0.032057
1489,62.104,01:02.10,0.004894,0.040092,0.034954,0.020219
1490,62.145,01:02.15,0.006427,0.056029,0.029676,0.026113
1491,62.187,01:02.19,0.006641,0.047365,0.034907,0.023721
1492,62.229,01:02.23,0.00794,0.046578,0.033009,0.02397
1493,62.271,01:02.27,0.00465,0.046628,0.027755,0.021652
1494,62.312,01:02.31,0.00872,0.061669,0.037315,0.030112
1495,62.354,01:02.35,0.007115,0.039534,0.033866,0.021137
1496,62.396,01:02.40,0.008957,0.044347,0.038634,0.024311
1497,62.437,01:02.44,0.004825,0.038661,0.022292,0.018414
1498,62.479,01:02.48,0.009309,0.064869,0.040301,0.031854
1499,62.521,01:02.52,0.007754,0.043678,0.038889,0.023441
1500,62.563,01:02.56,0.007225,0.066587,0.028727,0.030152
1501,62.604,01:02.60,0.006826,0.039366,0.037824,0.021315
1502,62.646,01:02.65,0.008124,0.053142,0.035162,0.026584
1503,62.688,01:02.69,0.007328,0.046222,0.038611,0.024069
1504,62.729,01:02.73,0.008972,0.052424,0.039329,0.027216
1505,62.771,01:02.77,0.006028,0.048886,0.031273,0.023553
1506,62.813,01:02.81,0.009289,0.061561,0.039329,0.030588
1507,62.854,01:02.85,0.008746,0.049123,0.04169,0.026172
1508,62.896,01:02.90,0.006817,0.039576,0.037616,0.021362
1509,62.938,01:02.94,0.007878,0.04597,0.039213,0.024344
1510,62.98,01:02.98,0.007877,0.046806,0.032593,0.023974
1511,63.021,01:03.02,0.007217,0.042483,0.036366,0.022475
1512,63.063,01:03.06,0.011,0.162398,0.040417,0.066931
1513,63.105,01:03.10,0.007317,0.034788,0.034213,0.019621
1514,63.146,01:03.15,0.010434,0.073613,0.042801,0.035783
1515,63.188,01:03.19,0.00842,0.034926,0.043194,0.021174
1516,63.23,01:03.23,0.011644,0.10681,0.038889,0.047676
1517,63.272,01:03.27,0.008931,0.041882,0.036551,0.023226
1518,63.313,01:03.31,0.011737,0.123362,0.034306,0.053063
1519,63.355,01:03.35,0.01066,0.04308,0.047986,0.02574
1520,63.397,01:03.40,0.012533,0.109026,0.039583,0.049011
1521,63.438,01:03.44,0.009836,0.063577,0.037824,0.031444
1522,63.48,01:03.48,0.009951,0.065519,0.047824,0.033187
1523,63.522,01:03.52,0.006821,0.045166,0.039954,0.023555
1524,63.564,01:03.56,0.009099,0.044423,0.047222,0.025275
1525,63.605,01:03.61,0.005989,0.030665,0.038009,0.017828
1526,63.647,01:03.65,0.008638,0.044411,0.048519,0.025147
1527,63.689,01:03.69,0.008641,0.036967,0.0525,0.022941
1528,63.73,01:03.73,0.007018,0.035051,0.03919,0.020047
1529,63.772,01:03.77,0.007594,0.035308,0.047454,0.02128
1530,63.814,01:03.81,0.009093,0.04438,0.044838,0.025018
1531,63.855,01:03.86,0.007944,0.038117,0.045532,0.022263
1532,63.897,01:03.90,0.011019,0.047127,0.047801,0.027335
1533,63.939,01:03.94,0.00889,0.046591,0.04331,0.025527
1534,63.981,01:03.98,0.008892,0.040433,0.053218,0.024364
1535,64.022,01:04.02,0.009669,0.035001,0.06294,0.023862
1536,64.064,01:04.06,0.007328,0.034913,0.042778,0.020528
1537,64.106,01:04.11,0.006415,0.03662,0.043912,0.020737
1538,64.147,01:04.15,0.009067,0.039078,0.05412,0.024076
1539,64.189,01:04.19,0.007212,0.030445,0.049097,0.019532
1540,64.231,01:04.23,0.009313,0.032656,0.055694,0.022121
1541,64.273,01:04.27,0.008189,0.03631,0.05125,0.022337
1542,64.314,01:04.31,0.009487,0.039473,0.053611,0.024394
1543,64.356,01:04.36,0.008544,0.033212,0.056435,0.021967
1544,64.398,01:04.40,0.010512,0.042329,0.046829,0.025279
1545,64.439,01:04.44,0.008921,0.034454,0.047639,0.021729
1546,64.481,01:04.48,0.007923,0.045548,0.046736,0.024973
1547,64.523,01:04.52,0.009085,0.031636,0.062199,0.022289
1548,64.565,01:04.56,0.007316,0.032422,0.045069,0.019879
1549,64.606,01:04.61,0.006774,0.033408,0.043634,0.019782
1550,64.648,01:04.65,0.00723,0.03824,0.047292,0.02209
1551,64.69,01:04.69,0.00654,0.024062,0.043519,0.01637
1552,64.731,01:04.73,0.008053,0.035655,0.051343,0.022043
1553,64.773,01:04.77,0.007211,0.032715,0.04544,0.01996
1554,64.815,01:04.81,0.009925,0.066436,0.049444,0.033656
1555,64.856,01:04.86,0.01004,0.046798,0.054144,0.027316
1556,64.898,01:04.90,0.010749,0.040007,0.07625,0.027539
1557,64.94,01:04.94,0.192018,0.655794,0.134514,0.348589
1558,64.982,01:04.98,0.007405,0.070059,0.024606,0.031054
1559,65.023,01:05.02,0.00785,0.061334,0.026273,0.028412
1560,65.065,01:05.07,0.00884,0.055539,0.032593,0.02756
1561,65.107,01:05.11,0.010455,0.059206,0.033681,0.02984
1562,65.148,01:05.15,0.009263,0.061306,0.033356,0.029888
1563,65.19,01:05.19,0.009015,0.048965,0.03169,0.025265
1564,65.232,01:05.23,0.01184,0.081104,0.037106,0.038609
1565,65.274,01:05.27,0.013318,0.065447,0.042731,0.034504
1566,65.315,01:05.32,0.014392,0.095734,0.042222,0.045645
1567,65.357,01:05.36,0.01663,0.067881,0.046806,0.037586
1568,65.399,01:05.40,0.02169,0.14358,0.041481,0.066331
1569,65.44,01:05.44,0.021289,0.071634,0.036481,0.040429
1570,65.482,01:05.48,0.018493,0.080841,0.036644,0.04213
1571,65.524,01:05.52,0.019664,0.06901,0.033495,0.038318
1572,65.566,01:05.57,0.017244,0.08245,0.032176,0.041559
1573,65.607,01:05.61,0.015408,0.065527,0.031296,0.034538
1574,65.649,01:05.65,0.012452,0.085455,0.028356,0.039593
1575,65.691,01:05.69,0.01342,0.057443,0.026412,0.030127
1576,65.732,01:05.73,0.013975,0.097799,0.027245,0.04464
1577,65.774,01:05.77,0.019585,0.140106,0.022546,0.062063
1578,65.816,01:05.82,0.010842,0.089107,0.019398,0.03909
1579,65.857,01:05.86,0.022199,0.109118,0.014259,0.051827
1580,65.899,01:05.90,0.008227,0.094104,0.012454,0.038707
1581,65.941,01:05.94,0.019119,0.08748,0.012199,0.042353
1582,65.983,01:05.98,0.012854,0.216181,0.013125,0.084046
1583,66.024,01:06.02,0.045426,0.23109,0.012801,0.107146
1584,66.066,01:06.07,0.00996,0.174324,0.011227,0.067614
1585,66.108,01:06.11,0.022242,0.166864,0.021181,0.072753
1586,66.149,01:06.15,0.037099,0.303516,0.024167,0.129052
1587,66.191,01:06.19,0.036569,0.169707,0.014259,0.080936
1588,66.233,01:06.23,0.043449,0.188052,0.007662,0.090481
1589,66.275,01:06.27,0.061233,0.29537,0.00625,0.137683
1590,66.316,01:06.32,0.047087,0.174549,0.003565,0.087346
1591,66.358,01:06.36,0.050465,0.298951,0.002361,0.132625
1592,66.4,01:06.40,0.029648,0.156557,0.000671,0.071168
1593,66.441,01:06.44,0.284831,0.942471,0.099653,0.496487
1594,66.483,01:06.48,0.055746,0.051782,0.127731,0.061557
1595,66.525,01:06.52,0.038955,0.045956,0.106088,0.048118
1596,66.567,01:06.57,0.032391,0.055322,0.096551,0.046833
1597,66.608,01:06.61,0.045101,0.049592,0.117708,0.053934
1598,66.65,01:06.65,0.037983,0.045281,0.105833,0.047323
1599,66.692,01:06.69,0.041576,0.056688,0.113426,0.05405
1600,66.733,01:06.73,0.034045,0.050407,0.099213,0.046289
1601,66.775,01:06.78,0.035961,0.04541,0.105394,0.046212
1602,66.817,01:06.82,0.04005,0.051104,0.11287,0.051201
1603,66.858,01:06.86,0.03176,0.045203,0.096528,0.042942
1604,66.9,01:06.90,0.034288,0.046607,0.099861,0.045157
1605,66.942,01:06.94,0.033183,0.050874,0.097106,0.045767
1606,66.984,01:06.98,0.033789,0.043361,0.099699,0.04373
1607,67.025,01:07.03,0.026791,0.05016,0.083218,0.040613
1608,67.067,01:07.07,0.032427,0.054586,0.094306,0.04637
1609,67.109,01:07.11,0.031017,0.050551,0.097315,0.044484
1610,67.15,01:07.15,0.028351,0.048771,0.089421,0.041605
1611,67.192,01:07.19,0.031251,0.044779,0.094398,0.042301
1612,67.234,01:07.23,0.031337,0.049297,0.093449,0.043834
1613,67.276,01:07.28,0.027565,0.042485,0.085995,0.03863
1614,67.317,01:07.32,0.02518,0.046051,0.084861,0.038453
1615,67.359,01:07.36,0.026603,0.044559,0.082269,0.038454
1616,67.401,01:07.40,0.022937,0.044817,0.075972,0.035899
1617,67.442,01:07.44,0.027828,0.055052,0.090023,0.043576
1618,67.484,01:07.48,0.025485,0.050498,0.088333,0.040524
1619,67.526,01:07.53,0.026248,0.050077,0.089375,0.040901
1620,67.568,01:07.57,0.025402,0.055005,0.083657,0.041589
1621,67.609,01:07.61,0.023408,0.051238,0.077731,0.038581
1622,67.651,01:07.65,0.020275,0.049987,0.070324,0.035679
1623,67.693,01:07.69,0.027423,0.054052,0.084144,0.042415
1624,67.734,01:07.73,0.02219,0.05016,0.080347,0.037795
1625,67.776,01:07.78,0.01708,0.047302,0.061019,0.032052
1626,67.818,01:07.82,0.018156,0.050081,0.063218,0.033836
1627,67.859,01:07.86,0.025808,0.050722,0.082616,0.040209
1628,67.901,01:07.90,0.018827,0.046006,0.062014,0.032659
1629,67.943,01:07.94,0.018303,0.044504,0.061505,0.031794
1630,67.985,01:07.98,0.021208,0.051182,0.069815,0.036559
1631,68.026,01:08.03,0.019607,0.047789,0.071551,0.034665
1632,68.068,01:08.07,0.020243,0.061106,0.069144,0.039435
1633,68.11,01:08.11,0.0182,0.04072,0.061991,0.030461
1634,68.151,01:08.15,0.015884,0.043397,0.057245,0.02965
1635,68.193,01:08.19,0.016369,0.056562,0.060208,0.03482
1636,68.235,01:08.23,0.019458,0.050287,0.069421,0.035244
1637,68.277,01:08.28,0.018371,0.044333,0.072569,0.032878
1638,68.318,01:08.32,0.016949,0.042314,0.063727,0.030504
1639,68.36,01:08.36,0.019213,0.054301,0.06875,0.036447
1640,68.402,01:08.40,0.017065,0.052141,0.064491,0.034084
1641,68.443,01:08.44,0.01734,0.046055,0.066852,0.032342
1642,68.485,01:08.49,0.017344,0.047166,0.063426,0.03239
1643,68.527,01:08.53,0.016825,0.044394,0.062037,0.030995
1644,68.569,01:08.57,0.01877,0.05331,0.070139,0.035996
1645,68.61,01:08.61,0.017588,0.043531,0.069005,0.03181
1646,68.652,01:08.65,0.011906,0.04517,0.04912,0.02727
1647,68.694,01:08.69,0.017122,0.05532,0.06794,0.035573
1648,68.735,01:08.74,0.017011,0.054237,0.067199,0.035059
1649,68.777,01:08.78,0.010718,0.050909,0.049676,0.028681
1650,68.819,01:08.82,0.013889,0.051859,0.060116,0.031801
1651,68.86,01:08.86,0.02047,0.056326,0.084444,0.039417
1652,68.902,01:08.90,0.011192,0.050496,0.05287,0.029116
1653,68.944,01:08.94,0.017804,0.055222,0.075069,0.036627
1654,68.986,01:08.99,0.015114,0.049617,0.06831,0.03251
1655,69.027,01:09.03,0.013051,0.056381,0.062014,0.033113
1656,69.069,01:09.07,0.013464,0.0569,0.064583,0.033778
1657,69.111,01:09.11,0.017554,0.050057,0.077894,0.034964
1658,69.152,01:09.15,0.013296,0.048845,0.062593,0.030668
1659,69.194,01:09.19,0.015049,0.04887,0.069213,0.032303
1660,69.236,01:09.24,0.013147,0.050085,0.065301,0.03129
1661,69.278,01:09.28,0.014563,0.048027,0.070532,0.031872
1662,69.319,01:09.32,0.012014,0.043222,0.058981,0.027633
1663,69.361,01:09.36,0.0163,0.053266,0.077037,0.035312
1664,69.403,01:09.40,0.014432,0.049026,0.069514,0.032048
1665,69.444,01:09.44,0.017107,0.053,0.071759,0.035135
1666,69.486,01:09.49,0.014174,0.049419,0.065231,0.031616
1667,69.528,01:09.53,0.011484,0.053487,0.056273,0.030664
1668,69.57,01:09.57,0.014747,0.055576,0.065278,0.03409
1669,69.611,01:09.61,0.016786,0.047009,0.076343,0.03332
1670,69.653,01:09.65,0.013745,0.043233,0.064676,0.029159
1671,69.695,01:09.69,0.010733,0.058801,0.057037,0.032188
1672,69.736,01:09.74,0.016068,0.059529,0.073727,0.037045
1673,69.778,01:09.78,0.011894,0.047573,0.061481,0.029341
1674,69.82,01:09.82,0.011868,0.040621,0.060602,0.026805
1675,69.861,01:09.86,0.013199,0.050379,0.06794,0.031686
1676,69.903,01:09.90,0.010929,0.048487,0.054491,0.028431
1677,69.945,01:09.94,0.012328,0.043138,0.060972,0.027976
1678,69.987,01:09.99,0.016785,0.040427,0.079144,0.031296
1679,70.028,01:10.03,0.010046,0.052329,0.053194,0.02916
1680,70.07,01:10.07,0.015949,0.065777,0.075833,0.039377
1681,70.112,01:10.11,0.013732,0.042601,0.067361,0.029199
1682,70.153,01:10.15,0.010079,0.039956,0.051713,0.024699
1683,70.195,01:10.20,0.01391,0.046547,0.067917,0.030733
1684,70.237,01:10.24,0.014766,0.048193,0.072338,0.032223
1685,70.279,01:10.28,0.014298,0.046624,0.068958,0.031078
1686,70.32,01:10.32,0.014788,0.043823,0.077269,0.031198
1687,70.362,01:10.36,0.010816,0.045174,0.055995,0.027359
1688,70.404,01:10.40,0.009642,0.044996,0.051898,0.026242
1689,70.445,01:10.45,0.011406,0.046565,0.06044,0.028615
1690,70.487,01:10.49,0.013032,0.040212,0.069421,0.028184
1691,70.529,01:10.53,0.010162,0.044214,0.059005,0.026964
1692,70.571,01:10.57,0.013831,0.051125,0.065394,0.03204
1693,70.612,01:10.61,0.013394,0.051707,0.064722,0.031937
1694,70.654,01:10.65,0.010352,0.038714,0.05338,0.024581
1695,70.696,01:10.70,0.01414,0.049209,0.069167,0.031917
1696,70.737,01:10.74,0.016193,0.046458,0.083889,0.033555
1697,70.779,01:10.78,0.008497,0.04867,0.046829,0.026391
1698,70.821,01:10.82,0.011569,0.043238,0.061782,0.027674
1699,70.862,01:10.86,0.013467,0.049804,0.071875,0.032026
1700,70.904,01:10.90,0.009523,0.040268,0.053449,0.024676
1701,70.946,01:10.95,0.01347,0.042002,0.06787,0.028896
1702,70.988,01:10.99,0.013967,0.039529,0.074815,0.028999
1703,71.029,01:11.03,0.00826,0.041535,0.047986,0.023879
1704,71.071,01:11.07,0.01098,0.047241,0.060579,0.028632
1705,71.113,01:11.11,0.012117,0.041058,0.063542,0.027389
1706,71.154,01:11.15,0.009687,0.036564,0.05338,0.023463
1707,71.196,01:11.20,0.01185,0.039936,0.060255,0.02652
1708,71.238,01:11.24,0.012389,0.047025,0.066644,0.029937
1709,71.28,01:11.28,0.008186,0.038156,0.046227,0.02248
1710,71.321,01:11.32,0.010375,0.040843,0.062269,0.026228
1711,71.363,01:11.36,0.36634,0.735736,0.145069,0.473501
1712,71.405,01:11.40,0.016249,0.021396,0.072523,0.023678
1713,71.446,01:11.45,0.00514,0.027282,0.02419,0.014795
1714,71.488,01:11.49,0.006718,0.043114,0.028704,0.021655
1715,71.53,01:11.53,0.017366,0.043477,0.05919,0.030687
1716,71.572,01:11.57,0.005068,0.031541,0.021389,0.015965
1717,71.613,01:11.61,0.014347,0.036623,0.054491,0.026158
1718,71.655,01:11.65,0.004576,0.075216,0.01838,0.030681
1719,71.697,01:11.70,0.017917,0.057816,0.066412,0.036731
1720,71.738,01:11.74,0.004068,0.025523,0.018264,0.012997
1721,71.78,01:11.78,0.013688,0.041536,0.053194,0.027385
1722,71.822,01:11.82,0.005727,0.029946,0.025671,0.016198
1723,71.863,01:11.86,0.015754,0.054836,0.064884,0.034346
1724,71.905,01:11.91,0.003819,0.028805,0.017338,0.013916
1725,71.947,01:11.95,0.013507,0.027072,0.058889,0.022793
1726,71.989,01:11.99,0.005285,0.023488,0.022755,0.013403
1727,72.03,01:12.03,0.014256,0.032484,0.056921,0.024902
1728,72.072,01:12.07,0.005595,0.028241,0.0225,0.015211
1729,72.114,01:12.11,0.014433,0.030561,0.063426,0.024977
1730,72.155,01:12.16,0.005381,0.027839,0.021667,0.01487
1731,72.197,01:12.20,0.016436,0.028195,0.070694,0.025977
1732,72.239,01:12.24,0.004086,0.022078,0.016875,0.011662
1733,72.281,01:12.28,0.013746,0.029037,0.057778,0.023501
1734,72.322,01:12.32,0.004681,0.02838,0.017593,0.014267
1735,72.364,01:12.36,0.01625,0.031862,0.068449,0.026934
1736,72.406,01:12.41,0.004249,0.024262,0.016875,0.012516
1737,72.447,01:12.45,0.015097,0.030492,0.063148,0.025291
1738,72.489,01:12.49,0.003949,0.026321,0.013009,0.012685
1739,72.531,01:12.53,0.016294,0.029065,0.067384,0.025873
1740,72.573,01:12.57,0.003387,0.026729,0.01125,0.012343
1741,72.614,01:12.61,0.014479,0.031297,0.062847,0.025202
1742,72.656,01:12.66,0.004841,0.023171,0.018542,0.012627
1743,72.698,01:12.70,0.016329,0.029436,0.071736,0.026457
1744,72.739,01:12.74,0.004427,0.02254,0.019722,0.012297
1745,72.781,01:12.78,0.019971,0.280484,0.068681,0.116022
1746,72.823,01:12.82,0.005979,0.061581,0.018449,0.026687
1747,72.864,01:12.86,0.010379,0.065111,0.033588,0.031856
1748,72.906,01:12.91,0.00724,0.081429,0.018032,0.034286
1749,72.948,01:12.95,0.011284,0.090523,0.036782,0.041567
1750,72.99,01:12.99,0.008489,0.065062,0.027639,0.030205
1751,73.031,01:13.03,0.00833,0.051137,0.034815,0.025961
1752,73.073,01:13.07,0.009163,0.08889,0.024537,0.038605
1753,73.115,01:13.11,0.011691,0.077502,0.038935,0.037449
1754,73.156,01:13.16,0.008749,0.069359,0.026435,0.031731
1755,73.198,01:13.20,0.016235,0.095615,0.045648,0.046959
1756,73.24,01:13.24,0.009823,0.100959,0.032222,0.043961
1757,73.282,01:13.28,0.012189,0.09533,0.043333,0.044403
1758,73.323,01:13.32,0.012175,0.111239,0.038079,0.049438
1759,73.365,01:13.36,0.019984,0.099898,0.052963,0.051252
1760,73.407,01:13.41,0.028515,0.138223,0.045046,0.068566
1761,73.448,01:13.45,0.017207,0.131434,0.059213,0.061387
1762,73.49,01:13.49,0.010778,0.145112,0.041319,0.060849
1763,73.532,01:13.53,0.015789,0.073976,0.069375,0.041513
1764,73.574,01:13.57,0.015291,0.100249,0.051065,0.048603
1765,73.615,01:13.62,0.014524,0.060539,0.066227,0.035799
1766,73.657,01:13.66,0.014576,0.089481,0.051412,0.044476
1767,73.699,01:13.70,0.014555,0.066366,0.066435,0.037877
1768,73.74,01:13.74,0.016072,0.091681,0.058958,0.046824
1769,73.782,01:13.78,0.027095,0.094797,0.092153,0.057297
1770,73.824,01:13.82,0.016791,0.076747,0.075208,0.043617
1771,73.865,01:13.87,0.048348,0.121546,0.103079,0.07944
1772,73.907,01:13.91,0.075887,0.175642,0.097917,0.113004
1773,73.949,01:13.95,0.030691,0.118714,0.103611,0.068791
1774,73.991,01:13.99,0.037068,0.132878,0.101458,0.077041
1775,74.032,01:14.03,0.067893,0.149512,0.127685,0.102439
1776,74.074,01:14.07,0.105413,0.209741,0.12713,0.144099
1777,74.116,01:14.12,0.026107,0.039399,0.123333,0.040482
1778,74.157,01:14.16,0.031881,0.128689,0.120046,0.07458
1779,74.199,01:14.20,0.157505,0.581162,0.143981,0.304433
1780,74.241,01:14.24,0.014488,0.098146,0.066458,0.048966
1781,74.283,01:14.28,0.097848,0.308489,0.111667,0.172954
1782,74.324,01:14.32,0.02929,0.17294,0.090579,0.085696
1783,74.366,01:14.37,0.256137,0.360429,0.135394,0.280565
1784,74.408,01:14.41,0.089709,0.192859,0.141157,0.130956
1785,74.449,01:14.45,0.295577,0.360487,0.252037,0.313942
1786,74.491,01:14.49,0.196556,0.173287,0.248657,0.193622
1787,74.533,01:14.53,0.218904,0.500099,0.225926,0.318024
1788,74.575,01:14.57,0.133844,0.302248,0.197917,0.199193
1789,74.616,01:14.62,0.294865,0.229498,0.16912,0.259412
1790,74.658,01:14.66,0.251218,0.387195,0.189722,0.29266
1791,74.7,01:14.70,0.202374,0.341674,0.24419,0.255311
1792,74.741,01:14.74,0.142336,0.344394,0.218935,0.220716
1793,74.783,01:14.78,0.284331,0.278057,0.181319,0.271834
1794,74.825,01:14.82,0.252904,0.387845,0.213032,0.296146
1795,74.866,01:14.87,0.282437,0.321761,0.258495,0.293806
1796,74.908,01:14.91,0.187065,0.187738,0.21419,0.190013
1797,74.95,01:14.95,0.186657,0.407052,0.192986,0.264428
1798,74.992,01:14.99,0.029087,0.30683,0.111019,0.13449
1799,75.033,01:15.03,0.243948,0.453437,0.140741,0.306948
1800,75.075,01:15.08,0.015143,0.043683,0.079931,0.031611
1801,75.117,01:15.12,0.22605,0.33243,0.101528,0.250831
1802,75.158,01:15.16,0.020198,0.090389,0.081505,0.050896
1803,75.2,01:15.20,0.164666,0.442756,0.115347,0.257066
1804,75.242,01:15.24,0.147484,0.307537,0.128542,0.201608
1805,75.284,01:15.28,0.288915,0.55246,0.235833,0.375848
1806,75.325,01:15.33,0.14817,0.439133,0.214606,0.256651
1807,75.367,01:15.37,0.113284,0.516956,0.067755,0.250016
1808,75.409,01:15.41,0.006597,0.01086,0.002755,0.007705
1809,75.45,01:15.45,0.007032,0.012839,0.005602,0.008921
1810,75.492,01:15.49,0.136363,0.289029,0.017801,0.17794
1811,75.534,01:15.53,0.019714,0.102382,0.021713,0.048848
1812,75.576,01:15.58,0.084301,0.475265,0.053009,0.218009
1813,75.617,01:15.62,0.091594,0.227473,0.1375,0.143742
1814,75.659,01:15.66,0.135676,0.328959,0.242407,0.213998
1815,75.701,01:15.70,0.088573,0.489959,0.18125,0.238325
1816,75.742,01:15.74,0.078418,0.470246,0.036574,0.211374
1817,75.784,01:15.78,0.115193,0.280918,0.013588,0.163036
1818,75.826,01:15.83,0.059794,0.352316,0.006968,0.156894
1819,75.867,01:15.87,0.029017,0.277958,0.007986,0.114043
1820,75.909,01:15.91,0.079396,0.429562,0.022662,0.196281
1821,75.951,01:15.95,0.117256,0.306479,0.057963,0.177555
1822,75.993,01:15.99,0.093021,0.411652,0.153125,0.210552
1823,76.034,01:16.03,0.100807,0.331891,0.227315,0.194337
1824,76.076,01:16.08,0.07592,0.521643,0.135926,0.237924
1825,76.118,01:16.12,0.008427,0.139428,0.008056,0.05424
1826,76.159,01:16.16,0.085628,0.269102,0.008611,0.142142
1827,76.201,01:16.20,0.006679,0.037119,0.003796,0.017045
1828,76.243,01:16.24,0.044662,0.338416,0.013403,0.14435
1829,76.285,01:16.28,0.015769,0.12306,0.024815,0.054225
1830,76.326,01:16.33,0.029969,0.186084,0.060532,0.087665
1831,76.368,01:16.37,0.060354,0.270557,0.147546,0.142644
1832,76.41,01:16.41,0.06299,0.333359,0.143565,0.165677
1833,76.451,01:16.45,0.058187,0.513061,0.055116,0.217086
1834,76.493,01:16.49,0.024966,0.328359,0.004444,0.129101
1835,76.535,01:16.53,0.007639,0.045974,0.013218,0.021614
1836,76.577,01:16.58,0.017308,0.300228,0.003843,0.114983
1837,76.618,01:16.62,0.008344,0.086202,0.013773,0.036137
1838,76.66,01:16.66,0.029136,0.430182,0.016806,0.168269
1839,76.702,01:16.70,0.016605,0.131245,0.028148,0.057883
1840,76.743,01:16.74,0.01967,0.300208,0.016551,0.117547
1841,76.785,01:16.79,0.010866,0.295522,0.011065,0.110516
1842,76.827,01:16.83,0.001136,0.014033,0.006227,0.006159
1843,76.868,01:16.87,0.009899,0.022556,0.01794,0.015133
1844,76.91,01:16.91,0.001684,0.011912,0.002685,0.005364
1845,76.952,01:16.95,0.014272,0.0586,0.019977,0.030357
1846,76.994,01:16.99,0.001965,0.022903,0.000903,0.009187
1847,77.035,01:17.04,0.016012,0.024597,0.021296,0.019545
1848,77.077,01:17.08,0.002325,0.023915,0.002917,0.009941
1849,77.119,01:17.12,0.017979,0.045891,0.025833,0.028534
1850,77.16,01:17.16,0.01838,0.040025,0.025671,0.026685
1851,77.202,01:17.20,0.014346,0.02771,0.018125,0.019401
1852,77.244,01:17.24,0.00239,0.012749,0.006227,0.006399
1853,77.286,01:17.29,0.06757,0.454196,0.020579,0.19819
1854,77.327,01:17.33,0.00275,0.032397,0.008356,0.013687
1855,77.369,01:17.37,0.024717,0.126145,0.017593,0.059505
1856,77.411,01:17.41,0.004436,0.079152,0.008194,0.030963
1857,77.452,01:17.45,0.021577,0.100669,0.02456,0.049558
1858,77.494,01:17.49,0.003506,0.042498,0.02331,0.019134
1859,77.536,01:17.54,0.02516,0.112975,0.020949,0.055474
1860,77.578,01:17.58,0.021663,0.119856,0.014468,0.055311
1861,77.619,01:17.62,0.01956,0.109511,0.006296,0.049716
1862,77.661,01:17.66,0.018981,0.115851,0.003611,0.051349
1863,77.703,01:17.70,0.015413,0.108925,0.004375,0.047039
1864,77.744,01:17.74,0.045717,0.200159,0.014676,0.096667
1865,77.786,01:17.79,0.142564,0.377167,0.033773,0.213796
1866,77.828,01:17.83,0.001341,0.016067,0.005787,0.00694
1867,77.869,01:17.87,0.195556,0.594209,0.027986,0.318328
1868,77.911,01:17.91,0.000417,0.00958,0.000532,0.003636
1869,77.953,01:17.95,0.137669,0.510107,0.09088,0.263343
1870,77.995,01:17.99,0.007338,0.22837,0.018773,0.085843
1871,78.036,01:18.04,0.119197,0.272516,0.162639,0.177203
1872,78.078,01:18.08,0.007712,0.134462,0.026366,0.05394
1873,78.12,01:18.12,0.144736,0.234751,0.182894,0.180057
1874,78.161,01:18.16,0.010133,0.052267,0.045139,0.02838
1875,78.203,01:18.20,0.103087,0.178144,0.194699,0.138518
1876,78.245,01:18.24,0.015412,0.086153,0.051921,0.043822
1877,78.287,01:18.29,0.081259,0.218802,0.193796,0.140653
1878,78.328,01:18.33,0.014407,0.043274,0.055486,0.028619
1879,78.37,01:18.37,0.087667,0.145224,0.174931,0.116538
1880,78.412,01:18.41,0.014418,0.046526,0.058657,0.03008
1881,78.453,01:18.45,0.076523,0.12793,0.157662,0.102629
1882,78.495,01:18.50,0.012684,0.025984,0.060231,0.022094
1883,78.537,01:18.54,0.067742,0.130487,0.13412,0.096341
1884,78.579,01:18.58,0.013529,0.021336,0.060856,0.020994
1885,78.62,01:18.62,0.060188,0.171203,0.127801,0.105804
1886,78.662,01:18.66,0.011849,0.020913,0.059375,0.019774
1887,78.704,01:18.70,0.168876,0.486677,0.104144,0.273633
1888,78.745,01:18.75,0.000801,0.007583,0.003704,0.003465
1889,78.787,01:18.79,0.178678,0.399867,0.130532,0.25128
1890,78.829,01:18.83,0.012126,0.014694,0.059444,0.017757
1891,78.87,01:18.87,0.075439,0.057154,0.170972,0.078593
1892,78.912,01:18.91,0.012855,0.019789,0.061829,0.020179
1893,78.954,01:18.95,0.082089,0.072094,0.17831,0.088213
1894,78.996,01:19.00,0.018065,0.02419,0.074306,0.025833
1895,79.037,01:19.04,0.084818,0.081268,0.182639,0.093357
1896,79.079,01:19.08,0.025419,0.027419,0.076296,0.031207
1897,79.121,01:19.12,0.126115,0.15955,0.207477,0.145954
1898,79.162,01:19.16,0.053385,0.05733,0.081088,0.057536
1899,79.204,01:19.20,0.126484,0.120882,0.200069,0.131882
1900,79.246,01:19.25,0.072191,0.082196,0.077315,0.076205
1901,79.288,01:19.29,0.108056,0.112936,0.168681,0.115826
1902,79.329,01:19.33,0.0723,0.131371,0.068727,0.092618
1903,79.371,01:19.37,0.081227,0.119811,0.136481,0.100257
1904,79.413,01:19.41,0.053544,0.067533,0.054352,0.058521
1905,79.454,01:19.45,0.071978,0.083358,0.101065,0.07887
1906,79.496,01:19.50,0.047301,0.056629,0.039583,0.049794
1907,79.538,01:19.54,0.054059,0.070991,0.068819,0.061461
1908,79.58,01:19.58,0.040656,0.043752,0.034769,0.041151
1909,79.621,01:19.62,0.048823,0.053598,0.050972,0.050709
1910,79.663,01:19.66,0.043702,0.044947,0.02875,0.042642
1911,79.705,01:19.70,0.051196,0.05271,0.039653,0.050572
1912,79.746,01:19.75,0.041996,0.063488,0.023495,0.047668
1913,79.788,01:19.79,0.042912,0.081013,0.0275,0.054707
1914,79.83,01:19.83,0.041043,0.073139,0.016551,0.049828
1915,79.871,01:19.87,0.043423,0.072841,0.014144,0.050791
1916,79.913,01:19.91,0.048712,0.191427,0.009931,0.094784
1917,79.955,01:19.95,0.051145,0.157149,0.008472,0.083979
1918,79.997,01:20.00,0.044471,0.175238,0.003912,0.086183
1919,80.038,01:20.04,0.033513,0.124664,0.001505,0.062215
1920,80.08,01:20.08,0.044299,0.263566,0.001574,0.11677
1921,80.122,01:20.12,0.037246,0.228691,0.001204,0.100648
1922,80.163,01:20.16,0.030944,0.133472,0.000949,0.063829
1923,80.205,01:20.21,0.022619,0.073458,0.000532,0.038204
1924,80.247,01:20.25,0.027586,0.082151,0.001181,0.044043
1925,80.289,01:20.29,0.02046,0.04622,0.000625,0.027493
1926,80.33,01:20.33,0.021108,0.075912,0.000347,0.038213
1927,80.372,01:20.37,0.016829,0.086304,0.000972,0.039559
1928,80.414,01:20.41,0.012701,0.078246,0.000602,0.034432
1929,80.455,01:20.46,0.011029,0.085785,0.000718,0.036162
1930,80.497,01:20.50,0.006248,0.057433,0.000903,0.023628
1931,80.539,01:20.54,0.005522,0.030601,0.000255,0.013773
1932,80.581,01:20.58,0.01636,0.12322,0.00088,0.052213
1933,80.622,01:20.62,0.020423,0.103243,0.001042,0.047472
1934,80.664,01:20.66,0.010556,0.037091,0.000162,0.018804
1935,80.706,01:20.71,0.006477,0.021191,0.000764,0.011056
1936,80.747,01:20.75,0.009059,0.038228,0.001574,0.01852
1937,80.789,01:20.79,0.318161,0.890217,0.045648,0.491129
1938,80.831,01:20.83,0.191777,0.539879,0.103981,0.304833
1939,80.872,01:20.87,0.120423,0.218042,0.104236,0.152971
1940,80.914,01:20.91,0.054258,0.226751,0.056551,0.11486
1941,80.956,01:20.96,0.017342,0.048239,0.019722,0.028394
1942,80.998,01:21.00,0.015522,0.098748,0.01412,0.044511
1943,81.039,01:21.04,0.006882,0.027171,0.007778,0.014073
1944,81.081,01:21.08,0.006745,0.058356,0.004769,0.024611
1945,81.123,01:21.12,0.006474,0.029191,0.001412,0.013919
1946,81.164,01:21.16,0.007851,0.034354,0.000509,0.016393
1947,81.206,01:21.21,0.006889,0.034493,0.000301,0.015892
1948,81.248,01:21.25,0.0078,0.029873,0.000417,0.014787
1949,81.29,01:21.29,0.004445,0.042488,0.000856,0.017401
1950,81.331,01:21.33,0.005596,0.029045,0.001204,0.013364
1951,81.373,01:21.37,0.003904,0.020241,0.000671,0.009299
1952,81.415,01:21.41,0.004034,0.038622,0.001134,0.01585
1953,81.456,01:21.46,0.004159,0.042717,0.000255,0.017264
1954,81.498,01:21.50,0.003793,0.018307,0.000347,0.008528
1955,81.54,01:21.54,0.00323,0.019258,0.000556,0.008572
1956,81.582,01:21.58,0.003793,0.046814,0.00044,0.018515
1957,81.623,01:21.62,0.002718,0.038116,0.000231,0.014859
1958,81.665,01:21.66,0.002525,0.01194,4.6e-05,0.005572
1959,81.707,01:21.71,0.00164,0.019583,0.000532,0.007809
1960,81.748,01:21.75,0.001044,0.018047,0.000602,0.006951
1961,81.79,01:21.79,0.001103,0.015502,0.00037,0.006069
1962,81.832,01:21.83,0.000855,0.011148,0.000602,0.004432
1963,81.873,01:21.87,0.001052,0.01499,0.000949,0.00592
1964,81.915,01:21.92,0.001466,0.025642,0.00088,0.009869
1965,81.957,01:21.96,0.001195,0.023367,0.000394,0.008875
1966,81.999,01:22.00,0.001223,0.013423,0.00044,0.005415
1967,82.04,01:22.04,0.001196,0.013937,4.6e-05,0.00554
1968,82.082,01:22.08,0.000978,0.013279,0.000208,0.005207
1969,82.124,01:22.12,0.001265,0.019095,0.001088,0.007488
1970,82.165,01:22.17,0.000837,0.012473,0.000718,0.004898
1971,82.207,01:22.21,0.001101,0.009609,0.000139,0.003982
1972,82.249,01:22.25,0.000807,0.022517,0.000139,0.008339
1973,82.291,01:22.29,0.0008,0.022158,9.3e-05,0.008205
1974,82.332,01:22.33,0.000633,0.008489,0.000162,0.003336
1975,82.374,01:22.37,0.000971,0.020085,0.001019,0.007666
1976,82.416,01:22.42,0.001227,0.017164,0.001019,0.006784
1977,82.457,01:22.46,0.002472,0.015194,0.00169,0.006846
1978,82.499,01:22.50,0.001377,0.016342,0.002593,0.006736
1979,82.541,01:22.54,0.00079,0.010151,0.001366,0.004124
1980,82.583,01:22.58,0.000991,0.02379,0.001319,0.009004
1981,82.624,01:22.62,0.000709,0.007291,2.3e-05,0.002944
1982,82.666,01:22.67,0.016955,0.061662,0.000532,0.03096
1983,82.708,01:22.71,0.02094,0.090137,0.000648,0.04313
1984,82.749,01:22.75,0.020185,0.151712,0.000509,0.064252
1985,82.791,01:22.79,0.019327,0.051242,0.000394,0.028604
1986,82.833,01:22.83,0.025015,0.098623,0.004792,0.048755
1987,82.874,01:22.87,0.013962,0.04394,0.000185,0.023077
1988,82.916,01:22.92,0.025078,0.088548,0.001065,0.044891
1989,82.958,01:22.96,0.023451,0.107716,0.000856,0.050684
1990,83.0,01:23.00,0.024659,0.165272,0.00081,0.071489
1991,83.041,01:23.04,0.020036,0.1654,0.003287,0.069238
1992,83.083,01:23.08,0.028858,0.349343,0.006343,0.138776
1993,83.125,01:23.12,0.026225,0.324286,0.005741,0.128498
1994,83.166,01:23.17,0.029702,0.257341,0.006435,0.107049
1995,83.208,01:23.21,0.030642,0.225834,0.007315,0.096626
1996,83.25,01:23.25,0.03639,0.385688,0.006505,0.155656
1997,83.292,01:23.29,0.045739,0.887375,0.006181,0.336355
1998,83.333,01:23.33,0.012906,0.654869,0.00287,0.23659
1999,83.375,01:23.37,0.003514,0.362365,0.000231,0.128783
2000,83.417,01:23.42,0.004494,0.505123,0.00081,0.179345
2001,83.458,01:23.46,0.001799,0.076439,0.002569,0.028
2002,83.5,01:23.50,0.002239,0.184497,0.006574,0.066463
2003,83.542,01:23.54,0.0014,0.138461,0.0,0.049231
2004,83.584,01:23.58,0.026148,0.944394,0.0,0.34492
2005,83.625,01:23.63,0.0,0.0,0.0,0.0
2006,83.667,01:23.67,0.0,0.0,0.0,0.0
2007,83.709,01:23.71,0.0,0.0,0.0,0.0
2008,83.75,01:23.75,0.0,0.0,0.0,0.0
2009,83.792,01:23.79,0.0,0.0,0.0,0.0
2010,83.834,01:23.83,0.0,0.0,0.0,0.0
2011,83.875,01:23.88,0.0,0.0,0.0,0.0
2012,83.917,01:23.92,0.0,0.0,0.0,0.0
2013,83.959,01:23.96,0.0,0.0,0.0,0.0
2014,84.001,01:24.00,0.0,0.0,0.0,0.0
2015,84.042,01:24.04,0.0,0.0,0.0,0.0
2016,84.084,01:24.08,0.0,0.0,0.0,0.0
2017,84.126,01:24.13,0.0,0.0,0.0,0.0
2018,84.167,01:24.17,0.0,0.0,0.0,0.0
2019,84.209,01:24.21,0.0,0.0,0.0,0.0
2020,84.251,01:24.25,0.0,0.0,0.0,0.0
2021,84.293,01:24.29,0.0,0.0,0.0,0.0
2022,84.334,01:24.33,0.0,0.0,0.0,0.0
2023,84.376,01:24.38,0.0,0.0,0.0,0.0
