panel_id,batch,clip,scene_id,selected_constraint_camera,mother_style_reference,constraint_whitebox_path,pure_prompt,negative_prompt,status
MSB019,B01,03,SCN_ARCADE,CAM_ARCADE_01_ENTRANCE_WIDE,environment_lookdev/SCN_ARCADE/SCN_ARCADE_lookdev_A_entrance_wide_v002_game_screens.png,environment_lookdev/SCN_ARCADE/camera_whiteboxes_v001/CAM_ARCADE_01_ENTRANCE_WIDE_constraint_whitebox_v001.png,"Pure cinematic storyboard frame for AIGC video generation, 16:9 landscape, high-resolution film still quality, no annotations, no captions, no visible readable text. 1990s small-town China hidden arcade room, Chinese dreamcore realism, humid yellowed childhood memory, dim gray-yellow light, CRT blue-green-red screen glow, subtle VHS grain, lived-in dirty surfaces. Panel MSB019 / clip 03. Use mother style reference path: environment_lookdev/SCN_ARCADE/SCN_ARCADE_lookdev_A_entrance_wide_v002_game_screens.png. Use spatial constraint whitebox path: environment_lookdev/SCN_ARCADE/camera_whiteboxes_v001/CAM_ARCADE_01_ENTRANCE_WIDE_constraint_whitebox_v001.png. Camera constraint: CAM_ARCADE_01_ENTRANCE_WIDE. Layout/action focus: 脏塑料门帘贴着镜头擦过，后面露出旧街机彩光. Blocking or motion: 门帘晃动作为隐藏剪辑. Keep SCN_ARCADE design DNA consistent: dirty plastic entrance strips, low stained ceiling, narrow wet aisle, left and right rows of bulky black CRT arcade cabinets, rear two-player fictional fighting cabinet, old wooden stools, single warm dirty bulb, ceiling fan, sagging wires, peeling gray walls, unreadable poster scraps. Arcade screen content must be fictional and non-infringing: genre-level 1990s fighting-game, beat-em-up, side-scrolling action, and vertical shooter energy only; no real game title, no logo, no copyrighted UI, no recognizable character from existing games. Preserve the same room proportions and cabinet positions from the whitebox; only add final cinematic texture, light, haze, characters, and period detail. Crowd-density lock: the hidden arcade must feel very crowded and smoky, with shoulder-to-shoulder local kids, teenagers, and older bystanders packed around machines, silhouettes overlapping the aisle, cigarette-smoke haze, humid fog, and layered background faces; never make the arcade feel empty or spacious.","Do not show modern arcade cabinets, LCD screens, smartphones, LED esports room, cyberpunk neon club, clean mall game center, readable game names, real Street Fighter, real Mortal Kombat, real Cadillacs and Dinosaurs, real Dynasty Wars, real Captain Commando, real Psikyo logos, copyrighted characters, gore, adult gangsters, anime style, toy-like 3D, poster text, watermark, subtitle, annotation., empty arcade, sparse people, clean open aisle, showroom-like room, only three people in the whole arcade, clear fresh air, smoke-free room",ready_for_formal_generation_with_mother_style_and_whitebox_space
MSB020,B01,03,SCN_ARCADE,CAM_ARCADE_01_ENTRANCE_WIDE,environment_lookdev/SCN_ARCADE/SCN_ARCADE_lookdev_A_entrance_wide_v002_game_screens.png,environment_lookdev/SCN_ARCADE/camera_whiteboxes_v001/CAM_ARCADE_01_ENTRANCE_WIDE_constraint_whitebox_v001.png,"Pure cinematic storyboard frame for AIGC video generation, 16:9 landscape, high-resolution film still quality, no annotations, no captions, no visible readable text. 1990s small-town China hidden arcade room, Chinese dreamcore realism, humid yellowed childhood memory, dim gray-yellow light, CRT blue-green-red screen glow, subtle VHS grain, lived-in dirty surfaces. Panel MSB020 / clip 03. Use mother style reference path: environment_lookdev/SCN_ARCADE/SCN_ARCADE_lookdev_A_entrance_wide_v002_game_screens.png. Use spatial constraint whitebox path: environment_lookdev/SCN_ARCADE/camera_whiteboxes_v001/CAM_ARCADE_01_ENTRANCE_WIDE_constraint_whitebox_v001.png. Camera constraint: CAM_ARCADE_01_ENTRANCE_WIDE. Layout/action focus: 三兄弟站在入口下方，室内低天花和两侧街机压住他们. Blocking or motion: 站位保持阿磊前、小川中、小满后. Keep SCN_ARCADE design DNA consistent: dirty plastic entrance strips, low stained ceiling, narrow wet aisle, left and right rows of bulky black CRT arcade cabinets, rear two-player fictional fighting cabinet, old wooden stools, single warm dirty bulb, ceiling fan, sagging wires, peeling gray walls, unreadable poster scraps. Arcade screen content must be fictional and non-infringing: genre-level 1990s fighting-game, beat-em-up, side-scrolling action, and vertical shooter energy only; no real game title, no logo, no copyrighted UI, no recognizable character from existing games. Preserve the same room proportions and cabinet positions from the whitebox; only add final cinematic texture, light, haze, characters, and period detail. Crowd-density lock: the hidden arcade must feel very crowded and smoky, with shoulder-to-shoulder local kids, teenagers, and older bystanders packed around machines, silhouettes overlapping the aisle, cigarette-smoke haze, humid fog, and layered background faces; never make the arcade feel empty or spacious.","Do not show modern arcade cabinets, LCD screens, smartphones, LED esports room, cyberpunk neon club, clean mall game center, readable game names, real Street Fighter, real Mortal Kombat, real Cadillacs and Dinosaurs, real Dynasty Wars, real Captain Commando, real Psikyo logos, copyrighted characters, gore, adult gangsters, anime style, toy-like 3D, poster text, watermark, subtitle, annotation., empty arcade, sparse people, clean open aisle, showroom-like room, only three people in the whole arcade, clear fresh air, smoke-free room",ready_for_formal_generation_with_mother_style_and_whitebox_space
MSB021,B01,03,SCN_ARCADE,CAM_ARCADE_01_ENTRANCE_WIDE,environment_lookdev/SCN_ARCADE/SCN_ARCADE_lookdev_A_entrance_wide_v002_game_screens.png,environment_lookdev/SCN_ARCADE/camera_whiteboxes_v001/CAM_ARCADE_01_ENTRANCE_WIDE_constraint_whitebox_v001.png,"Pure cinematic storyboard frame for AIGC video generation, 16:9 landscape, high-resolution film still quality, no annotations, no captions, no visible readable text. 1990s small-town China hidden arcade room, Chinese dreamcore realism, humid yellowed childhood memory, dim gray-yellow light, CRT blue-green-red screen glow, subtle VHS grain, lived-in dirty surfaces. Panel MSB021 / clip 03. Use mother style reference path: environment_lookdev/SCN_ARCADE/SCN_ARCADE_lookdev_A_entrance_wide_v002_game_screens.png. Use spatial constraint whitebox path: environment_lookdev/SCN_ARCADE/camera_whiteboxes_v001/CAM_ARCADE_01_ENTRANCE_WIDE_constraint_whitebox_v001.png. Camera constraint: CAM_ARCADE_01_ENTRANCE_WIDE. Layout/action focus: 阿磊向前迈一步，肩膀故意撑开，小川和小满还在门口. Blocking or motion: 向前一步后停. Keep SCN_ARCADE design DNA consistent: dirty plastic entrance strips, low stained ceiling, narrow wet aisle, left and right rows of bulky black CRT arcade cabinets, rear two-player fictional fighting cabinet, old wooden stools, single warm dirty bulb, ceiling fan, sagging wires, peeling gray walls, unreadable poster scraps. Arcade screen content must be fictional and non-infringing: genre-level 1990s fighting-game, beat-em-up, side-scrolling action, and vertical shooter energy only; no real game title, no logo, no copyrighted UI, no recognizable character from existing games. Preserve the same room proportions and cabinet positions from the whitebox; only add final cinematic texture, light, haze, characters, and period detail. Crowd-density lock: the hidden arcade must feel very crowded and smoky, with shoulder-to-shoulder local kids, teenagers, and older bystanders packed around machines, silhouettes overlapping the aisle, cigarette-smoke haze, humid fog, and layered background faces; never make the arcade feel empty or spacious.","Do not show modern arcade cabinets, LCD screens, smartphones, LED esports room, cyberpunk neon club, clean mall game center, readable game names, real Street Fighter, real Mortal Kombat, real Cadillacs and Dinosaurs, real Dynasty Wars, real Captain Commando, real Psikyo logos, copyrighted characters, gore, adult gangsters, anime style, toy-like 3D, poster text, watermark, subtitle, annotation., empty arcade, sparse people, clean open aisle, showroom-like room, only three people in the whole arcade, clear fresh air, smoke-free room",ready_for_formal_generation_with_mother_style_and_whitebox_space
MSB022,B01,03,SCN_ARCADE,CAM_ARCADE_01_ENTRANCE_WIDE,environment_lookdev/SCN_ARCADE/SCN_ARCADE_lookdev_A_entrance_wide_v002_game_screens.png,environment_lookdev/SCN_ARCADE/camera_whiteboxes_v001/CAM_ARCADE_01_ENTRANCE_WIDE_constraint_whitebox_v001.png,"Pure cinematic storyboard frame for AIGC video generation, 16:9 landscape, high-resolution film still quality, no annotations, no captions, no visible readable text. 1990s small-town China hidden arcade room, Chinese dreamcore realism, humid yellowed childhood memory, dim gray-yellow light, CRT blue-green-red screen glow, subtle VHS grain, lived-in dirty surfaces. Panel MSB022 / clip 03. Use mother style reference path: environment_lookdev/SCN_ARCADE/SCN_ARCADE_lookdev_A_entrance_wide_v002_game_screens.png. Use spatial constraint whitebox path: environment_lookdev/SCN_ARCADE/camera_whiteboxes_v001/CAM_ARCADE_01_ENTRANCE_WIDE_constraint_whitebox_v001.png. Camera constraint: CAM_ARCADE_01_ENTRANCE_WIDE. Layout/action focus: 小川侧脸被蓝绿屏幕光照亮，红领巾和书包边缘清楚. Blocking or motion: 头部小幅转向街机. Keep SCN_ARCADE design DNA consistent: dirty plastic entrance strips, low stained ceiling, narrow wet aisle, left and right rows of bulky black CRT arcade cabinets, rear two-player fictional fighting cabinet, old wooden stools, single warm dirty bulb, ceiling fan, sagging wires, peeling gray walls, unreadable poster scraps. Arcade screen content must be fictional and non-infringing: genre-level 1990s fighting-game, beat-em-up, side-scrolling action, and vertical shooter energy only; no real game title, no logo, no copyrighted UI, no recognizable character from existing games. Preserve the same room proportions and cabinet positions from the whitebox; only add final cinematic texture, light, haze, characters, and period detail. Crowd-density lock: the hidden arcade must feel very crowded and smoky, with shoulder-to-shoulder local kids, teenagers, and older bystanders packed around machines, silhouettes overlapping the aisle, cigarette-smoke haze, humid fog, and layered background faces; never make the arcade feel empty or spacious.","Do not show modern arcade cabinets, LCD screens, smartphones, LED esports room, cyberpunk neon club, clean mall game center, readable game names, real Street Fighter, real Mortal Kombat, real Cadillacs and Dinosaurs, real Dynasty Wars, real Captain Commando, real Psikyo logos, copyrighted characters, gore, adult gangsters, anime style, toy-like 3D, poster text, watermark, subtitle, annotation., empty arcade, sparse people, clean open aisle, showroom-like room, only three people in the whole arcade, clear fresh air, smoke-free room",ready_for_formal_generation_with_mother_style_and_whitebox_space
MSB023,B01,03,SCN_ARCADE,CAM_ARCADE_01_ENTRANCE_WIDE,environment_lookdev/SCN_ARCADE/SCN_ARCADE_lookdev_A_entrance_wide_v002_game_screens.png,environment_lookdev/SCN_ARCADE/camera_whiteboxes_v001/CAM_ARCADE_01_ENTRANCE_WIDE_constraint_whitebox_v001.png,"Pure cinematic storyboard frame for AIGC video generation, 16:9 landscape, high-resolution film still quality, no annotations, no captions, no visible readable text. 1990s small-town China hidden arcade room, Chinese dreamcore realism, humid yellowed childhood memory, dim gray-yellow light, CRT blue-green-red screen glow, subtle VHS grain, lived-in dirty surfaces. Panel MSB023 / clip 03. Use mother style reference path: environment_lookdev/SCN_ARCADE/SCN_ARCADE_lookdev_A_entrance_wide_v002_game_screens.png. Use spatial constraint whitebox path: environment_lookdev/SCN_ARCADE/camera_whiteboxes_v001/CAM_ARCADE_01_ENTRANCE_WIDE_constraint_whitebox_v001.png. Camera constraint: CAM_ARCADE_01_ENTRANCE_WIDE. Layout/action focus: 小满靠近小川身后，只露半个身体，看向发光屏幕. Blocking or motion: 抓衣角，跟半步. Keep SCN_ARCADE design DNA consistent: dirty plastic entrance strips, low stained ceiling, narrow wet aisle, left and right rows of bulky black CRT arcade cabinets, rear two-player fictional fighting cabinet, old wooden stools, single warm dirty bulb, ceiling fan, sagging wires, peeling gray walls, unreadable poster scraps. Arcade screen content must be fictional and non-infringing: genre-level 1990s fighting-game, beat-em-up, side-scrolling action, and vertical shooter energy only; no real game title, no logo, no copyrighted UI, no recognizable character from existing games. Preserve the same room proportions and cabinet positions from the whitebox; only add final cinematic texture, light, haze, characters, and period detail. Crowd-density lock: the hidden arcade must feel very crowded and smoky, with shoulder-to-shoulder local kids, teenagers, and older bystanders packed around machines, silhouettes overlapping the aisle, cigarette-smoke haze, humid fog, and layered background faces; never make the arcade feel empty or spacious.","Do not show modern arcade cabinets, LCD screens, smartphones, LED esports room, cyberpunk neon club, clean mall game center, readable game names, real Street Fighter, real Mortal Kombat, real Cadillacs and Dinosaurs, real Dynasty Wars, real Captain Commando, real Psikyo logos, copyrighted characters, gore, adult gangsters, anime style, toy-like 3D, poster text, watermark, subtitle, annotation., empty arcade, sparse people, clean open aisle, showroom-like room, only three people in the whole arcade, clear fresh air, smoke-free room",ready_for_formal_generation_with_mother_style_and_whitebox_space
MSB024,B01,03,SCN_ARCADE,CAM_ARCADE_01_ENTRANCE_WIDE,environment_lookdev/SCN_ARCADE/SCN_ARCADE_lookdev_A_entrance_wide_v002_game_screens.png,environment_lookdev/SCN_ARCADE/camera_whiteboxes_v001/CAM_ARCADE_01_ENTRANCE_WIDE_constraint_whitebox_v001.png,"Pure cinematic storyboard frame for AIGC video generation, 16:9 landscape, high-resolution film still quality, no annotations, no captions, no visible readable text. 1990s small-town China hidden arcade room, Chinese dreamcore realism, humid yellowed childhood memory, dim gray-yellow light, CRT blue-green-red screen glow, subtle VHS grain, lived-in dirty surfaces. Panel MSB024 / clip 03. Use mother style reference path: environment_lookdev/SCN_ARCADE/SCN_ARCADE_lookdev_A_entrance_wide_v002_game_screens.png. Use spatial constraint whitebox path: environment_lookdev/SCN_ARCADE/camera_whiteboxes_v001/CAM_ARCADE_01_ENTRANCE_WIDE_constraint_whitebox_v001.png. Camera constraint: CAM_ARCADE_01_ENTRANCE_WIDE. Layout/action focus: 两排旧街机形成狭窄通道，远处有人影但不抢主体. Blocking or motion: slow dolly in. Keep SCN_ARCADE design DNA consistent: dirty plastic entrance strips, low stained ceiling, narrow wet aisle, left and right rows of bulky black CRT arcade cabinets, rear two-player fictional fighting cabinet, old wooden stools, single warm dirty bulb, ceiling fan, sagging wires, peeling gray walls, unreadable poster scraps. Arcade screen content must be fictional and non-infringing: genre-level 1990s fighting-game, beat-em-up, side-scrolling action, and vertical shooter energy only; no real game title, no logo, no copyrighted UI, no recognizable character from existing games. Preserve the same room proportions and cabinet positions from the whitebox; only add final cinematic texture, light, haze, characters, and period detail. Crowd-density lock: the hidden arcade must feel very crowded and smoky, with shoulder-to-shoulder local kids, teenagers, and older bystanders packed around machines, silhouettes overlapping the aisle, cigarette-smoke haze, humid fog, and layered background faces; never make the arcade feel empty or spacious.","Do not show modern arcade cabinets, LCD screens, smartphones, LED esports room, cyberpunk neon club, clean mall game center, readable game names, real Street Fighter, real Mortal Kombat, real Cadillacs and Dinosaurs, real Dynasty Wars, real Captain Commando, real Psikyo logos, copyrighted characters, gore, adult gangsters, anime style, toy-like 3D, poster text, watermark, subtitle, annotation., empty arcade, sparse people, clean open aisle, showroom-like room, only three people in the whole arcade, clear fresh air, smoke-free room",ready_for_formal_generation_with_mother_style_and_whitebox_space
MSB025,B01,03,SCN_ARCADE,CAM_ARCADE_DETAIL_CONTROL_PANEL,environment_lookdev/SCN_ARCADE/SCN_ARCADE_lookdev_A_entrance_wide_v002_game_screens.png,environment_lookdev/SCN_ARCADE/camera_whiteboxes_v001/CAM_ARCADE_DETAIL_CONTROL_PANEL_constraint_whitebox_v001.png,"Pure cinematic storyboard frame for AIGC video generation, 16:9 landscape, high-resolution film still quality, no annotations, no captions, no visible readable text. 1990s small-town China hidden arcade room, Chinese dreamcore realism, humid yellowed childhood memory, dim gray-yellow light, CRT blue-green-red screen glow, subtle VHS grain, lived-in dirty surfaces. Panel MSB025 / clip 03. Use mother style reference path: environment_lookdev/SCN_ARCADE/SCN_ARCADE_lookdev_A_entrance_wide_v002_game_screens.png. Use spatial constraint whitebox path: environment_lookdev/SCN_ARCADE/camera_whiteboxes_v001/CAM_ARCADE_DETAIL_CONTROL_PANEL_constraint_whitebox_v001.png. Camera constraint: CAM_ARCADE_DETAIL_CONTROL_PANEL. Layout/action focus: 磨损摇杆、彩色按钮、硬币槽，孩子的手和旧机器比例对比. Blocking or motion: 固定近景. Keep SCN_ARCADE design DNA consistent: dirty plastic entrance strips, low stained ceiling, narrow wet aisle, left and right rows of bulky black CRT arcade cabinets, rear two-player fictional fighting cabinet, old wooden stools, single warm dirty bulb, ceiling fan, sagging wires, peeling gray walls, unreadable poster scraps. Arcade screen content must be fictional and non-infringing: genre-level 1990s fighting-game, beat-em-up, side-scrolling action, and vertical shooter energy only; no real game title, no logo, no copyrighted UI, no recognizable character from existing games. Preserve the same room proportions and cabinet positions from the whitebox; only add final cinematic texture, light, haze, characters, and period detail. Crowd-density lock: the hidden arcade must feel very crowded and smoky, with shoulder-to-shoulder local kids, teenagers, and older bystanders packed around machines, silhouettes overlapping the aisle, cigarette-smoke haze, humid fog, and layered background faces; never make the arcade feel empty or spacious.","Do not show modern arcade cabinets, LCD screens, smartphones, LED esports room, cyberpunk neon club, clean mall game center, readable game names, real Street Fighter, real Mortal Kombat, real Cadillacs and Dinosaurs, real Dynasty Wars, real Captain Commando, real Psikyo logos, copyrighted characters, gore, adult gangsters, anime style, toy-like 3D, poster text, watermark, subtitle, annotation., empty arcade, sparse people, clean open aisle, showroom-like room, only three people in the whole arcade, clear fresh air, smoke-free room",ready_for_formal_generation_with_mother_style_and_whitebox_space
MSB026,B01,03,SCN_ARCADE,CAM_ARCADE_CEILING_PRESSURE,environment_lookdev/SCN_ARCADE/SCN_ARCADE_lookdev_A_entrance_wide_v002_game_screens.png,environment_lookdev/SCN_ARCADE/camera_whiteboxes_v001/CAM_ARCADE_CEILING_PRESSURE_constraint_whitebox_v001.png,"Pure cinematic storyboard frame for AIGC video generation, 16:9 landscape, high-resolution film still quality, no annotations, no captions, no visible readable text. 1990s small-town China hidden arcade room, Chinese dreamcore realism, humid yellowed childhood memory, dim gray-yellow light, CRT blue-green-red screen glow, subtle VHS grain, lived-in dirty surfaces. Panel MSB026 / clip 03. Use mother style reference path: environment_lookdev/SCN_ARCADE/SCN_ARCADE_lookdev_A_entrance_wide_v002_game_screens.png. Use spatial constraint whitebox path: environment_lookdev/SCN_ARCADE/camera_whiteboxes_v001/CAM_ARCADE_CEILING_PRESSURE_constraint_whitebox_v001.png. Camera constraint: CAM_ARCADE_CEILING_PRESSURE. Layout/action focus: 昏暗顶灯、烟雾、墙上海报和老旧天花板形成密闭感. Blocking or motion: 只允许烟雾轻动. Keep SCN_ARCADE design DNA consistent: dirty plastic entrance strips, low stained ceiling, narrow wet aisle, left and right rows of bulky black CRT arcade cabinets, rear two-player fictional fighting cabinet, old wooden stools, single warm dirty bulb, ceiling fan, sagging wires, peeling gray walls, unreadable poster scraps. Arcade screen content must be fictional and non-infringing: genre-level 1990s fighting-game, beat-em-up, side-scrolling action, and vertical shooter energy only; no real game title, no logo, no copyrighted UI, no recognizable character from existing games. Preserve the same room proportions and cabinet positions from the whitebox; only add final cinematic texture, light, haze, characters, and period detail. Crowd-density lock: the hidden arcade must feel very crowded and smoky, with shoulder-to-shoulder local kids, teenagers, and older bystanders packed around machines, silhouettes overlapping the aisle, cigarette-smoke haze, humid fog, and layered background faces; never make the arcade feel empty or spacious.","Do not show modern arcade cabinets, LCD screens, smartphones, LED esports room, cyberpunk neon club, clean mall game center, readable game names, real Street Fighter, real Mortal Kombat, real Cadillacs and Dinosaurs, real Dynasty Wars, real Captain Commando, real Psikyo logos, copyrighted characters, gore, adult gangsters, anime style, toy-like 3D, poster text, watermark, subtitle, annotation., empty arcade, sparse people, clean open aisle, showroom-like room, only three people in the whole arcade, clear fresh air, smoke-free room",ready_for_formal_generation_with_mother_style_and_whitebox_space
MSB027,B01,03,SCN_ARCADE,CAM_ARCADE_01_ENTRANCE_WIDE,environment_lookdev/SCN_ARCADE/SCN_ARCADE_lookdev_A_entrance_wide_v002_game_screens.png,environment_lookdev/SCN_ARCADE/camera_whiteboxes_v001/CAM_ARCADE_01_ENTRANCE_WIDE_constraint_whitebox_v001.png,"Pure cinematic storyboard frame for AIGC video generation, 16:9 landscape, high-resolution film still quality, no annotations, no captions, no visible readable text. 1990s small-town China hidden arcade room, Chinese dreamcore realism, humid yellowed childhood memory, dim gray-yellow light, CRT blue-green-red screen glow, subtle VHS grain, lived-in dirty surfaces. Panel MSB027 / clip 03. Use mother style reference path: environment_lookdev/SCN_ARCADE/SCN_ARCADE_lookdev_A_entrance_wide_v002_game_screens.png. Use spatial constraint whitebox path: environment_lookdev/SCN_ARCADE/camera_whiteboxes_v001/CAM_ARCADE_01_ENTRANCE_WIDE_constraint_whitebox_v001.png. Camera constraint: CAM_ARCADE_01_ENTRANCE_WIDE. Layout/action focus: 三人沿街机通道向里走，阿磊被机器吸引，小川跟着看，小满被拉着走. Blocking or motion: 前进方向清楚. Keep SCN_ARCADE design DNA consistent: dirty plastic entrance strips, low stained ceiling, narrow wet aisle, left and right rows of bulky black CRT arcade cabinets, rear two-player fictional fighting cabinet, old wooden stools, single warm dirty bulb, ceiling fan, sagging wires, peeling gray walls, unreadable poster scraps. Arcade screen content must be fictional and non-infringing: genre-level 1990s fighting-game, beat-em-up, side-scrolling action, and vertical shooter energy only; no real game title, no logo, no copyrighted UI, no recognizable character from existing games. Preserve the same room proportions and cabinet positions from the whitebox; only add final cinematic texture, light, haze, characters, and period detail. Crowd-density lock: the hidden arcade must feel very crowded and smoky, with shoulder-to-shoulder local kids, teenagers, and older bystanders packed around machines, silhouettes overlapping the aisle, cigarette-smoke haze, humid fog, and layered background faces; never make the arcade feel empty or spacious.","Do not show modern arcade cabinets, LCD screens, smartphones, LED esports room, cyberpunk neon club, clean mall game center, readable game names, real Street Fighter, real Mortal Kombat, real Cadillacs and Dinosaurs, real Dynasty Wars, real Captain Commando, real Psikyo logos, copyrighted characters, gore, adult gangsters, anime style, toy-like 3D, poster text, watermark, subtitle, annotation., empty arcade, sparse people, clean open aisle, showroom-like room, only three people in the whole arcade, clear fresh air, smoke-free room",ready_for_formal_generation_with_mother_style_and_whitebox_space
MSB028,B01,03,SCN_ARCADE,CAM_ARCADE_01_ENTRANCE_WIDE,environment_lookdev/SCN_ARCADE/SCN_ARCADE_lookdev_A_entrance_wide_v002_game_screens.png,environment_lookdev/SCN_ARCADE/camera_whiteboxes_v001/CAM_ARCADE_01_ENTRANCE_WIDE_constraint_whitebox_v001.png,"Pure cinematic storyboard frame for AIGC video generation, 16:9 landscape, high-resolution film still quality, no annotations, no captions, no visible readable text. 1990s small-town China hidden arcade room, Chinese dreamcore realism, humid yellowed childhood memory, dim gray-yellow light, CRT blue-green-red screen glow, subtle VHS grain, lived-in dirty surfaces. Panel MSB028 / clip 03. Use mother style reference path: environment_lookdev/SCN_ARCADE/SCN_ARCADE_lookdev_A_entrance_wide_v002_game_screens.png. Use spatial constraint whitebox path: environment_lookdev/SCN_ARCADE/camera_whiteboxes_v001/CAM_ARCADE_01_ENTRANCE_WIDE_constraint_whitebox_v001.png. Camera constraint: CAM_ARCADE_01_ENTRANCE_WIDE. Layout/action focus: 远处一台街头霸王机器的屏幕更亮，像目标点. Blocking or motion: 镜头停在机器方向. Keep SCN_ARCADE design DNA consistent: dirty plastic entrance strips, low stained ceiling, narrow wet aisle, left and right rows of bulky black CRT arcade cabinets, rear two-player fictional fighting cabinet, old wooden stools, single warm dirty bulb, ceiling fan, sagging wires, peeling gray walls, unreadable poster scraps. Arcade screen content must be fictional and non-infringing: genre-level 1990s fighting-game, beat-em-up, side-scrolling action, and vertical shooter energy only; no real game title, no logo, no copyrighted UI, no recognizable character from existing games. Preserve the same room proportions and cabinet positions from the whitebox; only add final cinematic texture, light, haze, characters, and period detail. Crowd-density lock: the hidden arcade must feel very crowded and smoky, with shoulder-to-shoulder local kids, teenagers, and older bystanders packed around machines, silhouettes overlapping the aisle, cigarette-smoke haze, humid fog, and layered background faces; never make the arcade feel empty or spacious.","Do not show modern arcade cabinets, LCD screens, smartphones, LED esports room, cyberpunk neon club, clean mall game center, readable game names, real Street Fighter, real Mortal Kombat, real Cadillacs and Dinosaurs, real Dynasty Wars, real Captain Commando, real Psikyo logos, copyrighted characters, gore, adult gangsters, anime style, toy-like 3D, poster text, watermark, subtitle, annotation., empty arcade, sparse people, clean open aisle, showroom-like room, only three people in the whole arcade, clear fresh air, smoke-free room",ready_for_formal_generation_with_mother_style_and_whitebox_space
MSB029,B02,04,SCN_ARCADE,CAM_ARCADE_02_STREET_FIGHTER_CABINET,environment_lookdev/SCN_ARCADE/SCN_ARCADE_lookdev_A_entrance_wide_v002_game_screens.png,environment_lookdev/SCN_ARCADE/camera_whiteboxes_v001/CAM_ARCADE_02_STREET_FIGHTER_CABINET_constraint_whitebox_v001.png,"Pure cinematic storyboard frame for AIGC video generation, 16:9 landscape, high-resolution film still quality, no annotations, no captions, no visible readable text. 1990s small-town China hidden arcade room, Chinese dreamcore realism, humid yellowed childhood memory, dim gray-yellow light, CRT blue-green-red screen glow, subtle VHS grain, lived-in dirty surfaces. Panel MSB029 / clip 04. Use mother style reference path: environment_lookdev/SCN_ARCADE/SCN_ARCADE_lookdev_A_entrance_wide_v002_game_screens.png. Use spatial constraint whitebox path: environment_lookdev/SCN_ARCADE/camera_whiteboxes_v001/CAM_ARCADE_02_STREET_FIGHTER_CABINET_constraint_whitebox_v001.png. Camera constraint: CAM_ARCADE_02_STREET_FIGHTER_CABINET. Layout/action focus: 街头霸王街机占画面中心，屏幕和操作台磨损清楚. Blocking or motion: 固定构图. Keep SCN_ARCADE design DNA consistent: dirty plastic entrance strips, low stained ceiling, narrow wet aisle, left and right rows of bulky black CRT arcade cabinets, rear two-player fictional fighting cabinet, old wooden stools, single warm dirty bulb, ceiling fan, sagging wires, peeling gray walls, unreadable poster scraps. Arcade screen content must be fictional and non-infringing: genre-level 1990s fighting-game, beat-em-up, side-scrolling action, and vertical shooter energy only; no real game title, no logo, no copyrighted UI, no recognizable character from existing games. Preserve the same room proportions and cabinet positions from the whitebox; only add final cinematic texture, light, haze, characters, and period detail. Crowd-density lock: the hidden arcade must feel very crowded and smoky, with shoulder-to-shoulder local kids, teenagers, and older bystanders packed around machines, silhouettes overlapping the aisle, cigarette-smoke haze, humid fog, and layered background faces; never make the arcade feel empty or spacious.","Do not show modern arcade cabinets, LCD screens, smartphones, LED esports room, cyberpunk neon club, clean mall game center, readable game names, real Street Fighter, real Mortal Kombat, real Cadillacs and Dinosaurs, real Dynasty Wars, real Captain Commando, real Psikyo logos, copyrighted characters, gore, adult gangsters, anime style, toy-like 3D, poster text, watermark, subtitle, annotation., empty arcade, sparse people, clean open aisle, showroom-like room, only three people in the whole arcade, clear fresh air, smoke-free room",ready_for_formal_generation_with_mother_style_and_whitebox_space
MSB030,B02,04,SCN_ARCADE,CAM_ARCADE_02_STREET_FIGHTER_CABINET,environment_lookdev/SCN_ARCADE/SCN_ARCADE_lookdev_A_entrance_wide_v002_game_screens.png,environment_lookdev/SCN_ARCADE/camera_whiteboxes_v001/CAM_ARCADE_02_STREET_FIGHTER_CABINET_constraint_whitebox_v001.png,"Pure cinematic storyboard frame for AIGC video generation, 16:9 landscape, high-resolution film still quality, no annotations, no captions, no visible readable text. 1990s small-town China hidden arcade room, Chinese dreamcore realism, humid yellowed childhood memory, dim gray-yellow light, CRT blue-green-red screen glow, subtle VHS grain, lived-in dirty surfaces. Panel MSB030 / clip 04. Use mother style reference path: environment_lookdev/SCN_ARCADE/SCN_ARCADE_lookdev_A_entrance_wide_v002_game_screens.png. Use spatial constraint whitebox path: environment_lookdev/SCN_ARCADE/camera_whiteboxes_v001/CAM_ARCADE_02_STREET_FIGHTER_CABINET_constraint_whitebox_v001.png. Camera constraint: CAM_ARCADE_02_STREET_FIGHTER_CABINET. Layout/action focus: 阿磊站到操作位，手放在摇杆旁，下巴微扬. Blocking or motion: 身体前倾，肩膀撑开. Keep SCN_ARCADE design DNA consistent: dirty plastic entrance strips, low stained ceiling, narrow wet aisle, left and right rows of bulky black CRT arcade cabinets, rear two-player fictional fighting cabinet, old wooden stools, single warm dirty bulb, ceiling fan, sagging wires, peeling gray walls, unreadable poster scraps. Arcade screen content must be fictional and non-infringing: genre-level 1990s fighting-game, beat-em-up, side-scrolling action, and vertical shooter energy only; no real game title, no logo, no copyrighted UI, no recognizable character from existing games. Preserve the same room proportions and cabinet positions from the whitebox; only add final cinematic texture, light, haze, characters, and period detail. Crowd-density lock: the hidden arcade must feel very crowded and smoky, with shoulder-to-shoulder local kids, teenagers, and older bystanders packed around machines, silhouettes overlapping the aisle, cigarette-smoke haze, humid fog, and layered background faces; never make the arcade feel empty or spacious.","Do not show modern arcade cabinets, LCD screens, smartphones, LED esports room, cyberpunk neon club, clean mall game center, readable game names, real Street Fighter, real Mortal Kombat, real Cadillacs and Dinosaurs, real Dynasty Wars, real Captain Commando, real Psikyo logos, copyrighted characters, gore, adult gangsters, anime style, toy-like 3D, poster text, watermark, subtitle, annotation., empty arcade, sparse people, clean open aisle, showroom-like room, only three people in the whole arcade, clear fresh air, smoke-free room",ready_for_formal_generation_with_mother_style_and_whitebox_space
MSB031,B02,04,SCN_ARCADE,CAM_ARCADE_02_STREET_FIGHTER_CABINET,environment_lookdev/SCN_ARCADE/SCN_ARCADE_lookdev_A_entrance_wide_v002_game_screens.png,environment_lookdev/SCN_ARCADE/camera_whiteboxes_v001/CAM_ARCADE_02_STREET_FIGHTER_CABINET_constraint_whitebox_v001.png,"Pure cinematic storyboard frame for AIGC video generation, 16:9 landscape, high-resolution film still quality, no annotations, no captions, no visible readable text. 1990s small-town China hidden arcade room, Chinese dreamcore realism, humid yellowed childhood memory, dim gray-yellow light, CRT blue-green-red screen glow, subtle VHS grain, lived-in dirty surfaces. Panel MSB031 / clip 04. Use mother style reference path: environment_lookdev/SCN_ARCADE/SCN_ARCADE_lookdev_A_entrance_wide_v002_game_screens.png. Use spatial constraint whitebox path: environment_lookdev/SCN_ARCADE/camera_whiteboxes_v001/CAM_ARCADE_02_STREET_FIGHTER_CABINET_constraint_whitebox_v001.png. Camera constraint: CAM_ARCADE_02_STREET_FIGHTER_CABINET. Layout/action focus: 小川站在阿磊侧后，红领巾被屏幕光照亮，手还抓书包带. Blocking or motion: 不碰机器，只看. Keep SCN_ARCADE design DNA consistent: dirty plastic entrance strips, low stained ceiling, narrow wet aisle, left and right rows of bulky black CRT arcade cabinets, rear two-player fictional fighting cabinet, old wooden stools, single warm dirty bulb, ceiling fan, sagging wires, peeling gray walls, unreadable poster scraps. Arcade screen content must be fictional and non-infringing: genre-level 1990s fighting-game, beat-em-up, side-scrolling action, and vertical shooter energy only; no real game title, no logo, no copyrighted UI, no recognizable character from existing games. Preserve the same room proportions and cabinet positions from the whitebox; only add final cinematic texture, light, haze, characters, and period detail. Crowd-density lock: the hidden arcade must feel very crowded and smoky, with shoulder-to-shoulder local kids, teenagers, and older bystanders packed around machines, silhouettes overlapping the aisle, cigarette-smoke haze, humid fog, and layered background faces; never make the arcade feel empty or spacious.","Do not show modern arcade cabinets, LCD screens, smartphones, LED esports room, cyberpunk neon club, clean mall game center, readable game names, real Street Fighter, real Mortal Kombat, real Cadillacs and Dinosaurs, real Dynasty Wars, real Captain Commando, real Psikyo logos, copyrighted characters, gore, adult gangsters, anime style, toy-like 3D, poster text, watermark, subtitle, annotation., empty arcade, sparse people, clean open aisle, showroom-like room, only three people in the whole arcade, clear fresh air, smoke-free room",ready_for_formal_generation_with_mother_style_and_whitebox_space
MSB032,B02,04,SCN_ARCADE,CAM_ARCADE_02_STREET_FIGHTER_CABINET,environment_lookdev/SCN_ARCADE/SCN_ARCADE_lookdev_A_entrance_wide_v002_game_screens.png,environment_lookdev/SCN_ARCADE/camera_whiteboxes_v001/CAM_ARCADE_02_STREET_FIGHTER_CABINET_constraint_whitebox_v001.png,"Pure cinematic storyboard frame for AIGC video generation, 16:9 landscape, high-resolution film still quality, no annotations, no captions, no visible readable text. 1990s small-town China hidden arcade room, Chinese dreamcore realism, humid yellowed childhood memory, dim gray-yellow light, CRT blue-green-red screen glow, subtle VHS grain, lived-in dirty surfaces. Panel MSB032 / clip 04. Use mother style reference path: environment_lookdev/SCN_ARCADE/SCN_ARCADE_lookdev_A_entrance_wide_v002_game_screens.png. Use spatial constraint whitebox path: environment_lookdev/SCN_ARCADE/camera_whiteboxes_v001/CAM_ARCADE_02_STREET_FIGHTER_CABINET_constraint_whitebox_v001.png. Camera constraint: CAM_ARCADE_02_STREET_FIGHTER_CABINET. Layout/action focus: 小满只露出半张脸和浅色衬衫，躲在小川身后看屏幕. Blocking or motion: 贴近小川. Keep SCN_ARCADE design DNA consistent: dirty plastic entrance strips, low stained ceiling, narrow wet aisle, left and right rows of bulky black CRT arcade cabinets, rear two-player fictional fighting cabinet, old wooden stools, single warm dirty bulb, ceiling fan, sagging wires, peeling gray walls, unreadable poster scraps. Arcade screen content must be fictional and non-infringing: genre-level 1990s fighting-game, beat-em-up, side-scrolling action, and vertical shooter energy only; no real game title, no logo, no copyrighted UI, no recognizable character from existing games. Preserve the same room proportions and cabinet positions from the whitebox; only add final cinematic texture, light, haze, characters, and period detail. Crowd-density lock: the hidden arcade must feel very crowded and smoky, with shoulder-to-shoulder local kids, teenagers, and older bystanders packed around machines, silhouettes overlapping the aisle, cigarette-smoke haze, humid fog, and layered background faces; never make the arcade feel empty or spacious.","Do not show modern arcade cabinets, LCD screens, smartphones, LED esports room, cyberpunk neon club, clean mall game center, readable game names, real Street Fighter, real Mortal Kombat, real Cadillacs and Dinosaurs, real Dynasty Wars, real Captain Commando, real Psikyo logos, copyrighted characters, gore, adult gangsters, anime style, toy-like 3D, poster text, watermark, subtitle, annotation., empty arcade, sparse people, clean open aisle, showroom-like room, only three people in the whole arcade, clear fresh air, smoke-free room",ready_for_formal_generation_with_mother_style_and_whitebox_space
MSB033,B02,04,SCN_ARCADE,CAM_ARCADE_DETAIL_CONTROL_PANEL,environment_lookdev/SCN_ARCADE/SCN_ARCADE_lookdev_A_entrance_wide_v002_game_screens.png,environment_lookdev/SCN_ARCADE/camera_whiteboxes_v001/CAM_ARCADE_DETAIL_CONTROL_PANEL_constraint_whitebox_v001.png,"Pure cinematic storyboard frame for AIGC video generation, 16:9 landscape, high-resolution film still quality, no annotations, no captions, no visible readable text. 1990s small-town China hidden arcade room, Chinese dreamcore realism, humid yellowed childhood memory, dim gray-yellow light, CRT blue-green-red screen glow, subtle VHS grain, lived-in dirty surfaces. Panel MSB033 / clip 04. Use mother style reference path: environment_lookdev/SCN_ARCADE/SCN_ARCADE_lookdev_A_entrance_wide_v002_game_screens.png. Use spatial constraint whitebox path: environment_lookdev/SCN_ARCADE/camera_whiteboxes_v001/CAM_ARCADE_DETAIL_CONTROL_PANEL_constraint_whitebox_v001.png. Camera constraint: CAM_ARCADE_DETAIL_CONTROL_PANEL. Layout/action focus: 阿磊的儿童手指放到彩色按钮上，袖口磨毛和按钮划痕同框. Blocking or motion: 手开始操作前的准备. Keep SCN_ARCADE design DNA consistent: dirty plastic entrance strips, low stained ceiling, narrow wet aisle, left and right rows of bulky black CRT arcade cabinets, rear two-player fictional fighting cabinet, old wooden stools, single warm dirty bulb, ceiling fan, sagging wires, peeling gray walls, unreadable poster scraps. Arcade screen content must be fictional and non-infringing: genre-level 1990s fighting-game, beat-em-up, side-scrolling action, and vertical shooter energy only; no real game title, no logo, no copyrighted UI, no recognizable character from existing games. Preserve the same room proportions and cabinet positions from the whitebox; only add final cinematic texture, light, haze, characters, and period detail. Crowd-density lock: the hidden arcade must feel very crowded and smoky, with shoulder-to-shoulder local kids, teenagers, and older bystanders packed around machines, silhouettes overlapping the aisle, cigarette-smoke haze, humid fog, and layered background faces; never make the arcade feel empty or spacious.","Do not show modern arcade cabinets, LCD screens, smartphones, LED esports room, cyberpunk neon club, clean mall game center, readable game names, real Street Fighter, real Mortal Kombat, real Cadillacs and Dinosaurs, real Dynasty Wars, real Captain Commando, real Psikyo logos, copyrighted characters, gore, adult gangsters, anime style, toy-like 3D, poster text, watermark, subtitle, annotation., empty arcade, sparse people, clean open aisle, showroom-like room, only three people in the whole arcade, clear fresh air, smoke-free room",ready_for_formal_generation_with_mother_style_and_whitebox_space
MSB034,B02,04,SCN_ARCADE,CAM_ARCADE_02_STREET_FIGHTER_CABINET,environment_lookdev/SCN_ARCADE/SCN_ARCADE_lookdev_A_entrance_wide_v002_game_screens.png,environment_lookdev/SCN_ARCADE/camera_whiteboxes_v001/CAM_ARCADE_02_STREET_FIGHTER_CABINET_constraint_whitebox_v001.png,"Pure cinematic storyboard frame for AIGC video generation, 16:9 landscape, high-resolution film still quality, no annotations, no captions, no visible readable text. 1990s small-town China hidden arcade room, Chinese dreamcore realism, humid yellowed childhood memory, dim gray-yellow light, CRT blue-green-red screen glow, subtle VHS grain, lived-in dirty surfaces. Panel MSB034 / clip 04. Use mother style reference path: environment_lookdev/SCN_ARCADE/SCN_ARCADE_lookdev_A_entrance_wide_v002_game_screens.png. Use spatial constraint whitebox path: environment_lookdev/SCN_ARCADE/camera_whiteboxes_v001/CAM_ARCADE_02_STREET_FIGHTER_CABINET_constraint_whitebox_v001.png. Camera constraint: CAM_ARCADE_02_STREET_FIGHTER_CABINET. Layout/action focus: 彬子从机器另一侧进入画面，黄发梢和黑夹克先被看见. Blocking or motion: 下巴前顶，靠近机器. Keep SCN_ARCADE design DNA consistent: dirty plastic entrance strips, low stained ceiling, narrow wet aisle, left and right rows of bulky black CRT arcade cabinets, rear two-player fictional fighting cabinet, old wooden stools, single warm dirty bulb, ceiling fan, sagging wires, peeling gray walls, unreadable poster scraps. Arcade screen content must be fictional and non-infringing: genre-level 1990s fighting-game, beat-em-up, side-scrolling action, and vertical shooter energy only; no real game title, no logo, no copyrighted UI, no recognizable character from existing games. Preserve the same room proportions and cabinet positions from the whitebox; only add final cinematic texture, light, haze, characters, and period detail. Crowd-density lock: the hidden arcade must feel very crowded and smoky, with shoulder-to-shoulder local kids, teenagers, and older bystanders packed around machines, silhouettes overlapping the aisle, cigarette-smoke haze, humid fog, and layered background faces; never make the arcade feel empty or spacious.","Do not show modern arcade cabinets, LCD screens, smartphones, LED esports room, cyberpunk neon club, clean mall game center, readable game names, real Street Fighter, real Mortal Kombat, real Cadillacs and Dinosaurs, real Dynasty Wars, real Captain Commando, real Psikyo logos, copyrighted characters, gore, adult gangsters, anime style, toy-like 3D, poster text, watermark, subtitle, annotation., empty arcade, sparse people, clean open aisle, showroom-like room, only three people in the whole arcade, clear fresh air, smoke-free room",ready_for_formal_generation_with_mother_style_and_whitebox_space
MSB035,B02,04,SCN_ARCADE,CAM_ARCADE_02_STREET_FIGHTER_CABINET,environment_lookdev/SCN_ARCADE/SCN_ARCADE_lookdev_A_entrance_wide_v002_game_screens.png,environment_lookdev/SCN_ARCADE/camera_whiteboxes_v001/CAM_ARCADE_02_STREET_FIGHTER_CABINET_constraint_whitebox_v001.png,"Pure cinematic storyboard frame for AIGC video generation, 16:9 landscape, high-resolution film still quality, no annotations, no captions, no visible readable text. 1990s small-town China hidden arcade room, Chinese dreamcore realism, humid yellowed childhood memory, dim gray-yellow light, CRT blue-green-red screen glow, subtle VHS grain, lived-in dirty surfaces. Panel MSB035 / clip 04. Use mother style reference path: environment_lookdev/SCN_ARCADE/SCN_ARCADE_lookdev_A_entrance_wide_v002_game_screens.png. Use spatial constraint whitebox path: environment_lookdev/SCN_ARCADE/camera_whiteboxes_v001/CAM_ARCADE_02_STREET_FIGHTER_CABINET_constraint_whitebox_v001.png. Camera constraint: CAM_ARCADE_02_STREET_FIGHTER_CABINET. Layout/action focus: 阿磊和彬子分别站在机器两侧，屏幕在中间，身高差和气势差清楚. Blocking or motion: 对战站位锁定. Keep SCN_ARCADE design DNA consistent: dirty plastic entrance strips, low stained ceiling, narrow wet aisle, left and right rows of bulky black CRT arcade cabinets, rear two-player fictional fighting cabinet, old wooden stools, single warm dirty bulb, ceiling fan, sagging wires, peeling gray walls, unreadable poster scraps. Arcade screen content must be fictional and non-infringing: genre-level 1990s fighting-game, beat-em-up, side-scrolling action, and vertical shooter energy only; no real game title, no logo, no copyrighted UI, no recognizable character from existing games. Preserve the same room proportions and cabinet positions from the whitebox; only add final cinematic texture, light, haze, characters, and period detail. Crowd-density lock: the hidden arcade must feel very crowded and smoky, with shoulder-to-shoulder local kids, teenagers, and older bystanders packed around machines, silhouettes overlapping the aisle, cigarette-smoke haze, humid fog, and layered background faces; never make the arcade feel empty or spacious.","Do not show modern arcade cabinets, LCD screens, smartphones, LED esports room, cyberpunk neon club, clean mall game center, readable game names, real Street Fighter, real Mortal Kombat, real Cadillacs and Dinosaurs, real Dynasty Wars, real Captain Commando, real Psikyo logos, copyrighted characters, gore, adult gangsters, anime style, toy-like 3D, poster text, watermark, subtitle, annotation., empty arcade, sparse people, clean open aisle, showroom-like room, only three people in the whole arcade, clear fresh air, smoke-free room",ready_for_formal_generation_with_mother_style_and_whitebox_space
MSB036,B02,04,SCN_ARCADE,CAM_ARCADE_02_STREET_FIGHTER_CABINET,environment_lookdev/SCN_ARCADE/SCN_ARCADE_lookdev_A_entrance_wide_v002_game_screens.png,environment_lookdev/SCN_ARCADE/camera_whiteboxes_v001/CAM_ARCADE_02_STREET_FIGHTER_CABINET_constraint_whitebox_v001.png,"Pure cinematic storyboard frame for AIGC video generation, 16:9 landscape, high-resolution film still quality, no annotations, no captions, no visible readable text. 1990s small-town China hidden arcade room, Chinese dreamcore realism, humid yellowed childhood memory, dim gray-yellow light, CRT blue-green-red screen glow, subtle VHS grain, lived-in dirty surfaces. Panel MSB036 / clip 04. Use mother style reference path: environment_lookdev/SCN_ARCADE/SCN_ARCADE_lookdev_A_entrance_wide_v002_game_screens.png. Use spatial constraint whitebox path: environment_lookdev/SCN_ARCADE/camera_whiteboxes_v001/CAM_ARCADE_02_STREET_FIGHTER_CABINET_constraint_whitebox_v001.png. Camera constraint: CAM_ARCADE_02_STREET_FIGHTER_CABINET. Layout/action focus: 小川看见彬子，笑意收住，眼睛从屏幕移到彬子脸上. Blocking or motion: 头部小幅转移. Keep SCN_ARCADE design DNA consistent: dirty plastic entrance strips, low stained ceiling, narrow wet aisle, left and right rows of bulky black CRT arcade cabinets, rear two-player fictional fighting cabinet, old wooden stools, single warm dirty bulb, ceiling fan, sagging wires, peeling gray walls, unreadable poster scraps. Arcade screen content must be fictional and non-infringing: genre-level 1990s fighting-game, beat-em-up, side-scrolling action, and vertical shooter energy only; no real game title, no logo, no copyrighted UI, no recognizable character from existing games. Preserve the same room proportions and cabinet positions from the whitebox; only add final cinematic texture, light, haze, characters, and period detail. Crowd-density lock: the hidden arcade must feel very crowded and smoky, with shoulder-to-shoulder local kids, teenagers, and older bystanders packed around machines, silhouettes overlapping the aisle, cigarette-smoke haze, humid fog, and layered background faces; never make the arcade feel empty or spacious.","Do not show modern arcade cabinets, LCD screens, smartphones, LED esports room, cyberpunk neon club, clean mall game center, readable game names, real Street Fighter, real Mortal Kombat, real Cadillacs and Dinosaurs, real Dynasty Wars, real Captain Commando, real Psikyo logos, copyrighted characters, gore, adult gangsters, anime style, toy-like 3D, poster text, watermark, subtitle, annotation., empty arcade, sparse people, clean open aisle, showroom-like room, only three people in the whole arcade, clear fresh air, smoke-free room",ready_for_formal_generation_with_mother_style_and_whitebox_space
MSB037,B02,04,SCN_ARCADE,CAM_ARCADE_DETAIL_CONTROL_PANEL,environment_lookdev/SCN_ARCADE/SCN_ARCADE_lookdev_A_entrance_wide_v002_game_screens.png,environment_lookdev/SCN_ARCADE/camera_whiteboxes_v001/CAM_ARCADE_DETAIL_CONTROL_PANEL_constraint_whitebox_v001.png,"Pure cinematic storyboard frame for AIGC video generation, 16:9 landscape, high-resolution film still quality, no annotations, no captions, no visible readable text. 1990s small-town China hidden arcade room, Chinese dreamcore realism, humid yellowed childhood memory, dim gray-yellow light, CRT blue-green-red screen glow, subtle VHS grain, lived-in dirty surfaces. Panel MSB037 / clip 04. Use mother style reference path: environment_lookdev/SCN_ARCADE/SCN_ARCADE_lookdev_A_entrance_wide_v002_game_screens.png. Use spatial constraint whitebox path: environment_lookdev/SCN_ARCADE/camera_whiteboxes_v001/CAM_ARCADE_DETAIL_CONTROL_PANEL_constraint_whitebox_v001.png. Camera constraint: CAM_ARCADE_DETAIL_CONTROL_PANEL. Layout/action focus: 硬币投入街机槽，金属声和 CRT 光形成对战开始点. Blocking or motion: 手离开硬币槽. Keep SCN_ARCADE design DNA consistent: dirty plastic entrance strips, low stained ceiling, narrow wet aisle, left and right rows of bulky black CRT arcade cabinets, rear two-player fictional fighting cabinet, old wooden stools, single warm dirty bulb, ceiling fan, sagging wires, peeling gray walls, unreadable poster scraps. Arcade screen content must be fictional and non-infringing: genre-level 1990s fighting-game, beat-em-up, side-scrolling action, and vertical shooter energy only; no real game title, no logo, no copyrighted UI, no recognizable character from existing games. Preserve the same room proportions and cabinet positions from the whitebox; only add final cinematic texture, light, haze, characters, and period detail. Crowd-density lock: the hidden arcade must feel very crowded and smoky, with shoulder-to-shoulder local kids, teenagers, and older bystanders packed around machines, silhouettes overlapping the aisle, cigarette-smoke haze, humid fog, and layered background faces; never make the arcade feel empty or spacious.","Do not show modern arcade cabinets, LCD screens, smartphones, LED esports room, cyberpunk neon club, clean mall game center, readable game names, real Street Fighter, real Mortal Kombat, real Cadillacs and Dinosaurs, real Dynasty Wars, real Captain Commando, real Psikyo logos, copyrighted characters, gore, adult gangsters, anime style, toy-like 3D, poster text, watermark, subtitle, annotation., empty arcade, sparse people, clean open aisle, showroom-like room, only three people in the whole arcade, clear fresh air, smoke-free room",ready_for_formal_generation_with_mother_style_and_whitebox_space
MSB038,B02,05,SCN_ARCADE,CAM_ARCADE_03_DUEL_OVER_SHOULDER,environment_lookdev/SCN_ARCADE/SCN_ARCADE_lookdev_A_entrance_wide_v002_game_screens.png,environment_lookdev/SCN_ARCADE/camera_whiteboxes_v001/CAM_ARCADE_03_DUEL_OVER_SHOULDER_constraint_whitebox_v001.png,"Pure cinematic storyboard frame for AIGC video generation, 16:9 landscape, high-resolution film still quality, no annotations, no captions, no visible readable text. 1990s small-town China hidden arcade room, Chinese dreamcore realism, humid yellowed childhood memory, dim gray-yellow light, CRT blue-green-red screen glow, subtle VHS grain, lived-in dirty surfaces. Panel MSB038 / clip 05. Use mother style reference path: environment_lookdev/SCN_ARCADE/SCN_ARCADE_lookdev_A_entrance_wide_v002_game_screens.png. Use spatial constraint whitebox path: environment_lookdev/SCN_ARCADE/camera_whiteboxes_v001/CAM_ARCADE_03_DUEL_OVER_SHOULDER_constraint_whitebox_v001.png. Camera constraint: CAM_ARCADE_03_DUEL_OVER_SHOULDER. Layout/action focus: 阿磊左前景肩背、彬子右侧，街霸屏幕夹在中间. Blocking or motion: 镜头固定在屏幕和肩背之间. Keep SCN_ARCADE design DNA consistent: dirty plastic entrance strips, low stained ceiling, narrow wet aisle, left and right rows of bulky black CRT arcade cabinets, rear two-player fictional fighting cabinet, old wooden stools, single warm dirty bulb, ceiling fan, sagging wires, peeling gray walls, unreadable poster scraps. Arcade screen content must be fictional and non-infringing: genre-level 1990s fighting-game, beat-em-up, side-scrolling action, and vertical shooter energy only; no real game title, no logo, no copyrighted UI, no recognizable character from existing games. Preserve the same room proportions and cabinet positions from the whitebox; only add final cinematic texture, light, haze, characters, and period detail. Crowd-density lock: the hidden arcade must feel very crowded and smoky, with shoulder-to-shoulder local kids, teenagers, and older bystanders packed around machines, silhouettes overlapping the aisle, cigarette-smoke haze, humid fog, and layered background faces; never make the arcade feel empty or spacious.","Do not show modern arcade cabinets, LCD screens, smartphones, LED esports room, cyberpunk neon club, clean mall game center, readable game names, real Street Fighter, real Mortal Kombat, real Cadillacs and Dinosaurs, real Dynasty Wars, real Captain Commando, real Psikyo logos, copyrighted characters, gore, adult gangsters, anime style, toy-like 3D, poster text, watermark, subtitle, annotation., empty arcade, sparse people, clean open aisle, showroom-like room, only three people in the whole arcade, clear fresh air, smoke-free room",ready_for_formal_generation_with_mother_style_and_whitebox_space
MSB039,B02,05,SCN_ARCADE,CAM_ARCADE_DETAIL_CONTROL_PANEL,environment_lookdev/SCN_ARCADE/SCN_ARCADE_lookdev_A_entrance_wide_v002_game_screens.png,environment_lookdev/SCN_ARCADE/camera_whiteboxes_v001/CAM_ARCADE_DETAIL_CONTROL_PANEL_constraint_whitebox_v001.png,"Pure cinematic storyboard frame for AIGC video generation, 16:9 landscape, high-resolution film still quality, no annotations, no captions, no visible readable text. 1990s small-town China hidden arcade room, Chinese dreamcore realism, humid yellowed childhood memory, dim gray-yellow light, CRT blue-green-red screen glow, subtle VHS grain, lived-in dirty surfaces. Panel MSB039 / clip 05. Use mother style reference path: environment_lookdev/SCN_ARCADE/SCN_ARCADE_lookdev_A_entrance_wide_v002_game_screens.png. Use spatial constraint whitebox path: environment_lookdev/SCN_ARCADE/camera_whiteboxes_v001/CAM_ARCADE_DETAIL_CONTROL_PANEL_constraint_whitebox_v001.png. Camera constraint: CAM_ARCADE_DETAIL_CONTROL_PANEL. Layout/action focus: 阿磊手指在彩色按钮上快速动作，袖口磨毛明显. Blocking or motion: 只拍手和按钮. Keep SCN_ARCADE design DNA consistent: dirty plastic entrance strips, low stained ceiling, narrow wet aisle, left and right rows of bulky black CRT arcade cabinets, rear two-player fictional fighting cabinet, old wooden stools, single warm dirty bulb, ceiling fan, sagging wires, peeling gray walls, unreadable poster scraps. Arcade screen content must be fictional and non-infringing: genre-level 1990s fighting-game, beat-em-up, side-scrolling action, and vertical shooter energy only; no real game title, no logo, no copyrighted UI, no recognizable character from existing games. Preserve the same room proportions and cabinet positions from the whitebox; only add final cinematic texture, light, haze, characters, and period detail. Crowd-density lock: the hidden arcade must feel very crowded and smoky, with shoulder-to-shoulder local kids, teenagers, and older bystanders packed around machines, silhouettes overlapping the aisle, cigarette-smoke haze, humid fog, and layered background faces; never make the arcade feel empty or spacious.","Do not show modern arcade cabinets, LCD screens, smartphones, LED esports room, cyberpunk neon club, clean mall game center, readable game names, real Street Fighter, real Mortal Kombat, real Cadillacs and Dinosaurs, real Dynasty Wars, real Captain Commando, real Psikyo logos, copyrighted characters, gore, adult gangsters, anime style, toy-like 3D, poster text, watermark, subtitle, annotation., empty arcade, sparse people, clean open aisle, showroom-like room, only three people in the whole arcade, clear fresh air, smoke-free room",ready_for_formal_generation_with_mother_style_and_whitebox_space
MSB040,B02,05,SCN_ARCADE,CAM_ARCADE_03_DUEL_OVER_SHOULDER,environment_lookdev/SCN_ARCADE/SCN_ARCADE_lookdev_A_entrance_wide_v002_game_screens.png,environment_lookdev/SCN_ARCADE/camera_whiteboxes_v001/CAM_ARCADE_03_DUEL_OVER_SHOULDER_constraint_whitebox_v001.png,"Pure cinematic storyboard frame for AIGC video generation, 16:9 landscape, high-resolution film still quality, no annotations, no captions, no visible readable text. 1990s small-town China hidden arcade room, Chinese dreamcore realism, humid yellowed childhood memory, dim gray-yellow light, CRT blue-green-red screen glow, subtle VHS grain, lived-in dirty surfaces. Panel MSB040 / clip 05. Use mother style reference path: environment_lookdev/SCN_ARCADE/SCN_ARCADE_lookdev_A_entrance_wide_v002_game_screens.png. Use spatial constraint whitebox path: environment_lookdev/SCN_ARCADE/camera_whiteboxes_v001/CAM_ARCADE_03_DUEL_OVER_SHOULDER_constraint_whitebox_v001.png. Camera constraint: CAM_ARCADE_03_DUEL_OVER_SHOULDER. Layout/action focus: 彬子侧脸被 CRT 光照亮，嘴角歪，眼睛从下往上瞪. Blocking or motion: 下巴前顶. Keep SCN_ARCADE design DNA consistent: dirty plastic entrance strips, low stained ceiling, narrow wet aisle, left and right rows of bulky black CRT arcade cabinets, rear two-player fictional fighting cabinet, old wooden stools, single warm dirty bulb, ceiling fan, sagging wires, peeling gray walls, unreadable poster scraps. Arcade screen content must be fictional and non-infringing: genre-level 1990s fighting-game, beat-em-up, side-scrolling action, and vertical shooter energy only; no real game title, no logo, no copyrighted UI, no recognizable character from existing games. Preserve the same room proportions and cabinet positions from the whitebox; only add final cinematic texture, light, haze, characters, and period detail. Crowd-density lock: the hidden arcade must feel very crowded and smoky, with shoulder-to-shoulder local kids, teenagers, and older bystanders packed around machines, silhouettes overlapping the aisle, cigarette-smoke haze, humid fog, and layered background faces; never make the arcade feel empty or spacious.","Do not show modern arcade cabinets, LCD screens, smartphones, LED esports room, cyberpunk neon club, clean mall game center, readable game names, real Street Fighter, real Mortal Kombat, real Cadillacs and Dinosaurs, real Dynasty Wars, real Captain Commando, real Psikyo logos, copyrighted characters, gore, adult gangsters, anime style, toy-like 3D, poster text, watermark, subtitle, annotation., empty arcade, sparse people, clean open aisle, showroom-like room, only three people in the whole arcade, clear fresh air, smoke-free room",ready_for_formal_generation_with_mother_style_and_whitebox_space
MSB041,B02,05,SCN_ARCADE,CAM_ARCADE_03_DUEL_OVER_SHOULDER,environment_lookdev/SCN_ARCADE/SCN_ARCADE_lookdev_A_entrance_wide_v002_game_screens.png,environment_lookdev/SCN_ARCADE/camera_whiteboxes_v001/CAM_ARCADE_03_DUEL_OVER_SHOULDER_constraint_whitebox_v001.png,"Pure cinematic storyboard frame for AIGC video generation, 16:9 landscape, high-resolution film still quality, no annotations, no captions, no visible readable text. 1990s small-town China hidden arcade room, Chinese dreamcore realism, humid yellowed childhood memory, dim gray-yellow light, CRT blue-green-red screen glow, subtle VHS grain, lived-in dirty surfaces. Panel MSB041 / clip 05. Use mother style reference path: environment_lookdev/SCN_ARCADE/SCN_ARCADE_lookdev_A_entrance_wide_v002_game_screens.png. Use spatial constraint whitebox path: environment_lookdev/SCN_ARCADE/camera_whiteboxes_v001/CAM_ARCADE_03_DUEL_OVER_SHOULDER_constraint_whitebox_v001.png. Camera constraint: CAM_ARCADE_03_DUEL_OVER_SHOULDER. Layout/action focus: 小川不看屏幕，先看阿磊脸色，试图判断能不能高兴. Blocking or motion: 攥书包带更紧. Keep SCN_ARCADE design DNA consistent: dirty plastic entrance strips, low stained ceiling, narrow wet aisle, left and right rows of bulky black CRT arcade cabinets, rear two-player fictional fighting cabinet, old wooden stools, single warm dirty bulb, ceiling fan, sagging wires, peeling gray walls, unreadable poster scraps. Arcade screen content must be fictional and non-infringing: genre-level 1990s fighting-game, beat-em-up, side-scrolling action, and vertical shooter energy only; no real game title, no logo, no copyrighted UI, no recognizable character from existing games. Preserve the same room proportions and cabinet positions from the whitebox; only add final cinematic texture, light, haze, characters, and period detail. Crowd-density lock: the hidden arcade must feel very crowded and smoky, with shoulder-to-shoulder local kids, teenagers, and older bystanders packed around machines, silhouettes overlapping the aisle, cigarette-smoke haze, humid fog, and layered background faces; never make the arcade feel empty or spacious.","Do not show modern arcade cabinets, LCD screens, smartphones, LED esports room, cyberpunk neon club, clean mall game center, readable game names, real Street Fighter, real Mortal Kombat, real Cadillacs and Dinosaurs, real Dynasty Wars, real Captain Commando, real Psikyo logos, copyrighted characters, gore, adult gangsters, anime style, toy-like 3D, poster text, watermark, subtitle, annotation., empty arcade, sparse people, clean open aisle, showroom-like room, only three people in the whole arcade, clear fresh air, smoke-free room",ready_for_formal_generation_with_mother_style_and_whitebox_space
MSB042,B02,05,SCN_ARCADE,CAM_ARCADE_03_DUEL_OVER_SHOULDER,environment_lookdev/SCN_ARCADE/SCN_ARCADE_lookdev_A_entrance_wide_v002_game_screens.png,environment_lookdev/SCN_ARCADE/camera_whiteboxes_v001/CAM_ARCADE_03_DUEL_OVER_SHOULDER_constraint_whitebox_v001.png,"Pure cinematic storyboard frame for AIGC video generation, 16:9 landscape, high-resolution film still quality, no annotations, no captions, no visible readable text. 1990s small-town China hidden arcade room, Chinese dreamcore realism, humid yellowed childhood memory, dim gray-yellow light, CRT blue-green-red screen glow, subtle VHS grain, lived-in dirty surfaces. Panel MSB042 / clip 05. Use mother style reference path: environment_lookdev/SCN_ARCADE/SCN_ARCADE_lookdev_A_entrance_wide_v002_game_screens.png. Use spatial constraint whitebox path: environment_lookdev/SCN_ARCADE/camera_whiteboxes_v001/CAM_ARCADE_03_DUEL_OVER_SHOULDER_constraint_whitebox_v001.png. Camera constraint: CAM_ARCADE_03_DUEL_OVER_SHOULDER. Layout/action focus: 街霸屏幕出现强烈攻击闪光，不需要真实游戏版权细节. Blocking or motion: CRT 闪烁. Keep SCN_ARCADE design DNA consistent: dirty plastic entrance strips, low stained ceiling, narrow wet aisle, left and right rows of bulky black CRT arcade cabinets, rear two-player fictional fighting cabinet, old wooden stools, single warm dirty bulb, ceiling fan, sagging wires, peeling gray walls, unreadable poster scraps. Arcade screen content must be fictional and non-infringing: genre-level 1990s fighting-game, beat-em-up, side-scrolling action, and vertical shooter energy only; no real game title, no logo, no copyrighted UI, no recognizable character from existing games. Preserve the same room proportions and cabinet positions from the whitebox; only add final cinematic texture, light, haze, characters, and period detail. Crowd-density lock: the hidden arcade must feel very crowded and smoky, with shoulder-to-shoulder local kids, teenagers, and older bystanders packed around machines, silhouettes overlapping the aisle, cigarette-smoke haze, humid fog, and layered background faces; never make the arcade feel empty or spacious.","Do not show modern arcade cabinets, LCD screens, smartphones, LED esports room, cyberpunk neon club, clean mall game center, readable game names, real Street Fighter, real Mortal Kombat, real Cadillacs and Dinosaurs, real Dynasty Wars, real Captain Commando, real Psikyo logos, copyrighted characters, gore, adult gangsters, anime style, toy-like 3D, poster text, watermark, subtitle, annotation., empty arcade, sparse people, clean open aisle, showroom-like room, only three people in the whole arcade, clear fresh air, smoke-free room",ready_for_formal_generation_with_mother_style_and_whitebox_space
MSB043,B02,05,SCN_ARCADE,CAM_ARCADE_03_DUEL_OVER_SHOULDER,environment_lookdev/SCN_ARCADE/SCN_ARCADE_lookdev_A_entrance_wide_v002_game_screens.png,environment_lookdev/SCN_ARCADE/camera_whiteboxes_v001/CAM_ARCADE_03_DUEL_OVER_SHOULDER_constraint_whitebox_v001.png,"Pure cinematic storyboard frame for AIGC video generation, 16:9 landscape, high-resolution film still quality, no annotations, no captions, no visible readable text. 1990s small-town China hidden arcade room, Chinese dreamcore realism, humid yellowed childhood memory, dim gray-yellow light, CRT blue-green-red screen glow, subtle VHS grain, lived-in dirty surfaces. Panel MSB043 / clip 05. Use mother style reference path: environment_lookdev/SCN_ARCADE/SCN_ARCADE_lookdev_A_entrance_wide_v002_game_screens.png. Use spatial constraint whitebox path: environment_lookdev/SCN_ARCADE/camera_whiteboxes_v001/CAM_ARCADE_03_DUEL_OVER_SHOULDER_constraint_whitebox_v001.png. Camera constraint: CAM_ARCADE_03_DUEL_OVER_SHOULDER. Layout/action focus: 阿磊嘴角轻微上扬但不敢太明显，肩膀一抖. Blocking or motion: 手继续操作. Keep SCN_ARCADE design DNA consistent: dirty plastic entrance strips, low stained ceiling, narrow wet aisle, left and right rows of bulky black CRT arcade cabinets, rear two-player fictional fighting cabinet, old wooden stools, single warm dirty bulb, ceiling fan, sagging wires, peeling gray walls, unreadable poster scraps. Arcade screen content must be fictional and non-infringing: genre-level 1990s fighting-game, beat-em-up, side-scrolling action, and vertical shooter energy only; no real game title, no logo, no copyrighted UI, no recognizable character from existing games. Preserve the same room proportions and cabinet positions from the whitebox; only add final cinematic texture, light, haze, characters, and period detail. Crowd-density lock: the hidden arcade must feel very crowded and smoky, with shoulder-to-shoulder local kids, teenagers, and older bystanders packed around machines, silhouettes overlapping the aisle, cigarette-smoke haze, humid fog, and layered background faces; never make the arcade feel empty or spacious.","Do not show modern arcade cabinets, LCD screens, smartphones, LED esports room, cyberpunk neon club, clean mall game center, readable game names, real Street Fighter, real Mortal Kombat, real Cadillacs and Dinosaurs, real Dynasty Wars, real Captain Commando, real Psikyo logos, copyrighted characters, gore, adult gangsters, anime style, toy-like 3D, poster text, watermark, subtitle, annotation., empty arcade, sparse people, clean open aisle, showroom-like room, only three people in the whole arcade, clear fresh air, smoke-free room",ready_for_formal_generation_with_mother_style_and_whitebox_space
MSB044,B02,05,SCN_ARCADE,CAM_ARCADE_03_DUEL_OVER_SHOULDER,environment_lookdev/SCN_ARCADE/SCN_ARCADE_lookdev_A_entrance_wide_v002_game_screens.png,environment_lookdev/SCN_ARCADE/camera_whiteboxes_v001/CAM_ARCADE_03_DUEL_OVER_SHOULDER_constraint_whitebox_v001.png,"Pure cinematic storyboard frame for AIGC video generation, 16:9 landscape, high-resolution film still quality, no annotations, no captions, no visible readable text. 1990s small-town China hidden arcade room, Chinese dreamcore realism, humid yellowed childhood memory, dim gray-yellow light, CRT blue-green-red screen glow, subtle VHS grain, lived-in dirty surfaces. Panel MSB044 / clip 05. Use mother style reference path: environment_lookdev/SCN_ARCADE/SCN_ARCADE_lookdev_A_entrance_wide_v002_game_screens.png. Use spatial constraint whitebox path: environment_lookdev/SCN_ARCADE/camera_whiteboxes_v001/CAM_ARCADE_03_DUEL_OVER_SHOULDER_constraint_whitebox_v001.png. Camera constraint: CAM_ARCADE_03_DUEL_OVER_SHOULDER. Layout/action focus: 彬子笑意消失，眨眼变少，鼻翼绷紧. Blocking or motion: 身体僵住. Keep SCN_ARCADE design DNA consistent: dirty plastic entrance strips, low stained ceiling, narrow wet aisle, left and right rows of bulky black CRT arcade cabinets, rear two-player fictional fighting cabinet, old wooden stools, single warm dirty bulb, ceiling fan, sagging wires, peeling gray walls, unreadable poster scraps. Arcade screen content must be fictional and non-infringing: genre-level 1990s fighting-game, beat-em-up, side-scrolling action, and vertical shooter energy only; no real game title, no logo, no copyrighted UI, no recognizable character from existing games. Preserve the same room proportions and cabinet positions from the whitebox; only add final cinematic texture, light, haze, characters, and period detail. Crowd-density lock: the hidden arcade must feel very crowded and smoky, with shoulder-to-shoulder local kids, teenagers, and older bystanders packed around machines, silhouettes overlapping the aisle, cigarette-smoke haze, humid fog, and layered background faces; never make the arcade feel empty or spacious.","Do not show modern arcade cabinets, LCD screens, smartphones, LED esports room, cyberpunk neon club, clean mall game center, readable game names, real Street Fighter, real Mortal Kombat, real Cadillacs and Dinosaurs, real Dynasty Wars, real Captain Commando, real Psikyo logos, copyrighted characters, gore, adult gangsters, anime style, toy-like 3D, poster text, watermark, subtitle, annotation., empty arcade, sparse people, clean open aisle, showroom-like room, only three people in the whole arcade, clear fresh air, smoke-free room",ready_for_formal_generation_with_mother_style_and_whitebox_space
MSB045,B02,05,SCN_ARCADE,CAM_ARCADE_03_DUEL_OVER_SHOULDER,environment_lookdev/SCN_ARCADE/SCN_ARCADE_lookdev_A_entrance_wide_v002_game_screens.png,environment_lookdev/SCN_ARCADE/camera_whiteboxes_v001/CAM_ARCADE_03_DUEL_OVER_SHOULDER_constraint_whitebox_v001.png,"Pure cinematic storyboard frame for AIGC video generation, 16:9 landscape, high-resolution film still quality, no annotations, no captions, no visible readable text. 1990s small-town China hidden arcade room, Chinese dreamcore realism, humid yellowed childhood memory, dim gray-yellow light, CRT blue-green-red screen glow, subtle VHS grain, lived-in dirty surfaces. Panel MSB045 / clip 05. Use mother style reference path: environment_lookdev/SCN_ARCADE/SCN_ARCADE_lookdev_A_entrance_wide_v002_game_screens.png. Use spatial constraint whitebox path: environment_lookdev/SCN_ARCADE/camera_whiteboxes_v001/CAM_ARCADE_03_DUEL_OVER_SHOULDER_constraint_whitebox_v001.png. Camera constraint: CAM_ARCADE_03_DUEL_OVER_SHOULDER. Layout/action focus: CRT 胜利画面红光爆亮，屏幕边缘反射在机身上. Blocking or motion: 画面闪红. Keep SCN_ARCADE design DNA consistent: dirty plastic entrance strips, low stained ceiling, narrow wet aisle, left and right rows of bulky black CRT arcade cabinets, rear two-player fictional fighting cabinet, old wooden stools, single warm dirty bulb, ceiling fan, sagging wires, peeling gray walls, unreadable poster scraps. Arcade screen content must be fictional and non-infringing: genre-level 1990s fighting-game, beat-em-up, side-scrolling action, and vertical shooter energy only; no real game title, no logo, no copyrighted UI, no recognizable character from existing games. Preserve the same room proportions and cabinet positions from the whitebox; only add final cinematic texture, light, haze, characters, and period detail. Crowd-density lock: the hidden arcade must feel very crowded and smoky, with shoulder-to-shoulder local kids, teenagers, and older bystanders packed around machines, silhouettes overlapping the aisle, cigarette-smoke haze, humid fog, and layered background faces; never make the arcade feel empty or spacious.","Do not show modern arcade cabinets, LCD screens, smartphones, LED esports room, cyberpunk neon club, clean mall game center, readable game names, real Street Fighter, real Mortal Kombat, real Cadillacs and Dinosaurs, real Dynasty Wars, real Captain Commando, real Psikyo logos, copyrighted characters, gore, adult gangsters, anime style, toy-like 3D, poster text, watermark, subtitle, annotation., empty arcade, sparse people, clean open aisle, showroom-like room, only three people in the whole arcade, clear fresh air, smoke-free room",ready_for_formal_generation_with_mother_style_and_whitebox_space
MSB046,B02,05,SCN_ARCADE,CAM_ARCADE_03_DUEL_OVER_SHOULDER,environment_lookdev/SCN_ARCADE/SCN_ARCADE_lookdev_A_entrance_wide_v002_game_screens.png,environment_lookdev/SCN_ARCADE/camera_whiteboxes_v001/CAM_ARCADE_03_DUEL_OVER_SHOULDER_constraint_whitebox_v001.png,"Pure cinematic storyboard frame for AIGC video generation, 16:9 landscape, high-resolution film still quality, no annotations, no captions, no visible readable text. 1990s small-town China hidden arcade room, Chinese dreamcore realism, humid yellowed childhood memory, dim gray-yellow light, CRT blue-green-red screen glow, subtle VHS grain, lived-in dirty surfaces. Panel MSB046 / clip 05. Use mother style reference path: environment_lookdev/SCN_ARCADE/SCN_ARCADE_lookdev_A_entrance_wide_v002_game_screens.png. Use spatial constraint whitebox path: environment_lookdev/SCN_ARCADE/camera_whiteboxes_v001/CAM_ARCADE_03_DUEL_OVER_SHOULDER_constraint_whitebox_v001.png. Camera constraint: CAM_ARCADE_03_DUEL_OVER_SHOULDER. Layout/action focus: 胜利红光照到彬子脸，黄发梢和嘴角小痣清楚. Blocking or motion: 完全停住一拍. Keep SCN_ARCADE design DNA consistent: dirty plastic entrance strips, low stained ceiling, narrow wet aisle, left and right rows of bulky black CRT arcade cabinets, rear two-player fictional fighting cabinet, old wooden stools, single warm dirty bulb, ceiling fan, sagging wires, peeling gray walls, unreadable poster scraps. Arcade screen content must be fictional and non-infringing: genre-level 1990s fighting-game, beat-em-up, side-scrolling action, and vertical shooter energy only; no real game title, no logo, no copyrighted UI, no recognizable character from existing games. Preserve the same room proportions and cabinet positions from the whitebox; only add final cinematic texture, light, haze, characters, and period detail. Crowd-density lock: the hidden arcade must feel very crowded and smoky, with shoulder-to-shoulder local kids, teenagers, and older bystanders packed around machines, silhouettes overlapping the aisle, cigarette-smoke haze, humid fog, and layered background faces; never make the arcade feel empty or spacious.","Do not show modern arcade cabinets, LCD screens, smartphones, LED esports room, cyberpunk neon club, clean mall game center, readable game names, real Street Fighter, real Mortal Kombat, real Cadillacs and Dinosaurs, real Dynasty Wars, real Captain Commando, real Psikyo logos, copyrighted characters, gore, adult gangsters, anime style, toy-like 3D, poster text, watermark, subtitle, annotation., empty arcade, sparse people, clean open aisle, showroom-like room, only three people in the whole arcade, clear fresh air, smoke-free room",ready_for_formal_generation_with_mother_style_and_whitebox_space
MSB047,B02,05,SCN_ARCADE,CAM_ARCADE_03_DUEL_OVER_SHOULDER,environment_lookdev/SCN_ARCADE/SCN_ARCADE_lookdev_A_entrance_wide_v002_game_screens.png,environment_lookdev/SCN_ARCADE/camera_whiteboxes_v001/CAM_ARCADE_03_DUEL_OVER_SHOULDER_constraint_whitebox_v001.png,"Pure cinematic storyboard frame for AIGC video generation, 16:9 landscape, high-resolution film still quality, no annotations, no captions, no visible readable text. 1990s small-town China hidden arcade room, Chinese dreamcore realism, humid yellowed childhood memory, dim gray-yellow light, CRT blue-green-red screen glow, subtle VHS grain, lived-in dirty surfaces. Panel MSB047 / clip 05. Use mother style reference path: environment_lookdev/SCN_ARCADE/SCN_ARCADE_lookdev_A_entrance_wide_v002_game_screens.png. Use spatial constraint whitebox path: environment_lookdev/SCN_ARCADE/camera_whiteboxes_v001/CAM_ARCADE_03_DUEL_OVER_SHOULDER_constraint_whitebox_v001.png. Camera constraint: CAM_ARCADE_03_DUEL_OVER_SHOULDER. Layout/action focus: 阿磊想笑又忍住，手从按钮上离开，下巴更高. Blocking or motion: 肩膀轻抖. Keep SCN_ARCADE design DNA consistent: dirty plastic entrance strips, low stained ceiling, narrow wet aisle, left and right rows of bulky black CRT arcade cabinets, rear two-player fictional fighting cabinet, old wooden stools, single warm dirty bulb, ceiling fan, sagging wires, peeling gray walls, unreadable poster scraps. Arcade screen content must be fictional and non-infringing: genre-level 1990s fighting-game, beat-em-up, side-scrolling action, and vertical shooter energy only; no real game title, no logo, no copyrighted UI, no recognizable character from existing games. Preserve the same room proportions and cabinet positions from the whitebox; only add final cinematic texture, light, haze, characters, and period detail. Crowd-density lock: the hidden arcade must feel very crowded and smoky, with shoulder-to-shoulder local kids, teenagers, and older bystanders packed around machines, silhouettes overlapping the aisle, cigarette-smoke haze, humid fog, and layered background faces; never make the arcade feel empty or spacious.","Do not show modern arcade cabinets, LCD screens, smartphones, LED esports room, cyberpunk neon club, clean mall game center, readable game names, real Street Fighter, real Mortal Kombat, real Cadillacs and Dinosaurs, real Dynasty Wars, real Captain Commando, real Psikyo logos, copyrighted characters, gore, adult gangsters, anime style, toy-like 3D, poster text, watermark, subtitle, annotation., empty arcade, sparse people, clean open aisle, showroom-like room, only three people in the whole arcade, clear fresh air, smoke-free room",ready_for_formal_generation_with_mother_style_and_whitebox_space
MSB048,B02,05,SCN_ARCADE,CAM_ARCADE_03_DUEL_OVER_SHOULDER,environment_lookdev/SCN_ARCADE/SCN_ARCADE_lookdev_A_entrance_wide_v002_game_screens.png,environment_lookdev/SCN_ARCADE/camera_whiteboxes_v001/CAM_ARCADE_03_DUEL_OVER_SHOULDER_constraint_whitebox_v001.png,"Pure cinematic storyboard frame for AIGC video generation, 16:9 landscape, high-resolution film still quality, no annotations, no captions, no visible readable text. 1990s small-town China hidden arcade room, Chinese dreamcore realism, humid yellowed childhood memory, dim gray-yellow light, CRT blue-green-red screen glow, subtle VHS grain, lived-in dirty surfaces. Panel MSB048 / clip 05. Use mother style reference path: environment_lookdev/SCN_ARCADE/SCN_ARCADE_lookdev_A_entrance_wide_v002_game_screens.png. Use spatial constraint whitebox path: environment_lookdev/SCN_ARCADE/camera_whiteboxes_v001/CAM_ARCADE_03_DUEL_OVER_SHOULDER_constraint_whitebox_v001.png. Camera constraint: CAM_ARCADE_03_DUEL_OVER_SHOULDER. Layout/action focus: 小川看到哥哥赢，嘴角刚要笑，眼睛还看彬子反应. Blocking or motion: 身体没有靠前. Keep SCN_ARCADE design DNA consistent: dirty plastic entrance strips, low stained ceiling, narrow wet aisle, left and right rows of bulky black CRT arcade cabinets, rear two-player fictional fighting cabinet, old wooden stools, single warm dirty bulb, ceiling fan, sagging wires, peeling gray walls, unreadable poster scraps. Arcade screen content must be fictional and non-infringing: genre-level 1990s fighting-game, beat-em-up, side-scrolling action, and vertical shooter energy only; no real game title, no logo, no copyrighted UI, no recognizable character from existing games. Preserve the same room proportions and cabinet positions from the whitebox; only add final cinematic texture, light, haze, characters, and period detail. Crowd-density lock: the hidden arcade must feel very crowded and smoky, with shoulder-to-shoulder local kids, teenagers, and older bystanders packed around machines, silhouettes overlapping the aisle, cigarette-smoke haze, humid fog, and layered background faces; never make the arcade feel empty or spacious.","Do not show modern arcade cabinets, LCD screens, smartphones, LED esports room, cyberpunk neon club, clean mall game center, readable game names, real Street Fighter, real Mortal Kombat, real Cadillacs and Dinosaurs, real Dynasty Wars, real Captain Commando, real Psikyo logos, copyrighted characters, gore, adult gangsters, anime style, toy-like 3D, poster text, watermark, subtitle, annotation., empty arcade, sparse people, clean open aisle, showroom-like room, only three people in the whole arcade, clear fresh air, smoke-free room",ready_for_formal_generation_with_mother_style_and_whitebox_space
MSB049,B02,05,SCN_ARCADE,CAM_ARCADE_03_DUEL_OVER_SHOULDER,environment_lookdev/SCN_ARCADE/SCN_ARCADE_lookdev_A_entrance_wide_v002_game_screens.png,environment_lookdev/SCN_ARCADE/camera_whiteboxes_v001/CAM_ARCADE_03_DUEL_OVER_SHOULDER_constraint_whitebox_v001.png,"Pure cinematic storyboard frame for AIGC video generation, 16:9 landscape, high-resolution film still quality, no annotations, no captions, no visible readable text. 1990s small-town China hidden arcade room, Chinese dreamcore realism, humid yellowed childhood memory, dim gray-yellow light, CRT blue-green-red screen glow, subtle VHS grain, lived-in dirty surfaces. Panel MSB049 / clip 05. Use mother style reference path: environment_lookdev/SCN_ARCADE/SCN_ARCADE_lookdev_A_entrance_wide_v002_game_screens.png. Use spatial constraint whitebox path: environment_lookdev/SCN_ARCADE/camera_whiteboxes_v001/CAM_ARCADE_03_DUEL_OVER_SHOULDER_constraint_whitebox_v001.png. Camera constraint: CAM_ARCADE_03_DUEL_OVER_SHOULDER. Layout/action focus: 彬子越过街机盯住阿磊，背景三同伙模糊出现. Blocking or motion: 彬子不动，只看. Keep SCN_ARCADE design DNA consistent: dirty plastic entrance strips, low stained ceiling, narrow wet aisle, left and right rows of bulky black CRT arcade cabinets, rear two-player fictional fighting cabinet, old wooden stools, single warm dirty bulb, ceiling fan, sagging wires, peeling gray walls, unreadable poster scraps. Arcade screen content must be fictional and non-infringing: genre-level 1990s fighting-game, beat-em-up, side-scrolling action, and vertical shooter energy only; no real game title, no logo, no copyrighted UI, no recognizable character from existing games. Preserve the same room proportions and cabinet positions from the whitebox; only add final cinematic texture, light, haze, characters, and period detail. Crowd-density lock: the hidden arcade must feel very crowded and smoky, with shoulder-to-shoulder local kids, teenagers, and older bystanders packed around machines, silhouettes overlapping the aisle, cigarette-smoke haze, humid fog, and layered background faces; never make the arcade feel empty or spacious.","Do not show modern arcade cabinets, LCD screens, smartphones, LED esports room, cyberpunk neon club, clean mall game center, readable game names, real Street Fighter, real Mortal Kombat, real Cadillacs and Dinosaurs, real Dynasty Wars, real Captain Commando, real Psikyo logos, copyrighted characters, gore, adult gangsters, anime style, toy-like 3D, poster text, watermark, subtitle, annotation., empty arcade, sparse people, clean open aisle, showroom-like room, only three people in the whole arcade, clear fresh air, smoke-free room",ready_for_formal_generation_with_mother_style_and_whitebox_space
MSB050,B02,06,SCN_ARCADE,CAM_ARCADE_04_BOSS_LOSES_REACTION,environment_lookdev/SCN_ARCADE/SCN_ARCADE_lookdev_A_entrance_wide_v002_game_screens.png,environment_lookdev/SCN_ARCADE/camera_whiteboxes_v001/CAM_ARCADE_04_BOSS_LOSES_REACTION_constraint_whitebox_v001.png,"Pure cinematic storyboard frame for AIGC video generation, 16:9 landscape, high-resolution film still quality, no annotations, no captions, no visible readable text. 1990s small-town China hidden arcade room, Chinese dreamcore realism, humid yellowed childhood memory, dim gray-yellow light, CRT blue-green-red screen glow, subtle VHS grain, lived-in dirty surfaces. Panel MSB050 / clip 06. Use mother style reference path: environment_lookdev/SCN_ARCADE/SCN_ARCADE_lookdev_A_entrance_wide_v002_game_screens.png. Use spatial constraint whitebox path: environment_lookdev/SCN_ARCADE/camera_whiteboxes_v001/CAM_ARCADE_04_BOSS_LOSES_REACTION_constraint_whitebox_v001.png. Camera constraint: CAM_ARCADE_04_BOSS_LOSES_REACTION. Layout/action focus: 彬子脸在红光里僵住，嘴角歪笑消失，下颌咬紧. Blocking or motion: 只允许眼神变化. Keep SCN_ARCADE design DNA consistent: dirty plastic entrance strips, low stained ceiling, narrow wet aisle, left and right rows of bulky black CRT arcade cabinets, rear two-player fictional fighting cabinet, old wooden stools, single warm dirty bulb, ceiling fan, sagging wires, peeling gray walls, unreadable poster scraps. Arcade screen content must be fictional and non-infringing: genre-level 1990s fighting-game, beat-em-up, side-scrolling action, and vertical shooter energy only; no real game title, no logo, no copyrighted UI, no recognizable character from existing games. Preserve the same room proportions and cabinet positions from the whitebox; only add final cinematic texture, light, haze, characters, and period detail. Crowd-density lock: the hidden arcade must feel very crowded and smoky, with shoulder-to-shoulder local kids, teenagers, and older bystanders packed around machines, silhouettes overlapping the aisle, cigarette-smoke haze, humid fog, and layered background faces; never make the arcade feel empty or spacious.","Do not show modern arcade cabinets, LCD screens, smartphones, LED esports room, cyberpunk neon club, clean mall game center, readable game names, real Street Fighter, real Mortal Kombat, real Cadillacs and Dinosaurs, real Dynasty Wars, real Captain Commando, real Psikyo logos, copyrighted characters, gore, adult gangsters, anime style, toy-like 3D, poster text, watermark, subtitle, annotation., empty arcade, sparse people, clean open aisle, showroom-like room, only three people in the whole arcade, clear fresh air, smoke-free room",ready_for_formal_generation_with_mother_style_and_whitebox_space
MSB051,B02,06,SCN_ARCADE,CAM_ARCADE_04_BOSS_LOSES_REACTION,environment_lookdev/SCN_ARCADE/SCN_ARCADE_lookdev_A_entrance_wide_v002_game_screens.png,environment_lookdev/SCN_ARCADE/camera_whiteboxes_v001/CAM_ARCADE_04_BOSS_LOSES_REACTION_constraint_whitebox_v001.png,"Pure cinematic storyboard frame for AIGC video generation, 16:9 landscape, high-resolution film still quality, no annotations, no captions, no visible readable text. 1990s small-town China hidden arcade room, Chinese dreamcore realism, humid yellowed childhood memory, dim gray-yellow light, CRT blue-green-red screen glow, subtle VHS grain, lived-in dirty surfaces. Panel MSB051 / clip 06. Use mother style reference path: environment_lookdev/SCN_ARCADE/SCN_ARCADE_lookdev_A_entrance_wide_v002_game_screens.png. Use spatial constraint whitebox path: environment_lookdev/SCN_ARCADE/camera_whiteboxes_v001/CAM_ARCADE_04_BOSS_LOSES_REACTION_constraint_whitebox_v001.png. Camera constraint: CAM_ARCADE_04_BOSS_LOSES_REACTION. Layout/action focus: 高杆从背景一侧靠近，灰白夹克和长手臂先形成剪影. Blocking or motion: 慢慢站到边缘. Keep SCN_ARCADE design DNA consistent: dirty plastic entrance strips, low stained ceiling, narrow wet aisle, left and right rows of bulky black CRT arcade cabinets, rear two-player fictional fighting cabinet, old wooden stools, single warm dirty bulb, ceiling fan, sagging wires, peeling gray walls, unreadable poster scraps. Arcade screen content must be fictional and non-infringing: genre-level 1990s fighting-game, beat-em-up, side-scrolling action, and vertical shooter energy only; no real game title, no logo, no copyrighted UI, no recognizable character from existing games. Preserve the same room proportions and cabinet positions from the whitebox; only add final cinematic texture, light, haze, characters, and period detail. Crowd-density lock: the hidden arcade must feel very crowded and smoky, with shoulder-to-shoulder local kids, teenagers, and older bystanders packed around machines, silhouettes overlapping the aisle, cigarette-smoke haze, humid fog, and layered background faces; never make the arcade feel empty or spacious.","Do not show modern arcade cabinets, LCD screens, smartphones, LED esports room, cyberpunk neon club, clean mall game center, readable game names, real Street Fighter, real Mortal Kombat, real Cadillacs and Dinosaurs, real Dynasty Wars, real Captain Commando, real Psikyo logos, copyrighted characters, gore, adult gangsters, anime style, toy-like 3D, poster text, watermark, subtitle, annotation., empty arcade, sparse people, clean open aisle, showroom-like room, only three people in the whole arcade, clear fresh air, smoke-free room",ready_for_formal_generation_with_mother_style_and_whitebox_space
MSB052,B02,06,SCN_ARCADE,CAM_ARCADE_04_BOSS_LOSES_REACTION,environment_lookdev/SCN_ARCADE/SCN_ARCADE_lookdev_A_entrance_wide_v002_game_screens.png,environment_lookdev/SCN_ARCADE/camera_whiteboxes_v001/CAM_ARCADE_04_BOSS_LOSES_REACTION_constraint_whitebox_v001.png,"Pure cinematic storyboard frame for AIGC video generation, 16:9 landscape, high-resolution film still quality, no annotations, no captions, no visible readable text. 1990s small-town China hidden arcade room, Chinese dreamcore realism, humid yellowed childhood memory, dim gray-yellow light, CRT blue-green-red screen glow, subtle VHS grain, lived-in dirty surfaces. Panel MSB052 / clip 06. Use mother style reference path: environment_lookdev/SCN_ARCADE/SCN_ARCADE_lookdev_A_entrance_wide_v002_game_screens.png. Use spatial constraint whitebox path: environment_lookdev/SCN_ARCADE/camera_whiteboxes_v001/CAM_ARCADE_04_BOSS_LOSES_REACTION_constraint_whitebox_v001.png. Camera constraint: CAM_ARCADE_04_BOSS_LOSES_REACTION. Layout/action focus: 大海宽身体进入背景，褪色 T 恤和宽站姿把空间堵住. Blocking or motion: 脚站宽，抹汗. Keep SCN_ARCADE design DNA consistent: dirty plastic entrance strips, low stained ceiling, narrow wet aisle, left and right rows of bulky black CRT arcade cabinets, rear two-player fictional fighting cabinet, old wooden stools, single warm dirty bulb, ceiling fan, sagging wires, peeling gray walls, unreadable poster scraps. Arcade screen content must be fictional and non-infringing: genre-level 1990s fighting-game, beat-em-up, side-scrolling action, and vertical shooter energy only; no real game title, no logo, no copyrighted UI, no recognizable character from existing games. Preserve the same room proportions and cabinet positions from the whitebox; only add final cinematic texture, light, haze, characters, and period detail. Crowd-density lock: the hidden arcade must feel very crowded and smoky, with shoulder-to-shoulder local kids, teenagers, and older bystanders packed around machines, silhouettes overlapping the aisle, cigarette-smoke haze, humid fog, and layered background faces; never make the arcade feel empty or spacious.","Do not show modern arcade cabinets, LCD screens, smartphones, LED esports room, cyberpunk neon club, clean mall game center, readable game names, real Street Fighter, real Mortal Kombat, real Cadillacs and Dinosaurs, real Dynasty Wars, real Captain Commando, real Psikyo logos, copyrighted characters, gore, adult gangsters, anime style, toy-like 3D, poster text, watermark, subtitle, annotation., empty arcade, sparse people, clean open aisle, showroom-like room, only three people in the whole arcade, clear fresh air, smoke-free room",ready_for_formal_generation_with_mother_style_and_whitebox_space
MSB053,B02,06,SCN_ARCADE,CAM_ARCADE_04_BOSS_LOSES_REACTION,environment_lookdev/SCN_ARCADE/SCN_ARCADE_lookdev_A_entrance_wide_v002_game_screens.png,environment_lookdev/SCN_ARCADE/camera_whiteboxes_v001/CAM_ARCADE_04_BOSS_LOSES_REACTION_constraint_whitebox_v001.png,"Pure cinematic storyboard frame for AIGC video generation, 16:9 landscape, high-resolution film still quality, no annotations, no captions, no visible readable text. 1990s small-town China hidden arcade room, Chinese dreamcore realism, humid yellowed childhood memory, dim gray-yellow light, CRT blue-green-red screen glow, subtle VHS grain, lived-in dirty surfaces. Panel MSB053 / clip 06. Use mother style reference path: environment_lookdev/SCN_ARCADE/SCN_ARCADE_lookdev_A_entrance_wide_v002_game_screens.png. Use spatial constraint whitebox path: environment_lookdev/SCN_ARCADE/camera_whiteboxes_v001/CAM_ARCADE_04_BOSS_LOSES_REACTION_constraint_whitebox_v001.png. Camera constraint: CAM_ARCADE_04_BOSS_LOSES_REACTION. Layout/action focus: 小齐本来想笑，看到彬子脸色后笑收住，手抠袖口. Blocking or motion: 身体前探又缩回. Keep SCN_ARCADE design DNA consistent: dirty plastic entrance strips, low stained ceiling, narrow wet aisle, left and right rows of bulky black CRT arcade cabinets, rear two-player fictional fighting cabinet, old wooden stools, single warm dirty bulb, ceiling fan, sagging wires, peeling gray walls, unreadable poster scraps. Arcade screen content must be fictional and non-infringing: genre-level 1990s fighting-game, beat-em-up, side-scrolling action, and vertical shooter energy only; no real game title, no logo, no copyrighted UI, no recognizable character from existing games. Preserve the same room proportions and cabinet positions from the whitebox; only add final cinematic texture, light, haze, characters, and period detail. Crowd-density lock: the hidden arcade must feel very crowded and smoky, with shoulder-to-shoulder local kids, teenagers, and older bystanders packed around machines, silhouettes overlapping the aisle, cigarette-smoke haze, humid fog, and layered background faces; never make the arcade feel empty or spacious.","Do not show modern arcade cabinets, LCD screens, smartphones, LED esports room, cyberpunk neon club, clean mall game center, readable game names, real Street Fighter, real Mortal Kombat, real Cadillacs and Dinosaurs, real Dynasty Wars, real Captain Commando, real Psikyo logos, copyrighted characters, gore, adult gangsters, anime style, toy-like 3D, poster text, watermark, subtitle, annotation., empty arcade, sparse people, clean open aisle, showroom-like room, only three people in the whole arcade, clear fresh air, smoke-free room",ready_for_formal_generation_with_mother_style_and_whitebox_space
MSB054,B02,06,SCN_ARCADE,CAM_ARCADE_04_BOSS_LOSES_REACTION,environment_lookdev/SCN_ARCADE/SCN_ARCADE_lookdev_A_entrance_wide_v002_game_screens.png,environment_lookdev/SCN_ARCADE/camera_whiteboxes_v001/CAM_ARCADE_04_BOSS_LOSES_REACTION_constraint_whitebox_v001.png,"Pure cinematic storyboard frame for AIGC video generation, 16:9 landscape, high-resolution film still quality, no annotations, no captions, no visible readable text. 1990s small-town China hidden arcade room, Chinese dreamcore realism, humid yellowed childhood memory, dim gray-yellow light, CRT blue-green-red screen glow, subtle VHS grain, lived-in dirty surfaces. Panel MSB054 / clip 06. Use mother style reference path: environment_lookdev/SCN_ARCADE/SCN_ARCADE_lookdev_A_entrance_wide_v002_game_screens.png. Use spatial constraint whitebox path: environment_lookdev/SCN_ARCADE/camera_whiteboxes_v001/CAM_ARCADE_04_BOSS_LOSES_REACTION_constraint_whitebox_v001.png. Camera constraint: CAM_ARCADE_04_BOSS_LOSES_REACTION. Layout/action focus: 彬子矮在前，高杆高瘦、大海宽、小齐飘在边缘，轮廓差异清楚. Blocking or motion: slow push-in. Keep SCN_ARCADE design DNA consistent: dirty plastic entrance strips, low stained ceiling, narrow wet aisle, left and right rows of bulky black CRT arcade cabinets, rear two-player fictional fighting cabinet, old wooden stools, single warm dirty bulb, ceiling fan, sagging wires, peeling gray walls, unreadable poster scraps. Arcade screen content must be fictional and non-infringing: genre-level 1990s fighting-game, beat-em-up, side-scrolling action, and vertical shooter energy only; no real game title, no logo, no copyrighted UI, no recognizable character from existing games. Preserve the same room proportions and cabinet positions from the whitebox; only add final cinematic texture, light, haze, characters, and period detail. Crowd-density lock: the hidden arcade must feel very crowded and smoky, with shoulder-to-shoulder local kids, teenagers, and older bystanders packed around machines, silhouettes overlapping the aisle, cigarette-smoke haze, humid fog, and layered background faces; never make the arcade feel empty or spacious.","Do not show modern arcade cabinets, LCD screens, smartphones, LED esports room, cyberpunk neon club, clean mall game center, readable game names, real Street Fighter, real Mortal Kombat, real Cadillacs and Dinosaurs, real Dynasty Wars, real Captain Commando, real Psikyo logos, copyrighted characters, gore, adult gangsters, anime style, toy-like 3D, poster text, watermark, subtitle, annotation., empty arcade, sparse people, clean open aisle, showroom-like room, only three people in the whole arcade, clear fresh air, smoke-free room",ready_for_formal_generation_with_mother_style_and_whitebox_space
MSB055,B02,06,SCN_ARCADE,CAM_ARCADE_04_BOSS_LOSES_REACTION,environment_lookdev/SCN_ARCADE/SCN_ARCADE_lookdev_A_entrance_wide_v002_game_screens.png,environment_lookdev/SCN_ARCADE/camera_whiteboxes_v001/CAM_ARCADE_04_BOSS_LOSES_REACTION_constraint_whitebox_v001.png,"Pure cinematic storyboard frame for AIGC video generation, 16:9 landscape, high-resolution film still quality, no annotations, no captions, no visible readable text. 1990s small-town China hidden arcade room, Chinese dreamcore realism, humid yellowed childhood memory, dim gray-yellow light, CRT blue-green-red screen glow, subtle VHS grain, lived-in dirty surfaces. Panel MSB055 / clip 06. Use mother style reference path: environment_lookdev/SCN_ARCADE/SCN_ARCADE_lookdev_A_entrance_wide_v002_game_screens.png. Use spatial constraint whitebox path: environment_lookdev/SCN_ARCADE/camera_whiteboxes_v001/CAM_ARCADE_04_BOSS_LOSES_REACTION_constraint_whitebox_v001.png. Camera constraint: CAM_ARCADE_04_BOSS_LOSES_REACTION. Layout/action focus: 阿磊带着弟弟准备离开，还在压住笑意. Blocking or motion: 向门口方向转身. Keep SCN_ARCADE design DNA consistent: dirty plastic entrance strips, low stained ceiling, narrow wet aisle, left and right rows of bulky black CRT arcade cabinets, rear two-player fictional fighting cabinet, old wooden stools, single warm dirty bulb, ceiling fan, sagging wires, peeling gray walls, unreadable poster scraps. Arcade screen content must be fictional and non-infringing: genre-level 1990s fighting-game, beat-em-up, side-scrolling action, and vertical shooter energy only; no real game title, no logo, no copyrighted UI, no recognizable character from existing games. Preserve the same room proportions and cabinet positions from the whitebox; only add final cinematic texture, light, haze, characters, and period detail. Crowd-density lock: the hidden arcade must feel very crowded and smoky, with shoulder-to-shoulder local kids, teenagers, and older bystanders packed around machines, silhouettes overlapping the aisle, cigarette-smoke haze, humid fog, and layered background faces; never make the arcade feel empty or spacious.","Do not show modern arcade cabinets, LCD screens, smartphones, LED esports room, cyberpunk neon club, clean mall game center, readable game names, real Street Fighter, real Mortal Kombat, real Cadillacs and Dinosaurs, real Dynasty Wars, real Captain Commando, real Psikyo logos, copyrighted characters, gore, adult gangsters, anime style, toy-like 3D, poster text, watermark, subtitle, annotation., empty arcade, sparse people, clean open aisle, showroom-like room, only three people in the whole arcade, clear fresh air, smoke-free room",ready_for_formal_generation_with_mother_style_and_whitebox_space
MSB056,B02,06,SCN_ARCADE,CAM_ARCADE_04_BOSS_LOSES_REACTION,environment_lookdev/SCN_ARCADE/SCN_ARCADE_lookdev_A_entrance_wide_v002_game_screens.png,environment_lookdev/SCN_ARCADE/camera_whiteboxes_v001/CAM_ARCADE_04_BOSS_LOSES_REACTION_constraint_whitebox_v001.png,"Pure cinematic storyboard frame for AIGC video generation, 16:9 landscape, high-resolution film still quality, no annotations, no captions, no visible readable text. 1990s small-town China hidden arcade room, Chinese dreamcore realism, humid yellowed childhood memory, dim gray-yellow light, CRT blue-green-red screen glow, subtle VHS grain, lived-in dirty surfaces. Panel MSB056 / clip 06. Use mother style reference path: environment_lookdev/SCN_ARCADE/SCN_ARCADE_lookdev_A_entrance_wide_v002_game_screens.png. Use spatial constraint whitebox path: environment_lookdev/SCN_ARCADE/camera_whiteboxes_v001/CAM_ARCADE_04_BOSS_LOSES_REACTION_constraint_whitebox_v001.png. Camera constraint: CAM_ARCADE_04_BOSS_LOSES_REACTION. Layout/action focus: 彬子盯着阿磊背影，手把腰包往上一拽. Blocking or motion: 手部动作短促. Keep SCN_ARCADE design DNA consistent: dirty plastic entrance strips, low stained ceiling, narrow wet aisle, left and right rows of bulky black CRT arcade cabinets, rear two-player fictional fighting cabinet, old wooden stools, single warm dirty bulb, ceiling fan, sagging wires, peeling gray walls, unreadable poster scraps. Arcade screen content must be fictional and non-infringing: genre-level 1990s fighting-game, beat-em-up, side-scrolling action, and vertical shooter energy only; no real game title, no logo, no copyrighted UI, no recognizable character from existing games. Preserve the same room proportions and cabinet positions from the whitebox; only add final cinematic texture, light, haze, characters, and period detail. Crowd-density lock: the hidden arcade must feel very crowded and smoky, with shoulder-to-shoulder local kids, teenagers, and older bystanders packed around machines, silhouettes overlapping the aisle, cigarette-smoke haze, humid fog, and layered background faces; never make the arcade feel empty or spacious.","Do not show modern arcade cabinets, LCD screens, smartphones, LED esports room, cyberpunk neon club, clean mall game center, readable game names, real Street Fighter, real Mortal Kombat, real Cadillacs and Dinosaurs, real Dynasty Wars, real Captain Commando, real Psikyo logos, copyrighted characters, gore, adult gangsters, anime style, toy-like 3D, poster text, watermark, subtitle, annotation., empty arcade, sparse people, clean open aisle, showroom-like room, only three people in the whole arcade, clear fresh air, smoke-free room",ready_for_formal_generation_with_mother_style_and_whitebox_space
MSB057,B02,06,SCN_ARCADE,CAM_ARCADE_04_BOSS_LOSES_REACTION,environment_lookdev/SCN_ARCADE/SCN_ARCADE_lookdev_A_entrance_wide_v002_game_screens.png,environment_lookdev/SCN_ARCADE/camera_whiteboxes_v001/CAM_ARCADE_04_BOSS_LOSES_REACTION_constraint_whitebox_v001.png,"Pure cinematic storyboard frame for AIGC video generation, 16:9 landscape, high-resolution film still quality, no annotations, no captions, no visible readable text. 1990s small-town China hidden arcade room, Chinese dreamcore realism, humid yellowed childhood memory, dim gray-yellow light, CRT blue-green-red screen glow, subtle VHS grain, lived-in dirty surfaces. Panel MSB057 / clip 06. Use mother style reference path: environment_lookdev/SCN_ARCADE/SCN_ARCADE_lookdev_A_entrance_wide_v002_game_screens.png. Use spatial constraint whitebox path: environment_lookdev/SCN_ARCADE/camera_whiteboxes_v001/CAM_ARCADE_04_BOSS_LOSES_REACTION_constraint_whitebox_v001.png. Camera constraint: CAM_ARCADE_04_BOSS_LOSES_REACTION. Layout/action focus: 游戏厅仍热闹，但四人组所在区域像被声音抽空. Blocking or motion: 背景人模糊不抢主体. Keep SCN_ARCADE design DNA consistent: dirty plastic entrance strips, low stained ceiling, narrow wet aisle, left and right rows of bulky black CRT arcade cabinets, rear two-player fictional fighting cabinet, old wooden stools, single warm dirty bulb, ceiling fan, sagging wires, peeling gray walls, unreadable poster scraps. Arcade screen content must be fictional and non-infringing: genre-level 1990s fighting-game, beat-em-up, side-scrolling action, and vertical shooter energy only; no real game title, no logo, no copyrighted UI, no recognizable character from existing games. Preserve the same room proportions and cabinet positions from the whitebox; only add final cinematic texture, light, haze, characters, and period detail. Crowd-density lock: the hidden arcade must feel very crowded and smoky, with shoulder-to-shoulder local kids, teenagers, and older bystanders packed around machines, silhouettes overlapping the aisle, cigarette-smoke haze, humid fog, and layered background faces; never make the arcade feel empty or spacious.","Do not show modern arcade cabinets, LCD screens, smartphones, LED esports room, cyberpunk neon club, clean mall game center, readable game names, real Street Fighter, real Mortal Kombat, real Cadillacs and Dinosaurs, real Dynasty Wars, real Captain Commando, real Psikyo logos, copyrighted characters, gore, adult gangsters, anime style, toy-like 3D, poster text, watermark, subtitle, annotation., empty arcade, sparse people, clean open aisle, showroom-like room, only three people in the whole arcade, clear fresh air, smoke-free room",ready_for_formal_generation_with_mother_style_and_whitebox_space
