card_uid,item_id,scene_id,beat,shot_type,frame_description,linked_cards,spatial_logic,image_prompt,video_prompt,notes,revision_note,sort_after,selected,status,output_path,references
CARD_BW_001,OP_SHOT_001,SCN_REF003_SKY_FADEIN,黑场/云层淡入,black cloud fade-in,"Black frame or very dark fade beginning into luminous cloud texture, no subject yet.",OP_SHOT_002,"Reference-003 full OP 1:1 remake mapping. Preserve shot timing, composition function, motion role, and unit order from the full video; replace any original readable text/logo/subtitle with clean no-text live-action composition.","21:9 anamorphic live-action keyframe, faithful high-end live-action remake of a 1990 Japanese adventure-anime OP, pure image only, no readable text/logo/subtitle/watermark. Reference source: reference-003-full-op-2160p at 00:00.00. Shot OP_SHOT_001: black cloud fade-in. Frame description: Black frame or very dark fade beginning into luminous cloud texture, no subject yet. Unit: VU_REF003_001_BLACK_CLOUD_FADEIN (黑场到云层蓝天淡入). Character locks when visible: Nadia uses the selected C-version heroine lock: age-appropriate 14-year-old adventure girl, honey-tan complexion, refined commercial live-action face, short glossy navy-black bob hair, large gold hoop earrings, slim gold bangles, modest red-orange and white adventure outfit with covered torso, sapphire Blue Water pendant; Jean is a 14-year-old French boy inventor with round glasses, brown hair, blue cap/beret, blue jacket, white shirt, red bow tie, short trousers, brown boots; Marie is a child in a modest dress; King is a small lion cub with red scarf; Grandis is an adult red-haired woman in red uniform; Sanson and Hanson are adult companions; Nemo is a stern adult submarine captain; Electra is an adult first officer. All minors must be age-appropriate, non-sexualized, adventure-safe. Negative prompt: No readable text, no title letters, no lyrics, no credits, no NHK mark, no subtitles, no watermark, no random symbols, no direct anime screenshot copying, no adult recast of minors, no sexualized minor, no modern cars, no smartphone, no distorted face or hands.","基于完整 reference-003 OP 的组级视频提示词 / Full-reference unit-aware video prompt
- 视频单位 / Video unit: VU_REF003_001_BLACK_CLOUD_FADEIN
- 组级提示词 / Unit prompt: 07_shots/video_prompts_by_unit/VU_REF003_001_BLACK_CLOUD_FADEIN.md
- 本关键帧 / This keyframe: 图1 = OP_SHOT_001 (图1 / black_to_cloud_start)
- 参考时间 / Reference timing: 00:00.00
- 使用规则 / Use rule: follow the full OP reference-003 unit order; do not use VU_REF002 prompts; replace all source text/logo/subtitle with clean no-text remake imagery.
","REFERENCE003_QA_BATCH01 official keyframe generated from full video reference. Visual QA pass: dark fade-in frame, no text/logo.",V3 fixes character age/costume and OP structure: Nadia uses selected C-version heroine design; Nadia/Jean are 14; opening is clouds -> white bird -> Jean plane.,,True,generated_reference003_qa_pass,08_generation/jobs/REFERENCE003_OFFICIAL_KEYFRAMES_QA_20260630/outputs/OP_SHOT_001.png,[]
CARD_BW_002,OP_SHOT_002,SCN_REF003_SKY_FADEIN,云层蓝天显现,bright cloud sky reveal,"Bright white cloud mass opens into saturated blue sky, no bird yet.","OP_SHOT_001, OP_SHOT_003","Reference-003 full OP 1:1 remake mapping. Preserve shot timing, composition function, motion role, and unit order from the full video; replace any original readable text/logo/subtitle with clean no-text live-action composition.","21:9 anamorphic live-action keyframe, faithful high-end live-action remake of a 1990 Japanese adventure-anime OP, pure image only, no readable text/logo/subtitle/watermark. Reference source: reference-003-full-op-2160p at 00:01.50. Shot OP_SHOT_002: bright cloud sky reveal. Frame description: Bright white cloud mass opens into saturated blue sky, no bird yet. Unit: VU_REF003_001_BLACK_CLOUD_FADEIN (黑场到云层蓝天淡入). Character locks when visible: Nadia uses the selected C-version heroine lock: age-appropriate 14-year-old adventure girl, honey-tan complexion, refined commercial live-action face, short glossy navy-black bob hair, large gold hoop earrings, slim gold bangles, modest red-orange and white adventure outfit with covered torso, sapphire Blue Water pendant; Jean is a 14-year-old French boy inventor with round glasses, brown hair, blue cap/beret, blue jacket, white shirt, red bow tie, short trousers, brown boots; Marie is a child in a modest dress; King is a small lion cub with red scarf; Grandis is an adult red-haired woman in red uniform; Sanson and Hanson are adult companions; Nemo is a stern adult submarine captain; Electra is an adult first officer. All minors must be age-appropriate, non-sexualized, adventure-safe. Negative prompt: No readable text, no title letters, no lyrics, no credits, no NHK mark, no subtitles, no watermark, no random symbols, no direct anime screenshot copying, no adult recast of minors, no sexualized minor, no modern cars, no smartphone, no distorted face or hands.","基于完整 reference-003 OP 的组级视频提示词 / Full-reference unit-aware video prompt
- 视频单位 / Video unit: VU_REF003_001_BLACK_CLOUD_FADEIN
- 组级提示词 / Unit prompt: 07_shots/video_prompts_by_unit/VU_REF003_001_BLACK_CLOUD_FADEIN.md
- 本关键帧 / This keyframe: 图2 = OP_SHOT_002 (图2 / bright_cloud_sky_reveal)
- 参考时间 / Reference timing: 00:01.50
- 使用规则 / Use rule: follow the full OP reference-003 unit order; do not use VU_REF002 prompts; replace all source text/logo/subtitle with clean no-text remake imagery.
","REFERENCE003_QA_BATCH01 official keyframe generated from full video reference. Visual QA pass: bright cloud/blue-sky reveal, no text/logo.",V3 fixes character age/costume and OP structure: Nadia uses selected C-version heroine design; Nadia/Jean are 14; opening is clouds -> white bird -> Jean plane.,OP_SHOT_001,True,generated_reference003_qa_pass,08_generation/jobs/REFERENCE003_OFFICIAL_KEYFRAMES_QA_20260630/outputs/OP_SHOT_002.png,[]
CARD_BW_003,OP_SHOT_003,SCN_REF003_WHITE_BIRD,白鸟首次入画,white bird entry,"White bird enters the blue sky after the cloud fade-in, wings open and readable.","OP_SHOT_002, OP_SHOT_004","Reference-003 full OP 1:1 remake mapping. Preserve shot timing, composition function, motion role, and unit order from the full video; replace any original readable text/logo/subtitle with clean no-text live-action composition.","21:9 anamorphic live-action keyframe, faithful high-end live-action remake of a 1990 Japanese adventure-anime OP, pure image only, no readable text/logo/subtitle/watermark. Reference source: reference-003-full-op-2160p at 00:02.50. Shot OP_SHOT_003: white bird entry. Frame description: White bird enters the blue sky after the cloud fade-in, wings open and readable. Unit: VU_REF003_002_WHITE_BIRD_SKY (白鸟入画与蓝天滑翔). Character locks when visible: Nadia uses the selected C-version heroine lock: age-appropriate 14-year-old adventure girl, honey-tan complexion, refined commercial live-action face, short glossy navy-black bob hair, large gold hoop earrings, slim gold bangles, modest red-orange and white adventure outfit with covered torso, sapphire Blue Water pendant; Jean is a 14-year-old French boy inventor with round glasses, brown hair, blue cap/beret, blue jacket, white shirt, red bow tie, short trousers, brown boots; Marie is a child in a modest dress; King is a small lion cub with red scarf; Grandis is an adult red-haired woman in red uniform; Sanson and Hanson are adult companions; Nemo is a stern adult submarine captain; Electra is an adult first officer. All minors must be age-appropriate, non-sexualized, adventure-safe. Negative prompt: No readable text, no title letters, no lyrics, no credits, no NHK mark, no subtitles, no watermark, no random symbols, no direct anime screenshot copying, no adult recast of minors, no sexualized minor, no modern cars, no smartphone, no distorted face or hands.","基于完整 reference-003 OP 的组级视频提示词 / Full-reference unit-aware video prompt
- 视频单位 / Video unit: VU_REF003_002_WHITE_BIRD_SKY
- 组级提示词 / Unit prompt: 07_shots/video_prompts_by_unit/VU_REF003_002_WHITE_BIRD_SKY.md
- 本关键帧 / This keyframe: 图1 = OP_SHOT_003 (图1 / bird_entry)
- 参考时间 / Reference timing: 00:02.50
- 使用规则 / Use rule: follow the full OP reference-003 unit order; do not use VU_REF002 prompts; replace all source text/logo/subtitle with clean no-text remake imagery.
","REFERENCE003_QA_BATCH01 official keyframe generated from full video reference. Visual QA pass: white bird entry on clean sky, reference text removed.",V3 fixes character age/costume and OP structure: Nadia uses selected C-version heroine design; Nadia/Jean are 14; opening is clouds -> white bird -> Jean plane.,OP_SHOT_002,True,generated_reference003_qa_pass,08_generation/jobs/REFERENCE003_OFFICIAL_KEYFRAMES_QA_20260630/outputs/OP_SHOT_003.png,[]
CARD_BW_004,OP_SHOT_004,SCN_REF003_WHITE_BIRD,白鸟滑翔延续,white bird glide,"The same white bird glides farther through saturated blue sky, no aircraft.","OP_SHOT_003, OP_SHOT_005","Reference-003 full OP 1:1 remake mapping. Preserve shot timing, composition function, motion role, and unit order from the full video; replace any original readable text/logo/subtitle with clean no-text live-action composition.","21:9 anamorphic live-action keyframe, faithful high-end live-action remake of a 1990 Japanese adventure-anime OP, pure image only, no readable text/logo/subtitle/watermark. Reference source: reference-003-full-op-2160p at 00:05.00. Shot OP_SHOT_004: white bird glide. Frame description: The same white bird glides farther through saturated blue sky, no aircraft. Unit: VU_REF003_002_WHITE_BIRD_SKY (白鸟入画与蓝天滑翔). Character locks when visible: Nadia uses the selected C-version heroine lock: age-appropriate 14-year-old adventure girl, honey-tan complexion, refined commercial live-action face, short glossy navy-black bob hair, large gold hoop earrings, slim gold bangles, modest red-orange and white adventure outfit with covered torso, sapphire Blue Water pendant; Jean is a 14-year-old French boy inventor with round glasses, brown hair, blue cap/beret, blue jacket, white shirt, red bow tie, short trousers, brown boots; Marie is a child in a modest dress; King is a small lion cub with red scarf; Grandis is an adult red-haired woman in red uniform; Sanson and Hanson are adult companions; Nemo is a stern adult submarine captain; Electra is an adult first officer. All minors must be age-appropriate, non-sexualized, adventure-safe. Negative prompt: No readable text, no title letters, no lyrics, no credits, no NHK mark, no subtitles, no watermark, no random symbols, no direct anime screenshot copying, no adult recast of minors, no sexualized minor, no modern cars, no smartphone, no distorted face or hands.","基于完整 reference-003 OP 的组级视频提示词 / Full-reference unit-aware video prompt
- 视频单位 / Video unit: VU_REF003_002_WHITE_BIRD_SKY
- 组级提示词 / Unit prompt: 07_shots/video_prompts_by_unit/VU_REF003_002_WHITE_BIRD_SKY.md
- 本关键帧 / This keyframe: 图2 = OP_SHOT_004 (图2 / bird_glide)
- 参考时间 / Reference timing: 00:05.00
- 使用规则 / Use rule: follow the full OP reference-003 unit order; do not use VU_REF002 prompts; replace all source text/logo/subtitle with clean no-text remake imagery.
","REFERENCE003_QA_BATCH01 official keyframe generated from full video reference. Visual QA pass: white bird glide on clean sky, reference text removed.",V3 fixes character age/costume and OP structure: Nadia uses selected C-version heroine design; Nadia/Jean are 14; opening is clouds -> white bird -> Jean plane.,OP_SHOT_003,True,generated_reference003_qa_pass,08_generation/jobs/REFERENCE003_OFFICIAL_KEYFRAMES_QA_20260630/outputs/OP_SHOT_004.png,[]
CARD_BW_005,OP_SHOT_005,SCN_REF003_CREDIT_SAFE_SKY,无字职员表安全位,bird credit-safe sky,"Small white bird over clean blue sky with large center negative space, replacing credits with no text.","OP_SHOT_004, OP_SHOT_006","Reference-003 full OP 1:1 remake mapping. Preserve shot timing, composition function, motion role, and unit order from the full video; replace any original readable text/logo/subtitle with clean no-text live-action composition.","21:9 anamorphic live-action keyframe, faithful high-end live-action remake of a 1990 Japanese adventure-anime OP, pure image only, no readable text/logo/subtitle/watermark. Reference source: reference-003-full-op-2160p at 00:07.50. Shot OP_SHOT_005: bird credit-safe sky. Frame description: Small white bird over clean blue sky with large center negative space, replacing credits with no text. Unit: VU_REF003_003_CREDIT_SAFE_BIRD_CLOUDS (白鸟字幕安全位与云层增长). Character locks when visible: Nadia uses the selected C-version heroine lock: age-appropriate 14-year-old adventure girl, honey-tan complexion, refined commercial live-action face, short glossy navy-black bob hair, large gold hoop earrings, slim gold bangles, modest red-orange and white adventure outfit with covered torso, sapphire Blue Water pendant; Jean is a 14-year-old French boy inventor with round glasses, brown hair, blue cap/beret, blue jacket, white shirt, red bow tie, short trousers, brown boots; Marie is a child in a modest dress; King is a small lion cub with red scarf; Grandis is an adult red-haired woman in red uniform; Sanson and Hanson are adult companions; Nemo is a stern adult submarine captain; Electra is an adult first officer. All minors must be age-appropriate, non-sexualized, adventure-safe. Negative prompt: No readable text, no title letters, no lyrics, no credits, no NHK mark, no subtitles, no watermark, no random symbols, no direct anime screenshot copying, no adult recast of minors, no sexualized minor, no modern cars, no smartphone, no distorted face or hands.","基于完整 reference-003 OP 的组级视频提示词 / Full-reference unit-aware video prompt
- 视频单位 / Video unit: VU_REF003_003_CREDIT_SAFE_BIRD_CLOUDS
- 组级提示词 / Unit prompt: 07_shots/video_prompts_by_unit/VU_REF003_003_CREDIT_SAFE_BIRD_CLOUDS.md
- 本关键帧 / This keyframe: 图1 = OP_SHOT_005 (图1 / no_text_credit_safe_bird)
- 参考时间 / Reference timing: 00:07.50
- 使用规则 / Use rule: follow the full OP reference-003 unit order; do not use VU_REF002 prompts; replace all source text/logo/subtitle with clean no-text remake imagery.
","REFERENCE003_QA_BATCH01 official keyframe generated from full video reference. Visual QA pass: credit-safe empty sky with tiny bird, all text removed.",V3 fixes character age/costume and OP structure: Nadia uses selected C-version heroine design; Nadia/Jean are 14; opening is clouds -> white bird -> Jean plane.,OP_SHOT_004,True,generated_reference003_qa_pass,08_generation/jobs/REFERENCE003_OFFICIAL_KEYFRAMES_QA_20260630/outputs/OP_SHOT_005.png,[]
CARD_BW_006,OP_SHOT_006,SCN_REF003_CREDIT_SAFE_SKY,云层增长填画,cloud bank growth,Large bright cloud bank grows into frame while the bird becomes small or exits.,"OP_SHOT_005, OP_SHOT_007","Reference-003 full OP 1:1 remake mapping. Preserve shot timing, composition function, motion role, and unit order from the full video; replace any original readable text/logo/subtitle with clean no-text live-action composition.","21:9 anamorphic live-action keyframe, faithful high-end live-action remake of a 1990 Japanese adventure-anime OP, pure image only, no readable text/logo/subtitle/watermark. Reference source: reference-003-full-op-2160p at 00:11.50. Shot OP_SHOT_006: cloud bank growth. Frame description: Large bright cloud bank grows into frame while the bird becomes small or exits. Unit: VU_REF003_003_CREDIT_SAFE_BIRD_CLOUDS (白鸟字幕安全位与云层增长). Character locks when visible: Nadia uses the selected C-version heroine lock: age-appropriate 14-year-old adventure girl, honey-tan complexion, refined commercial live-action face, short glossy navy-black bob hair, large gold hoop earrings, slim gold bangles, modest red-orange and white adventure outfit with covered torso, sapphire Blue Water pendant; Jean is a 14-year-old French boy inventor with round glasses, brown hair, blue cap/beret, blue jacket, white shirt, red bow tie, short trousers, brown boots; Marie is a child in a modest dress; King is a small lion cub with red scarf; Grandis is an adult red-haired woman in red uniform; Sanson and Hanson are adult companions; Nemo is a stern adult submarine captain; Electra is an adult first officer. All minors must be age-appropriate, non-sexualized, adventure-safe. Negative prompt: No readable text, no title letters, no lyrics, no credits, no NHK mark, no subtitles, no watermark, no random symbols, no direct anime screenshot copying, no adult recast of minors, no sexualized minor, no modern cars, no smartphone, no distorted face or hands.","基于完整 reference-003 OP 的组级视频提示词 / Full-reference unit-aware video prompt
- 视频单位 / Video unit: VU_REF003_003_CREDIT_SAFE_BIRD_CLOUDS
- 组级提示词 / Unit prompt: 07_shots/video_prompts_by_unit/VU_REF003_003_CREDIT_SAFE_BIRD_CLOUDS.md
- 本关键帧 / This keyframe: 图2 = OP_SHOT_006 (图2 / cloud_bank_growth)
- 参考时间 / Reference timing: 00:11.50
- 使用规则 / Use rule: follow the full OP reference-003 unit order; do not use VU_REF002 prompts; replace all source text/logo/subtitle with clean no-text remake imagery.
","REFERENCE003_QA_BATCH01 R2 official keyframe generated from full video reference. Visual QA pass: right-side cloud bank, visible tiny bird, no text/logo.",V3 fixes character age/costume and OP structure: Nadia uses selected C-version heroine design; Nadia/Jean are 14; opening is clouds -> white bird -> Jean plane.,OP_SHOT_005,True,generated_reference003_qa_pass,08_generation/jobs/REFERENCE003_OFFICIAL_KEYFRAMES_QA_20260630/outputs/OP_SHOT_006_v2.png,[]
CARD_BW_007,OP_SHOT_007,SCN_REF003_AIRCRAFT_REVEAL,飞行器短露,brief aircraft reveal,"Jean-style handmade retro aircraft or wing flashes briefly through clouded sky, scale controlled.","OP_SHOT_006, OP_SHOT_008","Reference-003 full OP 1:1 remake mapping. Preserve shot timing, composition function, motion role, and unit order from the full video; replace any original readable text/logo/subtitle with clean no-text live-action composition.","21:9 anamorphic live-action keyframe, faithful high-end live-action remake of a 1990 Japanese adventure-anime OP, pure image only, no readable text/logo/subtitle/watermark. Reference source: reference-003-full-op-2160p at 00:15.00. Shot OP_SHOT_007: brief aircraft reveal. Frame description: Jean-style handmade retro aircraft or wing flashes briefly through clouded sky, scale controlled. Unit: VU_REF003_004_AIRCRAFT_BRIEF_REVEAL (飞行器短暂露出). Character locks when visible: Nadia uses the selected C-version heroine lock: age-appropriate 14-year-old adventure girl, honey-tan complexion, refined commercial live-action face, short glossy navy-black bob hair, large gold hoop earrings, slim gold bangles, modest red-orange and white adventure outfit with covered torso, sapphire Blue Water pendant; Jean is a 14-year-old French boy inventor with round glasses, brown hair, blue cap/beret, blue jacket, white shirt, red bow tie, short trousers, brown boots; Marie is a child in a modest dress; King is a small lion cub with red scarf; Grandis is an adult red-haired woman in red uniform; Sanson and Hanson are adult companions; Nemo is a stern adult submarine captain; Electra is an adult first officer. All minors must be age-appropriate, non-sexualized, adventure-safe. Negative prompt: No readable text, no title letters, no lyrics, no credits, no NHK mark, no subtitles, no watermark, no random symbols, no direct anime screenshot copying, no adult recast of minors, no sexualized minor, no modern cars, no smartphone, no distorted face or hands.","基于完整 reference-003 OP 的组级视频提示词 / Full-reference unit-aware video prompt
- 视频单位 / Video unit: VU_REF003_004_AIRCRAFT_BRIEF_REVEAL
- 组级提示词 / Unit prompt: 07_shots/video_prompts_by_unit/VU_REF003_004_AIRCRAFT_BRIEF_REVEAL.md
- 本关键帧 / This keyframe: 图1 = OP_SHOT_007 (图1 / aircraft_brief_reveal)
- 参考时间 / Reference timing: 00:15.00
- 使用规则 / Use rule: follow the full OP reference-003 unit order; do not use VU_REF002 prompts; replace all source text/logo/subtitle with clean no-text remake imagery.
","REFERENCE003_QA_BATCH02 official keyframe generated from full video reference. Visual QA pass: small handmade aircraft revealed in bright cloud field, no text/logo.",V3 fixes character age/costume and OP structure: Nadia uses selected C-version heroine design; Nadia/Jean are 14; opening is clouds -> white bird -> Jean plane. Heroine design replacement generated with selected C candidate.,OP_SHOT_006,True,generated_reference003_qa_pass,08_generation/jobs/REFERENCE003_OFFICIAL_KEYFRAMES_QA_20260630_BATCH02/outputs/OP_SHOT_007.png,[]
CARD_BW_008,OP_SHOT_008,SCN_REF003_TITLE_SAFE,主标题无字安全位,main title-safe sky hold,"Clean blue sky and diagonal cloud band where the original title sits, but completely text-free.","OP_SHOT_007, OP_SHOT_009","Reference-003 full OP 1:1 remake mapping. Preserve shot timing, composition function, motion role, and unit order from the full video; replace any original readable text/logo/subtitle with clean no-text live-action composition.","21:9 anamorphic live-action keyframe, faithful high-end live-action remake of a 1990 Japanese adventure-anime OP, pure image only, no readable text/logo/subtitle/watermark. Reference source: reference-003-full-op-2160p at 00:18.50. Shot OP_SHOT_008: main title-safe sky hold. Frame description: Clean blue sky and diagonal cloud band where the original title sits, but completely text-free. Unit: VU_REF003_005_MAIN_TITLE_SAFE_HOLD (主标题功能位无字 hold). Character locks when visible: Nadia uses the selected C-version heroine lock: age-appropriate 14-year-old adventure girl, honey-tan complexion, refined commercial live-action face, short glossy navy-black bob hair, large gold hoop earrings, slim gold bangles, modest red-orange and white adventure outfit with covered torso, sapphire Blue Water pendant; Jean is a 14-year-old French boy inventor with round glasses, brown hair, blue cap/beret, blue jacket, white shirt, red bow tie, short trousers, brown boots; Marie is a child in a modest dress; King is a small lion cub with red scarf; Grandis is an adult red-haired woman in red uniform; Sanson and Hanson are adult companions; Nemo is a stern adult submarine captain; Electra is an adult first officer. All minors must be age-appropriate, non-sexualized, adventure-safe. Negative prompt: No readable text, no title letters, no lyrics, no credits, no NHK mark, no subtitles, no watermark, no random symbols, no direct anime screenshot copying, no adult recast of minors, no sexualized minor, no modern cars, no smartphone, no distorted face or hands.","基于完整 reference-003 OP 的组级视频提示词 / Full-reference unit-aware video prompt
- 视频单位 / Video unit: VU_REF003_005_MAIN_TITLE_SAFE_HOLD
- 组级提示词 / Unit prompt: 07_shots/video_prompts_by_unit/VU_REF003_005_MAIN_TITLE_SAFE_HOLD.md
- 本关键帧 / This keyframe: 图1 = OP_SHOT_008 (图1 / main_title_safe_no_text)
- 参考时间 / Reference timing: 00:18.50
- 使用规则 / Use rule: follow the full OP reference-003 unit order; do not use VU_REF002 prompts; replace all source text/logo/subtitle with clean no-text remake imagery.
","REFERENCE003_QA_BATCH02 R2 official keyframe generated from full video reference. Visual QA pass: title-safe blue sky and diagonal cloud band, source title removed, no sun flare.",V3 fixes character age/costume and OP structure: Nadia uses selected C-version heroine design; Nadia/Jean are 14; opening is clouds -> white bird -> Jean plane.,OP_SHOT_007,True,generated_reference003_qa_pass,08_generation/jobs/REFERENCE003_OFFICIAL_KEYFRAMES_QA_20260630_BATCH02/outputs/OP_SHOT_008_v2.png,[]
CARD_BW_009,OP_SHOT_009,SCN_REF003_SUN_FLARE,太阳光线转场,sun flare transition,Bright sun flare over clean blue sky prepares the cut to Nadia.,"OP_SHOT_008, OP_SHOT_010","Reference-003 full OP 1:1 remake mapping. Preserve shot timing, composition function, motion role, and unit order from the full video; replace any original readable text/logo/subtitle with clean no-text live-action composition.","21:9 anamorphic live-action keyframe, faithful high-end live-action remake of a 1990 Japanese adventure-anime OP, pure image only, no readable text/logo/subtitle/watermark. Reference source: reference-003-full-op-2160p at 00:23.00. Shot OP_SHOT_009: sun flare transition. Frame description: Bright sun flare over clean blue sky prepares the cut to Nadia. Unit: VU_REF003_006_SUN_FLARE_TO_NADIA (太阳光转 Nadia). Character locks when visible: Nadia uses the selected C-version heroine lock: age-appropriate 14-year-old adventure girl, honey-tan complexion, refined commercial live-action face, short glossy navy-black bob hair, large gold hoop earrings, slim gold bangles, modest red-orange and white adventure outfit with covered torso, sapphire Blue Water pendant; Jean is a 14-year-old French boy inventor with round glasses, brown hair, blue cap/beret, blue jacket, white shirt, red bow tie, short trousers, brown boots; Marie is a child in a modest dress; King is a small lion cub with red scarf; Grandis is an adult red-haired woman in red uniform; Sanson and Hanson are adult companions; Nemo is a stern adult submarine captain; Electra is an adult first officer. All minors must be age-appropriate, non-sexualized, adventure-safe. Negative prompt: No readable text, no title letters, no lyrics, no credits, no NHK mark, no subtitles, no watermark, no random symbols, no direct anime screenshot copying, no adult recast of minors, no sexualized minor, no modern cars, no smartphone, no distorted face or hands.","基于完整 reference-003 OP 的组级视频提示词 / Full-reference unit-aware video prompt
- 视频单位 / Video unit: VU_REF003_006_SUN_FLARE_TO_NADIA
- 组级提示词 / Unit prompt: 07_shots/video_prompts_by_unit/VU_REF003_006_SUN_FLARE_TO_NADIA.md
- 本关键帧 / This keyframe: 图1 = OP_SHOT_009 (图1 / sun_flare_transition)
- 参考时间 / Reference timing: 00:23.00
- 使用规则 / Use rule: follow the full OP reference-003 unit order; do not use VU_REF002 prompts; replace all source text/logo/subtitle with clean no-text remake imagery.
","REFERENCE003_QA_BATCH02 official keyframe generated from full video reference. Visual QA pass: sun flare transition over clean sky, no text/logo.",V3 fixes character age/costume and OP structure: Nadia uses selected C-version heroine design; Nadia/Jean are 14; opening is clouds -> white bird -> Jean plane.,OP_SHOT_008,True,generated_reference003_qa_pass,08_generation/jobs/REFERENCE003_OFFICIAL_KEYFRAMES_QA_20260630_BATCH02/outputs/OP_SHOT_009.png,[]
CARD_BW_010,OP_SHOT_010,SCN_REF003_NADIA_ENTRY,Nadia 侧脸入场,Nadia profile entry,"Age-appropriate Nadia C-version in side/profile close-up after the sun transition, sky behind.","OP_SHOT_009, OP_SHOT_011","Reference-003 full OP 1:1 remake mapping. Preserve shot timing, composition function, motion role, and unit order from the full video; replace any original readable text/logo/subtitle with clean no-text live-action composition.","21:9 anamorphic live-action keyframe, faithful high-end live-action remake of a 1990 Japanese adventure-anime OP, pure image only, no readable text/logo/subtitle/watermark. Reference source: reference-003-full-op-2160p at 00:24.50. Shot OP_SHOT_010: Nadia profile entry. Frame description: Age-appropriate Nadia C-version in side/profile close-up after the sun transition, sky behind. Unit: VU_REF003_007_NADIA_PROFILE_ENTRY (Nadia 侧脸入场到近景). Character locks when visible: Nadia uses the selected C-version heroine lock: age-appropriate 14-year-old adventure girl, honey-tan complexion, refined commercial live-action face, short glossy navy-black bob hair, large gold hoop earrings, slim gold bangles, modest red-orange and white adventure outfit with covered torso, sapphire Blue Water pendant; Jean is a 14-year-old French boy inventor with round glasses, brown hair, blue cap/beret, blue jacket, white shirt, red bow tie, short trousers, brown boots; Marie is a child in a modest dress; King is a small lion cub with red scarf; Grandis is an adult red-haired woman in red uniform; Sanson and Hanson are adult companions; Nemo is a stern adult submarine captain; Electra is an adult first officer. All minors must be age-appropriate, non-sexualized, adventure-safe. Negative prompt: No readable text, no title letters, no lyrics, no credits, no NHK mark, no subtitles, no watermark, no random symbols, no direct anime screenshot copying, no adult recast of minors, no sexualized minor, no modern cars, no smartphone, no distorted face or hands.","基于完整 reference-003 OP 的组级视频提示词 / Full-reference unit-aware video prompt
- 视频单位 / Video unit: VU_REF003_007_NADIA_PROFILE_ENTRY
- 组级提示词 / Unit prompt: 07_shots/video_prompts_by_unit/VU_REF003_007_NADIA_PROFILE_ENTRY.md
- 本关键帧 / This keyframe: 图1 = OP_SHOT_010 (图1 / Nadia_profile)
- 参考时间 / Reference timing: 00:24.50
- 使用规则 / Use rule: follow the full OP reference-003 unit order; do not use VU_REF002 prompts; replace all source text/logo/subtitle with clean no-text remake imagery.
","REFERENCE003_FRAME_PROMOTION_R3 P0 hard replacement generated and QA pass: Nadia profile face is more refined/impressive, matches OP_SHOT_011_v2 identity lock, preserves reference profile composition, conservative costume, no text/logo.",REFERENCE003_FRAME_PROMOTION_R3 applied after director requested first Nadia profile to be more beautiful/refined; OP_SHOT_011_v2 remains the Nadia face lock.,OP_SHOT_009,True,generated_reference003_qa_pass,08_generation/jobs/REFERENCE003_FRAME_PROMOTION_R3_20260630/outputs/OP_SHOT_010_R3_NADIA_PROFILE_BEAUTY_LOCK.png,[]
CARD_BW_011,OP_SHOT_011,SCN_REF003_NADIA_ENTRY,Nadia 正面近景,Nadia close-up,"Nadia turns into a closer bright expression, Blue Water identity detail may be visible, non-sexualized.","OP_SHOT_010, OP_SHOT_012","Reference-003 full OP 1:1 remake mapping. Preserve shot timing, composition function, motion role, and unit order from the full video; replace any original readable text/logo/subtitle with clean no-text live-action composition.","21:9 anamorphic live-action keyframe, faithful high-end live-action remake of a 1990 Japanese adventure-anime OP, pure image only, no readable text/logo/subtitle/watermark. Reference source: reference-003-full-op-2160p at 00:27.00. Shot OP_SHOT_011: Nadia close-up. Frame description: Nadia turns into a closer bright expression, Blue Water identity detail may be visible, non-sexualized. Unit: VU_REF003_007_NADIA_PROFILE_ENTRY (Nadia 侧脸入场到近景). Character locks when visible: Nadia uses the selected C-version heroine lock: age-appropriate 14-year-old adventure girl, honey-tan complexion, refined commercial live-action face, short glossy navy-black bob hair, large gold hoop earrings, slim gold bangles, modest red-orange and white adventure outfit with covered torso, sapphire Blue Water pendant; Jean is a 14-year-old French boy inventor with round glasses, brown hair, blue cap/beret, blue jacket, white shirt, red bow tie, short trousers, brown boots; Marie is a child in a modest dress; King is a small lion cub with red scarf; Grandis is an adult red-haired woman in red uniform; Sanson and Hanson are adult companions; Nemo is a stern adult submarine captain; Electra is an adult first officer. All minors must be age-appropriate, non-sexualized, adventure-safe. Negative prompt: No readable text, no title letters, no lyrics, no credits, no NHK mark, no subtitles, no watermark, no random symbols, no direct anime screenshot copying, no adult recast of minors, no sexualized minor, no modern cars, no smartphone, no distorted face or hands.","基于完整 reference-003 OP 的组级视频提示词 / Full-reference unit-aware video prompt
- 视频单位 / Video unit: VU_REF003_007_NADIA_PROFILE_ENTRY
- 组级提示词 / Unit prompt: 07_shots/video_prompts_by_unit/VU_REF003_007_NADIA_PROFILE_ENTRY.md
- 本关键帧 / This keyframe: 图2 = OP_SHOT_011 (图2 / Nadia_close)
- 参考时间 / Reference timing: 00:27.00
- 使用规则 / Use rule: follow the full OP reference-003 unit order; do not use VU_REF002 prompts; replace all source text/logo/subtitle with clean no-text remake imagery.
","REFERENCE003_QA_BATCH02 R2 official keyframe generated from full video reference. Visual QA pass: Nadia close-up, age-appropriate, conservative costume, no text/logo.",V3 fixes character age/costume and OP structure: Nadia uses selected C-version heroine design; Nadia/Jean are 14; opening is clouds -> white bird -> Jean plane.,OP_SHOT_010,True,generated_reference003_qa_pass,08_generation/jobs/REFERENCE003_OFFICIAL_KEYFRAMES_QA_20260630_BATCH02/outputs/OP_SHOT_011_v2.png,[]
CARD_BW_012,OP_SHOT_012,SCN_REF003_JEAN_INTRO,Jean 入场,Jean inventor intro,"Jean, 14-year-old French inventor boy, looks up from under a blue cap with round glasses and red bow tie.","OP_SHOT_011, OP_SHOT_013","Reference-003 full OP 1:1 remake mapping. Preserve shot timing, composition function, motion role, and unit order from the full video; replace any original readable text/logo/subtitle with clean no-text live-action composition.","21:9 anamorphic live-action keyframe, faithful high-end live-action remake of a 1990 Japanese adventure-anime OP, pure image only, no readable text/logo/subtitle/watermark. Reference source: reference-003-full-op-2160p at 00:29.00. Shot OP_SHOT_012: Jean inventor intro. Frame description: Jean, 14-year-old French inventor boy, looks up from under a blue cap with round glasses and red bow tie. Unit: VU_REF003_008_JEAN_INTRO (Jean 帽子与少年发明家入场). Character locks when visible: Nadia uses the selected C-version heroine lock: age-appropriate 14-year-old adventure girl, honey-tan complexion, refined commercial live-action face, short glossy navy-black bob hair, large gold hoop earrings, slim gold bangles, modest red-orange and white adventure outfit with covered torso, sapphire Blue Water pendant; Jean is a 14-year-old French boy inventor with round glasses, brown hair, blue cap/beret, blue jacket, white shirt, red bow tie, short trousers, brown boots; Marie is a child in a modest dress; King is a small lion cub with red scarf; Grandis is an adult red-haired woman in red uniform; Sanson and Hanson are adult companions; Nemo is a stern adult submarine captain; Electra is an adult first officer. All minors must be age-appropriate, non-sexualized, adventure-safe. Negative prompt: No readable text, no title letters, no lyrics, no credits, no NHK mark, no subtitles, no watermark, no random symbols, no direct anime screenshot copying, no adult recast of minors, no sexualized minor, no modern cars, no smartphone, no distorted face or hands.","基于完整 reference-003 OP 的组级视频提示词 / Full-reference unit-aware video prompt
- 视频单位 / Video unit: VU_REF003_008_JEAN_INTRO
- 组级提示词 / Unit prompt: 07_shots/video_prompts_by_unit/VU_REF003_008_JEAN_INTRO.md
- 本关键帧 / This keyframe: 图1 = OP_SHOT_012 (图1 / Jean_hat_face)
- 参考时间 / Reference timing: 00:29.00
- 使用规则 / Use rule: follow the full OP reference-003 unit order; do not use VU_REF002 prompts; replace all source text/logo/subtitle with clean no-text remake imagery.
","REFERENCE003_QA_BATCH02 official keyframe generated from full video reference. Visual QA pass: Jean young inventor intro, age-appropriate, no text/logo.",V3 fixes character age/costume and OP structure: Nadia uses selected C-version heroine design; Nadia/Jean are 14; opening is clouds -> white bird -> Jean plane.,OP_SHOT_011,True,generated_reference003_qa_pass,08_generation/jobs/REFERENCE003_OFFICIAL_KEYFRAMES_QA_20260630_BATCH02/outputs/OP_SHOT_012.png,[]
CARD_BW_013,OP_SHOT_013,SCN_REF003_MARIE_KING,Marie 与 King 草地笑点,Marie King meadow,"Marie and small lion cub King in a bright meadow, playful and child-safe.","OP_SHOT_012, OP_SHOT_014","Reference-003 full OP 1:1 remake mapping. Preserve shot timing, composition function, motion role, and unit order from the full video; replace any original readable text/logo/subtitle with clean no-text live-action composition.","21:9 anamorphic live-action keyframe, faithful high-end live-action remake of a 1990 Japanese adventure-anime OP, pure image only, no readable text/logo/subtitle/watermark. Reference source: reference-003-full-op-2160p at 00:31.50. Shot OP_SHOT_013: Marie King meadow. Frame description: Marie and small lion cub King in a bright meadow, playful and child-safe. Unit: VU_REF003_009_MARIE_KING_MEADOW (Marie 与 King 草地段). Character locks when visible: Nadia uses the selected C-version heroine lock: age-appropriate 14-year-old adventure girl, honey-tan complexion, refined commercial live-action face, short glossy navy-black bob hair, large gold hoop earrings, slim gold bangles, modest red-orange and white adventure outfit with covered torso, sapphire Blue Water pendant; Jean is a 14-year-old French boy inventor with round glasses, brown hair, blue cap/beret, blue jacket, white shirt, red bow tie, short trousers, brown boots; Marie is a child in a modest dress; King is a small lion cub with red scarf; Grandis is an adult red-haired woman in red uniform; Sanson and Hanson are adult companions; Nemo is a stern adult submarine captain; Electra is an adult first officer. All minors must be age-appropriate, non-sexualized, adventure-safe. Negative prompt: No readable text, no title letters, no lyrics, no credits, no NHK mark, no subtitles, no watermark, no random symbols, no direct anime screenshot copying, no adult recast of minors, no sexualized minor, no modern cars, no smartphone, no distorted face or hands.","基于完整 reference-003 OP 的组级视频提示词 / Full-reference unit-aware video prompt
- 视频单位 / Video unit: VU_REF003_009_MARIE_KING_MEADOW
- 组级提示词 / Unit prompt: 07_shots/video_prompts_by_unit/VU_REF003_009_MARIE_KING_MEADOW.md
- 本关键帧 / This keyframe: 图1 = OP_SHOT_013 (图1 / Marie_King_meadow)
- 参考时间 / Reference timing: 00:31.50
- 使用规则 / Use rule: follow the full OP reference-003 unit order; do not use VU_REF002 prompts; replace all source text/logo/subtitle with clean no-text remake imagery.
","REFERENCE003_QA_BATCH03 official keyframe generated from full video reference. Visual QA pass: Marie and King laughing in meadow, child-safe, no text/logo.",V3 fixes character age/costume and OP structure: Nadia uses selected C-version heroine design; Nadia/Jean are 14; opening is clouds -> white bird -> Jean plane. Heroine design replacement generated with selected C candidate.,OP_SHOT_012,True,generated_reference003_qa_pass,08_generation/jobs/REFERENCE003_OFFICIAL_KEYFRAMES_QA_20260630_BATCH03/outputs/OP_SHOT_013.png,[]
CARD_BW_014,OP_SHOT_014,SCN_REF003_MARIE_KING,Marie 与 King 近景,Marie King close,"Cheerful close character beat for Marie and King, safe and non-threatening.","OP_SHOT_013, OP_SHOT_015","Reference-003 full OP 1:1 remake mapping. Preserve shot timing, composition function, motion role, and unit order from the full video; replace any original readable text/logo/subtitle with clean no-text live-action composition.","21:9 anamorphic live-action keyframe, faithful high-end live-action remake of a 1990 Japanese adventure-anime OP, pure image only, no readable text/logo/subtitle/watermark. Reference source: reference-003-full-op-2160p at 00:34.00. Shot OP_SHOT_014: Marie King close. Frame description: Cheerful close character beat for Marie and King, safe and non-threatening. Unit: VU_REF003_009_MARIE_KING_MEADOW (Marie 与 King 草地段). Character locks when visible: Nadia uses the selected C-version heroine lock: age-appropriate 14-year-old adventure girl, honey-tan complexion, refined commercial live-action face, short glossy navy-black bob hair, large gold hoop earrings, slim gold bangles, modest red-orange and white adventure outfit with covered torso, sapphire Blue Water pendant; Jean is a 14-year-old French boy inventor with round glasses, brown hair, blue cap/beret, blue jacket, white shirt, red bow tie, short trousers, brown boots; Marie is a child in a modest dress; King is a small lion cub with red scarf; Grandis is an adult red-haired woman in red uniform; Sanson and Hanson are adult companions; Nemo is a stern adult submarine captain; Electra is an adult first officer. All minors must be age-appropriate, non-sexualized, adventure-safe. Negative prompt: No readable text, no title letters, no lyrics, no credits, no NHK mark, no subtitles, no watermark, no random symbols, no direct anime screenshot copying, no adult recast of minors, no sexualized minor, no modern cars, no smartphone, no distorted face or hands.","基于完整 reference-003 OP 的组级视频提示词 / Full-reference unit-aware video prompt
- 视频单位 / Video unit: VU_REF003_009_MARIE_KING_MEADOW
- 组级提示词 / Unit prompt: 07_shots/video_prompts_by_unit/VU_REF003_009_MARIE_KING_MEADOW.md
- 本关键帧 / This keyframe: 图2 = OP_SHOT_014 (图2 / Marie_King_close)
- 参考时间 / Reference timing: 00:34.00
- 使用规则 / Use rule: follow the full OP reference-003 unit order; do not use VU_REF002 prompts; replace all source text/logo/subtitle with clean no-text remake imagery.
","REFERENCE003_QA_BATCH03 official keyframe generated from full video reference. Visual QA pass: Marie and King close joyful beat, child-safe and friendly, no text/logo.",V3 fixes character age/costume and OP structure: Nadia uses selected C-version heroine design; Nadia/Jean are 14; opening is clouds -> white bird -> Jean plane. Heroine design replacement generated with selected C candidate.,OP_SHOT_013,True,generated_reference003_qa_pass,08_generation/jobs/REFERENCE003_OFFICIAL_KEYFRAMES_QA_20260630_BATCH03/outputs/OP_SHOT_014.png,[]
CARD_BW_015,OP_SHOT_015,SCN_REF003_GRANDIS_TRIO,Grandis 三人组宽景,Grandis trio wide,"Grandis, Sanson, and Hanson pose theatrically in a live-action period setting.","OP_SHOT_014, OP_SHOT_016","Reference-003 full OP 1:1 remake mapping. Preserve shot timing, composition function, motion role, and unit order from the full video; replace any original readable text/logo/subtitle with clean no-text live-action composition.","21:9 anamorphic live-action keyframe, faithful high-end live-action remake of a 1990 Japanese adventure-anime OP, pure image only, no readable text/logo/subtitle/watermark. Reference source: reference-003-full-op-2160p at 00:35.50. Shot OP_SHOT_015: Grandis trio wide. Frame description: Grandis, Sanson, and Hanson pose theatrically in a live-action period setting. Unit: VU_REF003_010_GRANDIS_TRIO_INTRO (Grandis 三人组介绍). Character locks when visible: Nadia uses the selected C-version heroine lock: age-appropriate 14-year-old adventure girl, honey-tan complexion, refined commercial live-action face, short glossy navy-black bob hair, large gold hoop earrings, slim gold bangles, modest red-orange and white adventure outfit with covered torso, sapphire Blue Water pendant; Jean is a 14-year-old French boy inventor with round glasses, brown hair, blue cap/beret, blue jacket, white shirt, red bow tie, short trousers, brown boots; Marie is a child in a modest dress; King is a small lion cub with red scarf; Grandis is an adult red-haired woman in red uniform; Sanson and Hanson are adult companions; Nemo is a stern adult submarine captain; Electra is an adult first officer. All minors must be age-appropriate, non-sexualized, adventure-safe. Negative prompt: No readable text, no title letters, no lyrics, no credits, no NHK mark, no subtitles, no watermark, no random symbols, no direct anime screenshot copying, no adult recast of minors, no sexualized minor, no modern cars, no smartphone, no distorted face or hands.","基于完整 reference-003 OP 的组级视频提示词 / Full-reference unit-aware video prompt
- 视频单位 / Video unit: VU_REF003_010_GRANDIS_TRIO_INTRO
- 组级提示词 / Unit prompt: 07_shots/video_prompts_by_unit/VU_REF003_010_GRANDIS_TRIO_INTRO.md
- 本关键帧 / This keyframe: 图1 = OP_SHOT_015 (图1 / Grandis_trio_wide)
- 参考时间 / Reference timing: 00:35.50
- 使用规则 / Use rule: follow the full OP reference-003 unit order; do not use VU_REF002 prompts; replace all source text/logo/subtitle with clean no-text remake imagery.
","REFERENCE003_QA_BATCH03 official keyframe generated from full video reference. Visual QA pass: Grandis trio wide period lineup, three adults, no text/logo; normalized to 1915x821.",V3 fixes character age/costume and OP structure: Nadia uses selected C-version heroine design; Nadia/Jean are 14; opening is clouds -> white bird -> Jean plane.,OP_SHOT_014,True,generated_reference003_qa_pass,08_generation/jobs/REFERENCE003_OFFICIAL_KEYFRAMES_QA_20260630_BATCH03/outputs/OP_SHOT_015.png,[]
CARD_BW_016,OP_SHOT_016,SCN_REF003_GRANDIS_TRIO,Grandis 三人组近景,Grandis trio close,"Close energetic character beat for the adult trio, playful but grounded.","OP_SHOT_015, OP_SHOT_017","Reference-003 full OP 1:1 remake mapping. Preserve shot timing, composition function, motion role, and unit order from the full video; replace any original readable text/logo/subtitle with clean no-text live-action composition.","21:9 anamorphic live-action keyframe, faithful high-end live-action remake of a 1990 Japanese adventure-anime OP, pure image only, no readable text/logo/subtitle/watermark. Reference source: reference-003-full-op-2160p at 00:37.00. Shot OP_SHOT_016: Grandis trio close. Frame description: Close energetic character beat for the adult trio, playful but grounded. Unit: VU_REF003_010_GRANDIS_TRIO_INTRO (Grandis 三人组介绍). Character locks when visible: Nadia uses the selected C-version heroine lock: age-appropriate 14-year-old adventure girl, honey-tan complexion, refined commercial live-action face, short glossy navy-black bob hair, large gold hoop earrings, slim gold bangles, modest red-orange and white adventure outfit with covered torso, sapphire Blue Water pendant; Jean is a 14-year-old French boy inventor with round glasses, brown hair, blue cap/beret, blue jacket, white shirt, red bow tie, short trousers, brown boots; Marie is a child in a modest dress; King is a small lion cub with red scarf; Grandis is an adult red-haired woman in red uniform; Sanson and Hanson are adult companions; Nemo is a stern adult submarine captain; Electra is an adult first officer. All minors must be age-appropriate, non-sexualized, adventure-safe. Negative prompt: No readable text, no title letters, no lyrics, no credits, no NHK mark, no subtitles, no watermark, no random symbols, no direct anime screenshot copying, no adult recast of minors, no sexualized minor, no modern cars, no smartphone, no distorted face or hands.","基于完整 reference-003 OP 的组级视频提示词 / Full-reference unit-aware video prompt
- 视频单位 / Video unit: VU_REF003_010_GRANDIS_TRIO_INTRO
- 组级提示词 / Unit prompt: 07_shots/video_prompts_by_unit/VU_REF003_010_GRANDIS_TRIO_INTRO.md
- 本关键帧 / This keyframe: 图2 = OP_SHOT_016 (图2 / Grandis_trio_close)
- 参考时间 / Reference timing: 00:37.00
- 使用规则 / Use rule: follow the full OP reference-003 unit order; do not use VU_REF002 prompts; replace all source text/logo/subtitle with clean no-text remake imagery.
","REFERENCE003_QA_BATCH03 R2 official keyframe generated from full video reference. Visual QA pass: exactly three adult Grandis trio close cluster, no text/logo.",V3 fixes character age/costume and OP structure: Nadia uses selected C-version heroine design; Nadia/Jean are 14; opening is clouds -> white bird -> Jean plane.,OP_SHOT_015,True,generated_reference003_qa_pass,08_generation/jobs/REFERENCE003_OFFICIAL_KEYFRAMES_QA_20260630_BATCH03/outputs/OP_SHOT_016_v2.png,[]
CARD_BW_017,OP_SHOT_017,SCN_REF003_RUNNING,Nadia 奔跑脚步,Nadia run feet,"Nadia running feet/legs beat with sky background, modest costume, no body emphasis.","OP_SHOT_016, OP_SHOT_018","Reference-003 full OP 1:1 remake mapping. Preserve shot timing, composition function, motion role, and unit order from the full video; replace any original readable text/logo/subtitle with clean no-text live-action composition.","21:9 anamorphic live-action keyframe, faithful high-end live-action remake of a 1990 Japanese adventure-anime OP, pure image only, no readable text/logo/subtitle/watermark. Reference source: reference-003-full-op-2160p at 00:38.00. Shot OP_SHOT_017: Nadia run feet. Frame description: Nadia running feet/legs beat with sky background, modest costume, no body emphasis. Unit: VU_REF003_011_RUNNING_MONTAGE (角色奔跑 montage). Character locks when visible: Nadia uses the selected C-version heroine lock: age-appropriate 14-year-old adventure girl, honey-tan complexion, refined commercial live-action face, short glossy navy-black bob hair, large gold hoop earrings, slim gold bangles, modest red-orange and white adventure outfit with covered torso, sapphire Blue Water pendant; Jean is a 14-year-old French boy inventor with round glasses, brown hair, blue cap/beret, blue jacket, white shirt, red bow tie, short trousers, brown boots; Marie is a child in a modest dress; King is a small lion cub with red scarf; Grandis is an adult red-haired woman in red uniform; Sanson and Hanson are adult companions; Nemo is a stern adult submarine captain; Electra is an adult first officer. All minors must be age-appropriate, non-sexualized, adventure-safe. Negative prompt: No readable text, no title letters, no lyrics, no credits, no NHK mark, no subtitles, no watermark, no random symbols, no direct anime screenshot copying, no adult recast of minors, no sexualized minor, no modern cars, no smartphone, no distorted face or hands.","基于完整 reference-003 OP 的组级视频提示词 / Full-reference unit-aware video prompt
- 视频单位 / Video unit: VU_REF003_011_RUNNING_MONTAGE
- 组级提示词 / Unit prompt: 07_shots/video_prompts_by_unit/VU_REF003_011_RUNNING_MONTAGE.md
- 本关键帧 / This keyframe: 图1 = OP_SHOT_017 (图1 / Nadia_run_feet)
- 参考时间 / Reference timing: 00:38.00
- 使用规则 / Use rule: follow the full OP reference-003 unit order; do not use VU_REF002 prompts; replace all source text/logo/subtitle with clean no-text remake imagery.
","REFERENCE003_QA_BATCH03 official keyframe generated from full video reference. Visual QA pass: Nadia running foot/leg action beat, safe framing, no text/logo.",V3 fixes character age/costume and OP structure: Nadia uses selected C-version heroine design; Nadia/Jean are 14; opening is clouds -> white bird -> Jean plane.,OP_SHOT_016,True,generated_reference003_qa_pass,08_generation/jobs/REFERENCE003_OFFICIAL_KEYFRAMES_QA_20260630_BATCH03/outputs/OP_SHOT_017.png,[]
CARD_BW_018,OP_SHOT_018,SCN_REF003_RUNNING,Nadia 奔跑正面,Nadia run front,"Nadia running front/upper-body beat, determined and age-safe.","OP_SHOT_017, OP_SHOT_019","Reference-003 full OP 1:1 remake mapping. Preserve shot timing, composition function, motion role, and unit order from the full video; replace any original readable text/logo/subtitle with clean no-text live-action composition.","21:9 anamorphic live-action keyframe, faithful high-end live-action remake of a 1990 Japanese adventure-anime OP, pure image only, no readable text/logo/subtitle/watermark. Reference source: reference-003-full-op-2160p at 00:39.50. Shot OP_SHOT_018: Nadia run front. Frame description: Nadia running front/upper-body beat, determined and age-safe. Unit: VU_REF003_011_RUNNING_MONTAGE (角色奔跑 montage). Character locks when visible: Nadia uses the selected C-version heroine lock: age-appropriate 14-year-old adventure girl, honey-tan complexion, refined commercial live-action face, short glossy navy-black bob hair, large gold hoop earrings, slim gold bangles, modest red-orange and white adventure outfit with covered torso, sapphire Blue Water pendant; Jean is a 14-year-old French boy inventor with round glasses, brown hair, blue cap/beret, blue jacket, white shirt, red bow tie, short trousers, brown boots; Marie is a child in a modest dress; King is a small lion cub with red scarf; Grandis is an adult red-haired woman in red uniform; Sanson and Hanson are adult companions; Nemo is a stern adult submarine captain; Electra is an adult first officer. All minors must be age-appropriate, non-sexualized, adventure-safe. Negative prompt: No readable text, no title letters, no lyrics, no credits, no NHK mark, no subtitles, no watermark, no random symbols, no direct anime screenshot copying, no adult recast of minors, no sexualized minor, no modern cars, no smartphone, no distorted face or hands.","基于完整 reference-003 OP 的组级视频提示词 / Full-reference unit-aware video prompt
- 视频单位 / Video unit: VU_REF003_011_RUNNING_MONTAGE
- 组级提示词 / Unit prompt: 07_shots/video_prompts_by_unit/VU_REF003_011_RUNNING_MONTAGE.md
- 本关键帧 / This keyframe: 图2 = OP_SHOT_018 (图2 / Nadia_run_front)
- 参考时间 / Reference timing: 00:39.50
- 使用规则 / Use rule: follow the full OP reference-003 unit order; do not use VU_REF002 prompts; replace all source text/logo/subtitle with clean no-text remake imagery.
","REFERENCE003_QA_BATCH03 official keyframe generated from full video reference. Visual QA pass: Nadia running front action beat, age-safe conservative costume, no text/logo; normalized to 1915x821.",V3 fixes character age/costume and OP structure: Nadia uses selected C-version heroine design; Nadia/Jean are 14; opening is clouds -> white bird -> Jean plane. Heroine design replacement generated with selected C candidate.,OP_SHOT_017,True,generated_reference003_qa_pass,08_generation/jobs/REFERENCE003_OFFICIAL_KEYFRAMES_QA_20260630_BATCH03/outputs/OP_SHOT_018.png,[]
CARD_BW_019,OP_SHOT_019,SCN_REF003_RUNNING,Jean 奔跑,Jean run,"Jean runs with cap/glasses and inventor outfit, matching the run direction.","OP_SHOT_018, OP_SHOT_020","Reference-003 full OP 1:1 remake mapping. Preserve shot timing, composition function, motion role, and unit order from the full video; replace any original readable text/logo/subtitle with clean no-text live-action composition.","21:9 anamorphic live-action keyframe, faithful high-end live-action remake of a 1990 Japanese adventure-anime OP, pure image only, no readable text/logo/subtitle/watermark. Reference source: reference-003-full-op-2160p at 00:41.50. Shot OP_SHOT_019: Jean run. Frame description: Jean runs with cap/glasses and inventor outfit, matching the run direction. Unit: VU_REF003_011_RUNNING_MONTAGE (角色奔跑 montage). Character locks when visible: Nadia uses the selected C-version heroine lock: age-appropriate 14-year-old adventure girl, honey-tan complexion, refined commercial live-action face, short glossy navy-black bob hair, large gold hoop earrings, slim gold bangles, modest red-orange and white adventure outfit with covered torso, sapphire Blue Water pendant; Jean is a 14-year-old French boy inventor with round glasses, brown hair, blue cap/beret, blue jacket, white shirt, red bow tie, short trousers, brown boots; Marie is a child in a modest dress; King is a small lion cub with red scarf; Grandis is an adult red-haired woman in red uniform; Sanson and Hanson are adult companions; Nemo is a stern adult submarine captain; Electra is an adult first officer. All minors must be age-appropriate, non-sexualized, adventure-safe. Negative prompt: No readable text, no title letters, no lyrics, no credits, no NHK mark, no subtitles, no watermark, no random symbols, no direct anime screenshot copying, no adult recast of minors, no sexualized minor, no modern cars, no smartphone, no distorted face or hands.","基于完整 reference-003 OP 的组级视频提示词 / Full-reference unit-aware video prompt
- 视频单位 / Video unit: VU_REF003_011_RUNNING_MONTAGE
- 组级提示词 / Unit prompt: 07_shots/video_prompts_by_unit/VU_REF003_011_RUNNING_MONTAGE.md
- 本关键帧 / This keyframe: 图3 = OP_SHOT_019 (图3 / Jean_run)
- 参考时间 / Reference timing: 00:41.50
- 使用规则 / Use rule: follow the full OP reference-003 unit order; do not use VU_REF002 prompts; replace all source text/logo/subtitle with clean no-text remake imagery.
","REFERENCE003_QA_BATCH04 official keyframe generated from full video reference. Visual QA pass: Jean running montage beat, age-appropriate, no text/logo.",V3 fixes character age/costume and OP structure: Nadia uses selected C-version heroine design; Nadia/Jean are 14; opening is clouds -> white bird -> Jean plane. Heroine design replacement generated with selected C candidate.,OP_SHOT_018,True,generated_reference003_qa_pass,08_generation/jobs/REFERENCE003_OFFICIAL_KEYFRAMES_QA_20260630_BATCH04/outputs/OP_SHOT_019.png,[]
CARD_BW_020,OP_SHOT_020,SCN_REF003_RUNNING,Marie 奔跑,Marie run,"Marie runs with King nearby, playful and child-safe.","OP_SHOT_019, OP_SHOT_021","Reference-003 full OP 1:1 remake mapping. Preserve shot timing, composition function, motion role, and unit order from the full video; replace any original readable text/logo/subtitle with clean no-text live-action composition.","21:9 anamorphic live-action keyframe, faithful high-end live-action remake of a 1990 Japanese adventure-anime OP, pure image only, no readable text/logo/subtitle/watermark. Reference source: reference-003-full-op-2160p at 00:43.50. Shot OP_SHOT_020: Marie run. Frame description: Marie runs with King nearby, playful and child-safe. Unit: VU_REF003_011_RUNNING_MONTAGE (角色奔跑 montage). Character locks when visible: Nadia uses the selected C-version heroine lock: age-appropriate 14-year-old adventure girl, honey-tan complexion, refined commercial live-action face, short glossy navy-black bob hair, large gold hoop earrings, slim gold bangles, modest red-orange and white adventure outfit with covered torso, sapphire Blue Water pendant; Jean is a 14-year-old French boy inventor with round glasses, brown hair, blue cap/beret, blue jacket, white shirt, red bow tie, short trousers, brown boots; Marie is a child in a modest dress; King is a small lion cub with red scarf; Grandis is an adult red-haired woman in red uniform; Sanson and Hanson are adult companions; Nemo is a stern adult submarine captain; Electra is an adult first officer. All minors must be age-appropriate, non-sexualized, adventure-safe. Negative prompt: No readable text, no title letters, no lyrics, no credits, no NHK mark, no subtitles, no watermark, no random symbols, no direct anime screenshot copying, no adult recast of minors, no sexualized minor, no modern cars, no smartphone, no distorted face or hands.","基于完整 reference-003 OP 的组级视频提示词 / Full-reference unit-aware video prompt
- 视频单位 / Video unit: VU_REF003_011_RUNNING_MONTAGE
- 组级提示词 / Unit prompt: 07_shots/video_prompts_by_unit/VU_REF003_011_RUNNING_MONTAGE.md
- 本关键帧 / This keyframe: 图4 = OP_SHOT_020 (图4 / Marie_run)
- 参考时间 / Reference timing: 00:43.50
- 使用规则 / Use rule: follow the full OP reference-003 unit order; do not use VU_REF002 prompts; replace all source text/logo/subtitle with clean no-text remake imagery.
","REFERENCE003_QA_BATCH04 official keyframe generated from full video reference. Visual QA pass: Marie and King running, child-safe and friendly, no text/logo.",V3 fixes character age/costume and OP structure: Nadia uses selected C-version heroine design; Nadia/Jean are 14; opening is clouds -> white bird -> Jean plane.,OP_SHOT_019,True,generated_reference003_qa_pass,08_generation/jobs/REFERENCE003_OFFICIAL_KEYFRAMES_QA_20260630_BATCH04/outputs/OP_SHOT_020.png,[]
CARD_BW_021,OP_SHOT_021,SCN_REF003_RUNNING,全员奔跑,group run,Core group runs together across a grassy ridge or open bright landscape.,"OP_SHOT_020, OP_SHOT_022","Reference-003 full OP 1:1 remake mapping. Preserve shot timing, composition function, motion role, and unit order from the full video; replace any original readable text/logo/subtitle with clean no-text live-action composition.","21:9 anamorphic live-action keyframe, faithful high-end live-action remake of a 1990 Japanese adventure-anime OP, pure image only, no readable text/logo/subtitle/watermark. Reference source: reference-003-full-op-2160p at 00:45.50. Shot OP_SHOT_021: group run. Frame description: Core group runs together across a grassy ridge or open bright landscape. Unit: VU_REF003_011_RUNNING_MONTAGE (角色奔跑 montage). Character locks when visible: Nadia uses the selected C-version heroine lock: age-appropriate 14-year-old adventure girl, honey-tan complexion, refined commercial live-action face, short glossy navy-black bob hair, large gold hoop earrings, slim gold bangles, modest red-orange and white adventure outfit with covered torso, sapphire Blue Water pendant; Jean is a 14-year-old French boy inventor with round glasses, brown hair, blue cap/beret, blue jacket, white shirt, red bow tie, short trousers, brown boots; Marie is a child in a modest dress; King is a small lion cub with red scarf; Grandis is an adult red-haired woman in red uniform; Sanson and Hanson are adult companions; Nemo is a stern adult submarine captain; Electra is an adult first officer. All minors must be age-appropriate, non-sexualized, adventure-safe. Negative prompt: No readable text, no title letters, no lyrics, no credits, no NHK mark, no subtitles, no watermark, no random symbols, no direct anime screenshot copying, no adult recast of minors, no sexualized minor, no modern cars, no smartphone, no distorted face or hands.","基于完整 reference-003 OP 的组级视频提示词 / Full-reference unit-aware video prompt
- 视频单位 / Video unit: VU_REF003_011_RUNNING_MONTAGE
- 组级提示词 / Unit prompt: 07_shots/video_prompts_by_unit/VU_REF003_011_RUNNING_MONTAGE.md
- 本关键帧 / This keyframe: 图5 = OP_SHOT_021 (图5 / group_run)
- 参考时间 / Reference timing: 00:45.50
- 使用规则 / Use rule: follow the full OP reference-003 unit order; do not use VU_REF002 prompts; replace all source text/logo/subtitle with clean no-text remake imagery.
","REFERENCE003_QA_BATCH04 R2 official keyframe generated from full video reference. Visual QA pass: full group run, minors age-safe, Nadia torso covered, no text/logo; normalized to 1915x821.",V3 fixes character age/costume and OP structure: Nadia uses selected C-version heroine design; Nadia/Jean are 14; opening is clouds -> white bird -> Jean plane.,OP_SHOT_020,True,generated_reference003_qa_pass,08_generation/jobs/REFERENCE003_OFFICIAL_KEYFRAMES_QA_20260630_BATCH04/outputs/OP_SHOT_021_v2.png,[]
CARD_BW_022,OP_SHOT_022,SCN_REF003_RUNNING,Jean 反应近景,Jean reaction close,"Jean close reaction on the running beat, still part of the montage.","OP_SHOT_021, OP_SHOT_023","Reference-003 full OP 1:1 remake mapping. Preserve shot timing, composition function, motion role, and unit order from the full video; replace any original readable text/logo/subtitle with clean no-text live-action composition.","21:9 anamorphic live-action keyframe, faithful high-end live-action remake of a 1990 Japanese adventure-anime OP, pure image only, no readable text/logo/subtitle/watermark. Reference source: reference-003-full-op-2160p at 00:47.50. Shot OP_SHOT_022: Jean reaction close. Frame description: Jean close reaction on the running beat, still part of the montage. Unit: VU_REF003_011_RUNNING_MONTAGE (角色奔跑 montage). Character locks when visible: Nadia uses the selected C-version heroine lock: age-appropriate 14-year-old adventure girl, honey-tan complexion, refined commercial live-action face, short glossy navy-black bob hair, large gold hoop earrings, slim gold bangles, modest red-orange and white adventure outfit with covered torso, sapphire Blue Water pendant; Jean is a 14-year-old French boy inventor with round glasses, brown hair, blue cap/beret, blue jacket, white shirt, red bow tie, short trousers, brown boots; Marie is a child in a modest dress; King is a small lion cub with red scarf; Grandis is an adult red-haired woman in red uniform; Sanson and Hanson are adult companions; Nemo is a stern adult submarine captain; Electra is an adult first officer. All minors must be age-appropriate, non-sexualized, adventure-safe. Negative prompt: No readable text, no title letters, no lyrics, no credits, no NHK mark, no subtitles, no watermark, no random symbols, no direct anime screenshot copying, no adult recast of minors, no sexualized minor, no modern cars, no smartphone, no distorted face or hands.","基于完整 reference-003 OP 的组级视频提示词 / Full-reference unit-aware video prompt
- 视频单位 / Video unit: VU_REF003_011_RUNNING_MONTAGE
- 组级提示词 / Unit prompt: 07_shots/video_prompts_by_unit/VU_REF003_011_RUNNING_MONTAGE.md
- 本关键帧 / This keyframe: 图6 = OP_SHOT_022 (图6 / Jean_reaction_close)
- 参考时间 / Reference timing: 00:47.50
- 使用规则 / Use rule: follow the full OP reference-003 unit order; do not use VU_REF002 prompts; replace all source text/logo/subtitle with clean no-text remake imagery.
","REFERENCE003_QA_BATCH04 official keyframe generated from full video reference. Visual QA pass: Jean thumbs-up close reaction, age-appropriate, no text/logo.",V3 fixes character age/costume and OP structure: Nadia uses selected C-version heroine design; Nadia/Jean are 14; opening is clouds -> white bird -> Jean plane. Heroine design replacement generated with selected C candidate.,OP_SHOT_021,True,generated_reference003_qa_pass,08_generation/jobs/REFERENCE003_OFFICIAL_KEYFRAMES_QA_20260630_BATCH04/outputs/OP_SHOT_022.png,[]
CARD_BW_023,OP_SHOT_023,SCN_REF003_VEHICLE_ACTION,Grandis 动作桥,Grandis action bridge,"Grandis and companions surge into an action beat, lively but live-action grounded.","OP_SHOT_022, OP_SHOT_024","Reference-003 full OP 1:1 remake mapping. Preserve shot timing, composition function, motion role, and unit order from the full video; replace any original readable text/logo/subtitle with clean no-text live-action composition.","21:9 anamorphic live-action keyframe, faithful high-end live-action remake of a 1990 Japanese adventure-anime OP, pure image only, no readable text/logo/subtitle/watermark. Reference source: reference-003-full-op-2160p at 00:48.00. Shot OP_SHOT_023: Grandis action bridge. Frame description: Grandis and companions surge into an action beat, lively but live-action grounded. Unit: VU_REF003_012_GRANDIS_VEHICLE_ACTION (Grandis 车辆动作到群像). Character locks when visible: Nadia uses the selected C-version heroine lock: age-appropriate 14-year-old adventure girl, honey-tan complexion, refined commercial live-action face, short glossy navy-black bob hair, large gold hoop earrings, slim gold bangles, modest red-orange and white adventure outfit with covered torso, sapphire Blue Water pendant; Jean is a 14-year-old French boy inventor with round glasses, brown hair, blue cap/beret, blue jacket, white shirt, red bow tie, short trousers, brown boots; Marie is a child in a modest dress; King is a small lion cub with red scarf; Grandis is an adult red-haired woman in red uniform; Sanson and Hanson are adult companions; Nemo is a stern adult submarine captain; Electra is an adult first officer. All minors must be age-appropriate, non-sexualized, adventure-safe. Negative prompt: No readable text, no title letters, no lyrics, no credits, no NHK mark, no subtitles, no watermark, no random symbols, no direct anime screenshot copying, no adult recast of minors, no sexualized minor, no modern cars, no smartphone, no distorted face or hands.","基于完整 reference-003 OP 的组级视频提示词 / Full-reference unit-aware video prompt
- 视频单位 / Video unit: VU_REF003_012_GRANDIS_VEHICLE_ACTION
- 组级提示词 / Unit prompt: 07_shots/video_prompts_by_unit/VU_REF003_012_GRANDIS_VEHICLE_ACTION.md
- 本关键帧 / This keyframe: 图1 = OP_SHOT_023 (图1 / Grandis_action_close)
- 参考时间 / Reference timing: 00:48.00
- 使用规则 / Use rule: follow the full OP reference-003 unit order; do not use VU_REF002 prompts; replace all source text/logo/subtitle with clean no-text remake imagery.
","REFERENCE003_QA_BATCH04 official keyframe generated from full video reference. Visual QA pass: Grandis trio action beat, adult trio, no text/logo.",V3 fixes character age/costume and OP structure: Nadia uses selected C-version heroine design; Nadia/Jean are 14; opening is clouds -> white bird -> Jean plane.,OP_SHOT_022,True,generated_reference003_qa_pass,08_generation/jobs/REFERENCE003_OFFICIAL_KEYFRAMES_QA_20260630_BATCH04/outputs/OP_SHOT_023.png,[]
CARD_BW_024,OP_SHOT_024,SCN_REF003_VEHICLE_ACTION,车辆/飞行器空中动作,vehicle sky action,"A retro adventure vehicle or craft arcs through blue sky and cloud spray, energetic but readable.","OP_SHOT_023, OP_SHOT_025","Reference-003 full OP 1:1 remake mapping. Preserve shot timing, composition function, motion role, and unit order from the full video; replace any original readable text/logo/subtitle with clean no-text live-action composition.","21:9 anamorphic live-action keyframe, faithful high-end live-action remake of a 1990 Japanese adventure-anime OP, pure image only, no readable text/logo/subtitle/watermark. Reference source: reference-003-full-op-2160p at 00:49.50. Shot OP_SHOT_024: vehicle sky action. Frame description: A retro adventure vehicle or craft arcs through blue sky and cloud spray, energetic but readable. Unit: VU_REF003_012_GRANDIS_VEHICLE_ACTION (Grandis 车辆动作到群像). Character locks when visible: Nadia uses the selected C-version heroine lock: age-appropriate 14-year-old adventure girl, honey-tan complexion, refined commercial live-action face, short glossy navy-black bob hair, large gold hoop earrings, slim gold bangles, modest red-orange and white adventure outfit with covered torso, sapphire Blue Water pendant; Jean is a 14-year-old French boy inventor with round glasses, brown hair, blue cap/beret, blue jacket, white shirt, red bow tie, short trousers, brown boots; Marie is a child in a modest dress; King is a small lion cub with red scarf; Grandis is an adult red-haired woman in red uniform; Sanson and Hanson are adult companions; Nemo is a stern adult submarine captain; Electra is an adult first officer. All minors must be age-appropriate, non-sexualized, adventure-safe. Negative prompt: No readable text, no title letters, no lyrics, no credits, no NHK mark, no subtitles, no watermark, no random symbols, no direct anime screenshot copying, no adult recast of minors, no sexualized minor, no modern cars, no smartphone, no distorted face or hands.","基于完整 reference-003 OP 的组级视频提示词 / Full-reference unit-aware video prompt
- 视频单位 / Video unit: VU_REF003_012_GRANDIS_VEHICLE_ACTION
- 组级提示词 / Unit prompt: 07_shots/video_prompts_by_unit/VU_REF003_012_GRANDIS_VEHICLE_ACTION.md
- 本关键帧 / This keyframe: 图2 = OP_SHOT_024 (图2 / vehicle_sky_action)
- 参考时间 / Reference timing: 00:49.50
- 使用规则 / Use rule: follow the full OP reference-003 unit order; do not use VU_REF002 prompts; replace all source text/logo/subtitle with clean no-text remake imagery.
","REFERENCE003_QA_BATCH04 official keyframe generated from full video reference. Visual QA pass: retro craft in sky/cloud spray, no text/logo.",V3 fixes character age/costume and OP structure: Nadia uses selected C-version heroine design; Nadia/Jean are 14; opening is clouds -> white bird -> Jean plane. Heroine design replacement generated with selected C candidate.,OP_SHOT_023,True,generated_reference003_qa_pass,08_generation/jobs/REFERENCE003_OFFICIAL_KEYFRAMES_QA_20260630_BATCH04/outputs/OP_SHOT_024.png,[]
CARD_BW_025,OP_SHOT_025,SCN_REF003_VEHICLE_ACTION,全员群像,group lineup,"Main group lineup in a bright character tableau, no text overlay.","OP_SHOT_024, OP_SHOT_026","Reference-003 full OP 1:1 remake mapping. Preserve shot timing, composition function, motion role, and unit order from the full video; replace any original readable text/logo/subtitle with clean no-text live-action composition.","21:9 anamorphic live-action keyframe, faithful high-end live-action remake of a 1990 Japanese adventure-anime OP, pure image only, no readable text/logo/subtitle/watermark. Reference source: reference-003-full-op-2160p at 00:51.50. Shot OP_SHOT_025: group lineup. Frame description: Main group lineup in a bright character tableau, no text overlay. Unit: VU_REF003_012_GRANDIS_VEHICLE_ACTION (Grandis 车辆动作到群像). Character locks when visible: Nadia uses the selected C-version heroine lock: age-appropriate 14-year-old adventure girl, honey-tan complexion, refined commercial live-action face, short glossy navy-black bob hair, large gold hoop earrings, slim gold bangles, modest red-orange and white adventure outfit with covered torso, sapphire Blue Water pendant; Jean is a 14-year-old French boy inventor with round glasses, brown hair, blue cap/beret, blue jacket, white shirt, red bow tie, short trousers, brown boots; Marie is a child in a modest dress; King is a small lion cub with red scarf; Grandis is an adult red-haired woman in red uniform; Sanson and Hanson are adult companions; Nemo is a stern adult submarine captain; Electra is an adult first officer. All minors must be age-appropriate, non-sexualized, adventure-safe. Negative prompt: No readable text, no title letters, no lyrics, no credits, no NHK mark, no subtitles, no watermark, no random symbols, no direct anime screenshot copying, no adult recast of minors, no sexualized minor, no modern cars, no smartphone, no distorted face or hands.","基于完整 reference-003 OP 的组级视频提示词 / Full-reference unit-aware video prompt
- 视频单位 / Video unit: VU_REF003_012_GRANDIS_VEHICLE_ACTION
- 组级提示词 / Unit prompt: 07_shots/video_prompts_by_unit/VU_REF003_012_GRANDIS_VEHICLE_ACTION.md
- 本关键帧 / This keyframe: 图3 = OP_SHOT_025 (图3 / group_lineup)
- 参考时间 / Reference timing: 00:51.50
- 使用规则 / Use rule: follow the full OP reference-003 unit order; do not use VU_REF002 prompts; replace all source text/logo/subtitle with clean no-text remake imagery.
",REFERENCE_003_FULL_OP_ACTIVE: officially remapped to full 84.44s OP reference. Existing output_path is historical/style evidence only until regenerated from this prompt.,V3 fixes character age/costume and OP structure: Nadia uses selected C-version heroine design; Nadia/Jean are 14; opening is clouds -> white bird -> Jean plane.,OP_SHOT_024,True,prompt_ready_reference003,08_generation/jobs/OP_KEYFRAMES_20260629_REMAKE_V3/outputs/OP_SHOT_025.png,[]
CARD_BW_026,OP_SHOT_026,SCN_REF003_NAUTILUS_UNDERSEA,Nautilus 水下初现,Nautilus undersea start,"Deep blue underwater light shafts with Nautilus silhouette entering, no credits.","OP_SHOT_025, OP_SHOT_027","Reference-003 full OP 1:1 remake mapping. Preserve shot timing, composition function, motion role, and unit order from the full video; replace any original readable text/logo/subtitle with clean no-text live-action composition.","21:9 anamorphic live-action keyframe, faithful high-end live-action remake of a 1990 Japanese adventure-anime OP, pure image only, no readable text/logo/subtitle/watermark. Reference source: reference-003-full-op-2160p at 00:52.50. Shot OP_SHOT_026: Nautilus undersea start. Frame description: Deep blue underwater light shafts with Nautilus silhouette entering, no credits. Unit: VU_REF003_013_NAUTILUS_UNDERSEA_CREDITS (Nautilus 海底光束段). Character locks when visible: Nadia uses the selected C-version heroine lock: age-appropriate 14-year-old adventure girl, honey-tan complexion, refined commercial live-action face, short glossy navy-black bob hair, large gold hoop earrings, slim gold bangles, modest red-orange and white adventure outfit with covered torso, sapphire Blue Water pendant; Jean is a 14-year-old French boy inventor with round glasses, brown hair, blue cap/beret, blue jacket, white shirt, red bow tie, short trousers, brown boots; Marie is a child in a modest dress; King is a small lion cub with red scarf; Grandis is an adult red-haired woman in red uniform; Sanson and Hanson are adult companions; Nemo is a stern adult submarine captain; Electra is an adult first officer. All minors must be age-appropriate, non-sexualized, adventure-safe. Negative prompt: No readable text, no title letters, no lyrics, no credits, no NHK mark, no subtitles, no watermark, no random symbols, no direct anime screenshot copying, no adult recast of minors, no sexualized minor, no modern cars, no smartphone, no distorted face or hands.","基于完整 reference-003 OP 的组级视频提示词 / Full-reference unit-aware video prompt
- 视频单位 / Video unit: VU_REF003_013_NAUTILUS_UNDERSEA_CREDITS
- 组级提示词 / Unit prompt: 07_shots/video_prompts_by_unit/VU_REF003_013_NAUTILUS_UNDERSEA_CREDITS.md
- 本关键帧 / This keyframe: 图1 = OP_SHOT_026 (图1 / undersea_start)
- 参考时间 / Reference timing: 00:52.50
- 使用规则 / Use rule: follow the full OP reference-003 unit order; do not use VU_REF002 prompts; replace all source text/logo/subtitle with clean no-text remake imagery.
",REFERENCE_003_FULL_OP_ACTIVE: officially remapped to full 84.44s OP reference. Existing output_path is historical/style evidence only until regenerated from this prompt.,V3 fixes character age/costume and OP structure: Nadia uses selected C-version heroine design; Nadia/Jean are 14; opening is clouds -> white bird -> Jean plane.,OP_SHOT_025,True,prompt_ready_reference003,08_generation/jobs/OP_KEYFRAMES_20260629_REMAKE_V3/outputs/OP_SHOT_026.png,[]
CARD_BW_027,OP_SHOT_027,SCN_REF003_NAUTILUS_UNDERSEA,Nautilus 水下通过,Nautilus pass,"Nautilus passes under shimmering surface light, large but graceful.","OP_SHOT_026, OP_SHOT_028","Reference-003 full OP 1:1 remake mapping. Preserve shot timing, composition function, motion role, and unit order from the full video; replace any original readable text/logo/subtitle with clean no-text live-action composition.","21:9 anamorphic live-action keyframe, faithful high-end live-action remake of a 1990 Japanese adventure-anime OP, pure image only, no readable text/logo/subtitle/watermark. Reference source: reference-003-full-op-2160p at 00:55.00. Shot OP_SHOT_027: Nautilus pass. Frame description: Nautilus passes under shimmering surface light, large but graceful. Unit: VU_REF003_013_NAUTILUS_UNDERSEA_CREDITS (Nautilus 海底光束段). Character locks when visible: Nadia uses the selected C-version heroine lock: age-appropriate 14-year-old adventure girl, honey-tan complexion, refined commercial live-action face, short glossy navy-black bob hair, large gold hoop earrings, slim gold bangles, modest red-orange and white adventure outfit with covered torso, sapphire Blue Water pendant; Jean is a 14-year-old French boy inventor with round glasses, brown hair, blue cap/beret, blue jacket, white shirt, red bow tie, short trousers, brown boots; Marie is a child in a modest dress; King is a small lion cub with red scarf; Grandis is an adult red-haired woman in red uniform; Sanson and Hanson are adult companions; Nemo is a stern adult submarine captain; Electra is an adult first officer. All minors must be age-appropriate, non-sexualized, adventure-safe. Negative prompt: No readable text, no title letters, no lyrics, no credits, no NHK mark, no subtitles, no watermark, no random symbols, no direct anime screenshot copying, no adult recast of minors, no sexualized minor, no modern cars, no smartphone, no distorted face or hands.","基于完整 reference-003 OP 的组级视频提示词 / Full-reference unit-aware video prompt
- 视频单位 / Video unit: VU_REF003_013_NAUTILUS_UNDERSEA_CREDITS
- 组级提示词 / Unit prompt: 07_shots/video_prompts_by_unit/VU_REF003_013_NAUTILUS_UNDERSEA_CREDITS.md
- 本关键帧 / This keyframe: 图2 = OP_SHOT_027 (图2 / undersea_pass)
- 参考时间 / Reference timing: 00:55.00
- 使用规则 / Use rule: follow the full OP reference-003 unit order; do not use VU_REF002 prompts; replace all source text/logo/subtitle with clean no-text remake imagery.
",REFERENCE_003_FULL_OP_ACTIVE: officially remapped to full 84.44s OP reference. Existing output_path is historical/style evidence only until regenerated from this prompt.,V3 fixes character age/costume and OP structure: Nadia uses selected C-version heroine design; Nadia/Jean are 14; opening is clouds -> white bird -> Jean plane.,OP_SHOT_026,True,prompt_ready_reference003,08_generation/jobs/OP_KEYFRAMES_20260629_REMAKE_V3/outputs/OP_SHOT_027.png,[]
CARD_BW_028,OP_SHOT_028,SCN_REF003_NAUTILUS_UNDERSEA,Nautilus 深蓝剪影,Nautilus shadow,"Submarine silhouette deepens in blue water with moving light bands, no text.","OP_SHOT_027, OP_SHOT_029","Reference-003 full OP 1:1 remake mapping. Preserve shot timing, composition function, motion role, and unit order from the full video; replace any original readable text/logo/subtitle with clean no-text live-action composition.","21:9 anamorphic live-action keyframe, faithful high-end live-action remake of a 1990 Japanese adventure-anime OP, pure image only, no readable text/logo/subtitle/watermark. Reference source: reference-003-full-op-2160p at 00:58.50. Shot OP_SHOT_028: Nautilus shadow. Frame description: Submarine silhouette deepens in blue water with moving light bands, no text. Unit: VU_REF003_013_NAUTILUS_UNDERSEA_CREDITS (Nautilus 海底光束段). Character locks when visible: Nadia uses the selected C-version heroine lock: age-appropriate 14-year-old adventure girl, honey-tan complexion, refined commercial live-action face, short glossy navy-black bob hair, large gold hoop earrings, slim gold bangles, modest red-orange and white adventure outfit with covered torso, sapphire Blue Water pendant; Jean is a 14-year-old French boy inventor with round glasses, brown hair, blue cap/beret, blue jacket, white shirt, red bow tie, short trousers, brown boots; Marie is a child in a modest dress; King is a small lion cub with red scarf; Grandis is an adult red-haired woman in red uniform; Sanson and Hanson are adult companions; Nemo is a stern adult submarine captain; Electra is an adult first officer. All minors must be age-appropriate, non-sexualized, adventure-safe. Negative prompt: No readable text, no title letters, no lyrics, no credits, no NHK mark, no subtitles, no watermark, no random symbols, no direct anime screenshot copying, no adult recast of minors, no sexualized minor, no modern cars, no smartphone, no distorted face or hands.","基于完整 reference-003 OP 的组级视频提示词 / Full-reference unit-aware video prompt
- 视频单位 / Video unit: VU_REF003_013_NAUTILUS_UNDERSEA_CREDITS
- 组级提示词 / Unit prompt: 07_shots/video_prompts_by_unit/VU_REF003_013_NAUTILUS_UNDERSEA_CREDITS.md
- 本关键帧 / This keyframe: 图3 = OP_SHOT_028 (图3 / undersea_shadow)
- 参考时间 / Reference timing: 00:58.50
- 使用规则 / Use rule: follow the full OP reference-003 unit order; do not use VU_REF002 prompts; replace all source text/logo/subtitle with clean no-text remake imagery.
",REFERENCE_003_FULL_OP_ACTIVE: officially remapped to full 84.44s OP reference. Existing output_path is historical/style evidence only until regenerated from this prompt.,V3 fixes character age/costume and OP structure: Nadia uses selected C-version heroine design; Nadia/Jean are 14; opening is clouds -> white bird -> Jean plane.,OP_SHOT_027,True,prompt_ready_reference003,08_generation/jobs/OP_KEYFRAMES_20260629_REMAKE_V3/outputs/OP_SHOT_028.png,[]
CARD_BW_029,OP_SHOT_029,SCN_REF003_NIGHT_GRID,夜城初现,night city reveal,"Dark night city under hovering craft lights, blue tones and mysterious scale.","OP_SHOT_028, OP_SHOT_030","Reference-003 full OP 1:1 remake mapping. Preserve shot timing, composition function, motion role, and unit order from the full video; replace any original readable text/logo/subtitle with clean no-text live-action composition.","21:9 anamorphic live-action keyframe, faithful high-end live-action remake of a 1990 Japanese adventure-anime OP, pure image only, no readable text/logo/subtitle/watermark. Reference source: reference-003-full-op-2160p at 01:01.50. Shot OP_SHOT_029: night city reveal. Frame description: Dark night city under hovering craft lights, blue tones and mysterious scale. Unit: VU_REF003_014_NIGHT_CITY_BLUE_GRID (夜城与蓝色地面图案). Character locks when visible: Nadia uses the selected C-version heroine lock: age-appropriate 14-year-old adventure girl, honey-tan complexion, refined commercial live-action face, short glossy navy-black bob hair, large gold hoop earrings, slim gold bangles, modest red-orange and white adventure outfit with covered torso, sapphire Blue Water pendant; Jean is a 14-year-old French boy inventor with round glasses, brown hair, blue cap/beret, blue jacket, white shirt, red bow tie, short trousers, brown boots; Marie is a child in a modest dress; King is a small lion cub with red scarf; Grandis is an adult red-haired woman in red uniform; Sanson and Hanson are adult companions; Nemo is a stern adult submarine captain; Electra is an adult first officer. All minors must be age-appropriate, non-sexualized, adventure-safe. Negative prompt: No readable text, no title letters, no lyrics, no credits, no NHK mark, no subtitles, no watermark, no random symbols, no direct anime screenshot copying, no adult recast of minors, no sexualized minor, no modern cars, no smartphone, no distorted face or hands.","基于完整 reference-003 OP 的组级视频提示词 / Full-reference unit-aware video prompt
- 视频单位 / Video unit: VU_REF003_014_NIGHT_CITY_BLUE_GRID
- 组级提示词 / Unit prompt: 07_shots/video_prompts_by_unit/VU_REF003_014_NIGHT_CITY_BLUE_GRID.md
- 本关键帧 / This keyframe: 图1 = OP_SHOT_029 (图1 / night_city_reveal)
- 参考时间 / Reference timing: 01:01.50
- 使用规则 / Use rule: follow the full OP reference-003 unit order; do not use VU_REF002 prompts; replace all source text/logo/subtitle with clean no-text remake imagery.
",REFERENCE_003_FULL_OP_ACTIVE: officially remapped to full 84.44s OP reference. Existing output_path is historical/style evidence only until regenerated from this prompt.,V3 fixes character age/costume and OP structure: Nadia uses selected C-version heroine design; Nadia/Jean are 14; opening is clouds -> white bird -> Jean plane.,OP_SHOT_028,True,prompt_ready_reference003,08_generation/jobs/OP_KEYFRAMES_20260629_REMAKE_V3/outputs/OP_SHOT_029.png,[]
CARD_BW_030,OP_SHOT_030,SCN_REF003_NIGHT_GRID,蓝色地面图案,glowing blue grid,"Glowing blue geometric grid or diagram across the ground with city lights beyond, no readable symbols.","OP_SHOT_029, OP_SHOT_031","Reference-003 full OP 1:1 remake mapping. Preserve shot timing, composition function, motion role, and unit order from the full video; replace any original readable text/logo/subtitle with clean no-text live-action composition.","21:9 anamorphic live-action keyframe, faithful high-end live-action remake of a 1990 Japanese adventure-anime OP, pure image only, no readable text/logo/subtitle/watermark. Reference source: reference-003-full-op-2160p at 01:03.50. Shot OP_SHOT_030: glowing blue grid. Frame description: Glowing blue geometric grid or diagram across the ground with city lights beyond, no readable symbols. Unit: VU_REF003_014_NIGHT_CITY_BLUE_GRID (夜城与蓝色地面图案). Character locks when visible: Nadia uses the selected C-version heroine lock: age-appropriate 14-year-old adventure girl, honey-tan complexion, refined commercial live-action face, short glossy navy-black bob hair, large gold hoop earrings, slim gold bangles, modest red-orange and white adventure outfit with covered torso, sapphire Blue Water pendant; Jean is a 14-year-old French boy inventor with round glasses, brown hair, blue cap/beret, blue jacket, white shirt, red bow tie, short trousers, brown boots; Marie is a child in a modest dress; King is a small lion cub with red scarf; Grandis is an adult red-haired woman in red uniform; Sanson and Hanson are adult companions; Nemo is a stern adult submarine captain; Electra is an adult first officer. All minors must be age-appropriate, non-sexualized, adventure-safe. Negative prompt: No readable text, no title letters, no lyrics, no credits, no NHK mark, no subtitles, no watermark, no random symbols, no direct anime screenshot copying, no adult recast of minors, no sexualized minor, no modern cars, no smartphone, no distorted face or hands.","基于完整 reference-003 OP 的组级视频提示词 / Full-reference unit-aware video prompt
- 视频单位 / Video unit: VU_REF003_014_NIGHT_CITY_BLUE_GRID
- 组级提示词 / Unit prompt: 07_shots/video_prompts_by_unit/VU_REF003_014_NIGHT_CITY_BLUE_GRID.md
- 本关键帧 / This keyframe: 图2 = OP_SHOT_030 (图2 / glowing_blue_grid)
- 参考时间 / Reference timing: 01:03.50
- 使用规则 / Use rule: follow the full OP reference-003 unit order; do not use VU_REF002 prompts; replace all source text/logo/subtitle with clean no-text remake imagery.
",REFERENCE_003_FULL_OP_ACTIVE: officially remapped to full 84.44s OP reference. Existing output_path is historical/style evidence only until regenerated from this prompt.,V3 fixes character age/costume and OP structure: Nadia uses selected C-version heroine design; Nadia/Jean are 14; opening is clouds -> white bird -> Jean plane.,OP_SHOT_029,True,prompt_ready_reference003,08_generation/jobs/OP_KEYFRAMES_20260629_REMAKE_V3/outputs/OP_SHOT_030.png,[]
CARD_BW_031,OP_SHOT_031,SCN_REF003_NIGHT_AIRCRAFT,夜航飞行器,night aircraft pass,"Dark retro aircraft passes at night with small colored lights, no text.","OP_SHOT_030, OP_SHOT_032","Reference-003 full OP 1:1 remake mapping. Preserve shot timing, composition function, motion role, and unit order from the full video; replace any original readable text/logo/subtitle with clean no-text live-action composition.","21:9 anamorphic live-action keyframe, faithful high-end live-action remake of a 1990 Japanese adventure-anime OP, pure image only, no readable text/logo/subtitle/watermark. Reference source: reference-003-full-op-2160p at 01:05.50. Shot OP_SHOT_031: night aircraft pass. Frame description: Dark retro aircraft passes at night with small colored lights, no text. Unit: VU_REF003_015_NIGHT_AIRCRAFT_PASS (夜航飞行器短切). Character locks when visible: Nadia uses the selected C-version heroine lock: age-appropriate 14-year-old adventure girl, honey-tan complexion, refined commercial live-action face, short glossy navy-black bob hair, large gold hoop earrings, slim gold bangles, modest red-orange and white adventure outfit with covered torso, sapphire Blue Water pendant; Jean is a 14-year-old French boy inventor with round glasses, brown hair, blue cap/beret, blue jacket, white shirt, red bow tie, short trousers, brown boots; Marie is a child in a modest dress; King is a small lion cub with red scarf; Grandis is an adult red-haired woman in red uniform; Sanson and Hanson are adult companions; Nemo is a stern adult submarine captain; Electra is an adult first officer. All minors must be age-appropriate, non-sexualized, adventure-safe. Negative prompt: No readable text, no title letters, no lyrics, no credits, no NHK mark, no subtitles, no watermark, no random symbols, no direct anime screenshot copying, no adult recast of minors, no sexualized minor, no modern cars, no smartphone, no distorted face or hands.","基于完整 reference-003 OP 的组级视频提示词 / Full-reference unit-aware video prompt
- 视频单位 / Video unit: VU_REF003_015_NIGHT_AIRCRAFT_PASS
- 组级提示词 / Unit prompt: 07_shots/video_prompts_by_unit/VU_REF003_015_NIGHT_AIRCRAFT_PASS.md
- 本关键帧 / This keyframe: 图1 = OP_SHOT_031 (图1 / night_aircraft_pass)
- 参考时间 / Reference timing: 01:05.50
- 使用规则 / Use rule: follow the full OP reference-003 unit order; do not use VU_REF002 prompts; replace all source text/logo/subtitle with clean no-text remake imagery.
",REFERENCE_003_FULL_OP_ACTIVE: officially remapped to full 84.44s OP reference. Existing output_path is historical/style evidence only until regenerated from this prompt.,V3 fixes character age/costume and OP structure: Nadia uses selected C-version heroine design; Nadia/Jean are 14; opening is clouds -> white bird -> Jean plane.,OP_SHOT_030,True,prompt_ready_reference003,08_generation/jobs/OP_KEYFRAMES_20260629_REMAKE_V3/outputs/OP_SHOT_031.png,[]
CARD_BW_032,OP_SHOT_032,SCN_REF003_NEMO,Nemo 夕景初入,Nemo profile start,"Stern adult submarine captain in dark uniform and white cap against sunset sky, no text.","OP_SHOT_031, OP_SHOT_033","Reference-003 full OP 1:1 remake mapping. Preserve shot timing, composition function, motion role, and unit order from the full video; replace any original readable text/logo/subtitle with clean no-text live-action composition.","21:9 anamorphic live-action keyframe, faithful high-end live-action remake of a 1990 Japanese adventure-anime OP, pure image only, no readable text/logo/subtitle/watermark. Reference source: reference-003-full-op-2160p at 01:06.50. Shot OP_SHOT_032: Nemo profile start. Frame description: Stern adult submarine captain in dark uniform and white cap against sunset sky, no text. Unit: VU_REF003_016_NEMO_SUNSET_PROFILE (Nemo 夕景船长肖像). Character locks when visible: Nadia uses the selected C-version heroine lock: age-appropriate 14-year-old adventure girl, honey-tan complexion, refined commercial live-action face, short glossy navy-black bob hair, large gold hoop earrings, slim gold bangles, modest red-orange and white adventure outfit with covered torso, sapphire Blue Water pendant; Jean is a 14-year-old French boy inventor with round glasses, brown hair, blue cap/beret, blue jacket, white shirt, red bow tie, short trousers, brown boots; Marie is a child in a modest dress; King is a small lion cub with red scarf; Grandis is an adult red-haired woman in red uniform; Sanson and Hanson are adult companions; Nemo is a stern adult submarine captain; Electra is an adult first officer. All minors must be age-appropriate, non-sexualized, adventure-safe. Negative prompt: No readable text, no title letters, no lyrics, no credits, no NHK mark, no subtitles, no watermark, no random symbols, no direct anime screenshot copying, no adult recast of minors, no sexualized minor, no modern cars, no smartphone, no distorted face or hands.","基于完整 reference-003 OP 的组级视频提示词 / Full-reference unit-aware video prompt
- 视频单位 / Video unit: VU_REF003_016_NEMO_SUNSET_PROFILE
- 组级提示词 / Unit prompt: 07_shots/video_prompts_by_unit/VU_REF003_016_NEMO_SUNSET_PROFILE.md
- 本关键帧 / This keyframe: 图1 = OP_SHOT_032 (图1 / Nemo_profile_start)
- 参考时间 / Reference timing: 01:06.50
- 使用规则 / Use rule: follow the full OP reference-003 unit order; do not use VU_REF002 prompts; replace all source text/logo/subtitle with clean no-text remake imagery.
",REFERENCE_003_FULL_OP_ACTIVE: officially remapped to full 84.44s OP reference. Existing output_path is historical/style evidence only until regenerated from this prompt.,V3 fixes character age/costume and OP structure: Nadia uses selected C-version heroine design; Nadia/Jean are 14; opening is clouds -> white bird -> Jean plane.,OP_SHOT_031,True,prompt_ready_reference003,08_generation/jobs/OP_KEYFRAMES_20260629_REMAKE_V3/outputs/OP_SHOT_032.png,[]
CARD_BW_033,OP_SHOT_033,SCN_REF003_NEMO,Nemo 夕景 hold,Nemo profile hold,"Nemo holds a dignified profile at sunset, wind and coat shape clear.","OP_SHOT_032, OP_SHOT_034","Reference-003 full OP 1:1 remake mapping. Preserve shot timing, composition function, motion role, and unit order from the full video; replace any original readable text/logo/subtitle with clean no-text live-action composition.","21:9 anamorphic live-action keyframe, faithful high-end live-action remake of a 1990 Japanese adventure-anime OP, pure image only, no readable text/logo/subtitle/watermark. Reference source: reference-003-full-op-2160p at 01:09.50. Shot OP_SHOT_033: Nemo profile hold. Frame description: Nemo holds a dignified profile at sunset, wind and coat shape clear. Unit: VU_REF003_016_NEMO_SUNSET_PROFILE (Nemo 夕景船长肖像). Character locks when visible: Nadia uses the selected C-version heroine lock: age-appropriate 14-year-old adventure girl, honey-tan complexion, refined commercial live-action face, short glossy navy-black bob hair, large gold hoop earrings, slim gold bangles, modest red-orange and white adventure outfit with covered torso, sapphire Blue Water pendant; Jean is a 14-year-old French boy inventor with round glasses, brown hair, blue cap/beret, blue jacket, white shirt, red bow tie, short trousers, brown boots; Marie is a child in a modest dress; King is a small lion cub with red scarf; Grandis is an adult red-haired woman in red uniform; Sanson and Hanson are adult companions; Nemo is a stern adult submarine captain; Electra is an adult first officer. All minors must be age-appropriate, non-sexualized, adventure-safe. Negative prompt: No readable text, no title letters, no lyrics, no credits, no NHK mark, no subtitles, no watermark, no random symbols, no direct anime screenshot copying, no adult recast of minors, no sexualized minor, no modern cars, no smartphone, no distorted face or hands.","基于完整 reference-003 OP 的组级视频提示词 / Full-reference unit-aware video prompt
- 视频单位 / Video unit: VU_REF003_016_NEMO_SUNSET_PROFILE
- 组级提示词 / Unit prompt: 07_shots/video_prompts_by_unit/VU_REF003_016_NEMO_SUNSET_PROFILE.md
- 本关键帧 / This keyframe: 图2 = OP_SHOT_033 (图2 / Nemo_profile_hold)
- 参考时间 / Reference timing: 01:09.50
- 使用规则 / Use rule: follow the full OP reference-003 unit order; do not use VU_REF002 prompts; replace all source text/logo/subtitle with clean no-text remake imagery.
",REFERENCE_003_FULL_OP_ACTIVE: officially remapped to full 84.44s OP reference. Existing output_path is historical/style evidence only until regenerated from this prompt.,V3 fixes character age/costume and OP structure: Nadia uses selected C-version heroine design; Nadia/Jean are 14; opening is clouds -> white bird -> Jean plane. Heroine design replacement generated with selected C candidate.,OP_SHOT_032,True,prompt_ready_reference003,08_generation/jobs/OP_KEYFRAMES_20260629_HEROINE_C_REPLACE/outputs/OP_SHOT_033.png,[]
CARD_BW_034,OP_SHOT_034,SCN_REF003_NADIA_SOLEMN,Nadia 庄重正面,Nadia solemn front,"Nadia C-version front close-up in cool symbolic light, serious and age-safe.","OP_SHOT_033, OP_SHOT_035","Reference-003 full OP 1:1 remake mapping. Preserve shot timing, composition function, motion role, and unit order from the full video; replace any original readable text/logo/subtitle with clean no-text live-action composition.","21:9 anamorphic live-action keyframe, faithful high-end live-action remake of a 1990 Japanese adventure-anime OP, pure image only, no readable text/logo/subtitle/watermark. Reference source: reference-003-full-op-2160p at 01:12.00. Shot OP_SHOT_034: Nadia solemn front. Frame description: Nadia C-version front close-up in cool symbolic light, serious and age-safe. Unit: VU_REF003_017_NADIA_SOLEMN_CLOSE (Nadia 庄重正面近景). Character locks when visible: Nadia uses the selected C-version heroine lock: age-appropriate 14-year-old adventure girl, honey-tan complexion, refined commercial live-action face, short glossy navy-black bob hair, large gold hoop earrings, slim gold bangles, modest red-orange and white adventure outfit with covered torso, sapphire Blue Water pendant; Jean is a 14-year-old French boy inventor with round glasses, brown hair, blue cap/beret, blue jacket, white shirt, red bow tie, short trousers, brown boots; Marie is a child in a modest dress; King is a small lion cub with red scarf; Grandis is an adult red-haired woman in red uniform; Sanson and Hanson are adult companions; Nemo is a stern adult submarine captain; Electra is an adult first officer. All minors must be age-appropriate, non-sexualized, adventure-safe. Negative prompt: No readable text, no title letters, no lyrics, no credits, no NHK mark, no subtitles, no watermark, no random symbols, no direct anime screenshot copying, no adult recast of minors, no sexualized minor, no modern cars, no smartphone, no distorted face or hands.","基于完整 reference-003 OP 的组级视频提示词 / Full-reference unit-aware video prompt
- 视频单位 / Video unit: VU_REF003_017_NADIA_SOLEMN_CLOSE
- 组级提示词 / Unit prompt: 07_shots/video_prompts_by_unit/VU_REF003_017_NADIA_SOLEMN_CLOSE.md
- 本关键帧 / This keyframe: 图1 = OP_SHOT_034 (图1 / Nadia_solemn_front)
- 参考时间 / Reference timing: 01:12.00
- 使用规则 / Use rule: follow the full OP reference-003 unit order; do not use VU_REF002 prompts; replace all source text/logo/subtitle with clean no-text remake imagery.
",REFERENCE_003_FULL_OP_ACTIVE: officially remapped to full 84.44s OP reference. Existing output_path is historical/style evidence only until regenerated from this prompt.,V3 fixes character age/costume and OP structure: Nadia uses selected C-version heroine design; Nadia/Jean are 14; opening is clouds -> white bird -> Jean plane. Heroine design replacement generated with selected C candidate.,OP_SHOT_033,True,prompt_ready_reference003,08_generation/jobs/OP_KEYFRAMES_20260629_HEROINE_C_REPLACE/outputs/OP_SHOT_034.png,[]
CARD_BW_035,OP_SHOT_035,SCN_REF003_BLUE_WATER,Blue Water 宝石象征,Blue Water symbol,"Blue Water jewel/sapphire symbol over clean blue field, no text or marks.","OP_SHOT_034, OP_SHOT_036","Reference-003 full OP 1:1 remake mapping. Preserve shot timing, composition function, motion role, and unit order from the full video; replace any original readable text/logo/subtitle with clean no-text live-action composition.","21:9 anamorphic live-action keyframe, faithful high-end live-action remake of a 1990 Japanese adventure-anime OP, pure image only, no readable text/logo/subtitle/watermark. Reference source: reference-003-full-op-2160p at 01:13.50. Shot OP_SHOT_035: Blue Water symbol. Frame description: Blue Water jewel/sapphire symbol over clean blue field, no text or marks. Unit: VU_REF003_018_BLUE_WATER_SYMBOL (Blue Water 象征与水下纹理). Character locks when visible: Nadia uses the selected C-version heroine lock: age-appropriate 14-year-old adventure girl, honey-tan complexion, refined commercial live-action face, short glossy navy-black bob hair, large gold hoop earrings, slim gold bangles, modest red-orange and white adventure outfit with covered torso, sapphire Blue Water pendant; Jean is a 14-year-old French boy inventor with round glasses, brown hair, blue cap/beret, blue jacket, white shirt, red bow tie, short trousers, brown boots; Marie is a child in a modest dress; King is a small lion cub with red scarf; Grandis is an adult red-haired woman in red uniform; Sanson and Hanson are adult companions; Nemo is a stern adult submarine captain; Electra is an adult first officer. All minors must be age-appropriate, non-sexualized, adventure-safe. Negative prompt: No readable text, no title letters, no lyrics, no credits, no NHK mark, no subtitles, no watermark, no random symbols, no direct anime screenshot copying, no adult recast of minors, no sexualized minor, no modern cars, no smartphone, no distorted face or hands.","基于完整 reference-003 OP 的组级视频提示词 / Full-reference unit-aware video prompt
- 视频单位 / Video unit: VU_REF003_018_BLUE_WATER_SYMBOL
- 组级提示词 / Unit prompt: 07_shots/video_prompts_by_unit/VU_REF003_018_BLUE_WATER_SYMBOL.md
- 本关键帧 / This keyframe: 图1 = OP_SHOT_035 (图1 / Blue_Water_jewel_symbol)
- 参考时间 / Reference timing: 01:13.50
- 使用规则 / Use rule: follow the full OP reference-003 unit order; do not use VU_REF002 prompts; replace all source text/logo/subtitle with clean no-text remake imagery.
",REFERENCE_003_FULL_OP_ACTIVE: officially remapped to full 84.44s OP reference. Existing output_path is historical/style evidence only until regenerated from this prompt.,V3 fixes character age/costume and OP structure: Nadia uses selected C-version heroine design; Nadia/Jean are 14; opening is clouds -> white bird -> Jean plane.,OP_SHOT_034,True,prompt_ready_reference003,08_generation/jobs/OP_KEYFRAMES_20260629_REMAKE_V3/outputs/OP_SHOT_035.png,[]
CARD_BW_036,OP_SHOT_036,SCN_REF003_BLUE_WATER,蓝色符号光,blue symbol bloom,"Cyan-blue bloom or energy texture replaces original text overlay, jewel feeling preserved.","OP_SHOT_035, OP_SHOT_037","Reference-003 full OP 1:1 remake mapping. Preserve shot timing, composition function, motion role, and unit order from the full video; replace any original readable text/logo/subtitle with clean no-text live-action composition.","21:9 anamorphic live-action keyframe, faithful high-end live-action remake of a 1990 Japanese adventure-anime OP, pure image only, no readable text/logo/subtitle/watermark. Reference source: reference-003-full-op-2160p at 01:15.00. Shot OP_SHOT_036: blue symbol bloom. Frame description: Cyan-blue bloom or energy texture replaces original text overlay, jewel feeling preserved. Unit: VU_REF003_018_BLUE_WATER_SYMBOL (Blue Water 象征与水下纹理). Character locks when visible: Nadia uses the selected C-version heroine lock: age-appropriate 14-year-old adventure girl, honey-tan complexion, refined commercial live-action face, short glossy navy-black bob hair, large gold hoop earrings, slim gold bangles, modest red-orange and white adventure outfit with covered torso, sapphire Blue Water pendant; Jean is a 14-year-old French boy inventor with round glasses, brown hair, blue cap/beret, blue jacket, white shirt, red bow tie, short trousers, brown boots; Marie is a child in a modest dress; King is a small lion cub with red scarf; Grandis is an adult red-haired woman in red uniform; Sanson and Hanson are adult companions; Nemo is a stern adult submarine captain; Electra is an adult first officer. All minors must be age-appropriate, non-sexualized, adventure-safe. Negative prompt: No readable text, no title letters, no lyrics, no credits, no NHK mark, no subtitles, no watermark, no random symbols, no direct anime screenshot copying, no adult recast of minors, no sexualized minor, no modern cars, no smartphone, no distorted face or hands.","基于完整 reference-003 OP 的组级视频提示词 / Full-reference unit-aware video prompt
- 视频单位 / Video unit: VU_REF003_018_BLUE_WATER_SYMBOL
- 组级提示词 / Unit prompt: 07_shots/video_prompts_by_unit/VU_REF003_018_BLUE_WATER_SYMBOL.md
- 本关键帧 / This keyframe: 图2 = OP_SHOT_036 (图2 / blue_symbol_bloom)
- 参考时间 / Reference timing: 01:15.00
- 使用规则 / Use rule: follow the full OP reference-003 unit order; do not use VU_REF002 prompts; replace all source text/logo/subtitle with clean no-text remake imagery.
",REFERENCE_003_FULL_OP_ACTIVE: officially remapped to full 84.44s OP reference. Existing output_path is historical/style evidence only until regenerated from this prompt.,V3 fixes character age/costume and OP structure: Nadia uses selected C-version heroine design; Nadia/Jean are 14; opening is clouds -> white bird -> Jean plane.,OP_SHOT_035,True,prompt_ready_reference003,08_generation/jobs/OP_KEYFRAMES_20260629_REMAKE_V3/outputs/OP_SHOT_036.png,[]
CARD_BW_037,OP_SHOT_037,SCN_REF003_BLUE_WATER,水下蓝色纹理,underwater blue texture,"Underwater blue texture and light pattern, clean and text-free.","OP_SHOT_036, OP_SHOT_038","Reference-003 full OP 1:1 remake mapping. Preserve shot timing, composition function, motion role, and unit order from the full video; replace any original readable text/logo/subtitle with clean no-text live-action composition.","21:9 anamorphic live-action keyframe, faithful high-end live-action remake of a 1990 Japanese adventure-anime OP, pure image only, no readable text/logo/subtitle/watermark. Reference source: reference-003-full-op-2160p at 01:16.50. Shot OP_SHOT_037: underwater blue texture. Frame description: Underwater blue texture and light pattern, clean and text-free. Unit: VU_REF003_018_BLUE_WATER_SYMBOL (Blue Water 象征与水下纹理). Character locks when visible: Nadia uses the selected C-version heroine lock: age-appropriate 14-year-old adventure girl, honey-tan complexion, refined commercial live-action face, short glossy navy-black bob hair, large gold hoop earrings, slim gold bangles, modest red-orange and white adventure outfit with covered torso, sapphire Blue Water pendant; Jean is a 14-year-old French boy inventor with round glasses, brown hair, blue cap/beret, blue jacket, white shirt, red bow tie, short trousers, brown boots; Marie is a child in a modest dress; King is a small lion cub with red scarf; Grandis is an adult red-haired woman in red uniform; Sanson and Hanson are adult companions; Nemo is a stern adult submarine captain; Electra is an adult first officer. All minors must be age-appropriate, non-sexualized, adventure-safe. Negative prompt: No readable text, no title letters, no lyrics, no credits, no NHK mark, no subtitles, no watermark, no random symbols, no direct anime screenshot copying, no adult recast of minors, no sexualized minor, no modern cars, no smartphone, no distorted face or hands.","基于完整 reference-003 OP 的组级视频提示词 / Full-reference unit-aware video prompt
- 视频单位 / Video unit: VU_REF003_018_BLUE_WATER_SYMBOL
- 组级提示词 / Unit prompt: 07_shots/video_prompts_by_unit/VU_REF003_018_BLUE_WATER_SYMBOL.md
- 本关键帧 / This keyframe: 图3 = OP_SHOT_037 (图3 / underwater_texture)
- 参考时间 / Reference timing: 01:16.50
- 使用规则 / Use rule: follow the full OP reference-003 unit order; do not use VU_REF002 prompts; replace all source text/logo/subtitle with clean no-text remake imagery.
",REFERENCE_003_FULL_OP_ACTIVE: officially remapped to full 84.44s OP reference. Existing output_path is historical/style evidence only until regenerated from this prompt.,V3 fixes character age/costume and OP structure: Nadia uses selected C-version heroine design; Nadia/Jean are 14; opening is clouds -> white bird -> Jean plane.,OP_SHOT_036,True,prompt_ready_reference003,08_generation/jobs/OP_KEYFRAMES_20260629_REMAKE_V3/outputs/OP_SHOT_037.png,[]
CARD_BW_038,OP_SHOT_038,SCN_REF003_WATER_SPLASH,水花爆发,water burst,"Bright water/ice-like burst fills frame with blue-white motion, no text.","OP_SHOT_037, OP_SHOT_039","Reference-003 full OP 1:1 remake mapping. Preserve shot timing, composition function, motion role, and unit order from the full video; replace any original readable text/logo/subtitle with clean no-text live-action composition.","21:9 anamorphic live-action keyframe, faithful high-end live-action remake of a 1990 Japanese adventure-anime OP, pure image only, no readable text/logo/subtitle/watermark. Reference source: reference-003-full-op-2160p at 01:18.00. Shot OP_SHOT_038: water burst. Frame description: Bright water/ice-like burst fills frame with blue-white motion, no text. Unit: VU_REF003_019_WATER_SPLASH_TRANSITION (水花爆发转天空). Character locks when visible: Nadia uses the selected C-version heroine lock: age-appropriate 14-year-old adventure girl, honey-tan complexion, refined commercial live-action face, short glossy navy-black bob hair, large gold hoop earrings, slim gold bangles, modest red-orange and white adventure outfit with covered torso, sapphire Blue Water pendant; Jean is a 14-year-old French boy inventor with round glasses, brown hair, blue cap/beret, blue jacket, white shirt, red bow tie, short trousers, brown boots; Marie is a child in a modest dress; King is a small lion cub with red scarf; Grandis is an adult red-haired woman in red uniform; Sanson and Hanson are adult companions; Nemo is a stern adult submarine captain; Electra is an adult first officer. All minors must be age-appropriate, non-sexualized, adventure-safe. Negative prompt: No readable text, no title letters, no lyrics, no credits, no NHK mark, no subtitles, no watermark, no random symbols, no direct anime screenshot copying, no adult recast of minors, no sexualized minor, no modern cars, no smartphone, no distorted face or hands.","基于完整 reference-003 OP 的组级视频提示词 / Full-reference unit-aware video prompt
- 视频单位 / Video unit: VU_REF003_019_WATER_SPLASH_TRANSITION
- 组级提示词 / Unit prompt: 07_shots/video_prompts_by_unit/VU_REF003_019_WATER_SPLASH_TRANSITION.md
- 本关键帧 / This keyframe: 图1 = OP_SHOT_038 (图1 / water_burst)
- 参考时间 / Reference timing: 01:18.00
- 使用规则 / Use rule: follow the full OP reference-003 unit order; do not use VU_REF002 prompts; replace all source text/logo/subtitle with clean no-text remake imagery.
",REFERENCE_003_FULL_OP_ACTIVE: officially remapped to full 84.44s OP reference. Existing output_path is historical/style evidence only until regenerated from this prompt.,V3 fixes character age/costume and OP structure: Nadia uses selected C-version heroine design; Nadia/Jean are 14; opening is clouds -> white bird -> Jean plane.,OP_SHOT_037,True,prompt_ready_reference003,08_generation/jobs/OP_KEYFRAMES_20260629_REMAKE_V3/outputs/OP_SHOT_038.png,[]
CARD_BW_039,OP_SHOT_039,SCN_REF003_WATER_SPLASH,水花转蓝天,splash to sky,Water streaks clear into blue sky and white cloud fragments.,"OP_SHOT_038, OP_SHOT_040","Reference-003 full OP 1:1 remake mapping. Preserve shot timing, composition function, motion role, and unit order from the full video; replace any original readable text/logo/subtitle with clean no-text live-action composition.","21:9 anamorphic live-action keyframe, faithful high-end live-action remake of a 1990 Japanese adventure-anime OP, pure image only, no readable text/logo/subtitle/watermark. Reference source: reference-003-full-op-2160p at 01:19.00. Shot OP_SHOT_039: splash to sky. Frame description: Water streaks clear into blue sky and white cloud fragments. Unit: VU_REF003_019_WATER_SPLASH_TRANSITION (水花爆发转天空). Character locks when visible: Nadia uses the selected C-version heroine lock: age-appropriate 14-year-old adventure girl, honey-tan complexion, refined commercial live-action face, short glossy navy-black bob hair, large gold hoop earrings, slim gold bangles, modest red-orange and white adventure outfit with covered torso, sapphire Blue Water pendant; Jean is a 14-year-old French boy inventor with round glasses, brown hair, blue cap/beret, blue jacket, white shirt, red bow tie, short trousers, brown boots; Marie is a child in a modest dress; King is a small lion cub with red scarf; Grandis is an adult red-haired woman in red uniform; Sanson and Hanson are adult companions; Nemo is a stern adult submarine captain; Electra is an adult first officer. All minors must be age-appropriate, non-sexualized, adventure-safe. Negative prompt: No readable text, no title letters, no lyrics, no credits, no NHK mark, no subtitles, no watermark, no random symbols, no direct anime screenshot copying, no adult recast of minors, no sexualized minor, no modern cars, no smartphone, no distorted face or hands.","基于完整 reference-003 OP 的组级视频提示词 / Full-reference unit-aware video prompt
- 视频单位 / Video unit: VU_REF003_019_WATER_SPLASH_TRANSITION
- 组级提示词 / Unit prompt: 07_shots/video_prompts_by_unit/VU_REF003_019_WATER_SPLASH_TRANSITION.md
- 本关键帧 / This keyframe: 图2 = OP_SHOT_039 (图2 / splash_to_sky)
- 参考时间 / Reference timing: 01:19.00
- 使用规则 / Use rule: follow the full OP reference-003 unit order; do not use VU_REF002 prompts; replace all source text/logo/subtitle with clean no-text remake imagery.
",REFERENCE_003_FULL_OP_ACTIVE: officially remapped to full 84.44s OP reference. Existing output_path is historical/style evidence only until regenerated from this prompt.,V3 fixes character age/costume and OP structure: Nadia uses selected C-version heroine design; Nadia/Jean are 14; opening is clouds -> white bird -> Jean plane.,OP_SHOT_038,True,prompt_ready_reference003,08_generation/jobs/OP_KEYFRAMES_20260629_REMAKE_V3/outputs/OP_SHOT_039.png,[]
CARD_BW_040,OP_SHOT_040,SCN_REF003_FINAL_SKY,最终蓝天安全位,final sky safe,"Clean final blue sky card with soft cloud and no text, replacing the broadcaster end card.","OP_SHOT_039, OP_SHOT_041","Reference-003 full OP 1:1 remake mapping. Preserve shot timing, composition function, motion role, and unit order from the full video; replace any original readable text/logo/subtitle with clean no-text live-action composition.","21:9 anamorphic live-action keyframe, faithful high-end live-action remake of a 1990 Japanese adventure-anime OP, pure image only, no readable text/logo/subtitle/watermark. Reference source: reference-003-full-op-2160p at 01:20.00. Shot OP_SHOT_040: final sky safe. Frame description: Clean final blue sky card with soft cloud and no text, replacing the broadcaster end card. Unit: VU_REF003_020_FINAL_SKY_SAFE_HOLD (最终无字天空 hold). Character locks when visible: Nadia uses the selected C-version heroine lock: age-appropriate 14-year-old adventure girl, honey-tan complexion, refined commercial live-action face, short glossy navy-black bob hair, large gold hoop earrings, slim gold bangles, modest red-orange and white adventure outfit with covered torso, sapphire Blue Water pendant; Jean is a 14-year-old French boy inventor with round glasses, brown hair, blue cap/beret, blue jacket, white shirt, red bow tie, short trousers, brown boots; Marie is a child in a modest dress; King is a small lion cub with red scarf; Grandis is an adult red-haired woman in red uniform; Sanson and Hanson are adult companions; Nemo is a stern adult submarine captain; Electra is an adult first officer. All minors must be age-appropriate, non-sexualized, adventure-safe. Negative prompt: No readable text, no title letters, no lyrics, no credits, no NHK mark, no subtitles, no watermark, no random symbols, no direct anime screenshot copying, no adult recast of minors, no sexualized minor, no modern cars, no smartphone, no distorted face or hands.","基于完整 reference-003 OP 的组级视频提示词 / Full-reference unit-aware video prompt
- 视频单位 / Video unit: VU_REF003_020_FINAL_SKY_SAFE_HOLD
- 组级提示词 / Unit prompt: 07_shots/video_prompts_by_unit/VU_REF003_020_FINAL_SKY_SAFE_HOLD.md
- 本关键帧 / This keyframe: 图1 = OP_SHOT_040 (图1 / final_sky_safe)
- 参考时间 / Reference timing: 01:20.00
- 使用规则 / Use rule: follow the full OP reference-003 unit order; do not use VU_REF002 prompts; replace all source text/logo/subtitle with clean no-text remake imagery.
",REFERENCE_003_FULL_OP_ACTIVE: officially remapped to full 84.44s OP reference. Existing output_path is historical/style evidence only until regenerated from this prompt.,V3 fixes character age/costume and OP structure: Nadia uses selected C-version heroine design; Nadia/Jean are 14; opening is clouds -> white bird -> Jean plane.,OP_SHOT_039,True,prompt_ready_reference003,08_generation/jobs/OP_KEYFRAMES_20260629_REMAKE_V3/outputs/OP_SHOT_040.png,[]
CARD_BW_041,OP_SHOT_041,SCN_REF003_FINAL_SKY,最终太阳 hold,final sun hold,"Blue sky with bright sun glow and clear negative space, no logo or text.","OP_SHOT_040, OP_SHOT_042","Reference-003 full OP 1:1 remake mapping. Preserve shot timing, composition function, motion role, and unit order from the full video; replace any original readable text/logo/subtitle with clean no-text live-action composition.","21:9 anamorphic live-action keyframe, faithful high-end live-action remake of a 1990 Japanese adventure-anime OP, pure image only, no readable text/logo/subtitle/watermark. Reference source: reference-003-full-op-2160p at 01:22.00. Shot OP_SHOT_041: final sun hold. Frame description: Blue sky with bright sun glow and clear negative space, no logo or text. Unit: VU_REF003_020_FINAL_SKY_SAFE_HOLD (最终无字天空 hold). Character locks when visible: Nadia uses the selected C-version heroine lock: age-appropriate 14-year-old adventure girl, honey-tan complexion, refined commercial live-action face, short glossy navy-black bob hair, large gold hoop earrings, slim gold bangles, modest red-orange and white adventure outfit with covered torso, sapphire Blue Water pendant; Jean is a 14-year-old French boy inventor with round glasses, brown hair, blue cap/beret, blue jacket, white shirt, red bow tie, short trousers, brown boots; Marie is a child in a modest dress; King is a small lion cub with red scarf; Grandis is an adult red-haired woman in red uniform; Sanson and Hanson are adult companions; Nemo is a stern adult submarine captain; Electra is an adult first officer. All minors must be age-appropriate, non-sexualized, adventure-safe. Negative prompt: No readable text, no title letters, no lyrics, no credits, no NHK mark, no subtitles, no watermark, no random symbols, no direct anime screenshot copying, no adult recast of minors, no sexualized minor, no modern cars, no smartphone, no distorted face or hands.","基于完整 reference-003 OP 的组级视频提示词 / Full-reference unit-aware video prompt
- 视频单位 / Video unit: VU_REF003_020_FINAL_SKY_SAFE_HOLD
- 组级提示词 / Unit prompt: 07_shots/video_prompts_by_unit/VU_REF003_020_FINAL_SKY_SAFE_HOLD.md
- 本关键帧 / This keyframe: 图2 = OP_SHOT_041 (图2 / final_sun_hold)
- 参考时间 / Reference timing: 01:22.00
- 使用规则 / Use rule: follow the full OP reference-003 unit order; do not use VU_REF002 prompts; replace all source text/logo/subtitle with clean no-text remake imagery.
",REFERENCE_003_FULL_OP_ACTIVE: officially remapped to full 84.44s OP reference. Existing output_path is historical/style evidence only until regenerated from this prompt.,V3 fixes character age/costume and OP structure: Nadia uses selected C-version heroine design; Nadia/Jean are 14; opening is clouds -> white bird -> Jean plane.,OP_SHOT_040,True,prompt_ready_reference003,08_generation/jobs/OP_KEYFRAMES_20260629_REMAKE_V3/outputs/OP_SHOT_041.png,[]
CARD_BW_042,OP_SHOT_042,SCN_REF003_BLACK_TAIL,黑场结尾,black tail,Clean black tail frame after the final sky hold.,OP_SHOT_041,"Reference-003 full OP 1:1 remake mapping. Preserve shot timing, composition function, motion role, and unit order from the full video; replace any original readable text/logo/subtitle with clean no-text live-action composition.","21:9 anamorphic live-action keyframe, faithful high-end live-action remake of a 1990 Japanese adventure-anime OP, pure image only, no readable text/logo/subtitle/watermark. Reference source: reference-003-full-op-2160p at 01:23.50. Shot OP_SHOT_042: black tail. Frame description: Clean black tail frame after the final sky hold. Unit: VU_REF003_021_BLACK_TAIL (黑场尾帧). Character locks when visible: Nadia uses the selected C-version heroine lock: age-appropriate 14-year-old adventure girl, honey-tan complexion, refined commercial live-action face, short glossy navy-black bob hair, large gold hoop earrings, slim gold bangles, modest red-orange and white adventure outfit with covered torso, sapphire Blue Water pendant; Jean is a 14-year-old French boy inventor with round glasses, brown hair, blue cap/beret, blue jacket, white shirt, red bow tie, short trousers, brown boots; Marie is a child in a modest dress; King is a small lion cub with red scarf; Grandis is an adult red-haired woman in red uniform; Sanson and Hanson are adult companions; Nemo is a stern adult submarine captain; Electra is an adult first officer. All minors must be age-appropriate, non-sexualized, adventure-safe. Negative prompt: No readable text, no title letters, no lyrics, no credits, no NHK mark, no subtitles, no watermark, no random symbols, no direct anime screenshot copying, no adult recast of minors, no sexualized minor, no modern cars, no smartphone, no distorted face or hands.","基于完整 reference-003 OP 的组级视频提示词 / Full-reference unit-aware video prompt
- 视频单位 / Video unit: VU_REF003_021_BLACK_TAIL
- 组级提示词 / Unit prompt: 07_shots/video_prompts_by_unit/VU_REF003_021_BLACK_TAIL.md
- 本关键帧 / This keyframe: 图1 = OP_SHOT_042 (图1 / black_tail)
- 参考时间 / Reference timing: 01:23.50
- 使用规则 / Use rule: follow the full OP reference-003 unit order; do not use VU_REF002 prompts; replace all source text/logo/subtitle with clean no-text remake imagery.
",REFERENCE_003_FULL_OP_ACTIVE: officially remapped to full 84.44s OP reference. Existing output_path is historical/style evidence only until regenerated from this prompt.,V3 fixes character age/costume and OP structure: Nadia uses selected C-version heroine design; Nadia/Jean are 14; opening is clouds -> white bird -> Jean plane.,OP_SHOT_041,True,prompt_ready_reference003,08_generation/jobs/OP_KEYFRAMES_20260629_REMAKE_V3/outputs/OP_SHOT_042.png,[]
