Frame Number,Timecode,content_val,delta_edges,delta_hue,delta_lum,delta_sat
2,00:00:00.042,4.218424479166666,33.99688720703125,5.09149169921875,0.18162027994791666,7.382161458333333
3,00:00:00.083,0.32676188151041663,7.41363525390625,0.3674112955729167,0.025309244791666668,0.5875651041666666
4,00:00:00.125,0.18467203776041666,3.08685302734375,0.17805989583333334,0.0174560546875,0.3585001627604167
5,00:00:00.167,0.2592366536458333,3.27880859375,0.16243489583333334,0.020060221354166668,0.59521484375
6,00:00:00.209,1.4866468641493056,13.115234375,2.2393595377604165,0.06486002604166667,2.1557210286458335
7,00:00:00.250,0.16134982638888887,3.44482421875,0.17401123046875,0.017964680989583332,0.2920735677083333
8,00:00:00.292,0.13768853081597224,3.2061767578125,0.12076822916666667,0.011820475260416666,0.2804768880208333
9,00:00:00.334,0.5190565321180555,7.491455078125,0.4557088216145833,0.025960286458333332,1.07550048828125
10,00:00:00.375,2.55438232421875,20.87646484375,3.7838948567708335,0.1317138671875,3.7475382486979165
11,00:00:00.417,0.21949598524305555,4.005126953125,0.22991943359375,0.019694010416666668,0.40887451171875
12,00:00:00.459,0.3103841145833333,3.7664794921875,0.3489990234375,0.018025716145833332,0.5641276041666666
13,00:00:00.501,3.9513549804687504,20.6585693359375,3.4839070638020835,0.14796956380208334,8.222188313802084
14,00:00:00.542,1.3250189887152777,6.99859619140625,1.3918660481770833,0.04681396484375,2.536376953125
15,00:00:00.584,0.22617594401041666,3.12835693359375,0.20597330729166666,0.012654622395833334,0.45989990234375
16,00:00:00.626,0.14427354600694445,1.88323974609375,0.13031005859375,0.010965983072916666,0.2915445963541667
17,00:00:00.667,136.65490044487845,62.6708984375,63.891153971354164,243.6700439453125,102.40350341796875
18,00:00:00.709,5.955681694878472,0.0,12.276346842447916,0.6383463541666666,4.952351888020833
19,00:00:00.751,6.373372395833335,0.0,14.955342610677084,0.4227701822916667,3.74200439453125
20,00:00:00.792,3.395317925347222,0.0,7.532368977864583,0.21455891927083334,2.43902587890625
21,00:00:00.834,3.3870442708333335,0.0,8.087727864583334,0.16593424479166666,1.907470703125
22,00:00:00.876,2.4302435980902777,0.0,5.643208821614583,0.10660807291666667,1.5409138997395833
23,00:00:00.918,5.405449761284722,0.0,13.027730305989584,0.190185546875,2.9984334309895835
24,00:00:00.959,4.674906412760417,0.0,10.145955403645834,0.31072998046875,3.5680338541666665
25,00:00:01.001,5.273898654513888,0.0,10.7120361328125,0.4424031575520833,4.667256673177083
26,00:00:01.043,4.685960557725695,0.0,8.35931396484375,0.6173502604166666,5.081217447916667
27,00:00:01.084,6.434970431857639,0.2801513671875,11.1143798828125,1.1664225260416667,7.02410888671875
28,00:00:01.126,7.999532063802083,2.427978515625,12.185343424479166,3.20751953125,8.605733235677084
29,00:00:01.168,10.470011393229166,5.04791259765625,12.694539388020834,6.0582275390625,12.657267252604166
30,00:00:01.210,11.0062255859375,3.52783203125,12.41632080078125,6.52276611328125,14.07958984375
31,00:00:01.251,15.503139919704862,9.35394287109375,14.083597819010416,11.204610188802084,21.221211751302082
32,00:00:01.293,13.243238661024305,16.04644775390625,10.928955078125,10.285970052083334,18.514790852864582
33,00:00:01.335,14.333218044704862,12.783203125,11.831095377604166,11.406148274739584,19.762410481770832
34,00:00:01.376,18.473612467447918,16.082763671875,12.2493896484375,16.41180419921875,26.7596435546875
35,00:00:01.418,19.37563747829861,25.36407470703125,16.624165852864582,14.998575846354166,26.504170735677082
36,00:00:01.460,19.899434407552082,31.9268798828125,15.214579264322916,16.176920572916668,28.306803385416668
37,00:00:01.502,22.070271809895832,41.36383056640625,16.50421142578125,18.1861572265625,31.52044677734375
38,00:00:01.543,24.019904242621532,49.25994873046875,16.924092610677082,20.707743326822918,34.427876790364586
39,00:00:01.585,23.467183430989582,49.70611572265625,17.3028564453125,20.188618977864582,32.910074869791664
40,00:00:01.627,20.812764485677082,46.588134765625,17.418863932291668,16.556864420572918,28.462565104166668
41,00:00:01.668,20.02370876736111,40.79833984375,18.998006184895832,14.557271321614584,26.515848795572918
42,00:00:01.710,19.65066189236111,38.0487060546875,18.395792643229168,14.150533040364584,26.405659993489582
43,00:00:01.752,21.427836100260418,37.63885498046875,21.368611653645832,14.805521647135416,28.109375
44,00:00:01.793,22.224907769097218,37.48321533203125,20.993245442708332,15.4913330078125,30.190144856770832
45,00:00:01.835,21.291490342881943,37.57659912109375,20.7734375,15.043212890625,28.057820638020832
46,00:00:01.877,22.009514702690968,39.45465087890625,18.817830403645832,16.74822998046875,30.462483723958332
47,00:00:01.919,27.835422092013886,44.03564453125,20.6695556640625,22.53125,40.305460611979164
48,00:00:01.960,25.410169813368054,44.04083251953125,17.98406982421875,21.3411865234375,36.905253092447914
49,00:00:02.002,21.187120225694446,38.54156494140625,14.472900390625,18.189493815104168,30.898966471354168
50,00:00:02.044,16.47106255425347,32.6531982421875,10.874898274739584,14.5364990234375,24.001790364583332
51,00:00:02.085,13.017306857638891,25.59234619140625,9.486531575520834,10.939351399739584,18.62603759765625
52,00:00:02.127,11.011983235677084,22.2149658203125,9.428751627604166,8.478983561197916,15.128214518229166
53,00:00:02.169,10.396355523003471,17.867431640625,8.425944010416666,8.057088216145834,14.706034342447916
54,00:00:02.211,7.808207194010418,15.64178466796875,5.55029296875,6.690897623697917,11.183430989583334
55,00:00:02.252,4.646694607204861,10.27740478515625,2.40045166015625,4.403401692708333,7.13623046875
56,00:00:02.294,1.6234063042534723,5.0531005859375,0.5064697265625,1.6507771809895833,2.7129720052083335
57,00:00:02.336,1.446587456597222,2.64068603515625,0.20029703776041666,1.3706868489583333,2.7687784830729165
58,00:00:02.377,0.8627658420138888,2.386474609375,0.13694254557291666,0.9419962565104166,1.5093587239583333
59,00:00:02.419,0.8844875759548612,1.86767578125,0.15177408854166666,0.9521077473958334,1.5495808919270833
60,00:00:02.461,39.32838270399306,18.7493896484375,32.971435546875,29.758199055989582,55.255513509114586
61,00:00:02.503,53.941914876302086,31.2213134765625,45.1937255859375,41.00128173828125,75.6307373046875
62,00:00:02.544,25.109286838107636,38.18359375,20.918314615885418,19.624409993489582,34.785135904947914
63,00:00:02.586,14.00482177734375,27.92694091796875,10.8984375,11.1083984375,20.00762939453125
64,00:00:02.628,0.2914632161458333,0.103759765625,0.17047119140625,0.3192138671875,0.38470458984375
65,00:00:02.669,3.27496337890625,11.392822265625,2.6116129557291665,2.7077433268229165,4.505533854166667
66,00:00:02.711,0.2548489040798611,0.08819580078125,0.2590535481770833,0.21185302734375,0.29364013671875
67,00:00:02.753,2.9820556640625,9.5977783203125,2.3631388346354165,2.4823201497395835,4.1007080078125
68,00:00:02.794,0.1948310004340278,0.18157958984375,0.14426676432291666,0.18505859375,0.2551676432291667
69,00:00:02.836,3.215406629774306,9.857177734375,2.2702229817708335,2.6873982747395835,4.6885986328125
70,00:00:02.878,0.24691433376736113,0.30609130859375,0.17596435546875,0.23543294270833334,0.329345703125
71,00:00:02.920,2.339531792534722,7.30987548828125,1.7729085286458333,1.9876912434895833,3.25799560546875
72,00:00:02.961,0.06043836805555556,0.0311279296875,0.05865478515625,0.04473876953125,0.07792154947916667
73,00:00:03.003,1.5861545138888886,4.64324951171875,1.3269856770833333,1.3094075520833333,2.1220703125
74,00:00:03.045,0.11456976996527778,0.1971435546875,0.09523518880208333,0.09466552734375,0.15380859375
75,00:00:03.086,1.4140625,4.171142578125,1.1621907552083333,1.1739095052083333,1.9060872395833333
76,00:00:03.128,0.056125217013888895,0.02593994140625,0.030741373697916668,0.05096435546875,0.086669921875
77,00:00:03.170,0.9117363823784722,2.054443359375,0.71356201171875,0.7550252278645834,1.2666219075520833
78,00:00:03.212,0.17124430338541666,0.14007568359375,0.11798095703125,0.12129720052083333,0.2744547526041667
79,00:00:03.253,0.8362833658854166,1.9610595703125,0.7383626302083334,0.6966959635416666,1.07379150390625
80,00:00:03.295,0.06191677517361111,0.08819580078125,0.035115559895833336,0.055501302083333336,0.09513346354166667
81,00:00:03.337,0.6312391493055557,1.59271240234375,0.57720947265625,0.5335896809895834,0.7829182942708334
82,00:00:03.378,0.13432481553819445,0.0103759765625,0.08713785807291667,0.11177571614583333,0.20406087239583334
83,00:00:03.420,0.6273871527777778,1.50970458984375,0.6097819010416666,0.50323486328125,0.7691446940104166
84,00:00:03.462,0.10517713758680554,0.1556396484375,0.07733154296875,0.0989990234375,0.13920084635416666
85,00:00:03.504,1.067755805121528,2.99346923828125,0.8655802408854166,0.9127197265625,1.4249674479166667
86,00:00:03.545,0.2567409939236111,0.37353515625,0.1602783203125,0.2232666015625,0.3866780598958333
87,00:00:03.587,1.2488945855034723,2.92083740234375,0.9471638997395834,1.0952962239583333,1.7042236328125
88,00:00:03.629,0.1545477973090278,0.04150390625,0.0863037109375,0.1602783203125,0.21706136067708334
89,00:00:03.670,1.40740966796875,3.092041015625,0.9820353190104166,1.3582967122395833,1.88189697265625
90,00:00:03.712,0.1324191623263889,0.0311279296875,0.07904052734375,0.12459309895833333,0.19362386067708334
91,00:00:03.754,1.0242648654513888,2.86895751953125,0.8373209635416666,0.87945556640625,1.35601806640625
92,00:00:03.795,0.19911702473958334,0.06744384765625,0.10009765625,0.19903564453125,0.2982177734375
93,00:00:03.837,2.2269422743055554,6.9830322265625,1.6210123697916667,1.9111531575520833,3.1486612955729165
94,00:00:03.879,0.09624565972222222,0.25421142578125,0.07059733072916667,0.09903971354166667,0.11909993489583333
95,00:00:03.921,1.6580607096354167,4.710693359375,1.11651611328125,1.47979736328125,2.37786865234375
96,00:00:03.962,0.06355116102430557,0.020751953125,0.0294189453125,0.07450358072916667,0.08673095703125
97,00:00:04.004,1.5156182183159723,4.9285888671875,1.0395100911458333,1.3270263671875,2.1803181966145835
98,00:00:04.046,0.15887451171875,0.21270751953125,0.11090087890625,0.18642171223958334,0.17930094401041666
99,00:00:04.087,2.167724609375,4.78851318359375,1.2553914388020833,2.3454182942708335,2.9023640950520835
100,00:00:04.129,0.33171929253472227,0.09857177734375,0.16739908854166666,0.3822428385416667,0.4455159505208333
101,00:00:04.171,2.0939059787326393,5.01678466796875,1.20294189453125,2.1422322591145835,2.9365437825520835
102,00:00:04.213,0.2716064453125,0.09857177734375,0.13057454427083334,0.2867431640625,0.3975016276041667
103,00:00:04.254,1.9585300021701386,5.79498291015625,1.2119344075520833,1.8149617513020833,2.84869384765625
104,00:00:04.296,0.3664211697048611,0.0830078125,0.09733072916666667,0.4462890625,0.5556437174479166
105,00:00:04.338,1.7367892795138886,5.84686279296875,1.0887858072916667,1.5155843098958333,2.6059977213541665
106,00:00:04.379,0.07415093315972222,0.12969970703125,0.049112955729166664,0.07177734375,0.1015625
107,00:00:04.421,2.6264851888020835,9.75341796875,1.4327596028645833,2.33221435546875,4.114481608072917
108,00:00:04.463,0.06805419921875,0.03631591796875,0.038167317708333336,0.0625,0.10349527994791667
109,00:00:04.505,2.02191162109375,6.495361328125,1.3036295572916667,1.7733357747395833,2.98876953125
110,00:00:04.546,0.09285481770833333,0.16082763671875,0.07045491536458333,0.09358723958333333,0.11452229817708333
111,00:00:04.588,2.026401095920139,6.785888671875,1.36138916015625,1.7632853190104167,2.95452880859375
112,00:00:04.630,0.053988986545138895,0.04150390625,0.06988525390625,0.036824544270833336,0.055257161458333336
113,00:00:04.671,2.251064724392361,7.39288330078125,1.6014811197916667,1.8855387369791667,3.26617431640625
114,00:00:04.713,0.048380533854166664,0.24383544921875,0.040262858072916664,0.04705810546875,0.057820638020833336
115,00:00:04.755,2.346645779079861,8.0828857421875,1.8369547526041667,1.94512939453125,3.2578531901041665
116,00:00:04.796,0.0899319118923611,0.0518798828125,0.09975179036458333,0.0677490234375,0.102294921875
117,00:00:04.838,2.9928521050347228,10.19439697265625,2.2552490234375,2.4586181640625,4.264689127604167
118,00:00:04.880,0.08915201822916667,0.12969970703125,0.1131591796875,0.06447347005208333,0.08982340494791667
119,00:00:04.922,2.919440375434028,9.940185546875,2.15045166015625,2.4261678059895835,4.18170166015625
120,00:00:04.963,0.0325927734375,0.07781982421875,0.019063313802083332,0.03485107421875,0.043863932291666664
121,00:00:05.005,3.4256727430555554,10.24627685546875,2.4563395182291665,2.8699747721354165,4.950703938802083
122,00:00:05.047,0.1574435763888889,0.02593994140625,0.055745442708333336,0.1943359375,0.22224934895833334
123,00:00:05.088,3.1650526258680554,10.46417236328125,2.4173177083333335,2.6053263346354165,4.472513834635417
124,00:00:05.130,0.15272352430555555,0.0726318359375,0.21158854166666666,0.09075927734375,0.15582275390625
125,00:00:05.172,0.7631700303819445,2.27752685546875,0.6697998046875,0.6135457356770834,1.00616455078125
126,00:00:05.214,0.1738213433159722,0.0726318359375,0.20703125,0.08172607421875,0.23270670572916666
127,00:00:05.255,0.8155992296006943,2.4383544921875,0.6935831705729166,0.6310831705729166,1.12213134765625
128,00:00:05.297,0.1133694118923611,0.07781982421875,0.11688232421875,0.058247884114583336,0.16497802734375
129,00:00:05.339,0.7033013237847223,1.44744873046875,0.62200927734375,0.4796142578125,1.0082804361979167
130,00:00:05.380,0.13531494140625,0.18157958984375,0.10392252604166667,0.14835611979166666,0.15366617838541666
131,00:00:05.422,0.6326904296874999,1.80023193359375,0.635986328125,0.4968465169270833,0.7652384440104166
132,00:00:05.464,0.12835015190972224,0.29052734375,0.14125569661458334,0.11216227213541667,0.13163248697916666
133,00:00:05.506,0.7050916883680555,2.02850341796875,0.6997273763020834,0.5504557291666666,0.8650919596354166
134,00:00:05.547,0.17570665147569442,0.36834716796875,0.15037027994791666,0.16782633463541666,0.20892333984375
135,00:00:05.589,0.5423448350694444,1.4630126953125,0.5407307942708334,0.4373982747395833,0.6489054361979166
136,00:00:05.631,0.035101996527777776,0.00518798828125,0.032938639322916664,0.029256184895833332,0.043111165364583336
137,00:00:05.672,1.1110026041666667,3.27362060546875,0.9207763671875,0.8645222981770834,1.5477091471354167
138,00:00:05.714,0.24755859375,0.145263671875,0.150146484375,0.3161214192708333,0.2764078776041667
139,00:00:05.756,0.9679633246527778,3.04534912109375,0.8091634114583334,0.8236287434895834,1.2710978190104167
140,00:00:05.797,0.09760199652777778,0.0518798828125,0.07259114583333333,0.1146240234375,0.1055908203125
141,00:00:05.839,1.0896470811631944,3.23211669921875,0.8816324869791666,0.8900960286458334,1.4972127278645833
142,00:00:05.881,0.11265055338541667,0.0726318359375,0.09090169270833333,0.12727864583333334,0.11977132161458333
143,00:00:05.923,0.9961480034722222,2.91046142578125,0.85870361328125,0.8277384440104166,1.302001953125
144,00:00:05.964,0.03278944227430556,0.07781982421875,0.023539225260416668,0.03472900390625,0.04010009765625
145,00:00:06.006,1.240471733940972,3.92730712890625,0.9894002278645834,1.0404052734375,1.6916097005208333
146,00:00:06.048,0.14175075954861113,0.1971435546875,0.14990234375,0.10601806640625,0.16933186848958334
147,00:00:06.089,1.1455620659722223,3.839111328125,0.9767252604166666,0.9369099934895834,1.5230509440104167
148,00:00:06.131,0.06791856553819445,0.1348876953125,0.053507486979166664,0.056477864583333336,0.09377034505208333
149,00:00:06.173,0.9909125434027778,3.1854248046875,0.8802286783854166,0.80029296875,1.2922159830729167
150,00:00:06.215,0.14695909288194445,0.4150390625,0.16929117838541666,0.12259928385416667,0.14898681640625
151,00:00:06.256,0.9173177083333334,3.2061767578125,0.8083292643229166,0.7573038736979166,1.1863199869791667
152,00:00:06.298,0.10230170355902778,0.04150390625,0.060791015625,0.08182779947916667,0.16428629557291666
153,00:00:06.340,1.9035305447048614,6.07513427734375,1.5083414713541667,1.5563151041666667,2.64593505859375
154,00:00:06.381,0.07579210069444443,0.29571533203125,0.0596923828125,0.07155354817708333,0.09613037109375
155,00:00:06.423,1.6255967881944444,5.4473876953125,1.2558390299479167,1.3533935546875,2.2675577799479165
156,00:00:06.465,0.15733506944444445,0.12451171875,0.09641520182291667,0.16632080078125,0.20926920572916666
157,00:00:06.507,1.931430392795139,6.10626220703125,1.4235026041666667,1.586181640625,2.78460693359375
158,00:00:06.548,0.11555311414930557,0.01556396484375,0.10658772786458333,0.10654703776041667,0.13352457682291666
159,00:00:06.590,1.7892998589409723,5.52520751953125,1.2300821940104167,1.4939371744791667,2.6438802083333335
160,00:00:06.632,0.15811496310763887,0.0830078125,0.08620198567708333,0.13323974609375,0.2549031575520833
161,00:00:06.673,1.7258368598090277,5.3851318359375,1.0986735026041667,1.4895222981770833,2.5893147786458335
162,00:00:06.715,0.13475206163194445,0.07781982421875,0.0814208984375,0.08054606119791667,0.24228922526041666
163,00:00:06.757,1.445868598090278,4.482421875,0.8594563802083334,1.2261149088541667,2.2520345052083335
164,00:00:06.798,0.11863199869791667,0.0311279296875,0.040873209635416664,0.16392008463541666,0.15110270182291666
165,00:00:06.840,1.362358940972222,3.839111328125,0.6881103515625,1.32733154296875,2.0716349283854165
166,00:00:06.882,0.24766710069444442,0.40985107421875,0.06801350911458333,0.3283894856770833,0.3465983072916667
167,00:00:06.924,1.1874593098958333,3.67828369140625,0.6299845377604166,0.981201171875,1.9511922200520833
168,00:00:06.965,0.07421875,0.04669189453125,0.032023111979166664,0.0782470703125,0.11238606770833333
169,00:00:07.007,1.05999755859375,3.40850830078125,0.4404703776041667,1.00933837890625,1.7301839192708333
170,00:00:07.049,0.059346516927083336,0.02593994140625,0.045247395833333336,0.046061197916666664,0.08673095703125
171,00:00:07.090,0.855502658420139,2.92083740234375,0.3433634440104167,0.8033040364583334,1.4198404947916667
172,00:00:07.132,0.058736165364583336,0.0,0.051920572916666664,0.0462646484375,0.07802327473958333
173,00:00:07.174,0.62060546875,1.53045654296875,0.2758382161458333,0.5845947265625,1.0013834635416667
174,00:00:07.216,0.03877088758680555,0.0,0.025227864583333332,0.032613118489583336,0.0584716796875
175,00:00:07.257,0.6231486002604166,1.41632080078125,0.3010050455729167,0.5785725911458334,0.9898681640625
176,00:00:07.299,0.09846327039930554,0.0103759765625,0.050028483072916664,0.09200032552083333,0.15336100260416666
177,00:00:07.341,0.5955742730034722,0.65887451171875,0.2550252278645833,0.6298014322916666,0.9018961588541666
178,00:00:07.382,0.29730224609375,6.11663818359375,0.07975260416666667,0.3579508463541667,0.4542032877604167
179,00:00:07.424,0.5041707356770834,6.8896484375,0.21034749348958334,0.60089111328125,0.7012736002604166
180,00:00:07.466,0.20710584852430555,2.0751953125,0.04742431640625,0.24228922526041666,0.33160400390625
181,00:00:07.508,0.6596611870659723,1.06353759765625,0.24658203125,0.8545125325520834,0.8778889973958334
182,00:00:07.549,0.2913072374131944,0.59661865234375,0.10597737630208333,0.3276570638020833,0.4402872721354167
183,00:00:07.591,1.0130479600694444,1.22955322265625,0.3801066080729167,1.3596598307291667,1.29937744140625
184,00:00:07.633,0.30743408203125,0.33203125,0.098388671875,0.3564249674479167,0.4674886067708333
185,00:00:07.674,0.5498589409722222,0.69000244140625,0.2658487955729167,0.6400146484375,0.74371337890625
186,00:00:07.716,0.17526584201388887,0.53436279296875,0.06960042317708333,0.14239501953125,0.3138020833333333
187,00:00:07.758,0.4136623806423611,0.6329345703125,0.24623616536458334,0.4253133138020833,0.5694376627604166
188,00:00:07.799,0.35080295138888884,0.57586669921875,0.14267985026041666,0.3124593098958333,0.5972696940104166
189,00:00:07.841,0.4768541124131945,0.99090576171875,0.3254801432291667,0.4763590494791667,0.62872314453125
190,00:00:07.883,0.21925184461805555,0.59661865234375,0.13004557291666666,0.23356119791666666,0.2941487630208333
191,00:00:07.925,0.3265584309895833,0.7159423828125,0.24161783854166666,0.3046875,0.4333699544270833
192,00:00:07.966,0.0893215603298611,0.062255859375,0.041015625,0.1063232421875,0.12062581380208333
193,00:00:08.008,0.6316460503472222,0.809326171875,0.3163655598958333,0.74444580078125,0.8341267903645834
194,00:00:08.050,0.3321804470486111,0.062255859375,0.10548909505208333,0.4424031575520833,0.4486490885416667
195,00:00:08.091,0.33562554253472227,0.5499267578125,0.20778401692708334,0.3605753580729167,0.4385172526041667
196,00:00:08.133,0.3372938368055555,0.1763916015625,0.15004475911458334,0.5143229166666666,0.3475138346354167
197,00:00:08.175,0.2925075954861111,0.53955078125,0.19138590494791666,0.30670166015625,0.3794352213541667
198,00:00:08.217,0.3901841905381944,0.67962646484375,0.257568359375,0.4691975911458333,0.44378662109375
199,00:00:08.258,0.2509765625,0.46173095703125,0.17612711588541666,0.23846435546875,0.3383382161458333
200,00:00:08.300,0.09013536241319443,0.16082763671875,0.04742431640625,0.08430989583333333,0.138671875
201,00:00:08.342,0.3949720594618056,0.87158203125,0.18062337239583334,0.4003702799479167,0.6039225260416666
202,00:00:08.383,0.04011366102430555,0.0518798828125,0.025919596354166668,0.040323893229166664,0.054097493489583336
203,00:00:08.425,0.4866197374131944,1.6705322265625,0.26495361328125,0.4637044270833333,0.731201171875
204,00:00:08.467,0.14583333333333334,0.269775390625,0.12166341145833333,0.13468424479166666,0.18115234375
205,00:00:08.509,0.4686618381076389,2.22564697265625,0.22285970052083334,0.4828898111979167,0.7002360026041666
206,00:00:08.550,0.1021728515625,0.12969970703125,0.07291666666666667,0.11246744791666667,0.12113444010416667
207,00:00:08.592,0.32172309027777773,2.427978515625,0.12589518229166666,0.3289388020833333,0.5103352864583334
208,00:00:08.634,0.0857883029513889,0.1556396484375,0.061442057291666664,0.08262125651041667,0.11330159505208333
209,00:00:08.675,0.34228515625,2.2308349609375,0.12538655598958334,0.3484700520833333,0.5529988606770834
210,00:00:08.717,0.04395209418402778,0.12451171875,0.021464029947916668,0.046732584635416664,0.06365966796875
211,00:00:08.759,0.33734130859375,1.6290283203125,0.13238525390625,0.3774617513020833,0.5021769205729166
212,00:00:08.800,0.09439425998263888,0.1141357421875,0.04815673828125,0.08660888671875,0.14841715494791666
213,00:00:08.842,0.3422376844618056,2.09075927734375,0.16550699869791666,0.3652750651041667,0.4959309895833333
214,00:00:08.884,0.13677978515625,0.29052734375,0.08705647786458333,0.10902913411458333,0.21425374348958334
215,00:00:08.926,0.3037584092881944,1.0791015625,0.10595703125,0.33074951171875,0.4745686848958333
216,00:00:08.967,0.07902018229166667,0.10894775390625,0.04827880859375,0.07135009765625,0.117431640625
217,00:00:09.009,0.5302056206597222,3.6834716796875,0.23508707682291666,0.53302001953125,0.822509765625
218,00:00:09.051,0.2935045030381945,0.850830078125,0.16298421223958334,0.309326171875,0.408203125
219,00:00:09.092,0.34533013237847215,1.4007568359375,0.11090087890625,0.3724365234375,0.5526529947916666
220,00:00:09.134,0.07883707682291667,0.08819580078125,0.025594075520833332,0.06695556640625,0.14396158854166666
221,00:00:09.176,0.28742133246527785,1.5667724609375,0.11785888671875,0.2891642252604167,0.4552408854166667
222,00:00:09.218,0.05579969618055556,0.15045166015625,0.02471923828125,0.0447998046875,0.09788004557291667
223,00:00:09.259,0.4062228732638889,2.33978271484375,0.15584309895833334,0.3908487955729167,0.6719767252604166
224,00:00:09.301,0.17226833767361108,0.20233154296875,0.12111409505208333,0.1424560546875,0.25323486328125
225,00:00:09.343,0.7443305121527778,2.97271728515625,0.21634928385416666,0.7369181315104166,1.27972412109375
226,00:00:09.384,0.16611735026041666,0.11932373046875,0.053426106770833336,0.1661376953125,0.2787882486979167
227,00:00:09.426,0.4237467447916667,1.805419921875,0.12715657552083334,0.4493815104166667,0.6947021484375
228,00:00:09.468,0.12634955512152776,0.09857177734375,0.043558756510416664,0.13543701171875,0.20005289713541666
229,00:00:09.510,0.3649020724826389,1.98699951171875,0.12874348958333334,0.3966064453125,0.5693562825520834
230,00:00:09.551,0.1099853515625,0.03631591796875,0.03472900390625,0.12217203776041667,0.17305501302083334
231,00:00:09.593,0.27251519097222227,1.54083251953125,0.0657958984375,0.27679443359375,0.4749552408854167
232,00:00:09.635,0.11534288194444443,0.03631591796875,0.043802897135416664,0.11966959635416667,0.18255615234375
233,00:00:09.676,0.3652750651041667,2.1270751953125,0.12856038411458334,0.3642985026041667,0.60296630859375
234,00:00:09.718,0.10954454210069446,0.0518798828125,0.02862548828125,0.13313802083333334,0.1668701171875
235,00:00:09.760,0.24174669053819445,1.2554931640625,0.08256022135416667,0.24208577473958334,0.4005940755208333
236,00:00:09.801,0.12040201822916667,0.0518798828125,0.04681396484375,0.14434814453125,0.1700439453125
237,00:00:09.843,0.2743801540798611,1.74835205078125,0.10809326171875,0.2738850911458333,0.441162109375
238,00:00:09.885,0.0980563693576389,0.1971435546875,0.043294270833333336,0.10457356770833333,0.14630126953125
239,00:00:09.927,0.34756808810763884,2.095947265625,0.14237467447916666,0.36492919921875,0.535400390625
240,00:00:09.968,0.16807047526041666,0.48248291015625,0.09096272786458333,0.18336995442708334,0.22987874348958334
241,00:00:10.010,0.7535603841145834,1.90399169921875,0.5417683919270834,0.6783854166666666,1.04052734375
242,00:00:10.052,0.227294921875,0.34759521484375,0.1270751953125,0.23760986328125,0.31719970703125
243,00:00:10.093,0.29071044921875,0.82489013671875,0.14107259114583334,0.2876993815104167,0.443359375
244,00:00:10.135,0.0683865017361111,0.06744384765625,0.02960205078125,0.068115234375,0.10744222005208333
245,00:00:10.177,0.20077175564236113,0.4461669921875,0.12900797526041666,0.18975830078125,0.2835489908854167
246,00:00:10.219,0.21828206380208334,0.57586669921875,0.13846842447916666,0.22837320963541666,0.2880045572916667
247,00:00:10.260,0.3075154622395833,0.8404541015625,0.19333902994791666,0.31219482421875,0.4170125325520833
248,00:00:10.302,0.13120524088541666,0.269775390625,0.076416015625,0.13521321614583334,0.18198649088541666
249,00:00:10.344,0.4341159396701389,0.97015380859375,0.2812296549479167,0.43560791015625,0.58551025390625
250,00:00:10.385,0.12668863932291666,0.10894775390625,0.06636555989583333,0.11794026692708333,0.19576009114583334
251,00:00:10.427,0.32445610894097227,0.6640625,0.24723307291666666,0.3110758463541667,0.4150594075520833
252,00:00:10.469,0.05194769965277778,0.0311279296875,0.0198974609375,0.045756022135416664,0.09018961588541667
253,00:00:10.511,0.19350857204861108,0.2801513671875,0.12416585286458333,0.18731689453125,0.26904296875
254,00:00:10.552,0.15839301215277776,0.16082763671875,0.08296712239583333,0.168701171875,0.2235107421875
255,00:00:10.594,0.2511393229166667,0.42022705078125,0.14748128255208334,0.2720540364583333,0.3338826497395833
256,00:00:10.636,0.20281982421875,0.20751953125,0.08872477213541667,0.17854817708333334,0.3411865234375
257,00:00:10.677,0.35839165581597227,0.75225830078125,0.16554768880208334,0.335205078125,0.5744222005208334
258,00:00:10.719,0.3855726453993056,1.2139892578125,0.06398518880208333,0.4557291666666667,0.6370035807291666
259,00:00:10.761,0.680813259548611,2.822265625,0.21307373046875,0.78509521484375,1.0442708333333333
260,00:00:10.802,0.6382310655381944,3.3514404296875,0.103759765625,0.73199462890625,1.0789388020833333
261,00:00:10.844,0.6695556640625,3.382568359375,0.22721354166666666,0.7486165364583334,1.0328369140625
262,00:00:10.886,0.805697970920139,4.46685791015625,0.12742106119791666,0.9501546223958334,1.3395182291666667
263,00:00:10.928,0.955227322048611,4.54986572265625,0.3075154622395833,1.0846964518229167,1.4734700520833333
264,00:00:10.969,1.3069797092013888,6.4642333984375,0.21164957682291666,1.34820556640625,2.361083984375
265,00:00:11.011,1.8485582139756946,8.28521728515625,0.3571980794270833,2.09906005859375,3.08941650390625
266,00:00:11.053,1.769775390625,9.7119140625,0.373779296875,1.9021199544270833,3.0334269205729165
267,00:00:11.094,1.7982313368055556,9.08416748046875,0.5632527669270834,1.8486328125,2.9828084309895835
268,00:00:11.136,2.6432020399305554,11.94793701171875,0.8526407877604166,2.6819254557291665,4.395039876302083
269,00:00:11.178,2.1042344835069446,10.44342041015625,0.7764485677083334,2.1617838541666665,3.3744710286458335
270,00:00:11.220,2.3910319010416665,11.47064208984375,0.9143880208333334,2.4321492513020835,3.8265584309895835
271,00:00:11.261,2.5931532118055554,11.71966552734375,1.1122843424479167,2.5290323893229165,4.138142903645833
272,00:00:11.303,2.4293348524305554,11.2371826171875,1.08294677734375,2.3860880533854165,3.8189697265625
273,00:00:11.345,2.774685329861111,11.90643310546875,1.6321004231770833,2.4973958333333335,4.194559733072917
274,00:00:11.386,3.087816026475694,12.15545654296875,1.8882039388020833,2.7142740885416665,4.660970052083333
275,00:00:11.428,3.4833441840277772,12.8765869140625,2.4092203776041665,2.8644816080729165,5.17633056640625
276,00:00:11.470,3.854702419704861,14.2877197265625,2.6966552734375,3.1451212565104165,5.722330729166667
277,00:00:11.512,3.6137424045138893,12.2332763671875,2.7607421875,2.83929443359375,5.241190592447917
278,00:00:11.553,3.230434841579861,11.2060546875,2.4828898111979165,2.58758544921875,4.620829264322917
279,00:00:11.595,3.603705512152778,11.6522216796875,2.8917236328125,2.7442220052083335,5.1751708984375
280,00:00:11.637,3.577507866753472,11.7144775390625,2.8200276692708335,2.7461954752604165,5.166300455729167
281,00:00:11.678,3.8845486111111107,12.46673583984375,3.2639567057291665,2.8378092447916665,5.5518798828125
282,00:00:11.720,3.973626030815972,12.84027099609375,3.2217000325520835,2.9762369791666665,5.722941080729167
283,00:00:11.762,3.8758748372395835,11.849365234375,3.4216105143229165,2.77886962890625,5.427144368489583
284,00:00:11.803,3.9799940321180554,11.9842529296875,3.3254801432291665,2.9136962890625,5.7008056640625
285,00:00:11.845,3.9561903211805554,11.84417724609375,3.4717814127604165,2.8146158854166665,5.582173665364583
286,00:00:11.887,4.074700249565972,11.932373046875,3.5564778645833335,2.9186197916666665,5.749003092447917
287,00:00:11.929,4.591532389322917,12.47711181640625,4.467508951822917,3.09381103515625,6.213277180989583
288,00:00:11.970,4.585842556423612,12.48748779296875,4.344950358072917,3.1576741536458335,6.254903157552083
289,00:00:12.012,4.475748697916667,11.4239501953125,4.284566243489583,3.0739339192708335,6.068745930989583
290,00:00:12.054,5.512966579861112,14.5782470703125,5.566569010416667,3.5916748046875,7.380655924479167
291,00:00:12.095,5.080478244357638,12.31109619140625,5.525410970052083,3.1724446614583335,6.5435791015625
292,00:00:12.137,5.137593587239583,12.95440673828125,5.3885498046875,3.2540283203125,6.77020263671875
293,00:00:12.179,5.653923882378472,13.3746337890625,6.323567708333333,3.3328043619791665,7.305399576822917
294,00:00:12.221,5.840237087673611,13.97125244140625,6.352762858072917,3.4995320638020835,7.668416341145833
295,00:00:12.262,5.272501627604167,11.09710693359375,6.295023600260417,2.99072265625,6.531758626302083
296,00:00:12.304,6.088297526041667,13.56658935546875,7.116780598958333,3.4515177408854165,7.69659423828125
297,00:00:12.346,5.490525987413194,11.0089111328125,6.586934407552083,3.0143025716145835,6.870340983072917
298,00:00:12.387,6.825337727864583,14.775390625,8.089274088541666,3.75262451171875,8.634114583333334
299,00:00:12.429,6.140909830729167,11.8701171875,8.009175618489584,3.2154947916666665,7.19805908203125
300,00:00:12.471,6.278862847222222,12.30072021484375,7.673014322916667,3.439697265625,7.723876953125
301,00:00:12.513,4.860609266493055,7.7923583984375,6.733784993489583,2.4965616861979165,5.351481119791667
302,00:00:12.554,5.49725341796875,9.8052978515625,7.04669189453125,2.8697916666666665,6.575276692708333
303,00:00:12.596,5.053873697916667,7.5018310546875,6.954976399739583,2.5500081380208335,5.656636555989583
304,00:00:12.638,6.086697048611111,10.02838134765625,7.890706380208333,3.0406290690104165,7.328755696614583
305,00:00:12.679,5.437174479166667,7.8131103515625,7.684041341145833,2.52630615234375,6.101175944010417
306,00:00:12.721,5.334364149305556,7.67303466796875,7.521931966145833,2.4379679361979165,6.043192545572917
307,00:00:12.763,5.635911729600694,6.47979736328125,8.33636474609375,2.37481689453125,6.196553548177083
308,00:00:12.804,6.181769476996529,7.42919921875,8.9969482421875,2.5407511393229165,7.007609049479167
309,00:00:12.846,5.160854763454862,4.79888916015625,8.121236165364584,1.9805908203125,5.3807373046875
310,00:00:12.888,4.970472547743055,5.00640869140625,7.60186767578125,1.9128011067708333,5.396748860677083
311,00:00:12.930,5.351128472222222,3.7872314453125,8.957356770833334,1.7881876627604167,5.307840983072917
312,00:00:12.971,5.290690104166667,4.0155029296875,8.535441080729166,1.7556966145833333,5.5809326171875
313,00:00:13.013,5.24169921875,3.02978515625,8.808675130208334,1.55853271484375,5.357889811197917
314,00:00:13.055,5.745334201388889,3.2684326171875,9.961568196614584,1.5763753255208333,5.69805908203125
315,00:00:13.096,5.052347819010417,2.30865478515625,8.65887451171875,1.4098103841145833,5.088358561197917
316,00:00:13.138,4.770426432291667,2.2308349609375,8.242919921875,1.31707763671875,4.75128173828125
317,00:00:13.180,5.316304524739583,2.37091064453125,9.272908528645834,1.4115397135416667,5.26446533203125
318,00:00:13.222,4.942701551649305,2.15301513671875,8.549296061197916,1.3109944661458333,4.967814127604167
319,00:00:13.263,5.121419270833333,1.59271240234375,9.383463541666666,1.2378743489583333,4.742919921875
320,00:00:13.305,4.152065700954861,1.36444091796875,7.137837727864583,1.1444091796875,4.1739501953125
321,00:00:13.347,6.016140407986111,1.68609619140625,10.848653157552084,1.2452596028645833,5.954508463541667
322,00:00:13.388,4.115030924479167,0.56549072265625,7.632080078125,0.9180501302083334,3.7949625651041665
323,00:00:13.430,4.908209906684028,0.4046630859375,9.551920572916666,0.9705403645833334,4.202168782552083
324,00:00:13.472,4.830451117621528,0.32684326171875,9.13433837890625,0.9249471028645834,4.43206787109375
325,00:00:13.514,4.209431966145833,0.0933837890625,8.388875325520834,0.86114501953125,3.3782755533854165
326,00:00:13.555,5.611334906684028,0.186767578125,11.039510091145834,0.9408772786458334,4.853617350260417
327,00:00:13.597,5.279954698350694,0.12451171875,10.703287760416666,0.9505615234375,4.186014811197917
328,00:00:13.639,5.067484537760417,0.10894775390625,9.926432291666666,0.90179443359375,4.374226888020833
329,00:00:13.680,5.316223144531249,0.0,10.671122233072916,0.8827311197916666,4.394816080729167
330,00:00:13.722,5.051601833767361,0.0,10.195170084635416,0.85552978515625,4.104105631510417
331,00:00:13.764,5.906941731770833,0.0,12.020853678385416,0.9304606119791666,4.769510904947917
332,00:00:13.805,3.6119927300347228,0.0,6.980814615885417,0.7904256184895834,3.0647379557291665
333,00:00:13.847,4.978929307725695,0.0,10.262471516927084,0.8145955403645834,3.8597208658854165
334,00:00:13.889,5.226386176215278,0.0,10.22967529296875,0.8428548177083334,4.60662841796875
335,00:00:13.931,5.41583251953125,0.0,10.851521809895834,0.8689168294270834,4.527058919270833
336,00:00:13.972,4.393405490451388,0.0,8.5220947265625,0.79071044921875,3.8674112955729165
337,00:00:14.014,5.528584798177083,0.0,10.588419596354166,0.8777669270833334,5.11956787109375
338,00:00:14.056,4.877638075086806,0.0,9.526936848958334,0.83148193359375,4.274495442708333
339,00:00:14.097,7.117241753472221,0.0,13.843505859375,0.9956868489583334,6.512532552083333
340,00:00:14.139,4.173760308159722,0.0,8.236043294270834,0.7757568359375,3.5094807942708335
341,00:00:14.181,7.857666015624999,0.0,15.337870279947916,0.9861043294270834,7.2490234375
342,00:00:14.223,4.538377549913195,0.0,8.778910319010416,0.7403767903645834,4.095845540364583
343,00:00:14.264,6.876397026909722,0.0,13.538228352864584,0.9629720052083334,6.12799072265625
344,00:00:14.306,4.538669162326388,0.0,8.57427978515625,0.8276570638020834,4.214070638020833
345,00:00:14.348,5.193135579427084,0.0,10.28515625,0.7928059895833334,4.501444498697917
346,00:00:14.389,3.603691948784722,0.0,7.217061360677083,0.7089029947916666,2.8851114908854165
347,00:00:14.431,5.206522623697917,0.0,10.536397298177084,0.7991739908854166,4.28399658203125
348,00:00:14.473,4.794114854600695,0.0,9.59869384765625,0.7623087565104166,4.021341959635417
349,00:00:14.515,3.841057671440972,0.0,8.073404947916666,0.7281087239583334,2.7216593424479165
350,00:00:14.556,2.6305406358506946,0.0,5.379862467447917,0.56591796875,1.9458414713541667
351,00:00:14.598,3.2934366861979165,0.0,6.70989990234375,0.66925048828125,2.50115966796875
352,00:00:14.640,2.408555772569444,0.0,4.661092122395833,0.5978190104166666,1.9667561848958333
353,00:00:14.681,3.369764539930556,0.0,6.913370768229167,0.6418660481770834,2.5540568033854165
354,00:00:14.723,61.498311360677086,37.39501953125,56.824239095052086,55.493896484375,72.17679850260417
355,00:00:14.765,58.705776638454864,61.64886474609375,53.870340983072914,53.636861165364586,68.61012776692708
356,00:00:14.806,8.568671332465279,25.49896240234375,10.359944661458334,7.912516276041667,7.433553059895833
357,00:00:14.848,8.312188042534723,16.746826171875,14.72906494140625,4.2880859375,5.919413248697917
358,00:00:14.890,3.5782063802083335,0.0726318359375,7.281514485677083,0.63214111328125,2.8209635416666665
359,00:00:14.932,5.784905327690972,1.66534423828125,11.466471354166666,1.4905802408854167,4.397664388020833
360,00:00:14.973,5.315829806857638,0.11932373046875,11.155782063802084,0.7949015299479166,3.9968058268229165
361,00:00:15.015,5.880215115017362,1.54083251953125,12.12420654296875,1.5142008463541667,4.002237955729167
362,00:00:15.057,4.745225694444445,0.15045166015625,9.997029622395834,0.6949462890625,3.543701171875
363,00:00:15.098,8.737542046440971,1.2969970703125,19.201741536458332,1.2627156575520833,5.7481689453125
364,00:00:15.140,5.117397732204862,0.062255859375,11.2904052734375,0.6452840169270834,3.41650390625
365,00:00:15.182,8.599446614583334,1.494140625,18.7794189453125,1.4355265299479167,5.583394368489583
366,00:00:15.224,6.374993218315972,0.0933837890625,13.777364095052084,0.8365885416666666,4.511027018229167
367,00:00:15.265,9.015435112847221,2.09075927734375,19.086263020833332,1.6999715169270833,6.26007080078125
368,00:00:15.307,7.297837999131944,1.00128173828125,15.27117919921875,1.01385498046875,5.608479817708333
369,00:00:15.349,9.793416341145832,4.22821044921875,19.812886555989582,2.0442708333333335,7.523091634114583
370,00:00:15.390,8.251193576388888,3.548583984375,15.991678873697916,1.47589111328125,7.2860107421875
371,00:00:15.432,10.901360405815971,5.67047119140625,20.713155110677082,2.6308186848958335,9.360107421875
372,00:00:15.474,8.833211263020834,6.26190185546875,16.197733561197918,2.0139973958333335,8.28790283203125
373,00:00:15.516,12.848714192708334,11.65740966796875,22.67010498046875,3.685791015625,12.19024658203125
374,00:00:15.557,9.948316786024305,11.787109375,17.73956298828125,2.7386678059895835,9.366719563802084
375,00:00:15.599,11.656331380208334,14.42779541015625,19.9814453125,4.0970458984375,10.8905029296875
376,00:00:15.641,14.941677517361112,18.37066650390625,25.847880045572918,4.757853190104167,14.21929931640625
377,00:00:15.682,14.381150987413195,24.99053955078125,23.108317057291668,6.064697265625,13.970438639322916
378,00:00:15.724,16.391913519965275,29.36920166015625,25.785847981770832,6.802042643229167,16.587849934895832
379,00:00:15.766,19.468499077690975,33.32763671875,30.68798828125,8.5335693359375,19.183939615885418
380,00:00:15.807,20.37893337673611,39.1900634765625,31.043986002604168,9.280110677083334,20.812703450520832
381,00:00:15.849,22.662061903211807,44.51812744140625,33.1580810546875,11.426025390625,23.402079264322918
382,00:00:15.891,25.4622802734375,51.92657470703125,34.759521484375,13.518534342447916,28.108784993489582
383,00:00:15.933,25.904290093315975,56.60614013671875,33.570576985677086,14.96661376953125,29.175679524739582
384,00:00:15.974,27.361321343315975,57.82012939453125,33.259908040364586,16.239278157552082,32.58477783203125
385,00:00:16.016,27.111565483940968,61.48284912109375,31.065348307291668,17.461690266927082,32.807657877604164
386,00:00:16.058,26.170369466145832,66.7071533203125,26.64794921875,18.555887858072918,33.307271321614586
387,00:00:16.099,23.895894368489582,71.2310791015625,21.131876627604168,18.993265787760418,31.562540690104168
388,00:00:16.141,24.019287109375,75.537109375,16.773356119791668,21.245402018229168,34.039103190104164
389,00:00:16.183,22.48647732204861,70.42694091796875,14.54327392578125,20.586344401041668,32.329813639322914
390,00:00:16.225,20.5911865234375,67.19482421875,12.190022786458334,19.77081298828125,29.812723795572918
391,00:00:16.266,18.410875108506943,66.59820556640625,9.424519856770834,18.655965169270832,27.152140299479168
392,00:00:16.308,16.394388834635418,60.8966064453125,6.70843505859375,17.748067220052082,24.726664225260418
393,00:00:16.350,17.801445855034725,66.40625,6.7266845703125,19.9150390625,26.762613932291668
394,00:00:16.391,14.634019639756945,60.242919921875,3.759033203125,17.790934244791668,22.352091471354168
395,00:00:16.433,12.932759602864584,57.77862548828125,2.1028645833333335,16.706522623697918,19.9888916015625
396,00:00:16.475,12.243408203125,59.43359375,1.0024210611979167,16.94097900390625,18.786824544270832
397,00:00:16.517,13.97955322265625,62.75390625,1.4001261393229167,19.201904296875,21.336629231770832
398,00:00:16.558,11.773817274305557,56.25335693359375,0.9811808268229166,16.403788248697918,17.936482747395832
399,00:00:16.600,13.133673773871529,59.1741943359375,1.272216796875,18.288187662760418,19.840616861979168
400,00:00:16.642,10.326266818576388,48.3624267578125,0.8997395833333334,14.324483235677084,15.75457763671875
401,00:00:16.683,12.566148546006943,53.31695556640625,1.1834920247395833,17.957682291666668,18.557271321614582
402,00:00:16.725,12.956163194444443,54.54132080078125,0.9717000325520834,18.734720865885418,19.162068684895832
403,00:00:16.767,9.502861870659721,82.88848876953125,1.0342000325520833,13.856486002604166,13.617899576822916
404,00:00:16.808,10.54791259765625,48.5491943359375,0.91448974609375,14.97088623046875,15.75836181640625
405,00:00:16.850,8.645331488715279,35.7452392578125,1.273681640625,11.125447591145834,13.536865234375
406,00:00:16.892,8.169989691840279,31.69342041015625,1.3374226888020833,9.681315104166666,13.491231282552084
407,00:00:16.934,6.960123697916667,23.08135986328125,1.0664265950520833,8.1795654296875,11.634379069010416
408,00:00:16.975,6.268093532986111,19.984130859375,0.8122762044270834,6.532430013020833,11.459574381510416
409,00:00:17.017,7.123114691840279,17.56134033203125,5.30792236328125,6.28350830078125,9.777913411458334
410,00:00:17.059,4.080037434895833,13.1671142578125,3.2764892578125,3.9266153971354165,5.037007649739583
411,00:00:17.100,3.7662624782986107,12.58087158203125,2.1568400065104165,4.060892740885417,5.0810546875
412,00:00:17.142,2.473626030815972,8.99078369140625,1.2738850911458333,2.4501749674479165,3.6968180338541665
413,00:00:17.184,2.248277452256944,8.4149169921875,0.607421875,2.3984781901041665,3.7389322916666665
414,00:00:17.226,2.330030653211806,7.37213134765625,1.1022135416666667,2.2930908203125,3.59478759765625
415,00:00:17.267,2.290337456597222,6.30859375,0.84405517578125,2.1058146158854165,3.921142578125
416,00:00:17.309,1.8564927842881946,4.44091796875,0.7680257161458334,1.6807657877604167,3.1206868489583335
417,00:00:17.351,2.1192830403645835,3.24249267578125,0.8197021484375,2.0968017578125,3.44134521484375
418,00:00:17.392,1.5520765516493054,2.55767822265625,0.6454264322916666,1.14727783203125,2.863525390625
419,00:00:17.434,1.7510782877604167,1.888427734375,0.5625,1.87261962890625,2.818115234375
420,00:00:17.476,2.3391859266493054,1.61865234375,0.8335774739583334,1.8904622395833333,4.29351806640625
421,00:00:17.518,2.495313856336806,1.82098388671875,1.1039632161458333,1.8589884440104167,4.522989908854167
422,00:00:17.559,2.583753797743056,2.13226318359375,1.1839396158854167,1.7148640950520833,4.852457682291667
423,00:00:17.601,2.365512424045139,2.57843017578125,0.900390625,1.6443888346354167,4.5517578125
424,00:00:17.643,2.4160359700520835,1.82098388671875,0.8951212565104166,1.4847208658854167,4.868265787760417
425,00:00:17.684,2.9058024088541665,3.590087890625,1.0779622395833333,2.29449462890625,5.344950358072917
426,00:00:17.726,2.726732042100694,2.2308349609375,1.1726888020833333,1.5009765625,5.50653076171875
427,00:00:17.768,3.883572048611111,4.13482666015625,1.7751261393229167,2.7099609375,7.165629069010417
428,00:00:17.809,3.054558648003472,3.8494873046875,1.4173583984375,1.8049519856770833,5.941365559895833
429,00:00:17.851,3.238396538628472,3.52783203125,1.7659912109375,2.1745808919270835,5.774617513020833
430,00:00:17.893,2.829637315538194,3.092041015625,1.6678059895833333,1.6532389322916667,5.167867024739583
431,00:00:17.935,2.138576931423611,3.465576171875,1.2522379557291667,1.49212646484375,3.6713663736979165
432,00:00:17.976,2.059909396701389,2.41241455078125,1.16656494140625,1.3141682942708333,3.6989949544270835
433,00:00:18.018,2.275729709201389,3.69903564453125,1.4002888997395833,1.4929606119791667,3.9339396158854165
434,00:00:18.060,2.167982313368056,2.1478271484375,1.5926717122395833,1.2267252604166667,3.6845499674479165
435,00:00:18.101,1.09295654296875,1.26068115234375,0.6796061197916666,0.9507649739583334,1.64849853515625
436,00:00:18.143,0.9665120442708334,0.8612060546875,1.0069580078125,0.68572998046875,1.20684814453125
437,00:00:18.185,1.4735514322916667,1.71722412109375,0.8646647135416666,1.13720703125,2.4187825520833335
438,00:00:18.227,1.0325317382812498,1.28143310546875,0.662109375,0.7366129557291666,1.6988728841145833
439,00:00:18.268,0.85137939453125,1.2451171875,0.6516927083333334,0.7275390625,1.1749064127604167
440,00:00:18.310,1.175299750434028,0.79376220703125,0.76544189453125,0.8077799479166666,1.9526774088541667
441,00:00:18.352,1.3771226671006944,1.36444091796875,0.8348185221354166,1.0631917317708333,2.2333577473958335
442,00:00:18.393,1.2438557942708333,1.7742919921875,0.9782918294270834,1.06878662109375,1.6844889322916667
443,00:00:18.435,1.4087727864583333,1.73797607421875,1.04473876953125,1.0162556966145833,2.1653238932291665
444,00:00:18.477,1.4426608615451386,1.3385009765625,1.1295166015625,1.0609130859375,2.1375528971354165
445,00:00:18.519,1.1612141927083333,1.83135986328125,0.7298990885416666,0.9769083658854166,1.7768351236979167
446,00:00:18.560,1.4317084418402777,1.514892578125,0.763671875,1.2004191080729167,2.3310343424479165
447,00:00:18.602,1.0808580186631944,1.09466552734375,0.6717122395833334,0.87469482421875,1.6961669921875
448,00:00:18.644,1.5549723307291667,4.7314453125,0.8333333333333334,1.1964518229166667,2.6351318359375
449,00:00:18.685,1.5736897786458333,1.58233642578125,0.8170166015625,1.237548828125,2.66650390625
450,00:00:18.727,1.2911716037326388,1.19842529296875,0.8283487955729166,0.9855550130208334,2.0596110026041665
451,00:00:18.769,1.665927463107639,1.390380859375,1.3842569986979167,1.0928955078125,2.5206298828125
452,00:00:18.810,1.2394070095486112,0.86639404296875,1.0084635416666667,0.8233642578125,1.8863932291666667
453,00:00:18.852,1.3971964518229167,2.03369140625,0.7588094075520834,0.9085693359375,2.5242106119791665
454,00:00:18.894,1.1041395399305556,0.9649658203125,0.6083170572916666,0.7602132161458334,1.9438883463541667
455,00:00:18.936,1.4872911241319444,0.975341796875,0.8407796223958334,1.0279134114583333,2.5931803385416665
456,00:00:18.977,0.9253607855902777,1.1309814453125,0.6473592122395834,0.7064005533854166,1.4223225911458333
457,00:00:19.019,1.0169949001736112,1.141357421875,0.5604654947916666,0.8237508138020834,1.6667683919270833
458,00:00:19.061,1.1379869249131944,0.62774658203125,0.6509195963541666,0.7840372721354166,1.97900390625
459,00:00:19.102,1.2166951497395833,1.03240966796875,0.8647664388020834,0.8909098307291666,1.8944091796875
460,00:00:19.144,1.3306477864583335,0.67962646484375,1.0782063802083333,0.8761800130208334,2.0375569661458335
461,00:00:19.186,1.3633287217881944,1.07391357421875,0.7692667643229166,0.9215901692708334,2.3991292317708335
462,00:00:19.228,1.0559895833333333,0.70556640625,0.70672607421875,0.7408854166666666,1.7203572591145833
463,00:00:19.269,1.3896484375,1.5460205078125,0.9097493489583334,1.0020548502604167,2.25714111328125
464,00:00:19.311,1.5298529730902777,0.9027099609375,0.8488566080729166,0.9767049153645834,2.7639973958333335
465,00:00:19.353,1.4120008680555556,1.2347412109375,0.7207234700520834,1.0063273111979167,2.5089518229166665
466,00:00:19.394,1.8971896701388886,2.16339111328125,0.89532470703125,1.14013671875,3.6561075846354165
467,00:00:19.436,1.1044514973958333,1.04278564453125,0.7492472330729166,0.86053466796875,1.7035725911458333
468,00:00:19.478,1.8848334418402777,1.514892578125,1.2568766276041667,1.0989583333333333,3.2986653645833335
469,00:00:19.520,1.2718302408854167,1.6705322265625,0.71630859375,0.9722900390625,2.12689208984375
470,00:00:19.561,2.0568440755208335,1.8157958984375,0.9308878580729166,1.3117472330729167,3.9278971354166665
471,00:00:19.603,1.631496853298611,1.2347412109375,0.7780558268229166,1.1377156575520833,2.9787190755208335
472,00:00:19.645,1.7086927625868056,1.05316162109375,0.8033650716145834,1.1451009114583333,3.1776123046875
473,00:00:19.686,1.673489040798611,1.1932373046875,0.7115885416666666,1.1691487630208333,3.1397298177083335
474,00:00:19.728,2.014309353298611,1.265869140625,0.9024861653645834,1.1827189127604167,3.9577229817708335
475,00:00:19.770,1.8199055989583337,1.494140625,0.98309326171875,1.1957194010416667,3.2809041341145835
476,00:00:19.811,2.368177625868056,0.87677001953125,1.3005777994791667,1.46307373046875,4.34088134765625
477,00:00:19.853,2.171237521701389,1.53045654296875,0.9380900065104166,1.3598225911458333,4.215799967447917
478,00:00:19.895,2.179416232638889,0.9027099609375,0.8372599283854166,1.2892659505208333,4.411722819010417
479,00:00:19.937,1.5698716905381944,0.933837890625,0.8863932291666666,1.0926310221354167,2.7305908203125
480,00:00:19.978,2.475802951388889,0.55511474609375,0.93060302734375,1.5607503255208333,4.936055501302083
481,00:00:20.020,3.018764919704861,2.58880615234375,3.4299723307291665,1.6750081380208333,3.9513142903645835
482,00:00:20.062,2.0311279296875,0.20751953125,1.0133260091145833,1.248779296875,3.8312784830729165
483,00:00:20.103,2.0606486002604165,0.6329345703125,0.837890625,1.3081258138020833,4.035929361979167
484,00:00:20.145,2.1411132812500004,0.0103759765625,0.7662150065104166,1.3122965494791667,4.344828287760417
485,00:00:20.187,1.7942708333333333,0.58624267578125,0.7168172200520834,1.1947835286458333,3.4712117513020835
486,00:00:20.229,2.5143364800347223,0.352783203125,0.9244181315104166,1.42938232421875,5.189208984375
487,00:00:20.270,2.3858846028645835,0.809326171875,0.9233805338541666,1.4658406575520833,4.7684326171875
488,00:00:20.312,1.688930935329861,0.01556396484375,0.6967569986979166,1.0390218098958333,3.3310139973958335
489,00:00:20.354,1.8796454535590277,0.84564208984375,0.76153564453125,1.2461751302083333,3.6312255859375
490,00:00:20.395,1.8868747287326386,0.05706787109375,0.77691650390625,1.1434326171875,3.7402750651041665
491,00:00:20.437,1.798244900173611,0.7574462890625,0.5904541015625,1.2002766927083333,3.60400390625
492,00:00:20.479,1.8599310980902777,0.3631591796875,0.8359375,1.1081339518229167,3.6357218424479165
493,00:00:20.521,1.737392849392361,0.8404541015625,0.83453369140625,1.2617390950520833,3.11590576171875
494,00:00:20.562,1.6330634223090277,0.05706787109375,0.6630655924479166,1.138671875,3.0974527994791665
495,00:00:20.604,1.594028049045139,1.14654541015625,0.6284993489583334,1.1924845377604167,2.9611002604166665
496,00:00:20.646,1.6328260633680554,0.04150390625,0.6409098307291666,1.0204060872395833,3.2371622721354165
497,00:00:20.687,1.4853040907118056,1.3592529296875,0.8863321940104166,1.1106363932291667,2.4589436848958335
498,00:00:20.729,1.4284193250868054,0.0311279296875,0.6912841796875,1.01104736328125,2.5829264322916665
499,00:00:20.771,1.629828559027778,1.0894775390625,0.5576375325520834,1.0536905924479167,3.2781575520833335
500,00:00:20.812,1.2924669053819444,0.3009033203125,0.5019327799479166,0.8249308268229166,2.550537109375
501,00:00:20.854,1.2842542860243056,1.0272216796875,0.6976521809895834,0.98577880859375,2.1693318684895835
502,00:00:20.896,1.3290540907118056,0.062255859375,0.5628458658854166,0.8604736328125,2.5638427734375
503,00:00:20.938,1.3140326605902777,1.27105712890625,0.5792643229166666,1.0359090169270833,2.3269246419270835
504,00:00:20.979,1.1918877495659723,0.00518798828125,0.4377034505208333,0.77850341796875,2.3594563802083335
505,00:00:21.021,1.4755995008680556,1.33331298828125,0.6878255208333334,1.13775634765625,2.6012166341145835
506,00:00:21.063,1.1801486545138888,0.0103759765625,0.5985514322916666,0.8061930338541666,2.1357014973958335
507,00:00:21.104,1.4649793836805556,1.162109375,0.7089436848958334,1.2709147135416667,2.4150797526041665
508,00:00:21.146,1.2693277994791667,0.04150390625,0.5318806966145834,0.833251953125,2.4428507486979165
509,00:00:21.188,1.6354437934027777,1.17767333984375,0.7070719401041666,1.27728271484375,2.9219767252604165
510,00:00:21.230,1.1277330186631944,0.08819580078125,0.4732462565104167,0.74957275390625,2.1603800455729165
511,00:00:21.271,0.9588623046875,1.20880126953125,0.4371744791666667,0.7958780924479166,1.6435343424479167
512,00:00:21.313,1.2329847547743056,0.0103759765625,0.4486897786458333,0.7929890950520834,2.457275390625
513,00:00:21.355,1.1034749348958333,1.43707275390625,0.54071044921875,0.85369873046875,1.916015625
514,00:00:21.396,1.171725802951389,0.103759765625,0.5737508138020834,0.75921630859375,2.1822102864583335
515,00:00:21.438,0.9986029730902777,1.28662109375,0.3817342122395833,0.8328043619791666,1.7812703450520833
516,00:00:21.480,1.301113552517361,1.141357421875,0.5917765299479166,0.9478759765625,2.3636881510416665
517,00:00:21.522,1.0690307617187502,0.26458740234375,0.51641845703125,0.7605183919270834,1.9301554361979167
518,00:00:21.563,1.1313680013020833,1.53045654296875,0.4792887369791667,0.9224446614583334,1.99237060546875
519,00:00:21.605,0.8093193901909723,0.0311279296875,0.4525146484375,0.6885986328125,1.2868448893229167
520,00:00:21.647,0.9770643446180555,1.514892578125,0.3419596354166667,0.9127197265625,1.676513671875
521,00:00:21.688,0.7227579752604166,0.0,0.5013631184895834,0.5462646484375,1.1206461588541667
522,00:00:21.730,1.3395589192708333,1.49932861328125,0.63995361328125,0.89691162109375,2.4818115234375
523,00:00:21.772,1.0178697374131944,0.20751953125,0.38116455078125,0.6681925455729166,2.0042521158854165
524,00:00:21.813,1.3684014214409723,1.5667724609375,0.59796142578125,1.0070393880208333,2.5002034505208335
525,00:00:21.855,1.0971340603298612,0.0,0.4761555989583333,0.69873046875,2.11651611328125
526,00:00:21.897,1.5282185872395833,1.9818115234375,0.6141357421875,1.01885986328125,2.95166015625
527,00:00:21.939,1.2319607204861112,0.20751953125,0.4986979166666667,0.8029378255208334,2.3942464192708335
528,00:00:21.980,1.5292561848958333,2.26715087890625,0.6383056640625,1.1292521158854167,2.8202107747395835
529,00:00:22.022,1.1075168185763888,0.0103759765625,0.6279296875,0.8062540690104166,1.88836669921875
530,00:00:22.064,1.6658393012152777,2.054443359375,0.93475341796875,1.2208048502604167,2.8419596354166665
531,00:00:22.105,1.0200941297743056,0.05706787109375,0.5114339192708334,0.72149658203125,1.8273518880208333
532,00:00:22.147,1.237114800347222,1.98699951171875,0.7986653645833334,0.9835611979166666,1.9291178385416667
533,00:00:22.189,1.1483629014756944,0.7781982421875,0.7923990885416666,0.7815144856770834,1.8711751302083333
534,00:00:22.231,1.6080457899305554,2.5836181640625,1.3454182942708333,1.0965169270833333,2.3822021484375
535,00:00:22.272,1.4889729817708333,0.228271484375,1.5980428059895833,0.8310343424479166,2.037841796875
536,00:00:22.314,3.962429470486111,2.926025390625,6.8265380859375,1.302978515625,3.7577718098958335
537,00:00:22.356,2.776197645399306,0.9234619140625,1.9818522135416667,1.0781453450520833,5.268595377604167
538,00:00:22.397,2.242974175347222,2.27752685546875,0.4210408528645833,1.2411092122395833,5.0667724609375
539,00:00:22.439,2.1779378255208335,0.25421142578125,0.6659138997395834,1.0475870768229167,4.8203125
540,00:00:22.481,2.333116319444444,2.44354248046875,0.7107747395833334,1.4101969401041667,4.878377278645833
541,00:00:22.523,2.564561631944444,0.00518798828125,0.6257527669270834,1.3170369466145833,5.750895182291667
542,00:00:22.564,2.357774522569444,2.012939453125,0.5752970377604166,1.4820760091145833,5.015950520833333
543,00:00:22.606,2.0866021050347223,0.01556396484375,0.40008544921875,1.2424723307291667,4.61724853515625
544,00:00:22.648,1.73834228515625,0.80413818359375,0.312744140625,1.2378743489583333,3.6644083658854165
545,00:00:22.689,2.561435275607639,0.0,0.45977783203125,1.4432169596354167,5.78131103515625
546,00:00:22.731,2.6803249782986107,0.0,0.4847615559895833,1.39862060546875,6.1575927734375
547,00:00:22.773,2.921352810329861,0.0,0.5247395833333334,1.6287434895833333,6.610575358072917
548,00:00:22.814,2.914516872829861,0.0,0.52545166015625,1.5655110677083333,6.652587890625
549,00:00:22.856,2.852423773871528,0.0,0.506103515625,1.6326497395833333,6.41851806640625
550,00:00:22.898,2.8822224934895835,0.0,0.5218912760416666,1.60491943359375,6.519856770833333
551,00:00:22.940,3.0008951822916665,0.0,0.5436197916666666,1.6675008138020833,6.79156494140625
552,00:00:22.981,3.3112318250868054,0.0,0.5663655598958334,1.8001708984375,7.567159016927083
553,00:00:23.023,2.9823472764756946,0.0,0.5348307291666666,1.8348388671875,6.577372233072917
554,00:00:23.065,17.567911783854168,0.0,3.21197509765625,2.5669352213541665,46.924825032552086
555,00:00:23.106,11.246900770399305,0.0,3.1716105143229165,2.7722574869791665,27.796834309895832
556,00:00:23.148,7.772040473090279,0.0,1.9601236979166667,2.8059488932291665,18.550048828125
557,00:00:23.190,8.18966335720486,0.0,2.1574910481770835,2.9323323567708335,19.479166666666668
558,00:00:23.232,5.590094672309029,0.0,1.8272298177083333,2.4869384765625,12.45611572265625
559,00:00:23.273,5.500454372829861,0.0,3.3476155598958335,2.2879842122395835,10.865763346354166
560,00:00:23.315,5.37457275390625,0.0,4.454630533854167,2.0997721354166665,9.569315592447916
561,00:00:23.357,6.492045084635417,0.0,5.200174967447917,1.8788045247395833,12.39715576171875
562,00:00:23.398,7.789360894097222,0.0,6.779683430989583,1.5125732421875,15.075826009114584
563,00:00:23.440,32.138285319010414,0.0,19.92919921875,2.1281534830729165,74.35750325520833
564,00:00:23.482,15.711981879340277,0.0,13.015299479166666,2.1890055338541665,31.931640625
565,00:00:23.524,17.210496690538196,0.0,13.928609212239584,3.10357666015625,34.59930419921875
566,00:00:23.565,12.463473849826388,0.0,8.37652587890625,3.0258992513020835,25.987996419270832
567,00:00:23.607,13.209343804253471,0.0,7.299763997395833,4.52978515625,27.798482259114582
568,00:00:23.649,9.463039822048612,0.0,1.9456787109375,4.423563639322917,22.019877115885418
569,00:00:23.690,8.03659396701389,0.0,1.1183268229166667,4.29412841796875,18.69732666015625
570,00:00:23.732,2.44024658203125,0.0,0.3392333984375,4.10894775390625,2.87255859375
571,00:00:23.774,4.018961588541667,0.0,0.5590413411458334,6.458455403645833,5.039388020833333
572,00:00:23.815,2.803955078125,0.0,0.4171956380208333,5.384114583333333,2.6105550130208335
573,00:00:23.857,3.859768337673611,0.0,0.6466064453125,8.284077962239584,2.64862060546875
574,00:00:23.899,58.685621473524314,193.34075927734375,45.304158528645836,94.95029703776042,35.802408854166664
575,00:00:23.941,37.56887478298611,100.0555419921875,12.15753173828125,64.14473470052083,36.40435791015625
576,00:00:23.982,46.435099283854164,111.624755859375,21.882731119791668,64.39731852213542,53.025248209635414
577,00:00:24.024,52.37245008680555,119.7491455078125,30.251973470052082,60.416463216145836,66.44891357421875
578,00:00:24.066,52.21166314019098,114.22393798828125,45.78814697265625,49.975667317708336,60.871175130208336
579,00:00:24.107,52.360914442274314,103.98284912109375,49.59246826171875,44.925069173177086,62.565205891927086
580,00:00:24.149,46.32147894965277,105.86090087890625,35.45550537109375,45.918070475260414,57.590861002604164
581,00:00:24.191,46.779276529947914,92.70416259765625,38.597086588541664,42.131123860677086,59.609619140625
582,00:00:24.233,43.05726453993055,81.8768310546875,37.592753092447914,41.358744303385414,50.220296223958336
583,00:00:24.274,32.79169379340278,81.91314697265625,27.240620930989582,35.256205240885414,35.878255208333336
584,00:00:24.316,18.93661159939236,55.82275390625,14.319193522135416,23.212320963541668,19.2783203125
585,00:00:24.358,10.908793131510416,24.7882080078125,7.709635416666667,14.104329427083334,10.91241455078125
586,00:00:24.399,10.40740966796875,23.20587158203125,7.4951171875,13.386311848958334,10.340799967447916
587,00:00:24.441,6.9904649522569455,13.5406494140625,4.867289225260417,8.8397216796875,7.264383951822917
588,00:00:24.483,7.313673231336806,14.84283447265625,4.9376220703125,9.4835205078125,7.519877115885417
589,00:00:24.525,5.938937717013889,10.45379638671875,3.860595703125,7.567606608072917,6.38861083984375
590,00:00:24.566,6.6407945421006955,12.99591064453125,4.490030924479167,8.49774169921875,6.934611002604167
591,00:00:24.608,1.6385769314236114,2.95196533203125,1.2859903971354167,1.7427978515625,1.8869425455729167
592,00:00:24.650,0.6232231987847223,1.5045166015625,0.4764404296875,0.6342976888020834,0.7589314778645834
593,00:00:24.691,0.7915106879340277,1.61346435546875,0.5875040690104166,0.869384765625,0.9176432291666666
594,00:00:24.733,0.6554429796006944,1.38519287109375,0.5299479166666666,0.58819580078125,0.8481852213541666
595,00:00:24.775,0.3949720594618055,0.44097900390625,0.4464111328125,0.2976888020833333,0.4408162434895833
596,00:00:24.816,0.21827528211805555,0.37872314453125,0.2514851888020833,0.15669759114583334,0.24664306640625
597,00:00:24.858,0.9247165256076388,1.6912841796875,1.1897176106770833,0.6114095052083334,0.9730224609375
598,00:00:24.900,0.42078314887152773,0.5706787109375,0.4547526041666667,0.28643798828125,0.5211588541666666
599,00:00:24.942,0.5707939995659722,0.4669189453125,0.5091552734375,0.4827473958333333,0.7204793294270834
600,00:00:24.983,0.5581393771701388,0.9027099609375,0.4336751302083333,0.5957234700520834,0.64501953125
601,00:00:25.025,2.2230224609374996,2.57843017578125,2.6366984049479165,1.3891805013020833,2.6431884765625
602,00:00:25.067,1.5509236653645833,3.31512451171875,0.9419148763020834,1.9239908854166667,1.786865234375
603,00:00:25.108,1.681159125434028,3.54339599609375,1.1324259440104167,2.0011189778645835,1.9099324544270833
604,00:00:25.150,3.811943901909722,8.28521728515625,2.10028076171875,5.142293294270833,4.193257649739583
605,00:00:25.192,1.3756239149305554,3.21136474609375,0.9756062825520834,1.515869140625,1.6353963216145833
606,00:00:25.234,0.9304470486111112,2.21527099609375,0.6488850911458334,1.052001953125,1.0904541015625
607,00:00:25.275,3.730638292100694,6.3604736328125,2.38525390625,4.513142903645833,4.29351806640625
608,00:00:25.317,1.3033854166666667,2.6458740234375,1.0403035481770833,1.41119384765625,1.4586588541666667
609,00:00:25.359,1.204888237847222,2.2930908203125,0.9631144205729166,1.26654052734375,1.385009765625
610,00:00:25.400,3.554429796006944,7.35137939453125,2.4542439778645835,4.324971516927083,3.8840738932291665
611,00:00:25.442,1.41290283203125,2.87933349609375,1.0460001627604167,1.55865478515625,1.6340535481770833
612,00:00:25.484,1.1901652018229167,2.69256591796875,0.92047119140625,1.25457763671875,1.39544677734375
613,00:00:25.526,3.4291314019097228,6.18408203125,2.2786458333333335,4.211018880208333,3.7977294921875
614,00:00:25.567,1.071316189236111,2.21527099609375,0.9144287109375,1.1141357421875,1.1853841145833333
615,00:00:25.609,6.80517578125,17.59246826171875,4.81170654296875,9.041666666666666,6.562154134114583
616,00:00:25.651,1.54071044921875,2.97271728515625,1.09088134765625,1.7077840169270833,1.8234659830729167
617,00:00:25.692,6.977783203125,16.8609619140625,4.677022298177083,9.495747884114584,6.760579427083333
618,00:00:25.734,1.537685818142361,4.01031494140625,1.1267293294270833,1.6817423502604167,1.8045857747395833
619,00:00:25.776,1.4384087456597223,2.4176025390625,1.19635009765625,1.5172526041666667,1.60162353515625
620,00:00:25.817,11.304355197482641,30.4119873046875,7.595255533854167,16.246622721354168,10.071187337239584
621,00:00:25.859,1.8500705295138886,4.03106689453125,1.3946329752604167,1.9778645833333333,2.1777140299479165
622,00:00:25.901,21.999443901909725,68.7408447265625,16.0185546875,34.667378743489586,15.312398274739584
623,00:00:25.943,1.0989176432291667,2.42279052734375,0.7725830078125,1.08258056640625,1.44158935546875
624,00:00:25.984,12.691128200954862,38.9410400390625,8.44207763671875,18.10870361328125,11.522603352864584
625,00:00:26.026,1.9543524848090277,4.57061767578125,1.4430745442708333,2.039306640625,2.38067626953125
626,00:00:26.068,11.96893310546875,33.58184814453125,8.238667805989584,16.295450846354168,11.3726806640625
627,00:00:26.109,1.550754123263889,3.11279296875,1.0498453776041667,1.6460978190104167,1.9563191731770833
628,00:00:26.151,1.1555311414930556,3.30474853515625,0.8336181640625,1.1598307291666667,1.47314453125
629,00:00:26.193,4.936916775173612,9.56146240234375,3.26116943359375,6.480326334635417,5.069254557291667
630,00:00:26.235,1.5439927842881944,3.28399658203125,1.0828043619791667,1.7151082356770833,1.8340657552083333
631,00:00:26.276,1.1895548502604167,2.75482177734375,0.8127034505208334,1.2978312174479167,1.4581298828125
632,00:00:26.318,4.425028483072917,9.3902587890625,2.767578125,5.727437337239583,4.780069986979167
633,00:00:26.360,1.60498046875,3.2373046875,1.1366780598958333,1.6151326497395833,2.0631306966145835
634,00:00:26.401,1.69305419921875,3.9117431640625,1.3250732421875,1.7685750325520833,1.9855143229166667
635,00:00:26.443,4.860663519965278,10.5938720703125,3.5169677734375,6.104207356770833,4.9608154296875
636,00:00:26.485,1.530422634548611,3.26324462890625,1.15142822265625,1.6987508138020833,1.7410888671875
637,00:00:26.527,1.7695109049479167,3.818359375,1.3832600911458333,1.7747395833333333,2.1505330403645835
638,00:00:26.568,3.152662489149306,7.23724365234375,2.1834309895833335,3.8463338216145835,3.42822265625
639,00:00:26.610,1.8685031467013886,4.56024169921875,1.3796590169270833,2.0810953776041665,2.1447550455729165
640,00:00:26.652,1.3791300455729167,3.714599609375,1.054931640625,1.4958699544270833,1.5865885416666667
641,00:00:26.693,3.3331298828125,8.08807373046875,2.4503377278645835,3.8356526692708335,3.7133992513020835
642,00:00:26.735,0.722812228732639,1.888427734375,0.5343831380208334,0.79766845703125,0.8363850911458334
643,00:00:26.777,0.5205281575520834,1.265869140625,0.4357096354166667,0.5466715494791666,0.5792032877604166
644,00:00:26.818,79.30078125,123.76983642578125,65.82810465494792,114.64560953776042,57.428629557291664
645,00:00:26.860,9.619581434461805,23.94256591796875,5.389546712239583,11.923014322916666,11.546183268229166
646,00:00:26.902,8.166212293836805,16.9854736328125,4.386271158854167,11.439208984375,8.67315673828125
647,00:00:26.944,8.387152777777777,17.9400634765625,4.1458740234375,12.261088053385416,8.754496256510416
648,00:00:26.985,6.033209906684029,10.99334716796875,3.3211669921875,7.842203776041667,6.936258951822917
649,00:00:27.027,7.359002007378472,11.185302734375,4.790059407552083,8.195068359375,9.091878255208334
650,00:00:27.069,62.18554009331598,113.4197998046875,46.275634765625,93.63578287760417,46.64520263671875
651,00:00:27.110,8.419501410590277,14.13726806640625,6.673421223958333,9.08984375,9.4952392578125
652,00:00:27.152,4.278720431857638,8.15032958984375,3.3100179036458335,4.7603759765625,4.765767415364583
653,00:00:27.194,3.911756727430556,3.486328125,3.42333984375,4.188578287760417,4.12335205078125
654,00:00:27.236,3.0752020941840272,3.11279296875,3.11151123046875,2.9522501627604165,3.1618448893229165
655,00:00:27.277,1.3765462239583333,0.9234619140625,1.8297932942708333,0.7340291341145834,1.5658162434895833
656,00:00:27.319,0.7939453125,0.61737060546875,1.19793701171875,0.3287150065104167,0.8551839192708334
657,00:00:27.361,0.848422580295139,0.726318359375,1.2092081705729167,0.3598836263020833,0.9761759440104166
658,00:00:27.402,1.5136515299479167,1.14654541015625,2.2144775390625,0.5707194010416666,1.7557576497395833
659,00:00:27.444,71.14106580946181,120.9735107421875,76.71714274088542,85.043701171875,51.662353515625
660,00:00:27.486,18.093058268229164,1.1309814453125,7.015848795572917,1.8091837565104167,45.454142252604164
661,00:00:27.528,14.61651611328125,0.49285888671875,7.72894287109375,1.67706298828125,34.44354248046875
662,00:00:27.569,14.141472710503471,1.016845703125,8.207865397135416,1.5237833658854167,32.692769368489586
663,00:00:27.611,11.535508897569445,0.33203125,6.996175130208333,1.2133382161458333,26.397013346354168
664,00:00:27.653,8.370130750868055,0.54473876953125,5.423502604166667,0.9747517903645834,18.712137858072918
665,00:00:27.694,7.298448350694444,0.07781982421875,4.11444091796875,0.9676717122395834,16.813232421875
666,00:00:27.736,5.734286838107638,0.1141357421875,2.89324951171875,0.7628173828125,13.546793619791666
667,00:00:27.778,3.8711140950520835,0.2490234375,2.1812337239583335,0.7174072265625,8.714701334635416
668,00:00:27.819,2.855156792534722,0.31646728515625,2.1288859049479165,0.5889078776041666,5.847676595052083
669,00:00:27.861,2.955518934461806,0.19195556640625,2.7435709635416665,0.6631062825520834,5.459879557291667
670,00:00:27.903,1.887641059027778,0.02593994140625,2.0670166015625,0.4727783203125,3.1231282552083335
671,00:00:27.945,1.5857408311631944,0.0311279296875,2.1143595377604165,0.475830078125,2.1670328776041665
672,00:00:27.986,1.0960964626736112,0.0,1.4644775390625,0.3737589518229167,1.4500528971354167
673,00:00:28.028,1.1600002712673612,0.06744384765625,1.62060546875,0.4413248697916667,1.4180704752604167
674,00:00:28.070,0.9200914171006945,0.03631591796875,1.21063232421875,0.4781087239583333,1.071533203125
675,00:00:28.111,0.6953125,0.0830078125,0.8402303059895834,0.3092447916666667,0.93646240234375
676,00:00:28.153,0.6635267469618056,0.11932373046875,0.8756306966145834,0.2865397135416667,0.8284098307291666
677,00:00:28.195,0.7627427842881945,0.15045166015625,1.0130615234375,0.33770751953125,0.9374593098958334
678,00:00:28.237,0.6159464518229166,0.0518798828125,0.7714640299479166,0.322509765625,0.7538655598958334
679,00:00:28.278,0.9121297200520835,0.00518798828125,1.16314697265625,0.3323567708333333,1.2408854166666667
680,00:00:28.320,0.4689805772569445,0.0103759765625,0.5656941731770834,0.28192138671875,0.559326171875
681,00:00:28.362,0.9282090928819443,0.07781982421875,1.14361572265625,0.40289306640625,1.2381184895833333
682,00:00:28.403,0.650729709201389,0.02593994140625,0.8247477213541666,0.3124186197916667,0.8150227864583334
683,00:00:28.445,0.5528428819444444,0.0103759765625,0.72259521484375,0.2571207682291667,0.6788126627604166
684,00:00:28.487,0.31395806206597227,0.0311279296875,0.4039713541666667,0.19691975911458334,0.3409830729166667
685,00:00:28.529,0.2554117838541667,0.04150390625,0.2740275065104167,0.21797688802083334,0.27423095703125
686,00:00:28.570,0.17793104383680558,0.11932373046875,0.17397054036458334,0.17340087890625,0.18642171223958334
687,00:00:28.612,0.14632839626736113,0.02593994140625,0.13230387369791666,0.13051350911458334,0.17616780598958334
688,00:00:28.654,22.152052137586807,17.8778076171875,1.7706298828125,44.8897705078125,19.795756022135418
689,00:00:28.695,59.65528700086805,83.07525634765625,33.774678548177086,73.35504150390625,71.83614095052083
690,00:00:28.737,0.6818033854166666,1.37481689453125,0.7733968098958334,0.56396484375,0.7080485026041666
691,00:00:28.779,65.94803195529515,121.79840087890625,57.336669921875,72.29156494140625,68.21586100260417
692,00:00:28.820,0.68157958984375,1.5045166015625,0.8663330078125,0.481689453125,0.69671630859375
693,00:00:28.862,43.825032552083336,89.25933837890625,29.846923828125,55.551106770833336,46.077067057291664
694,00:00:28.904,0.6144273546006945,1.40594482421875,0.53033447265625,0.63037109375,0.6825764973958334
695,00:00:28.946,15.089511447482641,42.15240478515625,12.202351888020834,18.241312662760418,14.824869791666666
696,00:00:28.987,0.2813924153645833,0.1763916015625,0.3233439127604167,0.2521158854166667,0.2687174479166667
697,00:00:29.029,0.97357177734375,1.91436767578125,0.7015584309895834,1.1532999674479167,1.06585693359375
698,00:00:29.071,10.145046657986112,24.8712158203125,7.670125325520833,13.163533528645834,9.601481119791666
699,00:00:29.112,1.1445448133680556,1.53564453125,1.0207926432291667,1.206787109375,1.2060546875
700,00:00:29.154,0.6977674696180557,1.29180908203125,0.930908203125,0.5462239583333334,0.6161702473958334
701,00:00:29.196,0.5560438368055556,0.23345947265625,1.07220458984375,0.19580078125,0.4001261393229167
702,00:00:29.238,0.3041653103298611,0.29571533203125,0.3876139322916667,0.18855794270833334,0.3363240559895833
703,00:00:29.279,0.3695882161458333,0.5810546875,0.42645263671875,0.27935791015625,0.4029541015625
704,00:00:29.321,5.69281005859375,17.03216552734375,6.303181966145833,3.5852254231770835,7.190022786458333
705,00:00:29.363,0.4938151041666667,0.643310546875,0.3695068359375,0.5232340494791666,0.5887044270833334
706,00:00:29.404,13.584743923611109,38.84246826171875,11.892557779947916,13.051066080729166,15.81060791015625
707,00:00:29.446,0.4366251627604167,0.36834716796875,0.4886474609375,0.3916829427083333,0.4295450846354167
708,00:00:29.488,35.546420627170136,70.11566162109375,28.993021647135418,36.761739095052086,40.884501139322914
709,00:00:29.530,0.584716796875,0.892333984375,0.6467081705729166,0.52935791015625,0.5780843098958334
710,00:00:29.571,40.940897623697914,88.797607421875,30.863871256510418,44.700236002604164,47.258585611979164
711,00:00:29.613,26.541788736979168,74.2816162109375,18.28106689453125,29.875834147135418,31.468465169270832
712,00:00:29.655,0.2676798502604167,0.1971435546875,0.3885904947916667,0.18255615234375,0.23189290364583334
713,00:00:29.696,15.017083062065973,39.56878662109375,11.244038899739584,17.852884928385418,15.954325358072916
714,00:00:29.738,1.1356947157118056,2.35015869140625,1.0912882486979167,1.1903889973958333,1.1254069010416667
715,00:00:29.780,7.967013888888889,25.1202392578125,5.338236490885417,9.8343505859375,8.72845458984375
716,00:00:29.821,0.7583889431423612,1.80023193359375,0.6675618489583334,0.7880045572916666,0.8196004231770834
717,00:00:29.863,11.13604736328125,38.3807373046875,4.044108072916667,17.336527506510418,12.027506510416666
718,00:00:29.905,0.9525214301215277,2.469482421875,0.7037760416666666,1.0194905598958333,1.1342976888020833
719,00:00:29.947,5.787855360243056,17.62359619140625,2.5440266927083335,8.571797688802084,6.24774169921875
720,00:00:29.988,0.33586968315972215,0.5291748046875,0.28741455078125,0.3139851888020833,0.4062093098958333
721,00:00:30.030,7.515869140625,22.73895263671875,4.630350748697917,9.923055013020834,7.99420166015625
722,00:00:30.072,1.107516818576389,1.99737548828125,0.72796630859375,1.3250732421875,1.2695109049479167
723,00:00:30.113,13.480645073784723,48.50250244140625,7.4132080078125,18.520894368489582,14.507832845052084
724,00:00:30.155,0.38744439019097227,0.3009033203125,0.41754150390625,0.3327433268229167,0.41204833984375
725,00:00:30.197,9.639967176649305,36.37298583984375,4.727152506510417,14.172200520833334,10.020548502604166
726,00:00:30.239,0.5775960286458334,0.86639404296875,0.5594075520833334,0.5421956380208334,0.6311848958333334
727,00:00:30.280,5.462443033854167,15.64697265625,3.0024007161458335,7.615478515625,5.769449869791667
728,00:00:30.322,0.7865261501736112,2.1685791015625,0.6561482747395834,0.8707478841145834,0.8326822916666666
729,00:00:30.364,0.7240532769097222,1.0894775390625,0.8120524088541666,0.6289469401041666,0.7311604817708334
730,00:00:30.405,67.13805474175346,106.07879638671875,57.97552490234375,63.282694498697914,80.15594482421875
731,00:00:30.447,11.632961697048609,29.073486328125,8.547587076822916,15.465433756510416,10.8858642578125
732,00:00:30.489,9.0400390625,19.94781494140625,6.83685302734375,12.188720703125,8.09454345703125
733,00:00:30.531,9.56396484375,20.46661376953125,7.0770263671875,12.815327962239584,8.799540201822916
734,00:00:30.572,6.819837782118056,13.3953857421875,5.25213623046875,8.80487060546875,6.402506510416667
735,00:00:30.614,7.5069580078125,15.377197265625,5.45654296875,9.976053873697916,7.088277180989583
736,00:00:30.656,51.7789781358507,111.21490478515625,46.988423665364586,52.574239095052086,55.774271647135414
737,00:00:30.697,8.567796495225695,17.701416015625,6.1395263671875,11.913330078125,7.650533040364583
738,00:00:30.739,8.138339572482638,18.16314697265625,5.871561686197917,11.348795572916666,7.194661458333333
739,00:00:30.781,7.474351671006944,17.29156494140625,5.37078857421875,10.50494384765625,6.547322591145833
740,00:00:30.822,7.394246419270833,17.2760009765625,5.324808756510417,10.28350830078125,6.574422200520833
741,00:00:30.864,0.8997056749131945,1.431884765625,1.2215779622395833,0.7406819661458334,0.7368570963541666
742,00:00:30.906,0.9085761176215278,2.69256591796875,1.2064005533854167,0.8225504557291666,0.69677734375
743,00:00:30.948,1.0827297634548612,1.93511962890625,1.4615275065104167,0.9066569010416666,0.8800048828125
744,00:00:30.989,58.401272243923614,117.43011474609375,63.867574055989586,47.573893229166664,63.762349446614586
745,00:00:31.031,16.164408365885418,19.7039794921875,8.460550944010416,16.990336100260418,23.042338053385418
746,00:00:31.073,15.684807671440971,15.28900146484375,7.959554036458333,16.086690266927082,23.0081787109375
747,00:00:31.114,15.1636962890625,14.4744873046875,7.731730143229167,15.409627278645834,22.3497314453125
748,00:00:31.156,14.937296549479166,16.74163818359375,7.373779296875,15.152099609375,22.2860107421875
749,00:00:31.198,14.545525444878471,15.1177978515625,7.270284016927083,14.32080078125,22.045491536458332
750,00:00:31.240,14.554517957899307,16.3006591796875,7.565592447916667,13.792928059895834,22.305033365885418
751,00:00:31.281,14.883470323350695,17.8363037109375,7.436747233072917,13.989827473958334,23.223836263020832
752,00:00:31.323,14.216478135850695,20.02044677734375,7.220621744791667,14.546000162760416,20.8828125
753,00:00:31.365,14.112528483072916,22.5054931640625,7.344034830729167,15.248291015625,19.745259602864582
754,00:00:31.406,13.713127983940971,21.92962646484375,7.347452799479167,15.265482584635416,18.526448567708332
755,00:00:31.448,15.892835828993057,29.2291259765625,9.09051513671875,17.05133056640625,21.536661783854168
756,00:00:31.490,17.682305230034725,33.02154541015625,10.935078938802084,18.479207356770832,23.63262939453125
757,00:00:31.532,21.170552571614582,41.005859375,14.02130126953125,21.616129557291668,27.874226888020832
758,00:00:31.573,24.101216634114582,43.6724853515625,17.865946451822918,24.950276692708332,29.4874267578125
759,00:00:31.615,27.340861002604168,49.61273193359375,21.090047200520832,28.905436197916668,32.027099609375
760,00:00:31.657,28.826029459635418,45.260009765625,22.021748860677082,31.749165852864582,32.707173665364586
761,00:00:31.698,30.193128797743054,51.5167236328125,23.624043782552082,32.940043131510414,34.015299479166664
762,00:00:31.740,26.725877549913193,43.267822265625,19.56903076171875,30.596455891927082,30.01214599609375
763,00:00:31.782,28.279744466145832,44.9176025390625,21.400370279947918,31.908671061197918,31.530192057291668
764,00:00:31.823,25.967929416232636,40.736083984375,19.156697591145832,30.296162923177082,28.450927734375
765,00:00:31.865,26.95986599392361,39.61029052734375,20.210957845052082,31.02252197265625,29.6461181640625
766,00:00:31.907,23.181328667534725,32.36785888671875,16.593017578125,28.634521484375,24.316446940104168
767,00:00:31.949,23.287692599826386,30.65582275390625,16.7598876953125,28.640950520833332,24.462239583333332
768,00:00:31.990,6.047607421875,8.81439208984375,4.650492350260417,7.29254150390625,6.199788411458333
769,00:00:32.032,0.6806979709201388,0.830078125,0.603515625,0.6466064453125,0.7919718424479166
770,00:00:32.074,1.8263481987847223,2.386474609375,1.2670084635416667,2.20831298828125,2.00372314453125
771,00:00:32.115,6.147535536024306,7.740478515625,4.600687662760417,7.476338704427083,6.365580240885417
772,00:00:32.157,0.5192667643229166,0.73150634765625,0.4788818359375,0.5277099609375,0.55120849609375
773,00:00:32.199,0.40127902560763884,0.80413818359375,0.3829549153645833,0.36492919921875,0.4559529622395833
774,00:00:32.241,3.901251898871528,4.19189453125,3.0050252278645835,4.88641357421875,3.81231689453125
775,00:00:32.282,0.3931138780381944,0.47210693359375,0.39642333984375,0.37518310546875,0.4077351888020833
776,00:00:32.324,1.0694173177083333,1.97662353515625,0.769287109375,1.2640787760416667,1.1748860677083333
777,00:00:32.366,3.640509711371528,5.1568603515625,2.6769002278645835,4.64630126953125,3.59832763671875
778,00:00:32.407,0.3709920247395833,0.5084228515625,0.3056437174479167,0.4072062174479167,0.4001261393229167
779,00:00:32.449,0.2123480902777778,0.166015625,0.2511393229166667,0.18046061197916666,0.2054443359375
780,00:00:32.491,10.070631239149305,16.53411865234375,7.7186279296875,11.8162841796875,10.676981608072916
781,00:00:32.533,1.311408148871528,1.88323974609375,0.8527628580729166,1.66802978515625,1.4134318033854167
782,00:00:32.574,0.5919664171006945,0.7989501953125,0.5634562174479166,0.5701497395833334,0.6422932942708334
783,00:00:32.616,5.748677571614583,11.47064208984375,4.31646728515625,7.130147298177083,5.799418131510417
784,00:00:32.658,0.2753160264756944,0.4876708984375,0.18587239583333334,0.2857869466145833,0.3542887369791667
785,00:00:32.699,0.2712537977430556,0.186767578125,0.24383544921875,0.2502848307291667,0.31964111328125
786,00:00:32.741,8.609849717881945,14.3914794921875,6.268168131510417,10.021016438802084,9.540364583333334
787,00:00:32.783,0.9296942816840278,1.4630126953125,0.7859903971354166,0.913818359375,1.0892740885416667
788,00:00:32.824,2.50274658203125,4.76776123046875,1.5931193033854167,3.2851155598958335,2.6300048828125
789,00:00:32.866,12.399875217013888,22.017822265625,9.64117431640625,14.12030029296875,13.438151041666666
790,00:00:32.908,3.777499728732639,5.08941650390625,2.1993408203125,5.074849446614583,4.058308919270833
791,00:00:32.950,3.6974622938368054,5.49407958984375,2.3320719401041665,4.830830891927083,3.9294840494791665
792,00:00:32.991,10.990715874565971,23.39263916015625,8.409586588541666,12.767008463541666,11.795552571614584
793,00:00:33.033,3.546522352430556,5.5096435546875,2.1075032552083335,4.774332682291667,3.7577311197916665
794,00:00:33.075,2.233669704861111,2.926025390625,1.35601806640625,2.9219970703125,2.4229939778645835
795,00:00:33.116,10.549323187934029,20.3680419921875,7.707906087239583,12.735921223958334,11.204142252604166
796,00:00:33.158,4.327677408854167,5.8831787109375,2.4588623046875,5.906209309895833,4.617960611979167
797,00:00:33.200,3.49530029296875,5.35919189453125,1.967041015625,4.733968098958333,3.7848917643229165
798,00:00:33.242,9.569749620225695,18.4588623046875,6.986551920572917,11.470133463541666,10.2525634765625
799,00:00:33.283,3.1362847222222228,5.68603515625,1.97418212890625,4.026204427083333,3.4084676106770835
800,00:00:33.325,2.370001898871528,3.797607421875,1.448486328125,3.0711873372395835,2.59033203125
801,00:00:33.367,8.267320421006945,12.8350830078125,5.410685221354167,10.560628255208334,8.830647786458334
802,00:00:33.408,3.4417860243055554,4.57061767578125,1.927490234375,4.70062255859375,3.6972452799479165
803,00:00:33.450,2.2000732421875,3.69903564453125,1.2698974609375,2.91802978515625,2.41229248046875
804,00:00:33.492,6.492438422309029,10.08026123046875,4.375162760416667,8.083780924479166,7.01837158203125
805,00:00:33.534,3.8343573676215272,6.46942138671875,2.1511637369791665,5.232401529947917,4.1195068359375
806,00:00:33.575,2.0145399305555554,3.63677978515625,1.21844482421875,2.63330078125,2.1918741861979165
807,00:00:33.617,3.6058349609375,5.97137451171875,2.1023763020833335,4.881998697916667,3.8331298828125
808,00:00:33.659,2.333251953125,5.33843994140625,1.3597208658854167,3.1197916666666665,2.5202433268229165
809,00:00:33.700,3.4874810112847228,5.5718994140625,1.9922281901041667,4.7664794921875,3.7037353515625
810,00:00:33.742,3.2826944986979165,4.60693359375,1.9308878580729167,4.453531901041667,3.4636637369791665
811,00:00:33.784,3.2273898654513893,5.3643798828125,1.9305623372395833,4.275675455729167,3.4759318033854165
812,00:00:33.825,3.2713283962673607,5.706787109375,1.788818359375,4.525777180989583,3.4993896484375
813,00:00:33.867,3.388217502170139,5.85723876953125,1.88824462890625,4.68292236328125,3.5934855143229165
814,00:00:33.909,3.055060492621528,4.918212890625,1.7249552408854167,4.125406901041667,3.3148193359375
815,00:00:33.951,70.95330810546874,124.55841064453125,80.18044026692708,60.378519694010414,72.30096435546875
816,00:00:33.992,6.038126627604167,19.154052734375,4.909586588541667,7.746561686197917,5.458231608072917
817,00:00:34.034,4.608622233072917,15.771484375,3.49444580078125,6.407918294270833,3.9235026041666665
818,00:00:34.076,4.958177354600694,16.4666748046875,4.221516927083333,6.534627278645833,4.118387858072917
819,00:00:34.117,3.7233615451388893,10.562744140625,3.2068888346354165,5.045206705729167,2.9179890950520835
820,00:00:34.159,4.152988009982638,12.0361328125,3.3036905924479165,5.7274169921875,3.4278564453125
821,00:00:34.201,69.91358100043404,131.920166015625,76.40464274088542,56.481526692708336,76.85457356770833
822,00:00:34.243,10.821567111545141,28.12408447265625,7.1148681640625,14.368855794270834,10.980977376302084
823,00:00:34.284,10.660942925347221,28.18115234375,7.257893880208333,13.944315592447916,10.780619303385416
824,00:00:34.326,0.4306233723958333,0.29571533203125,0.85888671875,0.18251546223958334,0.2504679361979167
825,00:00:34.368,0.2819078233506945,0.2178955078125,0.54486083984375,0.12398274739583333,0.1768798828125
826,00:00:34.409,0.37610541449652785,0.4461669921875,0.6096394856770834,0.2526041666666667,0.2660725911458333
827,00:00:34.451,0.6175401475694443,1.1517333984375,0.8818155924479166,0.5319620768229166,0.4388427734375
828,00:00:34.493,1.3632880316840277,3.29437255859375,1.6675618489583333,1.2292683919270833,1.1930338541666667
829,00:00:34.535,0.3427530924479167,1.4422607421875,0.3123982747395833,0.3586018880208333,0.3572591145833333
830,00:00:34.576,67.74439832899306,121.20697021484375,71.4757080078125,51.346700032552086,80.41078694661458
831,00:00:34.618,31.176717122395832,46.42730712890625,33.755513509114586,20.99639892578125,38.778238932291664
832,00:00:34.660,10.106085883246527,5.32806396484375,3.79351806640625,6.601216634114583,19.92352294921875
833,00:00:34.701,54.61933051215278,88.258056640625,55.270772298177086,41.3218994140625,67.26531982421875
834,00:00:34.743,4.931098090277778,2.1685791015625,2.8816121419270835,1.9272257486979167,9.984456380208334
835,00:00:34.785,60.705722384982636,114.4781494140625,60.926737467447914,57.141581217447914,64.04884847005208
836,00:00:34.826,5.695027669270833,7.96875,3.82598876953125,5.6983642578125,7.56072998046875
837,00:00:34.868,67.35328504774306,117.91778564453125,70.16741943359375,61.27691650390625,70.61551920572917
838,00:00:34.910,7.313266330295139,9.1619873046875,5.337727864583333,6.133585611979167,10.468485514322916
839,00:00:34.952,55.3590562608507,102.493896484375,54.86004638671875,49.98675537109375,61.230367024739586
840,00:00:34.993,11.455098470052084,13.49395751953125,8.04962158203125,11.892720540364584,14.422953287760416
841,00:00:35.035,54.33932156032986,97.16064453125,50.834696451822914,53.967814127604164,58.2154541015625
842,00:00:35.077,17.878885904947918,18.38623046875,12.416890462239584,22.899658203125,18.320109049479168
843,00:00:35.118,64.05968560112846,87.5213623046875,55.84765625,60.659077962239586,75.67232259114583
844,00:00:35.160,22.066338433159725,17.0684814453125,14.897867838541666,30.236897786458332,21.064249674479168
845,00:00:35.202,63.73338487413195,86.86248779296875,59.569356282552086,63.869710286458336,67.76108805338542
846,00:00:35.244,20.11623806423611,26.26678466796875,14.378275553385416,25.969624837239582,20.000813802083332
847,00:00:35.285,39.82342529296875,64.0716552734375,35.408406575520836,46.078125,37.983744303385414
848,00:00:35.327,17.9349365234375,22.183837890625,12.953165690104166,22.474589029947918,18.377054850260418
849,00:00:35.369,38.95171440972222,67.36602783203125,35.538838704427086,45.17645263671875,36.139851888020836
850,00:00:35.410,17.575398763020832,25.60791015625,13.308675130208334,21.743408203125,17.674112955729168
851,00:00:35.452,44.30896674262153,74.05853271484375,43.07806396484375,48.20245361328125,41.646382649739586
852,00:00:35.494,16.54275173611111,23.2940673828125,12.941548665364584,19.935038248697918,16.751668294270832
853,00:00:35.536,38.81723361545139,59.24163818359375,36.495564778645836,45.50421142578125,34.451924641927086
854,00:00:35.577,15.123758951822916,16.07757568359375,11.03619384765625,19.730204264322918,14.604878743489584
855,00:00:35.619,38.16754828559028,53.99139404296875,34.301289876302086,45.371724446614586,34.829630533854164
856,00:00:35.661,15.290323893229166,16.91802978515625,10.3980712890625,20.404195149739582,15.068705240885416
857,00:00:35.702,29.59830050998264,36.8035888671875,24.377482096354168,38.273213704427086,26.144205729166668
858,00:00:35.744,13.56195068359375,15.667724609375,8.45843505859375,18.867899576822918,13.359517415364584
859,00:00:35.786,30.698906792534718,39.77630615234375,24.16510009765625,40.504903157552086,27.426717122395832
860,00:00:35.827,15.506490071614584,17.62359619140625,9.618550618489584,21.597798665364582,15.303120930989584
861,00:00:35.869,30.862006293402782,39.1900634765625,24.91259765625,39.793904622395836,27.8795166015625
862,00:00:35.911,15.314948187934029,17.83111572265625,9.3914794921875,21.5252685546875,15.028096516927084
863,00:00:35.953,30.951639811197918,39.656982421875,24.827738444010418,40.197977701822914,27.829203287760418
864,00:00:35.994,1.042731391059028,2.11151123046875,1.4130452473958333,0.8326619466145834,0.8824869791666666
865,00:00:36.036,3.2134602864583335,4.3682861328125,3.9102986653645835,2.9426066080729165,2.7874755859375
866,00:00:36.078,2.5088365342881946,3.7872314453125,2.35772705078125,2.9538167317708335,2.2149658203125
867,00:00:36.119,6.252034505208333,7.07122802734375,5.592915852864583,6.834818522135417,6.328369140625
868,00:00:36.161,5.185329861111111,5.76904296875,4.233784993489583,6.44915771484375,4.873046875
869,00:00:36.203,7.674418131510417,10.81695556640625,6.173299153645833,9.156046549479166,7.69390869140625
870,00:00:36.245,7.105733235677083,10.1995849609375,5.556111653645833,9.089925130208334,6.671162923177083
871,00:00:36.286,8.514071994357638,11.66259765625,7.000528971354167,9.397054036458334,9.144632975260416
872,00:00:36.328,5.9614732530381955,7.408447265625,4.56201171875,7.586710611979167,5.735697428385417
873,00:00:36.370,10.654934353298609,13.73779296875,8.5194091796875,11.807230631510416,11.638163248697916
874,00:00:36.411,5.787882486979167,7.8131103515625,4.44952392578125,7.233907063802083,5.680216471354167
875,00:00:36.453,11.637742784288195,15.98419189453125,10.511433919270834,12.3133544921875,12.08843994140625
876,00:00:36.495,5.851582845052083,9.07379150390625,4.337137858072917,7.339884440104167,5.877726236979167
877,00:00:36.537,11.983222113715277,16.03607177734375,11.134134928385416,11.846842447916666,12.96868896484375
878,00:00:36.578,5.67681884765625,7.51220703125,4.357462565104167,7.0760498046875,5.596944173177083
879,00:00:36.620,12.580647786458334,16.0931396484375,11.051981608072916,13.723978678385416,12.965983072916666
880,00:00:36.662,6.528652615017362,9.857177734375,5.13006591796875,8.074422200520834,6.3814697265625
881,00:00:36.703,11.621873643663193,15.09185791015625,10.30316162109375,12.329203287760416,12.233256022135416
882,00:00:36.745,6.797336154513889,8.78326416015625,5.142557779947917,8.719807942708334,6.529642740885417
883,00:00:36.787,11.626885308159721,15.31494140625,10.038736979166666,12.697713216145834,12.144205729166666
884,00:00:36.828,6.044291178385417,8.44085693359375,4.324625651041667,7.9385986328125,5.869649251302083
885,00:00:36.870,11.075859917534721,14.31365966796875,9.729960123697916,12.0458984375,11.45172119140625
886,00:00:36.912,6.45892333984375,8.2904052734375,5.101969401041667,8.107767740885416,6.167032877604167
887,00:00:36.954,11.76678466796875,16.1346435546875,10.54766845703125,12.95233154296875,11.80035400390625
888,00:00:36.995,6.570868598090279,8.02581787109375,4.869669596354167,8.457539876302084,6.385396321614583
889,00:00:37.037,10.74871826171875,15.916748046875,9.032552083333334,12.596659342447916,10.616943359375
890,00:00:37.079,6.212863498263889,7.6885986328125,4.923624674479167,7.854817708333333,5.860148111979167
891,00:00:37.120,12.301310221354166,14.0386962890625,10.66729736328125,13.390767415364584,12.845865885416666
892,00:00:37.162,6.694586859809029,7.22686767578125,5.086201985677083,8.532368977864584,6.465189615885417
893,00:00:37.204,70.66852484809027,145.34149169921875,72.23549397786458,67.26641845703125,72.503662109375
894,00:00:37.246,32.82692464192708,75.87432861328125,35.659708658854164,31.026204427083332,31.79486083984375
895,00:00:37.287,43.441880967881936,101.58599853515625,45.988321940104164,40.125895182291664,44.21142578125
896,00:00:37.329,39.987019856770836,98.115234375,40.885213216145836,39.873636881510414,39.20220947265625
897,00:00:37.371,26.878194173177082,64.61639404296875,25.592081705729168,28.929300944010418,26.113199869791668
898,00:00:37.412,19.25899929470486,40.17578125,17.443196614583332,21.57012939453125,18.763671875
899,00:00:37.454,13.610005696614584,24.81414794921875,12.099019368489584,15.44952392578125,13.281473795572916
900,00:00:37.496,0.8618706597222222,1.88323974609375,0.8767496744791666,0.8350626627604166,0.8737996419270834
901,00:00:37.538,2.938144259982639,6.43310546875,2.82958984375,3.33453369140625,2.6503092447916665
902,00:00:37.579,0.34351264105902773,0.5084228515625,0.4038492838541667,0.2769978841145833,0.3496907552083333
903,00:00:37.621,0.3437635633680556,0.93902587890625,0.47021484375,0.24149576822916666,0.319580078125
904,00:00:37.663,0.9519449869791666,1.29180908203125,1.106201171875,0.8297932942708334,0.9198404947916666
905,00:00:37.704,68.1212632921007,111.85821533203125,64.8740234375,65.88456217447917,73.60520426432292
906,00:00:37.746,43.293545193142364,87.23602294921875,33.947916666666664,49.977193196614586,45.955525716145836
907,00:00:37.788,0.9075181749131945,0.89752197265625,1.0707600911458333,0.7805379231770834,0.8712565104166666
908,00:00:37.829,31.972344292534725,62.67608642578125,25.82421875,38.2911376953125,31.801676432291668
909,00:00:37.871,1.4177178276909723,1.73797607421875,1.3424275716145833,1.4969278971354167,1.4137980143229167
910,00:00:37.913,32.59642876519097,62.63458251953125,27.058878580729168,39.260518391927086,31.469889322916668
911,00:00:37.955,0.7270711263020834,0.86639404296875,0.8248697916666666,0.6343994140625,0.7219441731770834
912,00:00:37.996,25.066304524739582,51.54266357421875,20.277750651041668,30.91278076171875,24.008382161458332
913,00:00:38.038,2.2729017469618054,4.28009033203125,2.1169230143229165,2.41131591796875,2.29046630859375
914,00:00:38.080,0.8960435655381945,1.8157958984375,0.929443359375,0.9424641927083334,0.81622314453125
915,00:00:38.121,69.35236273871529,157.29461669921875,69.39390055338542,63.07440185546875,75.58878580729167
916,00:00:38.163,2.5488077799479165,0.02593994140625,2.92340087890625,1.2101643880208333,3.5128580729166665
917,00:00:38.205,16.34310574001736,7.864990234375,13.67840576171875,22.725016276041668,12.625895182291666
918,00:00:38.247,27.04477267795139,34.57275390625,22.639383951822918,39.4234619140625,19.07147216796875
919,00:00:38.288,15.133076985677084,29.03717041015625,14.221394856770834,17.783040364583332,13.394795735677084
920,00:00:38.330,1.4422268337673614,0.186767578125,1.7581583658854167,0.7589111328125,1.8096110026041667
921,00:00:38.372,9.980448404947916,24.62738037109375,7.84197998046875,13.221638997395834,8.877726236979166
922,00:00:38.413,20.41824679904514,36.0772705078125,20.482177734375,23.548828125,17.223734537760418
923,00:00:38.455,10.584737141927084,18.4381103515625,10.370707194010416,13.123494466145834,8.260009765625
924,00:00:38.497,2.488355848524306,0.518798828125,3.3541666666666665,1.1951700846354167,2.9157307942708335
925,00:00:38.539,4.825141059027778,14.43817138671875,4.918701171875,4.87823486328125,4.678487141927083
926,00:00:38.580,2.5341389973958335,0.05706787109375,3.3532307942708335,1.1929524739583333,3.0562337239583335
927,00:00:38.622,8.521375868055555,16.58599853515625,8.374043782552084,10.63555908203125,6.554524739583333
928,00:00:38.664,18.49676513671875,26.9464111328125,14.187032063802084,30.038614908854168,11.2646484375
929,00:00:38.705,2.2331949869791665,0.228271484375,2.8759765625,1.0644734700520833,2.7591349283854165
930,00:00:38.747,36.67871771918402,48.68408203125,37.994547526041664,44.426310221354164,27.61529541015625
931,00:00:38.789,2.0166083441840277,5.45257568359375,2.5439453125,1.2560628255208333,2.24981689453125
932,00:00:38.830,23.801669650607636,58.31817626953125,18.154134114583332,24.3580322265625,28.892842610677082
933,00:00:38.872,1.8133070203993056,0.5914306640625,2.3841349283854165,0.9307657877604166,2.1250203450520835
934,00:00:38.914,21.908738878038193,55.53741455078125,15.512064615885416,21.600870768229168,28.61328125
935,00:00:38.956,1.9493272569444446,0.5810546875,2.7067464192708335,0.90087890625,2.2403564453125
936,00:00:38.997,32.6806640625,65.25970458984375,25.527018229166668,36.6636962890625,35.851277669270836
937,00:00:39.039,1.9738972981770833,1.099853515625,3.06439208984375,0.8980305989583334,1.9592692057291667
938,00:00:39.081,25.27413601345486,59.00299072265625,19.956929524739582,29.670450846354168,26.195027669270832
939,00:00:39.122,2.283847384982639,1.5460205078125,3.0971883138020835,1.21954345703125,2.5348103841145835
940,00:00:39.164,43.8337877061632,74.82635498046875,34.369954427083336,46.548502604166664,50.582906087239586
941,00:00:39.206,1.8418714735243054,1.7742919921875,2.6136881510416665,1.0371907552083333,1.8747355143229167
942,00:00:39.248,48.50245496961805,76.26861572265625,44.001566569010414,56.4544677734375,45.05133056640625
943,00:00:39.289,1.22515869140625,1.76910400390625,1.7692464192708333,0.79095458984375,1.1152750651041667
944,00:00:39.331,54.111728244357636,85.99609375,52.758524576822914,58.337361653645836,51.239298502604164
945,00:00:39.373,1.3547024197048614,0.87158203125,2.1862386067708335,0.6398111979166666,1.2380574544270833
946,00:00:39.414,49.58196343315973,103.9361572265625,53.047993977864586,47.03155517578125,48.666341145833336
947,00:00:39.456,1.940266927083333,2.31903076171875,2.3363444010416665,1.4670613606770833,2.01739501953125
948,00:00:39.498,39.54327392578125,104.1851806640625,41.23858642578125,35.76043701171875,41.63079833984375
949,00:00:39.540,48.55394829644097,102.29156494140625,45.542399088541664,48.868123372395836,51.251322428385414
950,00:00:39.581,0.8027886284722223,0.601806640625,1.2320353190104167,0.42523193359375,0.7510986328125
951,00:00:39.623,19.532789442274304,56.81884765625,19.009541829427082,18.562337239583332,21.0264892578125
952,00:00:39.665,1.3583441840277777,0.5084228515625,2.3177897135416665,0.5728352864583334,1.1844075520833333
953,00:00:39.706,34.918246799045136,79.79644775390625,28.819864908854168,38.358784993489586,37.576090494791664
954,00:00:39.748,62.76607937282986,114.25506591796875,58.147115071614586,69.84254964192708,60.308573404947914
955,00:00:39.790,57.11325412326389,115.39642333984375,46.812093098958336,68.1173095703125,56.410359700520836
956,00:00:39.831,0.9945746527777778,0.518798828125,1.247314453125,0.5933430989583334,1.14306640625
957,00:00:39.873,44.28687879774305,106.57684326171875,34.319986979166664,58.176289876302086,40.364359537760414
958,00:00:39.915,1.4180840386284723,1.23992919921875,1.675537109375,0.9762980143229166,1.6024169921875
959,00:00:39.957,37.99171278211805,86.33331298828125,23.74993896484375,54.117045084635414,36.108154296875
960,00:00:39.998,1.0271470811631944,1.1309814453125,1.2013753255208333,0.6914469401041666,1.1886189778645833
961,00:00:40.040,46.73440212673611,89.42535400390625,36.18096923828125,61.282877604166664,42.739359537760414
962,00:00:40.082,1.1197916666666667,0.35797119140625,1.6307373046875,0.6159871419270834,1.1126505533854167
963,00:00:40.123,29.751085069444443,71.54754638671875,25.426839192708332,34.08135986328125,29.74505615234375
964,00:00:40.165,1.3633490668402777,0.5291748046875,2.1801961263020835,0.6366780598958334,1.2731730143229167
965,00:00:40.207,25.735426161024304,60.52825927734375,23.420979817708332,27.483540852864582,26.3017578125
966,00:00:40.249,1.80682373046875,0.55511474609375,2.8538818359375,0.80242919921875,1.76416015625
967,00:00:40.290,21.801601833767364,48.1549072265625,16.803263346354168,24.650797526041668,23.95074462890625
968,00:00:40.332,1.844577365451389,0.33721923828125,2.7335408528645835,0.8264567057291666,1.9737345377604167
969,00:00:40.374,18.972785101996525,48.248291015625,16.78399658203125,21.178975423177082,18.95538330078125
970,00:00:40.415,2.262708875868056,1.29180908203125,3.1068318684895835,1.2460734049479167,2.4352213541666665
971,00:00:40.457,29.80401611328125,65.140380859375,24.72906494140625,32.893290201822914,31.789693196614582
972,00:00:40.499,1.791598849826389,0.8404541015625,2.5890096028645835,0.9112141927083334,1.87457275390625
973,00:00:40.541,24.395487467447918,63.9886474609375,21.679728190104168,26.672505696614582,24.834228515625
974,00:00:40.582,1.9017605251736114,0.53955078125,3.0173543294270835,0.74249267578125,1.9454345703125
975,00:00:40.624,26.38616943359375,67.838134765625,25.3519287109375,28.861490885416668,24.945088704427082
976,00:00:40.666,2.154079861111111,1.1724853515625,3.1575927734375,0.9767252604166666,2.3279215494791665
977,00:00:40.707,29.358567979600693,75.83282470703125,24.25762939453125,34.2872314453125,29.530843098958332
978,00:00:40.749,2.3311564127604165,1.65496826171875,3.3864542643229165,1.1040852864583333,2.5029296875
979,00:00:40.791,40.462192111545136,88.1439208984375,30.363260904947918,47.869303385416664,43.154012044270836
980,00:00:40.832,1.6876220703124998,1.76910400390625,2.0123697916666665,0.9687703450520834,2.08172607421875
981,00:00:40.874,31.76336669921875,87.427978515625,23.107279459635418,41.38641357421875,30.796407063802082
982,00:00:40.916,11.254536946614584,24.466552734375,10.001546223958334,12.463846842447916,11.2982177734375
983,00:00:40.958,51.262315538194436,110.74798583984375,45.475626627604164,59.630777994791664,48.6805419921875
984,00:00:40.999,1.3533867730034723,0.767822265625,1.5575358072916667,0.7642008463541666,1.7384236653645833
985,00:00:41.041,61.25060356987847,118.763427734375,50.466288248697914,78.65749104817708,54.628031412760414
986,00:00:41.083,64.76869032118056,109.23828125,61.0699462890625,73.65928141276042,59.57684326171875
987,00:00:41.124,1.6250406901041667,1.42669677734375,1.4958902994791667,1.1930135091145833,2.18621826171875
988,00:00:41.166,32.11791314019097,91.4642333984375,24.610270182291668,39.262939453125,32.48052978515625
989,00:00:41.208,20.49563259548611,46.19384765625,18.726969401041668,23.306111653645832,19.453816731770832
990,00:00:41.250,14.506191677517362,38.69720458984375,13.655375162760416,12.83355712890625,17.029642740885418
991,00:00:41.291,41.74810112847222,91.4019775390625,35.526835123697914,43.019307454427086,46.698160807291664
992,00:00:41.333,19.05612521701389,50.51025390625,20.218221028645832,18.22760009765625,18.722554524739582
993,00:00:41.375,20.33453369140625,55.69305419921875,11.919657389322916,28.782023111979168,20.301920572916668
994,00:00:41.416,15.583421495225693,40.59600830078125,14.181477864583334,13.287699381510416,19.281087239583332
995,00:00:41.458,9.21579318576389,26.95159912109375,7.20855712890625,7.092427571614583,13.346394856770834
996,00:00:41.500,31.014851888020832,78.81072998046875,17.14056396484375,43.839680989583336,32.064310709635414
997,00:00:41.542,1.916836208767361,0.50323486328125,2.5342610677083335,0.9571736653645834,2.2590738932291665
998,00:00:41.583,47.04375542534722,93.5186767578125,29.191182454427082,63.340108235677086,48.5999755859375
999,00:00:41.625,2.6575385199652777,5.4473876953125,2.7562662760416665,1.9940999348958333,3.2222493489583335
1000,00:00:41.667,32.43419731987847,65.23895263671875,25.550455729166668,37.961669921875,33.79046630859375
1001,00:00:41.708,2.5963134765625,0.91827392578125,3.5421142578125,1.32672119140625,2.92010498046875
1002,00:00:41.750,2.279120551215278,0.84564208984375,3.0493977864583335,1.2286783854166667,2.5592854817708335
1003,00:00:41.792,23.33530002170139,48.41949462890625,21.17462158203125,25.912699381510418,22.9185791015625
1004,00:00:41.833,1.7200453016493054,0.37353515625,2.3524576822916665,0.8598836263020834,1.9477945963541667
1005,00:00:41.875,38.44627549913195,82.4578857421875,28.301310221354168,45.740458170572914,41.29705810546875
1006,00:00:41.917,1.5084296332465277,0.394287109375,2.0850016276041665,0.7860921223958334,1.6541951497395833
1007,00:00:41.959,1.7647705078125,0.6951904296875,2.4364013671875,0.9066365559895834,1.9512736002604167
1008,00:00:42.000,35.79021538628473,67.298583984375,28.045654296875,40.649312337239586,38.675679524739586
1009,00:00:42.042,2.2526380750868054,0.7366943359375,3.4276123046875,1.03900146484375,2.2913004557291665
1010,00:00:42.084,2.282667371961806,1.04278564453125,3.0335489908854165,1.3069864908854167,2.5074666341145835
1011,00:00:42.125,41.23517523871528,83.74969482421875,30.480753580729168,48.672017415364586,44.552754720052086
1012,00:00:42.167,1.538913302951389,0.498046875,2.2047932942708335,0.75982666015625,1.6521199544270833
1013,00:00:42.209,28.458936903211804,74.15191650390625,24.4432373046875,34.180196126302086,26.753377278645832
1014,00:00:42.251,1.977572970920139,0.80413818359375,2.6993001302083335,1.0134684244791667,2.2199503580729165
1015,00:00:42.292,16.12726508246528,40.902099609375,11.794535319010416,20.469482421875,16.117777506510418
1016,00:00:42.334,1.7822740342881944,0.394287109375,2.4742635091145835,0.8168538411458334,2.0557047526041665
1017,00:00:42.376,30.092739529079864,69.4879150390625,25.267781575520832,34.469930013020836,30.540506998697918
1018,00:00:42.417,2.046603732638889,1.03759765625,2.6244099934895835,1.1357014973958333,2.37969970703125
1019,00:00:42.459,30.963643391927082,65.25970458984375,28.122233072916668,33.837910970052086,30.9307861328125
1020,00:00:42.501,2.4310506184895835,0.78857421875,3.3634033203125,1.21820068359375,2.7115478515625
1021,00:00:42.543,2.5340711805555554,0.830078125,3.6004435221354165,1.1923421223958333,2.8094278971354165
1022,00:00:42.584,49.93396674262152,82.2711181640625,42.818155924479164,53.33074951171875,53.652994791666664
1023,00:00:42.626,0.8662787543402778,0.33203125,0.8155314127604166,0.5660400390625,1.2172648111979167
1024,00:00:42.668,27.191297743055554,68.37249755859375,22.686767578125,30.302449544270832,28.584676106770832
1025,00:00:42.709,1.2525770399305556,0.3631591796875,1.3725179036458333,0.7914021809895834,1.59381103515625
1026,00:00:42.751,34.39593505859375,77.08831787109375,32.09014892578125,35.444681803385414,35.652974446614586
1027,00:00:42.793,1.3564046223958333,1.03759765625,1.320068359375,0.8760986328125,1.873046875
1028,00:00:42.834,28.378831651475696,67.464599609375,21.342529296875,33.088358561197914,30.705607096354168
1029,00:00:42.876,1.41351318359375,1.162109375,1.3154296875,0.8951212565104166,2.0299886067708335
1030,00:00:42.918,23.183722601996532,62.255859375,16.57012939453125,27.530253092447918,25.450785319010418
1031,00:00:42.960,53.13821750217014,85.37353515625,36.053059895833336,64.77970377604167,58.581888834635414
1032,00:00:43.001,0.5752631293402778,0.72113037109375,0.34674072265625,0.4578043619791667,0.9212443033854166
1033,00:00:43.043,46.04419623480902,84.23736572265625,23.414306640625,61.774149576822914,52.944132486979164
1034,00:00:43.085,1.256646050347222,0.37872314453125,0.96527099609375,0.79913330078125,2.0055338541666665
1035,00:00:43.126,38.271938747829864,80.849609375,23.96044921875,47.9356689453125,42.919698079427086
1036,00:00:43.168,0.8164198133680555,0.83526611328125,0.6678263346354166,0.5691324869791666,1.2123006184895833
1037,00:00:43.210,28.310112847222218,87.7911376953125,19.31884765625,39.216817220052086,26.394673665364582
1038,00:00:43.252,11.775844997829862,22.38616943359375,9.75640869140625,14.006123860677084,11.56500244140625
1039,00:00:43.293,14.1314697265625,57.73712158203125,8.600362141927084,21.089436848958332,12.704610188802084
1040,00:00:43.335,15.624416775173609,21.748046875,16.506734212239582,16.02685546875,14.33966064453125
1041,00:00:43.377,28.326029459635418,78.9508056640625,21.68927001953125,35.185526529947914,28.103291829427082
1042,00:00:43.418,0.635592990451389,0.4254150390625,0.6217854817708334,0.4363810221354167,0.8486124674479166
1043,00:00:43.460,28.415452745225693,76.4190673828125,18.21002197265625,38.64019775390625,28.396138509114582
1044,00:00:43.502,0.6782023111979166,0.94940185546875,0.85723876953125,0.4163004557291667,0.7610677083333334
1045,00:00:43.544,35.977396647135414,82.655029296875,21.475830078125,50.61370849609375,35.8426513671875
1046,00:00:43.585,18.568257649739582,47.5738525390625,15.449971516927084,20.606608072916668,19.648193359375
1047,00:00:43.627,23.43255615234375,39.84375,14.464558919270834,35.115275065104164,20.71783447265625
1048,00:00:43.669,21.95523410373264,56.051025390625,19.044820149739582,23.962565104166668,22.858317057291668
1049,00:00:43.710,42.184611002604164,78.6602783203125,36.580423990885414,51.139485677083336,38.83392333984375
1050,00:00:43.752,1.2061767578125,0.37872314453125,1.5552571614583333,0.6337483723958334,1.4295247395833333
1051,00:00:43.794,41.220723470052086,81.5240478515625,33.286397298177086,52.97991943359375,37.395853678385414
1052,00:00:43.835,1.3837890625,0.518798828125,1.7356974283854167,0.7209269205729166,1.6947428385416667
1053,00:00:43.877,28.416029188368054,89.79888916015625,20.036600748697918,32.498819986979164,32.712666829427086
1054,00:00:43.919,20.038370768229168,69.09881591796875,17.13995361328125,22.939473470052082,20.035685221354168
1055,00:00:43.961,2.0911797417534723,1.84173583984375,2.5476277669270835,1.460693359375,2.2652180989583335
1056,00:00:44.002,27.12939453125,70.85235595703125,21.438863118489582,28.6802978515625,31.269022623697918
1057,00:00:44.044,28.783365885416668,58.1158447265625,18.033955891927082,34.359517415364586,33.956624348958336
1058,00:00:44.086,2.2930976019965277,1.68609619140625,2.455810546875,1.7474772135416667,2.6760050455729165
1059,00:00:44.127,23.406514485677082,51.9940185546875,16.681538899739582,27.6026611328125,25.935343424479168
1060,00:00:44.169,1.5649888780381946,0.36834716796875,1.7652384440104167,0.8302408854166666,2.0994873046875
1061,00:00:44.211,32.683858235677086,77.6849365234375,20.963846842447918,36.592875162760414,40.494852701822914
1062,00:00:44.253,21.218146430121525,68.45550537109375,16.585734049479168,23.681722005208332,23.386983235677082
1063,00:00:44.294,1.750033908420139,0.435791015625,2.2425740559895835,0.8943277994791666,2.1131998697916665
1064,00:00:44.336,26.403578016493054,80.49163818359375,18.676411946614582,29.878173828125,30.656148274739582
1065,00:00:44.378,26.139261881510418,66.52557373046875,17.380900065104168,31.1563720703125,29.880513509114582
1066,00:00:44.419,1.7455851236979167,0.560302734375,2.0502115885416665,0.9107462565104166,2.2757975260416665
1067,00:00:44.461,21.510057237413193,56.90704345703125,14.428955078125,26.123311360677082,23.9779052734375
1068,00:00:44.503,2.304097493489583,1.2554931640625,2.38385009765625,1.6671346028645833,2.8613077799479165
1069,00:00:44.545,28.733968098958332,68.543701171875,17.762044270833332,33.457173665364586,34.982686360677086
1070,00:00:44.586,18.184312608506943,58.333740234375,12.7161865234375,21.12774658203125,20.709004720052082
1071,00:00:44.628,1.733181423611111,0.62774658203125,2.005126953125,0.9418741861979166,2.2525431315104165
1072,00:00:44.670,22.783026801215275,70.73822021484375,15.045064290364584,25.927652994791668,27.376363118489582
1073,00:00:44.711,20.576911078559032,57.669677734375,14.19708251953125,24.687174479166668,22.846476236979168
1074,00:00:44.753,1.6839192708333333,0.30609130859375,1.9221394856770833,0.9023844401041666,2.22723388671875
1075,00:00:44.795,17.25918918185764,39.698486328125,11.98516845703125,20.96966552734375,18.822733561197918
1076,00:00:44.836,1.9399278428819444,0.91827392578125,2.3536376953125,1.1062825520833333,2.35986328125
1077,00:00:44.878,23.619344075520832,57.8460693359375,15.958740234375,27.021321614583332,27.877970377604168
1078,00:00:44.920,18.880872938368057,57.57110595703125,13.2935791015625,21.924540201822918,21.42449951171875
1079,00:00:44.962,2.3957926432291665,3.3721923828125,2.4109293619791665,1.8935750325520833,2.88287353515625
1080,00:00:45.003,23.070624457465275,63.83819580078125,14.97772216796875,25.80950927734375,28.424641927083332
1081,00:00:45.045,22.497734917534725,61.77337646484375,15.427510579427084,25.817464192708332,26.24822998046875
1082,00:00:45.087,1.748569064670139,0.975341796875,1.9112345377604167,1.0727945963541667,2.2616780598958335
1083,00:00:45.128,18.57730441623264,45.64910888671875,13.236429850260416,22.368082682291668,20.127400716145832
1084,00:00:45.170,1.9662611219618056,1.45782470703125,1.9591878255208333,1.4060465494791667,2.5335489908854165
1085,00:00:45.212,23.846849229600693,59.8590087890625,15.140665690104166,28.916422526041668,27.48345947265625
1086,00:00:45.254,1.65338134765625,1.55120849609375,1.64801025390625,1.1842447916666667,2.1278889973958335
1087,00:00:45.295,56.9849107530382,96.11785888671875,56.031514485677086,58.654317220052086,56.268900553385414
1088,00:00:45.337,8.391059027777779,14.40185546875,8.286641438802084,8.987406412760416,7.899129231770833
1089,00:00:45.379,23.390672471788196,35.90606689453125,21.0933837890625,27.123819986979168,21.954813639322918
1090,00:00:45.420,4.613179524739583,9.276123046875,5.042093912760417,4.343282063802083,4.45416259765625
1091,00:00:45.462,23.00918918185764,34.510498046875,21.1268310546875,26.22857666015625,21.672159830729168
1092,00:00:45.504,4.495469835069444,8.82476806640625,5.065633138020833,4.103169759114583,4.317606608072917
1093,00:00:45.546,23.383293999565975,36.2847900390625,21.556070963541668,26.44158935546875,22.1522216796875
1094,00:00:45.587,4.574957953559029,9.31243896484375,5.34954833984375,4.220926920572917,4.154398600260417
1095,00:00:45.629,22.08880615234375,34.69207763671875,19.96112060546875,25.41668701171875,20.88861083984375
1096,00:00:45.671,5.037638346354167,9.42138671875,6.006001790364583,4.569112141927083,4.537801106770833
1097,00:00:45.712,21.188517252604168,34.842529296875,20.571085611979168,23.32275390625,19.671712239583332
1098,00:00:45.754,4.927164713541667,10.20477294921875,5.5479736328125,4.604593912760417,4.628926595052083
1099,00:00:45.796,22.721259223090275,40.47149658203125,21.211263020833332,25.638753255208332,21.313761393229168
1100,00:00:45.837,4.910671657986111,12.1710205078125,5.72650146484375,4.395345052083333,4.61016845703125
1101,00:00:45.879,23.427836100260418,39.79705810546875,21.939249674479168,26.51800537109375,21.826253255208332
1102,00:00:45.921,4.870151095920138,12.73651123046875,5.596455891927083,4.6143798828125,4.399617513020833
1103,00:00:45.963,23.164896647135418,38.1732177734375,23.165283203125,25.384765625,20.94464111328125
1104,00:00:46.004,4.9857923719618045,12.0465087890625,6.028523763020833,4.564168294270833,4.36468505859375
1105,00:00:46.046,22.324673122829864,36.99554443359375,21.515848795572918,25.445109049479168,20.0130615234375
1106,00:00:46.088,5.4431898328993045,13.09967041015625,6.641072591145833,4.939595540364583,4.7489013671875
1107,00:00:46.129,21.932915581597225,40.404052734375,22.253682454427082,24.631266276041668,18.913798014322918
1108,00:00:46.171,5.73846435546875,13.90899658203125,6.72186279296875,5.201883951822917,5.291646321614583
1109,00:00:46.213,24.077229817708332,41.8255615234375,23.1070556640625,27.479777018229168,21.644856770833332
1110,00:00:46.255,5.371676974826389,13.115234375,6.20147705078125,4.916748046875,4.996805826822917
1111,00:00:46.296,24.249416775173614,39.8956298828125,22.949991861979168,27.304667154947918,22.49359130859375
1112,00:00:46.338,6.052456325954861,14.2254638671875,6.856852213541667,5.573811848958333,5.726704915364583
1113,00:00:46.380,24.45296902126736,39.7088623046875,24.021748860677082,26.602193196614582,22.734965006510418
1114,00:00:46.421,6.078328450520833,16.0308837890625,6.741129557291667,5.5662841796875,5.927571614583333
1115,00:00:46.463,24.616529676649307,41.400146484375,22.48553466796875,27.442972819010418,23.92108154296875
1116,00:00:46.505,6.289177788628472,16.30584716796875,7.068827311197917,5.771464029947917,6.027242024739583
1117,00:00:46.547,24.23336452907986,44.20684814453125,23.111470540364582,26.198201497395832,23.390421549479168
1118,00:00:46.588,5.647820366753472,15.55877685546875,6.276997884114583,5.182657877604167,5.483805338541667
1119,00:00:46.630,25.013380262586807,46.2042236328125,24.503621419270832,27.790629069010418,22.745890299479168
1120,00:00:46.672,5.7066650390625,15.3875732421875,6.573994954427083,5.240641276041667,5.30535888671875
1121,00:00:46.713,25.262491861979168,45.93963623046875,23.39892578125,28.8267822265625,23.561767578125
1122,00:00:46.755,6.009318033854167,15.62103271484375,6.50360107421875,5.78192138671875,5.742431640625
1123,00:00:46.797,24.129218207465275,41.76849365234375,23.455769856770832,26.609212239583332,22.322672526041668
1124,00:00:46.838,5.87786865234375,15.37200927734375,6.5279541015625,5.487467447916667,5.618184407552083
1125,00:00:46.880,23.857374403211807,39.10186767578125,22.026692708333332,27.067484537760418,22.477945963541668
1126,00:00:46.922,5.7243177625868045,13.47320556640625,6.17095947265625,5.362935384114583,5.639058430989583
1127,00:00:46.964,23.219482421875,42.5933837890625,21.697285970052082,26.233011881510418,21.7281494140625
1128,00:00:47.005,5.867485894097221,14.88433837890625,6.384175618489583,5.32073974609375,5.897542317708333
1129,00:00:47.047,25.467237684461807,41.97601318359375,22.738240559895832,29.016276041666668,24.647196451822918
1130,00:00:47.089,6.08740234375,16.03607177734375,6.441365559895833,5.71734619140625,6.103495279947917
1131,00:00:47.130,25.287000868055557,42.57781982421875,22.991861979166668,28.5692138671875,24.2999267578125
1132,00:00:47.172,5.653069390190972,15.43426513671875,6.51544189453125,4.86669921875,5.577067057291667
1133,00:00:47.214,25.193081325954864,42.7490234375,22.574869791666668,27.8048095703125,25.199564615885418
1134,00:00:47.256,5.729390462239583,14.39666748046875,6.556803385416667,4.887837727864583,5.7435302734375
1135,00:00:47.297,24.170918782552082,41.27044677734375,21.283772786458332,27.25848388671875,23.970499674479168
1136,00:00:47.339,6.268317328559028,13.74298095703125,7.057637532552083,5.44866943359375,6.29864501953125
1137,00:00:47.381,23.102912055121525,41.690673828125,21.6937255859375,25.239278157552082,22.375732421875
1138,00:00:47.422,80.12858751085069,118.182373046875,68.762451171875,90.74940999348958,80.8739013671875
1139,00:00:47.464,12.945285373263888,25.089111328125,8.372904459635416,15.30474853515625,15.158203125
1140,00:00:47.506,0.7474704318576388,0.6640625,0.8259073893229166,0.4250895182291667,0.9914143880208334
1141,00:00:47.548,0.8846367730034723,1.21917724609375,0.8426310221354166,0.5764363606770834,1.2348429361979167
1142,00:00:47.589,0.5589396158854167,1.1309814453125,0.6772054036458334,0.3626505533854167,0.636962890625
1143,00:00:47.631,0.46726481119791674,0.6744384765625,0.58935546875,0.2793375651041667,0.5331013997395834
1144,00:00:47.673,68.35843234592014,117.3419189453125,54.15643310546875,78.41768391927083,72.50118001302083
1145,00:00:47.714,11.387674967447916,23.34075927734375,8.508382161458334,14.02777099609375,11.626871744791666
1146,00:00:47.756,0.2501017252604167,0.57586669921875,0.266845703125,0.2220458984375,0.26141357421875
1147,00:00:47.798,0.4427015516493055,1.43707275390625,0.65362548828125,0.2887166341145833,0.3857625325520833
1148,00:00:47.839,0.3747694227430556,0.9027099609375,0.55792236328125,0.24094645182291666,0.325439453125
1149,00:00:47.881,0.6595933702256944,1.556396484375,0.9247639973958334,0.4247029622395833,0.6293131510416666
1150,00:00:47.923,65.00556098090279,119.75433349609375,65.82688395182292,58.836995442708336,70.35280354817708
1151,00:00:47.965,10.748643663194445,19.403076171875,7.83563232421875,13.928914388020834,10.48138427734375
1152,00:00:48.006,0.27330864800347227,0.5914306640625,0.21187337239583334,0.3350423177083333,0.27301025390625
1153,00:00:48.048,0.3345947265625,0.10894775390625,0.4739583333333333,0.21417236328125,0.3156534830729167
1154,00:00:48.090,0.2979193793402778,0.12969970703125,0.45947265625,0.18318684895833334,0.2510986328125
1155,00:00:48.131,0.45893012152777785,0.66925048828125,0.58892822265625,0.3599650065104167,0.4278971354166667
1156,00:00:48.173,77.28186713324654,111.69219970703125,60.165568033854164,84.35528564453125,87.32474772135417
1157,00:00:48.215,17.123853895399307,25.94512939453125,14.772745768229166,20.739786783854168,15.859029134114584
1158,00:00:48.257,0.15682644314236113,0.81451416015625,0.1343994140625,0.146728515625,0.18935139973958334
1159,00:00:48.298,0.4216037326388889,0.87677001953125,0.4662068684895833,0.2952067057291667,0.5033976236979166
1160,00:00:48.340,0.25035942925347227,0.61737060546875,0.2586669921875,0.1954345703125,0.2969767252604167
1161,00:00:48.382,0.3576321072048611,0.66925048828125,0.3519287109375,0.352294921875,0.3686726888020833
1162,00:00:48.423,0.5609198676215277,0.67962646484375,0.55035400390625,0.5851847330729166,0.5472208658854166
1163,00:00:48.465,0.2783203125,0.23345947265625,0.3190511067708333,0.23419189453125,0.2817179361979167
1164,00:00:48.507,0.24979654947916666,0.40985107421875,0.24818929036458334,0.2550252278645833,0.24617513020833334
1165,00:00:48.549,0.34933810763888884,0.53955078125,0.376953125,0.2564290364583333,0.4146321614583333
1166,00:00:48.590,0.45467800564236116,0.4669189453125,0.5576985677083334,0.34466552734375,0.461669921875
1167,00:00:48.632,0.3767361111111111,0.601806640625,0.3207194010416667,0.4102986653645833,0.3991902669270833
1168,00:00:48.674,78.87103271484375,142.70599365234375,72.16788736979167,74.89613850911458,89.549072265625
1169,00:00:48.715,21.420132107204864,70.13641357421875,10.501749674479166,26.04461669921875,27.714029947916668
1170,00:00:48.757,15.119594997829862,61.42059326171875,7.642923990885417,20.03448486328125,17.681376139322918
1171,00:00:48.799,17.252997504340275,68.96392822265625,9.394327799479166,22.702616373697918,19.66204833984375
1172,00:00:48.840,0.3057454427083333,0.48248291015625,0.21700032552083334,0.2406005859375,0.4596354166666667
1173,00:00:48.882,48.814107259114586,101.456298828125,17.56951904296875,82.8031005859375,46.0697021484375
1174,00:00:48.924,0.10400390625,0.18157958984375,0.046793619791666664,0.12131754557291667,0.14390055338541666
1175,00:00:48.966,19.41158718532986,42.87353515625,3.49755859375,31.312845865885418,23.424357096354168
1176,00:00:49.007,8.201822916666666,6.10107421875,2.6554158528645835,3.3653971354166665,18.58465576171875
1177,00:00:49.049,8.448140462239584,2.25677490234375,2.8244832356770835,2.6256103515625,19.894327799479168
1178,00:00:49.091,8.237894694010416,0.2593994140625,2.6017252604166665,3.1427001953125,18.969258626302082
1179,00:00:49.132,8.303690592447916,0.37353515625,2.76055908203125,3.0950724283854165,19.055440266927082
1180,00:00:49.174,8.362080891927084,0.5706787109375,2.8679606119791665,2.4433390299479165,19.774943033854168
1181,00:00:49.216,15.267578125000002,18.32916259765625,4.3018798828125,11.949788411458334,29.551066080729168
1182,00:00:49.258,33.22933620876736,61.75262451171875,16.78948974609375,32.226969401041664,50.671549479166664
1183,00:00:49.299,1.839755588107639,0.6329345703125,0.8317057291666666,1.0203043619791667,3.6672566731770835
1184,00:00:49.341,40.633015950520836,65.38421630859375,22.795206705729168,42.150675455729164,56.953165690104164
1185,00:00:49.383,1.53448486328125,3.0401611328125,1.20587158203125,0.8806966145833334,2.5168863932291665
1186,00:00:49.424,48.79370795355903,83.900146484375,38.212727864583336,47.37939453125,60.78900146484375
1187,00:00:49.466,1.2660997178819444,2.677001953125,2.3176676432291665,0.52862548828125,0.9520060221354166
1188,00:00:49.508,47.32557508680555,77.882080078125,43.619181315104164,46.979288736979164,51.378255208333336
1189,00:00:49.550,2.205641004774306,3.22174072265625,3.24688720703125,0.8472696940104166,2.52276611328125
1190,00:00:49.591,41.864542643229164,76.533203125,33.657755533854164,34.833658854166664,57.102213541666664
1191,00:00:49.633,2.8513522677951393,3.258056640625,1.47479248046875,1.94561767578125,5.133646647135417
1192,00:00:49.675,23.957044813368057,38.56231689453125,16.205830891927082,17.220703125,38.444600423177086
1193,00:00:49.716,3.335394965277778,2.70294189453125,1.3807373046875,2.2850748697916665,6.340372721354167
1194,00:00:49.758,9.755242241753473,15.667724609375,6.1588134765625,7.948710123697917,15.158203125
1195,00:00:49.800,3.4090440538194446,1.85211181640625,1.1466471354166667,2.35064697265625,6.729838053385417
1196,00:00:49.841,7.183580186631944,12.25921630859375,4.280476888020833,6.343037923177083,10.927225748697916
1197,00:00:49.883,3.374016655815972,0.7366943359375,0.8334554036458334,2.3045857747395835,6.9840087890625
1198,00:00:49.925,8.226752387152777,15.0140380859375,5.176127115885417,8.05438232421875,11.449747721354166
1199,00:00:49.967,3.46966552734375,1.25030517578125,0.8155110677083334,2.1285807291666665,7.46490478515625
1200,00:00:50.008,6.9177720811631955,9.566650390625,4.059834798177083,6.540568033854167,10.152913411458334
1201,00:00:50.050,4.45623779296875,2.386474609375,1.7311808268229167,2.8174031575520835,8.82012939453125
1202,00:00:50.092,5.924526638454862,6.121826171875,2.7782796223958335,5.015299479166667,9.980000813802084
1203,00:00:50.133,4.140828450520833,0.64849853515625,1.1140543619791667,2.46234130859375,8.846089680989584
1204,00:00:50.175,5.314425998263888,3.3099365234375,1.8715006510416667,3.8098551432291665,10.261922200520834
1205,00:00:50.217,4.383734809027778,1.3385009765625,1.1548868815104167,2.66058349609375,9.335734049479166
1206,00:00:50.259,5.279730902777778,4.8870849609375,1.5744222005208333,3.82781982421875,10.43695068359375
1207,00:00:50.300,4.561319986979167,0.8612060546875,1.2054850260416667,2.7363484700520835,9.74212646484375
1208,00:00:50.342,5.5408935546875,5.2606201171875,1.5066935221354167,3.9114786783854165,11.204508463541666
1209,00:00:50.384,5.205342610677083,3.2061767578125,1.47052001953125,3.1349080403645835,11.010599772135416
1210,00:00:50.425,5.58709716796875,3.41888427734375,1.775390625,4.25701904296875,10.7288818359375
1211,00:00:50.467,2.919833713107639,0.4150390625,0.8990681966145834,1.4131876627604167,6.447245279947917
1212,00:00:50.509,2.912055121527778,2.19970703125,0.9215087890625,1.4531656901041667,6.361490885416667
1213,00:00:50.551,2.58294677734375,0.53955078125,0.83953857421875,1.0589192708333333,5.850382486979167
1214,00:00:50.592,2.733147515190972,2.41241455078125,0.8701375325520834,1.4424235026041667,5.886881510416667
1215,00:00:50.634,2.3251139322916665,0.20751953125,0.7146402994791666,0.9452107747395834,5.31549072265625
1216,00:00:50.676,49.15161810980903,167.60833740234375,25.767618815104168,62.803812662760414,58.8834228515625
1217,00:00:50.717,37.38660346137153,61.2078857421875,17.297159830729168,57.418538411458336,37.444112141927086
1218,00:00:50.759,46.989054361979164,116.00341796875,23.862548828125,61.392252604166664,55.712361653645836
1219,00:00:50.801,16.859965006510418,68.63189697265625,5.665364583333333,25.218485514322918,19.696044921875
1220,00:00:50.842,46.97228325737848,119.1473388671875,21.124165852864582,64.26902262369792,55.523661295572914
1221,00:00:50.884,46.633707682291664,117.7154541015625,21.642333984375,60.99652099609375,57.26226806640625
1222,00:00:50.926,47.671766493055564,118.0059814453125,21.548136393229168,64.4085693359375,57.05859375
1223,00:00:50.968,42.989461263020836,105.274658203125,19.172932942708332,62.534871419270836,47.260579427083336
1224,00:00:51.009,55.18487548828125,123.51043701171875,29.1201171875,84.05411783854167,52.380391438802086
1225,00:00:51.051,53.67059326171875,117.559814453125,33.401448567708336,77.00954182942708,50.600789388020836
1226,00:00:51.093,0.3280300564236111,0.73150634765625,0.3576456705729167,0.23968505859375,0.3867594401041667
1227,00:00:51.134,43.73101128472222,96.3201904296875,26.200154622395832,57.836893717447914,47.155985514322914
1228,00:00:51.176,0.3717854817708333,2.61474609375,0.4609578450520833,0.27740478515625,0.3769938151041667
1229,00:00:51.218,29.908481174045136,70.6500244140625,18.340189615885418,37.451456705729164,33.933797200520836
1230,00:00:51.260,0.46474880642361116,1.49932861328125,0.5661824544270834,0.3734130859375,0.45465087890625
1231,00:00:51.301,16.21826171875,46.5673828125,9.826924641927084,21.794453938802082,17.033406575520832
1232,00:00:51.343,0.48029242621527773,4.94415283203125,0.4684041341145833,0.4774169921875,0.49505615234375
1233,00:00:51.385,12.654466417100693,41.981201171875,6.516947428385417,17.9422607421875,13.504191080729166
1234,00:00:51.426,0.4068806966145833,3.54339599609375,0.39678955078125,0.3989664713541667,0.4248860677083333
1235,00:00:51.468,10.3944091796875,36.64276123046875,4.092447916666667,16.020406087239582,11.07037353515625
1236,00:00:51.510,0.4206068250868056,2.61474609375,0.5544637044270834,0.3703206380208333,0.3370361328125
1237,00:00:51.552,9.569118923611112,35.6103515625,4.805501302083333,14.531026204427084,9.370829264322916
1238,00:00:51.593,74.1590576171875,107.53143310546875,72.12502034505208,69.21156819661458,81.14058430989583
1239,00:00:51.635,17.644449869791668,21.73248291015625,14.12408447265625,21.133443196614582,17.675821940104168
1240,00:00:51.677,1.543429904513889,2.36572265625,1.8689168294270833,1.3144327799479167,1.4469401041666667
1241,00:00:51.718,1.540011935763889,3.0194091796875,1.986328125,1.22467041015625,1.4090372721354167
1242,00:00:51.760,1.6847398546006944,2.9156494140625,1.9309488932291667,1.5257771809895833,1.5974934895833333
1243,00:00:51.802,0.7966647677951388,0.78857421875,1.2875773111979167,0.4570719401041667,0.6453450520833334
1244,00:00:51.843,1.0334947374131944,1.1724853515625,1.7431233723958333,0.5339762369791666,0.8233846028645834
1245,00:00:51.885,0.1473659939236111,0.12969970703125,0.2608642578125,0.08416748046875,0.09706624348958333
1246,00:00:51.927,0.12168375651041667,0.08819580078125,0.21986897786458334,0.06459554036458333,0.08058675130208333
1247,00:00:51.969,0.2730848524305556,0.36834716796875,0.302978515625,0.2749430338541667,0.2413330078125
1248,00:00:52.010,70.12769232855902,87.61474609375,54.635538736979164,82.85300699869792,72.89453125
1249,00:00:52.052,21.575656467013886,21.33819580078125,13.386617024739584,24.7423095703125,26.598042805989582
1250,00:00:52.094,0.9454210069444443,1.94549560546875,0.6844075520833334,0.9946695963541666,1.1571858723958333
1251,00:00:52.135,0.5826619466145834,1.28143310546875,0.5040486653645834,0.5731404622395834,0.6707967122395834
1252,00:00:52.177,0.5055474175347222,1.07391357421875,0.56158447265625,0.37017822265625,0.5848795572916666
1253,00:00:52.219,0.45431857638888884,1.38519287109375,0.4798583984375,0.3502197265625,0.5328776041666666
1254,00:00:52.261,0.3117201063368055,0.69000244140625,0.3470662434895833,0.23583984375,0.3522542317708333
1255,00:00:52.302,0.18199327256944442,1.34368896484375,0.19126383463541666,0.11883544921875,0.23588053385416666
1256,00:00:52.344,0.2163628472222222,1.0791015625,0.2647705078125,0.13407389322916666,0.250244140625
1257,00:00:52.386,0.6251898871527778,1.2139892578125,0.5030314127604166,0.6356404622395834,0.7368977864583334
1258,00:00:52.427,70.49665662977431,176.827392578125,55.41522216796875,85.4910888671875,70.58365885416667
1259,00:00:52.469,1.850151909722222,10.28778076171875,0.5323893229166666,2.2992350260416665,2.7188313802083335
1260,00:00:52.511,1.1554701063368056,11.7767333984375,0.3552042643229167,1.5189615885416667,1.5922444661458333
1261,00:00:52.553,3.85870361328125,39.3353271484375,0.8932088216145834,4.839111328125,5.843790690104167
1262,00:00:52.594,0.90765380859375,5.6964111328125,0.18636067708333334,1.39874267578125,1.1378580729166667
1263,00:00:52.636,1.24273681640625,4.98565673828125,0.4115193684895833,1.3510335286458333,1.9656575520833333
1264,00:00:52.678,3.221950954861111,19.14886474609375,0.8662516276041666,3.9108072916666665,4.8887939453125
1265,00:00:52.719,0.7853461371527778,4.171142578125,0.2839558919270833,0.9119466145833334,1.1601359049479167
1266,00:00:52.761,0.64129638671875,3.631591796875,0.22556559244791666,0.8058878580729166,0.8924357096354166
1267,00:00:52.803,2.650390625,15.65216064453125,0.6872151692708334,3.1385904947916665,4.1253662109375
1268,00:00:52.844,0.64703369140625,3.258056640625,0.18585205078125,0.8580322265625,0.897216796875
1269,00:00:52.886,0.7380032009548612,3.2373046875,0.22471110026041666,0.95135498046875,1.0379435221354167
1270,00:00:52.928,2.789964463975694,15.22674560546875,0.6940511067708334,3.33404541015625,4.341796875
1271,00:00:52.970,0.7158067491319445,4.752197265625,0.207763671875,0.9466756184895834,0.99298095703125
1272,00:00:53.011,0.8686726888020834,4.3682861328125,0.27001953125,1.1224772135416667,1.2135213216145833
1273,00:00:53.053,3.1289333767361107,18.26171875,0.8864339192708334,3.5843302408854165,4.916035970052083
1274,00:00:53.095,0.8074815538194443,5.914306640625,0.22149658203125,1.081787109375,1.1191609700520833
1275,00:00:53.136,0.765835232204861,3.56414794921875,0.2137451171875,1.0269978841145833,1.0567626953125
1276,00:00:53.178,3.200615776909722,18.30322265625,0.9012044270833334,3.799560546875,4.901082356770833
1277,00:00:53.220,0.8729383680555557,5.35919189453125,0.2654825846354167,1.1436360677083333,1.2096964518229167
1278,00:00:53.262,0.8133544921875,6.22039794921875,0.23105875651041666,1.1053466796875,1.1036580403645833
1279,00:00:53.303,3.1566094292534728,18.9984130859375,0.9377237955729166,3.43438720703125,5.09771728515625
1280,00:00:53.345,0.9600355360243055,6.43829345703125,0.2972412109375,1.2268880208333333,1.3559773763020833
1281,00:00:53.387,0.9393513997395834,5.7275390625,0.2674560546875,1.2075602213541667,1.3430379231770833
1282,00:00:53.428,3.0455322265625,17.26043701171875,0.9410807291666666,3.4110310872395835,4.78448486328125
1283,00:00:53.470,1.0363566080729167,5.52520751953125,0.2916666666666667,1.3861083984375,1.4312947591145833
1284,00:00:53.512,1.1597764756944444,6.3397216796875,0.3514607747395833,1.5339558919270833,1.5939127604166667
1285,00:00:53.554,3.1999918619791665,20.1605224609375,0.9835205078125,3.57122802734375,5.04522705078125
1286,00:00:53.595,1.00726318359375,5.81573486328125,0.2936197916666667,1.2907307942708333,1.43743896484375
1287,00:00:53.637,1.2606065538194444,7.6263427734375,0.3511555989583333,1.67578125,1.7548828125
1288,00:00:53.679,3.280788845486111,18.9569091796875,0.9685262044270834,3.4681599934895835,5.405680338541667
1289,00:00:53.720,1.2671034071180556,7.65228271484375,0.37188720703125,1.5919596354166667,1.83746337890625
1290,00:00:53.762,1.0371500651041667,6.038818359375,0.2603556315104167,1.3282267252604167,1.5228678385416667
1291,00:00:53.804,2.9798448350694446,16.02569580078125,0.91864013671875,3.4569295247395835,4.56396484375
1292,00:00:53.845,1.233249240451389,7.26837158203125,0.3337809244791667,1.6009724934895833,1.7649943033854167
1293,00:00:53.887,1.390414767795139,6.5679931640625,0.3707275390625,1.7632853190104167,2.0372314453125
1294,00:00:53.929,2.885002983940972,17.97119140625,0.8872273763020834,3.2823486328125,4.485432942708333
1295,00:00:53.971,1.1992526584201388,7.698974609375,0.2995808919270833,1.57440185546875,1.7237752278645833
1296,00:00:54.012,1.2225138346354167,7.66265869140625,0.33734130859375,1.5841878255208333,1.7460123697916667
1297,00:00:54.054,4.066630045572917,20.980224609375,1.2716471354166667,4.4610595703125,6.467183430989583
1298,00:00:54.096,1.160007052951389,9.15679931640625,0.3318277994791667,1.5200398763020833,1.6281534830729167
1299,00:00:54.137,1.5646701388888886,10.70281982421875,0.4446207682291667,2.0816650390625,2.167724609375
1300,00:00:54.179,3.125088161892361,19.39788818359375,0.8475341796875,3.6093343098958335,4.91839599609375
1301,00:00:54.221,1.4183146158854167,9.47845458984375,0.3681437174479167,1.8378092447916667,2.0489908854166665
1302,00:00:54.263,1.3255140516493056,8.3941650390625,0.37628173828125,1.781494140625,1.8187662760416667
1303,00:00:54.304,3.2296278211805554,22.86346435546875,0.8731282552083334,3.6957804361979165,5.119974772135417
1304,00:00:54.346,1.1872965494791667,9.8468017578125,0.28179931640625,1.5672403971354167,1.7128499348958333
1305,00:00:54.388,1.583930121527778,9.75860595703125,0.4012044270833333,2.0213623046875,2.3292236328125
1306,00:00:54.429,3.5216878255208335,19.53277587890625,0.9699300130208334,4.119344075520833,5.475789388020833
1307,00:00:54.471,1.6963772243923614,11.13861083984375,0.4344482421875,2.26153564453125,2.3931477864583335
1308,00:00:54.513,1.521145290798611,10.5731201171875,0.3793131510416667,1.97052001953125,2.2136027018229165
1309,00:00:54.555,3.6580946180555554,22.31353759765625,0.98773193359375,4.365376790364583,5.621175130208333
1310,00:00:54.596,1.5333048502604167,11.77154541015625,0.3711751302083333,2.0331827799479165,2.195556640625
1311,00:00:54.638,1.773681640625,14.007568359375,0.44940185546875,2.3458048502604165,2.5258382161458335
1312,00:00:54.680,3.272874620225694,19.70916748046875,0.84112548828125,4.041158040364583,4.93634033203125
1313,00:00:54.721,1.7550455729166667,10.1788330078125,0.487060546875,2.1699625651041665,2.6081136067708335
1314,00:00:54.763,1.5487806532118056,8.446044921875,0.3617757161458333,2.04803466796875,2.2365315755208335
1315,00:00:54.805,4.05303955078125,23.927001953125,0.9690958658854166,4.998860677083333,6.191162109375
1316,00:00:54.846,1.73468017578125,9.6600341796875,0.42010498046875,2.2690836588541665,2.5148518880208335
1317,00:00:54.888,1.8339775933159723,9.5977783203125,0.4366658528645833,2.3753255208333335,2.68994140625
1318,00:00:54.930,3.646355523003472,21.9970703125,0.88525390625,4.493916829427083,5.559895833333333
1319,00:00:54.972,2.027296278211806,11.31500244140625,0.47161865234375,2.6845296223958335,2.9257405598958335
1320,00:00:55.013,1.8385484483506946,9.4525146484375,0.4636433919270833,2.4028116861979165,2.6491902669270835
1321,00:00:55.055,4.866495768229167,25.14617919921875,1.6260986328125,5.68695068359375,7.28643798828125
1322,00:00:55.097,1.9709337022569446,8.75213623046875,0.5172322591145834,2.5603841145833335,2.8351847330729165
1323,00:00:55.138,2.068149142795139,11.50177001953125,0.4723714192708333,2.7655436197916665,2.9665323893229165
1324,00:00:55.180,3.795545789930556,21.353759765625,0.9641927083333334,4.678202311197917,5.744242350260417
1325,00:00:55.222,2.212103949652778,12.58087158203125,0.5475056966145834,2.9124959309895835,3.1763102213541665
1326,00:00:55.264,1.9595133463541667,12.222900390625,0.5154012044270834,2.5616048177083335,2.8015340169270835
1327,00:00:55.305,4.040534125434028,26.35498046875,1.0383707682291667,5.022867838541667,6.06036376953125
1328,00:00:55.347,2.113254123263889,13.64959716796875,0.51953125,2.8011678059895835,3.0190633138020835
1329,00:00:55.389,2.4992268880208335,14.1424560546875,0.6325887044270834,3.2055257161458335,3.6595662434895835
1330,00:00:55.430,3.8121202256944446,21.6131591796875,0.9852091471354166,4.745829264322917,5.705322265625
1331,00:00:55.472,2.471428765190972,11.9427490234375,0.5580647786458334,3.3339640299479165,3.5222574869791665
1332,00:00:55.514,2.0967475043402777,11.27349853515625,0.5032145182291666,2.7989501953125,2.9880777994791665
1333,00:00:55.556,5.130147298177083,28.72589111328125,1.1963704427083333,6.634134928385417,7.5599365234375
1334,00:00:55.597,2.182257758246528,12.16583251953125,0.53118896484375,2.94305419921875,3.0725301106770835
1335,00:00:55.639,2.5514933268229165,11.85455322265625,0.5767822265625,3.52154541015625,3.55615234375
1336,00:00:55.681,4.15325927734375,23.4912109375,1.0241292317708333,5.33551025390625,6.100138346354167
1337,00:00:55.722,2.7918226453993054,12.79876708984375,0.6673787434895834,3.7706705729166665,3.9374186197916665
1338,00:00:55.764,2.2578260633680554,10.0958251953125,0.5439656575520834,2.9955851236979165,3.2339274088541665
1339,00:00:55.806,4.233113606770833,23.54827880859375,1.0227864583333333,5.4195556640625,6.256998697916667
1340,00:00:55.847,2.3768174913194446,13.0426025390625,0.5762939453125,3.2164306640625,3.3377278645833335
1341,00:00:55.889,2.6220703125,14.3914794921875,0.5962727864583334,3.5860595703125,3.6838785807291665
1342,00:00:55.931,4.030809190538194,22.266845703125,0.9618937174479166,5.021687825520833,6.108846028645833
1343,00:00:55.973,2.644829644097222,14.0594482421875,0.6023356119791666,3.6125895182291665,3.7195638020833335
1344,00:00:56.014,2.4743855794270835,16.39923095703125,0.61383056640625,3.2533976236979165,3.5559285481770835
1345,00:00:56.056,4.496331108940971,24.425048828125,1.24737548828125,5.362019856770833,6.879597981770833
1346,00:00:56.098,2.33538818359375,14.37591552734375,0.6154988606770834,3.0500895182291665,3.340576171875
1347,00:00:56.139,2.5460205078125,15.30975341796875,0.5797526041666666,3.5012410481770835,3.55706787109375
1348,00:00:56.181,4.06719970703125,24.2901611328125,1.0406290690104167,5.068684895833333,6.09228515625
1349,00:00:56.223,2.8145277235243054,17.71697998046875,0.6668294270833334,3.8357950846354165,3.9409586588541665
1350,00:00:56.265,2.399807400173611,13.23455810546875,0.5800984700520834,3.2716267903645835,3.3476969401041665
1351,00:00:56.306,4.101474338107639,25.95550537109375,1.1462605794270833,5.025675455729167,6.132486979166667
1352,00:00:56.348,2.444871690538194,15.1593017578125,0.62579345703125,3.2903238932291665,3.4184977213541665
1353,00:00:56.390,2.724460177951389,16.622314453125,0.6411539713541666,3.7076822916666665,3.8245442708333335
1354,00:00:56.431,3.4471096462673607,20.5548095703125,1.05816650390625,4.082295735677083,5.20086669921875
1355,00:00:56.473,2.773261176215278,16.56524658203125,0.6683553059895834,3.8477376302083335,3.8036905924479165
1356,00:00:56.515,2.623019748263889,15.6884765625,0.6417236328125,3.5839029947916665,3.6434326171875
1357,00:00:56.557,4.277662489149306,23.02947998046875,1.2812296549479167,5.278971354166667,6.272786458333333
1358,00:00:56.598,2.3936835394965277,14.85321044921875,0.5824381510416666,3.2631022135416665,3.33551025390625
1359,00:00:56.640,2.7836710611979165,19.66766357421875,0.6817220052083334,3.8647664388020835,3.8045247395833335
1360,00:00:56.682,4.285997178819444,24.78302001953125,1.256103515625,5.1064453125,6.495442708333333
1361,00:00:56.723,2.9973551432291665,17.5665283203125,0.76788330078125,4.07763671875,4.14654541015625
1362,00:00:56.765,2.8276841905381946,15.37200927734375,0.7619832356770834,3.7678019205729165,3.9532674153645835
1363,00:00:56.807,4.031175401475694,24.82452392578125,1.167236328125,5.072408040364583,5.8538818359375
1364,00:00:56.848,2.620110405815972,17.25006103515625,0.6617635091145834,3.5624593098958335,3.6361083984375
1365,00:00:56.890,3.17877197265625,20.0567626953125,0.8368937174479166,4.255025227864583,4.44439697265625
1366,00:00:56.932,4.406148274739583,23.2421875,1.3938191731770833,5.427815755208333,6.396809895833333
1367,00:00:56.974,3.40325927734375,21.96075439453125,0.9716593424479166,4.553263346354167,4.684855143229167
1368,00:00:57.015,2.9243570963541665,15.89599609375,0.8772989908854166,3.79669189453125,4.099080403645833
1369,00:00:57.057,5.806294759114583,26.1993408203125,1.7643839518229167,6.82977294921875,8.824727376302084
1370,00:00:57.099,3.265007866753472,22.15789794921875,0.73846435546875,4.460469563802083,4.596089680989583
1371,00:00:57.140,3.4290703667534728,35.52734375,0.8237508138020834,4.715494791666667,4.747965494791667
1372,00:00:57.182,3.8989325629340272,26.62994384765625,1.1488850911458333,4.667073567708333,5.880839029947917
1373,00:00:57.224,3.082567003038194,23.408203125,0.7898152669270834,4.12255859375,4.3353271484375
1374,00:00:57.266,2.5693495008680554,21.0113525390625,0.7015584309895834,3.3185831705729165,3.6879069010416665
1375,00:00:57.307,4.604994032118056,35.506591796875,1.3692830403645833,5.760416666666667,6.685282389322917
1376,00:00:57.349,2.74615478515625,20.4095458984375,0.7964274088541666,3.6840413411458335,3.75799560546875
1377,00:00:57.391,3.1024848090277772,23.57940673828125,0.8857014973958334,4.070454915364583,4.351298014322917
1378,00:00:57.432,4.207356770833333,25.047607421875,1.2536417643229167,5.063618977864583,6.3048095703125
1379,00:00:57.474,3.0921969943576393,20.42510986328125,0.89422607421875,4.10272216796875,4.279642740885417
1380,00:00:57.516,3.3145684136284728,28.8140869140625,0.8958943684895834,4.541361490885417,4.506449381510417
1381,00:00:57.558,5.922349717881944,25.089111328125,1.6418253580729167,7.558634440104167,8.56658935546875
1382,00:00:57.599,3.59881591796875,17.099609375,1.0933634440104167,4.19000244140625,5.513081868489583
1383,00:00:57.641,3.214525010850694,20.0048828125,0.97955322265625,4.1141357421875,4.549886067708333
1384,00:00:57.683,3.81744384765625,23.1280517578125,1.2829386393229167,4.567891438802083,5.60150146484375
1385,00:00:57.724,2.8472696940104165,17.18780517578125,0.8817545572916666,3.7760823567708335,3.88397216796875
1386,00:00:57.766,2.492031521267361,14.049072265625,0.7455037434895834,3.2918904622395835,3.4387003580729165
1387,00:00:57.808,4.575154622395833,27.64678955078125,1.3647867838541667,5.588033040364583,6.77264404296875
1388,00:00:57.849,2.641201443142361,15.2215576171875,0.7838948567708334,3.4576822916666665,3.6820271809895835
1389,00:00:57.891,2.750372992621528,15.4290771484375,0.7751261393229166,3.6707967122395835,3.8051961263020835
1390,00:00:57.933,4.135654025607639,26.27197265625,1.1666666666666667,5.27362060546875,5.9666748046875
1391,00:00:57.975,2.8425971137152772,17.286376953125,0.8849080403645834,3.6221923828125,4.02069091796875
1392,00:00:58.016,2.4142862955729165,14.8480224609375,0.8310546875,2.9529215494791665,3.4588826497395835
1393,00:00:58.058,4.395107693142362,26.7596435546875,1.3961588541666667,5.23590087890625,6.553263346354167
1394,00:00:58.100,2.3546617296006946,15.89599609375,0.69757080078125,3.0454915364583335,3.3209228515625
1395,00:00:58.141,2.9361165364583335,16.23321533203125,0.9566853841145834,3.6553548177083335,4.196309407552083
1396,00:00:58.183,4.180148654513889,25.27069091796875,1.2899373372395833,5.053629557291667,6.196879069010417
1397,00:00:58.225,3.3629557291666665,22.45880126953125,1.03662109375,4.385396321614583,4.666849772135417
1398,00:00:58.267,2.584018283420139,16.82464599609375,0.8001708984375,3.2774658203125,3.6744181315104165
1399,00:00:58.308,4.163947211371528,26.37054443359375,1.3317464192708333,5.108011881510417,6.052083333333333
1400,00:00:58.350,2.467129177517361,14.90509033203125,0.8293050130208334,3.104736328125,3.46734619140625
1401,00:00:58.392,2.916042751736111,18.0438232421875,0.94464111328125,3.7050577799479165,4.098429361979167
1402,00:00:58.433,3.9130655924479165,23.428955078125,1.2097574869791667,4.824381510416667,5.705057779947917
1403,00:00:58.475,3.0298733181423607,17.9296875,0.9427693684895834,3.84002685546875,4.30682373046875
1404,00:00:58.517,2.709214952256944,17.37457275390625,0.8431599934895834,3.41668701171875,3.8677978515625
1405,00:00:58.559,5.001925998263889,32.6324462890625,1.57879638671875,5.943949381510417,7.4830322265625
1406,00:00:58.600,2.566650390625,18.34991455078125,0.7129720052083334,3.3685099283854165,3.61846923828125
1407,00:00:58.642,3.07330322265625,18.0853271484375,0.9143269856770834,4.009806315104167,4.2957763671875
1408,00:00:58.684,4.566982693142361,28.284912109375,1.3721110026041667,5.692708333333333,6.636128743489583
1409,00:00:58.725,3.237555609809028,19.7869873046875,0.98736572265625,4.301554361979167,4.423746744791667
1410,00:00:58.767,2.858934190538194,17.618408203125,0.8174235026041666,3.7894287109375,3.9699503580729165
1411,00:00:58.809,4.431491427951388,32.518310546875,1.3581136067708333,5.654866536458333,6.281494140625
1412,00:00:58.850,2.89208984375,19.1644287109375,0.94464111328125,3.7089436848958335,4.022684733072917
1413,00:00:58.892,3.302625868055556,22.0697021484375,1.064208984375,4.40142822265625,4.442240397135417
1414,00:00:58.934,4.342420789930555,26.71295166015625,1.3024495442708333,5.552144368489583,6.17266845703125
1415,00:00:58.976,3.4299248589409728,20.21240234375,1.0812174479166667,4.545694986979167,4.662862141927083
1416,00:00:59.017,3.2454427083333335,19.818115234375,1.1535237630208333,4.08319091796875,4.499613444010417
1417,00:00:59.059,5.141228569878472,30.62469482421875,1.8682047526041667,6.074503580729167,7.480977376302083
1418,00:00:59.101,2.9056260850694446,18.06976318359375,0.8736368815104166,3.8686726888020835,3.9745686848958335
1419,00:00:59.142,3.348863389756944,20.523681640625,1.039306640625,4.5064697265625,4.500813802083333
1420,00:00:59.184,4.24896240234375,23.3148193359375,1.4406941731770833,5.2823486328125,6.023844401041667
1421,00:00:59.226,3.432305230034722,22.06451416015625,1.2199910481770833,4.492207845052083,4.584716796875
1422,00:00:59.268,2.8821139865451393,19.44976806640625,1.0050455729166667,3.7423095703125,3.89898681640625
1423,00:00:59.309,4.589213053385417,27.93731689453125,1.60137939453125,5.598592122395833,6.567667643229167
1424,00:00:59.351,3.245435926649306,21.13067626953125,1.70257568359375,3.90045166015625,4.133280436197917
1425,00:00:59.393,3.2422146267361107,20.1190185546875,1.12664794921875,4.267781575520833,4.33221435546875
1426,00:00:59.434,4.019775390625,24.36279296875,1.51715087890625,5.05328369140625,5.4888916015625
1427,00:00:59.476,3.3826090494791665,19.8907470703125,1.4280192057291667,4.244771321614583,4.47503662109375
1428,00:00:59.518,2.8333604600694446,16.7987060546875,1.0828450520833333,3.5716756184895835,3.8455607096354165
1429,00:00:59.560,4.832309299045139,24.51324462890625,1.9694010416666667,5.921956380208333,6.605570475260417
1430,00:00:59.601,2.640536838107639,18.7286376953125,0.8060709635416666,3.7675577799479165,3.3479817708333335
1431,00:00:59.643,3.2690226236979165,19.2578125,1.5272623697916667,3.9920857747395835,4.2877197265625
1432,00:00:59.685,4.2691650390625,27.32513427734375,1.8348185221354167,4.932779947916667,6.039896647135417
1433,00:00:59.726,3.2069430881076393,20.33172607421875,1.5836588541666667,3.82379150390625,4.21337890625
1434,00:00:59.768,2.8628133138020835,17.120361328125,1.5718587239583333,3.2307332356770835,3.7858479817708335
1435,00:00:59.810,4.203118218315972,27.122802734375,1.7988688151041667,5.04119873046875,5.769287109375
1436,00:00:59.851,2.79913330078125,18.54705810546875,1.0664876302083333,3.5505777994791665,3.78033447265625
1437,00:00:59.893,3.154201931423611,22.45880126953125,1.3749186197916667,3.82476806640625,4.262919108072917
1438,00:00:59.935,3.7574395073784728,26.4691162109375,1.47503662109375,4.41339111328125,5.383890787760417
1439,00:00:59.977,3.1502685546875,19.6728515625,1.4071044921875,3.6903889973958335,4.353312174479167
1440,00:01:00.018,2.2745429144965272,17.38494873046875,0.9190673828125,2.7360026041666665,3.1685587565104165
1441,00:01:00.060,5.622002495659721,28.90228271484375,2.6724039713541665,6.031148274739583,8.162455240885416
1442,00:01:00.102,2.2244737413194446,19.87518310546875,0.7779947916666666,2.8112386067708335,3.0841878255208335
1443,00:01:00.143,2.777879503038194,21.29150390625,1.0022786458333333,3.419677734375,3.91168212890625
1444,00:01:00.185,4.027859157986111,25.504150390625,1.3263956705729167,4.807515462239583,5.949666341145833
1445,00:01:00.227,3.02288818359375,19.3719482421875,1.0222574869791667,3.8277994791666665,4.218607584635417
1446,00:01:00.269,2.322625054253472,18.7286376953125,0.7465616861979166,2.9657389322916665,3.2555745442708335
1447,00:01:00.310,4.148729112413194,28.04107666015625,1.2708333333333333,5.0045166015625,6.17083740234375
1448,00:01:00.352,2.0696207682291665,15.94268798828125,0.6199137369791666,2.6983846028645835,2.89056396484375
1449,00:01:00.394,2.6101209852430554,19.2059326171875,0.8539632161458334,3.3747355143229165,3.6016642252604165
1450,00:01:00.435,4.070895724826388,26.251220703125,1.20989990234375,4.898946126302083,6.103841145833333
1451,00:01:00.477,2.7848375108506946,19.52239990234375,0.95123291015625,3.6011555989583335,3.8021240234375
1452,00:01:00.519,2.5002305772569446,18.12164306640625,0.9052937825520834,3.2245890299479165,3.3708089192708335
1453,00:01:00.561,4.822157118055556,29.1461181640625,1.618896484375,5.806009928385417,7.04156494140625
1454,00:01:00.602,2.7862955729166665,15.41351318359375,0.7777913411458334,3.8142293294270835,3.7668660481770835
1455,00:01:00.644,3.098626030815972,29.63897705078125,0.720947265625,4.524007161458333,4.050923665364583
1456,00:01:00.686,4.034227159288195,36.39373779296875,1.1895751953125,5.304789225260417,5.608317057291667
1457,00:01:00.727,2.1815660264756946,20.72601318359375,0.6938273111979166,2.9853719075520835,2.8654988606770835
1458,00:01:00.769,1.7280069986979167,15.543212890625,0.5755208333333334,2.3388671875,2.2696329752604165
1459,00:01:00.811,4.552090115017362,31.85943603515625,1.3235270182291667,5.846598307291667,6.48614501953125
1460,00:01:00.852,1.6565890842013886,15.61065673828125,0.5510660807291666,2.2000528971354165,2.2186482747395835
1461,00:01:00.894,1.8760308159722223,16.51336669921875,0.59466552734375,2.5617268880208335,2.4717000325520835
1462,00:01:00.936,3.60858154296875,23.67279052734375,1.0416056315104167,4.58001708984375,5.204121907552083
1463,00:01:00.978,1.9172837999131944,12.97515869140625,0.6131591796875,2.5729166666666665,2.5657755533854165
1464,00:01:01.019,1.6630655924479167,11.26312255859375,0.5447794596354166,2.1155192057291665,2.3288981119791665
1465,00:01:01.061,3.970126681857639,24.23828125,1.2164510091145833,4.840474446614583,5.85345458984375
1466,00:01:01.103,2.587741427951389,14.9102783203125,0.6743570963541666,3.5283203125,3.560546875
1467,00:01:01.144,1.712592230902778,14.40704345703125,0.5533040364583334,2.183349609375,2.401123046875
1468,00:01:01.186,3.484544542100694,21.54052734375,0.9759521484375,4.200764973958333,5.27691650390625
1469,00:01:01.228,1.5995890299479167,10.39154052734375,0.4920654296875,1.99993896484375,2.3067626953125
1470,00:01:01.270,1.2680257161458333,7.62115478515625,0.411865234375,1.4619954427083333,1.9302164713541667
1471,00:01:01.311,3.2748616536458335,20.03082275390625,0.9228108723958334,4.019551595052083,4.882222493489583
1472,00:01:01.353,1.428738064236111,8.01025390625,0.4755859375,1.7870686848958333,2.0235595703125
1473,00:01:01.395,1.5760294596354167,7.9168701171875,0.57916259765625,1.7771809895833333,2.3717447916666665
1474,00:01:01.436,62.99431694878473,148.6358642578125,31.235941569010418,99.382568359375,58.36444091796875
1475,00:01:01.478,4.120029025607638,21.6650390625,3.1697998046875,1.1619873046875,8.028299967447916
1476,00:01:01.520,0.513427734375,4.96490478515625,0.3310750325520833,0.15098063151041666,1.0582275390625
1477,00:01:01.562,3.377000596788194,21.187744140625,3.16290283203125,0.56463623046875,6.403462727864583
1478,00:01:01.603,1.494113498263889,10.00244140625,1.4123128255208333,0.3157145182291667,2.7543131510416665
1479,00:01:01.645,1.376885308159722,8.22296142578125,1.0684611002604167,0.3792928059895833,2.6829020182291665
1480,00:01:01.687,1.2530381944444444,7.68341064453125,0.92498779296875,0.3578898111979167,2.4762369791666665
1481,00:01:01.728,1.9038357204861114,11.66778564453125,1.6946004231770833,0.4894816080729167,3.5274251302083335
1482,00:01:01.770,2.6804402669270835,14.2877197265625,1.6697184244791667,1.4229532877604167,4.948649088541667
1483,00:01:01.812,3.5506998697916674,18.65081787109375,2.54443359375,1.6996663411458333,6.407999674479167
1484,00:01:01.853,2.384494357638889,11.08673095703125,1.676025390625,0.80255126953125,4.674906412760417
1485,00:01:01.895,10.585951063368055,40.26397705078125,6.548828125,5.414204915364583,19.794820149739582
1486,00:01:01.937,5.065667046440972,24.05670166015625,4.304036458333333,2.17095947265625,8.722005208333334
1487,00:01:01.979,9.475070529513888,29.5611572265625,5.883402506510417,8.960550944010416,13.581258138020834
1488,00:01:02.020,3.5831434461805554,12.28515625,2.92498779296875,2.2667643229166665,5.55767822265625
1489,00:01:02.062,7.145684136284721,18.68194580078125,5.597941080729167,5.893758138020833,9.945353190104166
1490,00:01:02.104,3.529615614149306,10.51605224609375,3.0700276692708335,2.2749226888020835,5.243896484375
1491,00:01:02.145,5.100796169704861,13.51470947265625,4.131062825520833,3.96490478515625,7.2064208984375
1492,00:01:02.187,4.620476616753472,11.13861083984375,3.9050699869791665,3.3911539713541665,6.565205891927083
1493,00:01:02.229,4.379231770833333,11.62109375,3.11309814453125,4.523518880208333,5.501078287760417
1494,00:01:02.271,3.4027913411458335,10.47454833984375,2.97467041015625,2.2545369466145835,4.979166666666667
1495,00:01:02.312,6.283894856770833,14.215087890625,5.473714192708333,4.4844970703125,8.893473307291666
1496,00:01:02.354,4.207675509982639,10.49530029296875,3.5810343424479165,3.2826131184895835,5.759379069010417
1497,00:01:02.396,4.59674072265625,9.07379150390625,3.8970743815104165,4.123758951822917,5.769388834635417
1498,00:01:02.437,3.210354275173611,8.38897705078125,2.99090576171875,2.3351033528645835,4.3050537109375
1499,00:01:02.479,5.559176974826389,10.46417236328125,5.618326822916667,3.8268636067708335,7.232340494791667
1500,00:01:02.521,3.950649685329861,8.1866455078125,3.3263142903645835,2.94708251953125,5.57855224609375
1501,00:01:02.563,5.3931410047743045,9.8675537109375,5.6090087890625,3.2193196614583335,7.351094563802083
1502,00:01:02.604,3.0039469401041665,7.5537109375,2.3213297526041665,2.3577880859375,4.332722981770833
1503,00:01:02.646,4.034064398871528,9.130859375,3.4594319661458335,3.2011311848958335,5.441630045572917
1504,00:01:02.688,3.5011461046006946,9.296875,2.8930257161458335,2.5376790364583335,5.072733561197917
1505,00:01:02.729,4.456420898437499,10.106201171875,3.90435791015625,3.3872477213541665,6.077657063802083
1506,00:01:02.771,3.4187757703993054,9.17755126953125,3.02374267578125,2.2143758138020835,5.018208821614583
1507,00:01:02.813,4.656880696614583,10.51605224609375,3.8459269205729165,3.5010782877604165,6.623636881510417
1508,00:01:02.854,3.823805067274306,10.85845947265625,2.93353271484375,2.816162109375,5.721720377604167
1509,00:01:02.896,3.135328504774306,11.22161865234375,2.2278645833333335,2.5027058919270835,4.6754150390625
1510,00:01:02.938,3.6510891384548607,11.46026611328125,2.7293904622395835,2.6719767252604165,5.551900227864583
1511,00:01:02.980,3.9760945638020835,12.056884765625,3.3909708658854165,2.9129638671875,5.624348958333333
1512,00:01:03.021,3.2537977430555554,9.7430419921875,2.5155436197916665,2.3822428385416665,4.863606770833333
1513,00:01:03.063,8.626993815104166,14.32403564453125,9.947123209635416,4.292032877604167,11.641825358072916
1514,00:01:03.105,2.534796820746528,8.570556640625,1.53759765625,2.3077596028645835,3.759033203125
1515,00:01:03.146,4.999810112847222,11.62109375,3.6367594401041665,3.4170735677083335,7.945597330729167
1516,00:01:03.188,2.926079644097222,10.0750732421875,1.7628987630208333,2.7291666666666665,4.286173502604167
1517,00:01:03.230,5.36517333984375,12.679443359375,3.76611328125,3.4233805338541665,8.906026204427084
1518,00:01:03.272,3.439419216579861,9.5458984375,2.29522705078125,3.0066935221354165,5.016337076822917
1519,00:01:03.313,6.224080403645833,11.849365234375,5.3642578125,4.420674641927083,8.887308756510416
1520,00:01:03.355,3.5803019205729165,9.296875,2.3662109375,3.3739217122395835,5.000773111979167
1521,00:01:03.397,5.423265245225694,12.61199951171875,3.5815633138020835,4.676656087239583,8.011576334635416
1522,00:01:03.438,3.649013943142361,15.460205078125,1.91265869140625,3.2419026692708335,5.79248046875
1523,00:01:03.480,3.7240804036458335,15.32012939453125,1.8487752278645833,3.2734171549479165,6.050048828125
1524,00:01:03.522,2.411532931857639,11.93756103515625,1.625244140625,2.0901896158854165,3.5191650390625
1525,00:01:03.564,3.4180704752604165,16.23321533203125,2.0283406575520835,2.7904459635416665,5.4354248046875
1526,00:01:03.605,2.017333984375,12.88177490234375,1.3579915364583333,1.8354085286458333,2.8586018880208335
1527,00:01:03.647,2.9198133680555554,13.57696533203125,2.0847371419270835,2.4303995768229165,4.244303385416667
1528,00:01:03.689,2.7870686848958335,14.26177978515625,1.7050984700520833,2.5801595052083335,4.075948079427083
1529,00:01:03.730,2.4270833333333335,14.1632080078125,1.806396484375,2.0748087565104165,3.4000447591145835
1530,00:01:03.772,2.4353434244791665,12.59124755859375,1.6133219401041667,2.2681884765625,3.4245198567708335
1531,00:01:03.814,3.0013427734375,14.9102783203125,2.1297200520833335,2.6854451497395835,4.188863118489583
1532,00:01:03.855,2.748589409722222,14.10614013671875,2.311279296875,2.3874918619791665,3.5469970703125
1533,00:01:03.897,3.5865003797743054,17.120361328125,3.1204020182291665,3.2292277018229165,4.409871419270833
1534,00:01:03.939,3.139533148871528,15.8233642578125,2.7841389973958335,2.8090413411458335,3.8254191080729165
1535,00:01:03.981,2.8054945203993054,13.9556884765625,1.7950439453125,2.5793660481770835,4.042073567708333
1536,00:01:04.022,3.0538126627604165,15.06072998046875,2.32293701171875,2.82763671875,4.0108642578125
1537,00:01:04.064,2.7250908745659728,16.89727783203125,1.8316650390625,2.4085286458333335,3.9350789388020835
1538,00:01:04.106,2.334621853298611,13.883056640625,1.87554931640625,2.06890869140625,3.0594075520833335
1539,00:01:04.147,3.15631103515625,16.39404296875,2.390380859375,2.917724609375,4.16082763671875
1540,00:01:04.189,2.431220160590278,15.9893798828125,1.8151652018229167,2.2733357747395835,3.2051595052083335
1541,00:01:04.231,3.0338338216145835,17.0166015625,2.1800130208333335,2.9279581705729165,3.9935302734375
1542,00:01:04.273,2.750217013888889,17.5146484375,1.9662068684895833,2.5589192708333335,3.72552490234375
1543,00:01:04.314,3.3135172526041665,16.46148681640625,2.6107177734375,3.05682373046875,4.27301025390625
1544,00:01:04.356,2.823825412326389,15.17486572265625,2.1116129557291665,2.6814371744791665,3.6784261067708335
1545,00:01:04.398,3.431267632378472,18.4381103515625,2.6895751953125,3.2784016927083335,4.325826009114583
1546,00:01:04.439,2.9759385850694446,15.7403564453125,2.4030558268229165,2.8672078450520835,3.6575520833333335
1547,00:01:04.481,2.9043240017361107,16.7572021484375,1.8736572265625,2.77679443359375,4.062520345052083
1548,00:01:04.523,2.7890285915798607,18.427734375,1.8362223307291667,2.70208740234375,3.8287760416666665
1549,00:01:04.565,2.752963595920139,17.0062255859375,1.6759847005208333,2.6045735677083335,3.97833251953125
1550,00:01:04.606,2.3184678819444446,15.82855224609375,1.6112467447916667,2.2243448893229165,3.11981201171875
1551,00:01:04.648,2.5143636067708335,16.72607421875,1.6409505208333333,2.51397705078125,3.3881632486979165
1552,00:01:04.690,2.0282728407118054,19.029541015625,1.1682332356770833,2.0626627604166665,2.8539225260416665
1553,00:01:04.731,2.612460666232639,17.701416015625,1.6817830403645833,2.62213134765625,3.5334676106770835
1554,00:01:04.773,2.407986111111111,16.3836669921875,1.5726318359375,2.33154296875,3.3197835286458335
1555,00:01:04.815,2.982672797309028,20.0775146484375,1.9057820638020833,2.9747517903645835,4.067484537760417
1556,00:01:04.856,2.8751356336805554,16.54449462890625,1.6324462890625,3.0798136393229165,3.91314697265625
1557,00:01:04.898,3.185540093315972,28.4405517578125,1.7894490559895833,3.3053995768229165,4.461771647135417
1558,00:01:04.940,46.02698432074653,102.71697998046875,23.0135498046875,81.34543863932292,33.721964518229164
1559,00:01:04.982,3.115247938368056,25.400390625,1.5456949869791667,3.1819661458333335,4.618082682291667
1560,00:01:05.023,2.822869194878472,26.25640869140625,1.23974609375,3.2551066080729165,3.9737548828125
1561,00:01:05.065,3.8296644422743054,27.17987060546875,1.7621866861979167,3.8580729166666665,5.868733723958333
1562,00:01:05.107,3.449639214409722,30.97747802734375,1.2724202473958333,4.206868489583333,4.86962890625
1563,00:01:05.148,3.420342339409722,27.67791748046875,1.3521931966145833,4.02484130859375,4.883992513020833
1564,00:01:05.190,3.0584038628472228,33.47808837890625,1.0364786783854167,3.7783406575520835,4.360392252604167
1565,00:01:05.232,4.529778374565972,40.0616455078125,1.7266642252604167,5.449930826822917,6.412740071614583
1566,00:01:05.274,4.589043511284722,47.957763671875,1.5805867513020833,5.883992513020833,6.30255126953125
1567,00:01:05.315,5.7465684678819455,47.15362548828125,2.2403157552083335,6.825236002604167,8.174153645833334
1568,00:01:05.357,5.930921766493056,48.49212646484375,2.1178181966145835,7.512919108072917,8.162027994791666
1569,00:01:05.399,9.648261176215277,53.4674072265625,4.613484700520833,11.04638671875,13.284912109375
1570,00:01:05.440,7.735066731770833,50.82672119140625,3.7218017578125,9.46417236328125,10.01922607421875
1571,00:01:05.482,7.3337877061631955,38.3184814453125,3.6165974934895835,8.248636881510416,10.136128743489584
1572,00:01:05.524,7.1981947157118045,39.63623046875,3.3697916666666665,8.557373046875,9.66741943359375
1573,00:01:05.566,7.21649169921875,36.2017822265625,3.3656412760416665,8.005859375,10.277974446614584
1574,00:01:05.607,6.039150661892362,32.14996337890625,2.6316731770833335,6.8140869140625,8.67169189453125
1575,00:01:05.649,5.644748263888889,26.375732421875,3.3739217122395835,5.32623291015625,8.234090169270834
1576,00:01:05.691,5.0167371961805545,25.89324951171875,2.550048828125,5.409932454427083,7.090230305989583
1577,00:01:05.732,7.771124945746528,38.287353515625,4.8916015625,6.868672688802083,11.5531005859375
1578,00:01:05.774,9.430155436197916,49.7113037109375,6.12255859375,9.5013427734375,12.66656494140625
1579,00:01:05.816,7.292032877604167,38.7335205078125,5.757120768229167,5.838277180989583,10.28070068359375
1580,00:01:05.857,11.310356987847221,62.5152587890625,8.02117919921875,11.2913818359375,14.618509928385416
1581,00:01:05.899,7.4181654188368045,33.11492919921875,6.897257486979167,5.024861653645833,10.332377115885416
1582,00:01:05.941,9.427042643229166,61.031494140625,6.005350748697917,9.862263997395834,12.41351318359375
1583,00:01:05.983,15.009480794270834,36.357421875,18.475870768229168,8.6544189453125,17.898152669270832
1584,00:01:06.024,26.752855088975693,65.8978271484375,28.077840169270832,23.801228841145832,28.379496256510418
1585,00:01:06.066,11.928331163194445,36.45599365234375,16.439737955729168,5.237650553385417,14.10760498046875
1586,00:01:06.108,10.709825303819445,52.04071044921875,9.19049072265625,10.87835693359375,12.060628255208334
1587,00:01:06.149,27.56692843967014,78.795166015625,33.8121337890625,19.362040201822918,29.526611328125
1588,00:01:06.191,17.88204616970486,65.15594482421875,16.863240559895832,17.150349934895832,19.632548014322918
1589,00:01:06.233,17.400702582465275,37.56103515625,14.860066731770834,18.077921549479168,19.264119466145832
1590,00:01:06.275,20.37308078342014,34.302978515625,11.747904459635416,26.930440266927082,22.440897623697918
1591,00:01:06.316,13.326009114583334,20.96466064453125,4.346781412760417,20.792948404947918,14.838297526041666
1592,00:01:06.358,13.242682562934027,7.34619140625,1.9858805338541667,22.63201904296875,15.110148111979166
1593,00:01:06.400,6.601101345486111,0.1141357421875,0.81744384765625,7.943135579427083,11.042724609375
1594,00:01:06.441,61.241543240017364,91.02325439453125,39.29962158203125,70.79307047526042,73.63193766276042
1595,00:01:06.483,13.84564208984375,18.3447265625,12.822550455729166,16.5279541015625,12.186421712239584
1596,00:01:06.525,10.046407063802084,13.2708740234375,9.2994384765625,11.814188639322916,9.025594075520834
1597,00:01:06.567,8.983181423611109,11.3616943359375,8.970194498697916,9.988749186197916,7.9906005859375
1598,00:01:06.608,11.199747721354166,15.3668212890625,9.971720377604166,13.600341796875,10.027180989583334
1599,00:01:06.650,9.802971733940971,13.22418212890625,9.03729248046875,11.612650553385416,8.75897216796875
1600,00:01:06.692,10.538038465711805,14.7027587890625,9.479512532552084,12.563578287760416,9.571024576822916
1601,00:01:06.733,9.147216796875,11.2786865234375,8.666666666666666,10.537394205729166,8.237589518229166
1602,00:01:06.775,9.180582682291666,14.25140380859375,8.406290690104166,10.946858723958334,8.1885986328125
1603,00:01:06.817,10.304524739583334,16.02569580078125,9.42706298828125,12.049906412760416,9.436604817708334
1604,00:01:06.858,8.4222412109375,13.01666259765625,7.929931640625,9.736775716145834,7.600016276041667
1605,00:01:06.900,9.04840087890625,12.94921875,8.42144775390625,10.5047607421875,8.218994140625
1606,00:01:06.942,8.848436143663193,13.41094970703125,8.4747314453125,10.006083170572916,8.064493815104166
1607,00:01:06.984,9.052191840277779,11.49139404296875,8.734029134114584,10.280069986979166,8.142476399739584
1608,00:01:07.025,7.673000759548611,11.74041748046875,7.950398763020833,8.3145751953125,6.7540283203125
1609,00:01:07.067,8.925136990017362,13.20343017578125,8.724141438802084,9.943705240885416,8.107564290364584
1610,00:01:07.109,8.328620062934029,11.5277099609375,7.941650390625,9.333943684895834,7.71026611328125
1611,00:01:07.150,7.794928656684029,11.2164306640625,7.414042154947917,8.78033447265625,7.190409342447917
1612,00:01:07.192,8.370185004340277,12.18658447265625,7.953633626302083,9.440775553385416,7.716145833333333
1613,00:01:07.234,8.537204318576391,12.63275146484375,7.9681396484375,9.594319661458334,8.049153645833334
1614,00:01:07.276,7.667744954427083,11.4862060546875,7.423319498697917,8.444112141927084,7.13580322265625
1615,00:01:07.317,7.315667046440972,10.5316162109375,7.1822509765625,7.942179361979167,6.82257080078125
1616,00:01:07.359,7.4321153428819455,10.0543212890625,7.240498860677083,8.147725423177084,6.908121744791667
1617,00:01:07.401,6.911424424913194,8.570556640625,6.906107584635417,7.308430989583333,6.519734700520833
1618,00:01:07.442,7.634860568576388,10.8013916015625,7.028727213541667,8.519694010416666,7.356160481770833
1619,00:01:07.484,7.3343505859375,12.1295166015625,7.030436197916667,7.983235677083333,6.9893798828125
1620,00:01:07.526,7.518303765190971,11.1749267578125,7.46868896484375,8.089029947916666,6.9971923828125
1621,00:01:07.568,7.590711805555556,11.0919189453125,7.353902180989583,7.972819010416667,7.445414225260417
1622,00:01:07.609,7.028422037760417,10.76507568359375,6.966654459635417,7.362752278645833,6.755859375
1623,00:01:07.651,6.203057183159721,11.10748291015625,5.951253255208333,6.569539388020833,6.08837890625
1624,00:01:07.693,7.632107204861112,12.5860595703125,7.05914306640625,8.399820963541666,7.437357584635417
1625,00:01:07.734,6.643771701388889,9.97650146484375,6.267862955729167,7.134847005208333,6.528605143229167
1626,00:01:07.776,5.491265190972222,8.6639404296875,5.44427490234375,5.48162841796875,5.547892252604167
1627,00:01:07.818,5.7689344618055545,9.22943115234375,5.476277669270833,6.108052571614583,5.72247314453125
1628,00:01:07.859,7.428697374131944,12.1502685546875,7.020711263020833,7.97930908203125,7.28607177734375
1629,00:01:07.901,6.010484483506944,9.49920654296875,5.879903157552083,6.18292236328125,5.9686279296875
1630,00:01:07.943,5.841281467013889,7.698974609375,5.76690673828125,5.968912760416667,5.78802490234375
1631,00:01:07.985,6.5540635850694455,9.46807861328125,6.22149658203125,6.742777506510417,6.697916666666667
1632,00:01:08.026,5.8114759657118045,9.4732666015625,5.385945638020833,6.2257080078125,5.822774251302083
1633,00:01:08.068,6.756266276041667,8.8818359375,6.587178548177083,6.65887451171875,7.022745768229167
1634,00:01:08.110,5.760776095920139,9.42138671875,5.707926432291667,5.874959309895833,5.699442545572917
1635,00:01:08.151,5.20404052734375,9.50958251953125,5.075215657552083,5.26446533203125,5.272440592447917
1636,00:01:08.193,5.417900933159721,9.16717529296875,5.318623860677083,5.3751220703125,5.559956868489583
1637,00:01:08.235,6.160807291666667,10.71319580078125,5.657613118489583,6.431376139322917,6.3934326171875
1638,00:01:08.277,5.7725694444444455,12.31109619140625,5.624755859375,5.928690592447917,5.764261881510417
1639,00:01:08.318,5.587978786892361,8.529052734375,5.356974283854167,5.608052571614583,5.798909505208333
1640,00:01:08.360,5.981648763020833,9.87274169921875,5.560221354166667,6.254069010416667,6.130655924479167
1641,00:01:08.402,5.587883843315972,10.95703125,5.41632080078125,5.55633544921875,5.790995279947917
1642,00:01:08.443,5.299540201822917,8.5809326171875,4.786112467447917,5.542582194010417,5.569925944010417
1643,00:01:08.485,5.573459201388889,9.3902587890625,5.162760416666667,5.729817708333333,5.827799479166667
1644,00:01:08.527,5.218777126736111,10.24627685546875,4.771240234375,5.461873372395833,5.4232177734375
1645,00:01:08.569,5.881869845920139,13.15155029296875,5.200663248697917,6.147786458333333,6.297159830729167
1646,00:01:08.610,5.313686794704861,11.69891357421875,4.640380859375,5.752278645833333,5.54840087890625
1647,00:01:08.652,4.113430447048611,12.42523193359375,3.7529296875,4.102681477864583,4.48468017578125
1648,00:01:08.694,5.389316134982639,10.50048828125,4.949178059895833,5.626322428385417,5.592447916666667
1649,00:01:08.735,5.483100043402778,10.41748046875,4.97955322265625,5.634847005208333,5.83489990234375
1650,00:01:08.777,3.852749294704861,8.40972900390625,3.6154581705729165,3.6666463216145835,4.276143391927083
1651,00:01:08.819,4.809400770399306,11.5277099609375,4.4849853515625,4.703653971354167,5.23956298828125
1652,00:01:08.860,6.217142740885417,13.1463623046875,5.324422200520833,6.614990234375,6.712015787760417
1653,00:01:08.902,4.130527072482638,9.44732666015625,3.8123982747395835,3.89642333984375,4.682759602864583
1654,00:01:08.944,5.757297092013889,10.5938720703125,5.149678548177083,5.840555826822917,6.281656901041667
1655,00:01:08.986,5.191942003038194,10.91033935546875,4.71038818359375,5.022216796875,5.843221028645833
1656,00:01:09.027,4.678622775607639,11.67816162109375,4.295694986979167,4.39691162109375,5.34326171875
1657,00:01:09.069,4.944939507378472,11.2579345703125,4.562357584635417,4.5914306640625,5.6810302734375
1658,00:01:09.111,5.803304036458333,13.2293701171875,5.28961181640625,5.771402994791667,6.348897298177083
1659,00:01:09.152,4.8296034071180545,13.13079833984375,4.510518391927083,4.548543294270833,5.42974853515625
1660,00:01:09.194,5.156446668836806,11.6314697265625,4.73956298828125,4.98846435546875,5.741312662760417
1661,00:01:09.236,4.820882161458333,10.50567626953125,4.463704427083333,4.46405029296875,5.534891764322917
1662,00:01:09.278,5.103034125434028,12.12432861328125,4.738871256510417,4.846435546875,5.723795572916667
1663,00:01:09.319,4.416768391927083,11.74041748046875,4.0850830078125,4.12969970703125,5.0355224609375
1664,00:01:09.361,5.786153157552083,13.65478515625,5.706787109375,5.438985188802083,6.212687174479167
1665,00:01:09.403,5.249518500434028,13.91937255859375,5.125691731770833,4.88116455078125,5.74169921875
1666,00:01:09.444,5.851359049479167,12.64312744140625,5.69818115234375,5.594685872395833,6.261210123697917
1667,00:01:09.486,5.138665093315972,12.25921630859375,4.974202473958333,4.770487467447917,5.671305338541667
1668,00:01:09.528,4.491014268663195,11.5380859375,4.5538330078125,3.8957722981770835,5.0234375
1669,00:01:09.570,5.440714518229167,10.87921142578125,5.189798990885417,5.04986572265625,6.082478841145833
1670,00:01:09.611,5.67095947265625,12.79876708984375,5.439371744791667,5.464152018229167,6.109354654947917
1671,00:01:09.653,4.9625244140625,10.79620361328125,4.829508463541667,4.653788248697917,5.404276529947917
1672,00:01:09.695,4.285746256510417,9.64447021484375,4.394083658854167,3.6134440104166665,4.849711100260417
1673,00:01:09.736,5.73992919921875,12.68463134765625,5.5631103515625,5.478474934895833,6.178202311197917
1674,00:01:09.778,4.496290418836805,9.16717529296875,4.57867431640625,3.9760538736979165,4.93414306640625
1675,00:01:09.820,4.333543565538195,13.57696533203125,4.28802490234375,3.9921671549479165,4.720438639322917
1676,00:01:09.861,4.946485731336806,14.4952392578125,5.098368326822917,4.41156005859375,5.32952880859375
1677,00:01:09.903,4.272589789496528,14.00238037109375,4.302998860677083,3.78997802734375,4.72479248046875
1678,00:01:09.945,4.625603569878472,12.8973388671875,4.676249186197917,4.164326985677083,5.036234537760417
1679,00:01:09.987,5.688510470920138,15.06072998046875,5.511494954427083,5.488911946614583,6.06512451171875
1680,00:01:10.028,4.100314670138888,10.3033447265625,4.250569661458333,3.3979899088541665,4.652384440104167
1681,00:01:10.070,6.742831759982638,14.1839599609375,7.326436360677083,5.56201171875,7.340047200520833
1682,00:01:10.112,4.83941650390625,9.73785400390625,4.830973307291667,4.534993489583333,5.15228271484375
1683,00:01:10.153,3.9901326497395826,9.732666015625,4.11468505859375,3.3986612955729165,4.457051595052083
1684,00:01:10.195,5.035427517361111,11.8389892578125,5.057027180989583,4.60595703125,5.44329833984375
1685,00:01:10.237,5.463304307725694,11.81304931640625,5.545430501302083,4.90167236328125,5.94281005859375
1686,00:01:10.279,5.0183241102430545,12.20733642578125,4.948201497395833,4.658162434895833,5.4486083984375
1687,00:01:10.320,5.168918185763889,11.27349853515625,5.07373046875,4.825785319010417,5.60723876953125
1688,00:01:10.362,4.215196397569445,9.59259033203125,4.349853515625,3.6180216471354165,4.677714029947917
1689,00:01:10.404,4.00323486328125,8.99078369140625,4.182596842447917,3.2856852213541665,4.541422526041667
1690,00:01:10.445,4.255933973524306,9.62371826171875,4.27447509765625,3.830810546875,4.662516276041667
1691,00:01:10.487,4.698676215277779,11.226806640625,4.603312174479167,4.259195963541667,5.2335205078125
1692,00:01:10.529,3.9826931423611107,9.774169921875,4.093648274739583,3.4194742838541665,4.434956868489583
1693,00:01:10.571,5.1704237196180545,12.47711181640625,5.1839599609375,4.534138997395833,5.793172200520833
1694,00:01:10.612,4.737386067708333,11.6729736328125,4.53692626953125,4.20758056640625,5.4676513671875
1695,00:01:10.654,3.8210584852430554,10.37078857421875,3.8354085286458335,3.38800048828125,4.239766438802083
1696,00:01:10.696,4.927130805121528,13.717041015625,4.783284505208333,4.57818603515625,5.419921875
1697,00:01:10.737,5.637566460503471,19.237060546875,5.469014485677083,5.271077473958333,6.172607421875
1698,00:01:10.779,3.4737481011284728,9.19830322265625,3.4798787434895835,2.9282430013020835,4.01312255859375
1699,00:01:10.821,4.162000868055556,11.71966552734375,4.2017822265625,3.7698974609375,4.514322916666667
1700,00:01:10.862,4.933729383680556,12.32147216796875,4.957132975260417,4.457967122395833,5.386088053385417
1701,00:01:10.904,3.8798421223958335,11.32537841796875,4.049540201822917,3.22833251953125,4.361653645833333
1702,00:01:10.946,4.599365234375,13.13079833984375,4.3983154296875,4.349934895833333,5.049845377604167
1703,00:01:10.988,4.925265842013888,12.3370361328125,4.908406575520833,4.532246907552083,5.33514404296875
1704,00:01:11.029,3.5122951931423607,8.9959716796875,3.7249552408854165,2.8374430338541665,3.9744873046875
1705,00:01:11.071,4.389153374565972,8.5394287109375,4.455668131510417,3.6916910807291665,5.020100911458333
1706,00:01:11.113,4.389289008246528,13.55621337890625,4.5057373046875,3.9774983723958335,4.68463134765625
1707,00:01:11.154,3.722913953993056,10.03875732421875,3.8615315755208335,3.2323811848958335,4.0748291015625
1708,00:01:11.196,4.407240125868055,9.400634765625,4.644673665364583,3.8861897786458335,4.69085693359375
1709,00:01:11.238,4.70184326171875,12.32147216796875,4.784993489583333,4.094828287760417,5.2257080078125
1710,00:01:11.280,3.2852783203125,7.07122802734375,3.365966796875,2.76416015625,3.7257080078125
1711,00:01:11.321,3.948703342013889,11.74041748046875,3.9590861002604165,3.4825236002604165,4.404500325520833
1712,00:01:11.363,68.23511420355902,98.40576171875,45.376118977864586,94.77518717447917,64.55403645833333
1713,00:01:11.405,3.9422878689236107,13.90899658203125,4.516276041666667,4.216206868489583,3.0943806966145835
1714,00:01:11.446,1.8495415581597223,6.56280517578125,2.6095174153645835,1.56610107421875,1.3730061848958333
1715,00:01:11.488,2.5052897135416665,7.3046875,3.5584309895833335,2.1458943684895835,1.8115437825520833
1716,00:01:11.530,4.541436089409721,16.10870361328125,5.400533040364583,4.502461751302083,3.7213134765625
1717,00:01:11.572,2.235276963975694,6.2152099609375,3.1907958984375,1.77691650390625,1.7381184895833333
1718,00:01:11.613,4.146165635850695,12.10357666015625,5.516276041666667,3.8487955729166665,3.07342529296875
1719,00:01:11.655,2.9456448025173607,4.68475341796875,5.535481770833333,1.65069580078125,1.6507568359375
1720,00:01:11.697,5.147515190972221,13.385009765625,6.930623372395833,4.797627766927083,3.71429443359375
1721,00:01:11.738,1.6845635308159723,5.3643798828125,2.3675537109375,1.3885498046875,1.2975870768229167
1722,00:01:11.780,3.726243760850694,12.62237548828125,4.358846028645833,3.796630859375,3.02325439453125
1723,00:01:11.822,1.8928493923611114,7.04010009765625,2.2713216145833335,1.8557535807291667,1.5514729817708333
1724,00:01:11.863,4.216959635416667,14.920654296875,4.940348307291667,4.287434895833333,3.423095703125
1725,00:01:11.905,1.4842597113715277,4.74700927734375,1.888427734375,1.3180745442708333,1.24627685546875
1726,00:01:11.947,3.502997504340278,11.64703369140625,3.8959554036458335,3.76849365234375,2.84454345703125
1727,00:01:11.989,1.934292263454861,6.495361328125,2.5029093424479165,1.75982666015625,1.5401407877604167
1728,00:01:12.030,3.658094618055556,11.973876953125,3.81182861328125,3.9460042317708335,3.2164510091145835
1729,00:01:12.072,2.186781141493056,6.15814208984375,2.9224446614583335,1.9018758138020833,1.73602294921875
1730,00:01:12.114,3.6107584635416665,12.57049560546875,3.8449910481770835,3.93701171875,3.0502726236979165
1731,00:01:12.155,1.8987765842013886,5.15167236328125,2.3196818033854165,1.8196004231770833,1.5570475260416667
1732,00:01:12.197,3.6603664822048607,13.02703857421875,3.3795166015625,4.285542805989583,3.3160400390625
1733,00:01:12.239,1.5008070203993056,6.1114501953125,1.768310546875,1.39801025390625,1.3361002604166667
1734,00:01:12.281,3.301683213975694,9.857177734375,3.2772013346354165,3.64959716796875,2.9782511393229165
1735,00:01:12.322,1.8453369140625,4.28009033203125,2.4130859375,1.6505940755208333,1.4723307291666667
1736,00:01:12.364,3.8775770399305554,12.07763671875,4.057210286458333,4.24658203125,3.3289388020833335
1737,00:01:12.406,1.5524156358506944,6.36566162109375,1.8705647786458333,1.4248250325520833,1.3618570963541667
1738,00:01:12.447,3.7355211046006946,12.51861572265625,3.80853271484375,3.9888916015625,3.4091389973958335
1739,00:01:12.489,1.4907362196180556,4.80926513671875,1.7363077799479167,1.3998819986979167,1.3360188802083333
1740,00:01:12.531,3.7242228190104165,12.57568359375,3.65802001953125,4.150126139322917,3.3645222981770835
1741,00:01:12.573,1.343804253472222,3.5589599609375,1.4331868489583333,1.2993367513020833,1.29888916015625
1742,00:01:12.614,3.4976060655381946,9.815673828125,3.57818603515625,3.80059814453125,3.1140340169270835
1743,00:01:12.656,1.7545979817708333,4.627685546875,2.07928466796875,1.6289876302083333,1.5555216471354167
1744,00:01:12.698,3.8117472330729165,12.25921630859375,3.8586629231770835,4.2232666015625,3.3533121744791665
1745,00:01:12.739,1.5462782118055556,4.31640625,1.7764689127604167,1.4844156901041667,1.3779500325520833
1746,00:01:12.781,8.056742350260416,12.08282470703125,14.463358561197916,5.676310221354167,4.030558268229167
1747,00:01:12.823,2.7284613715277772,3.13873291015625,4.563191731770833,2.0569254557291665,1.5652669270833333
1748,00:01:12.864,3.43597412109375,8.70025634765625,4.703511555989583,3.0479532877604165,2.55645751953125
1749,00:01:12.906,3.719943576388889,3.9324951171875,6.729146321614583,2.4802042643229165,1.9504801432291667
1750,00:01:12.948,4.053276909722222,9.25537109375,5.950093587239583,3.3681233723958335,2.84161376953125
1751,00:01:12.990,3.378431532118056,5.52001953125,5.159769694010417,2.78887939453125,2.1866455078125
1752,00:01:13.031,2.5579969618055554,8.0206298828125,2.9966837565104165,2.4473063151041665,2.2300008138020835
1753,00:01:13.073,4.169657389322917,5.6964111328125,7.110127766927083,2.9046223958333335,2.4942220052083335
1754,00:01:13.115,3.6697930230034728,9.07379150390625,4.066385904947917,3.5158284505208335,3.4271647135416665
1755,00:01:13.156,3.66290283203125,4.6380615234375,5.48577880859375,2.9721476236979165,2.5307820638020835
1756,00:01:13.198,4.802775065104167,11.2579345703125,5.950113932291667,4.5133056640625,3.9449055989583335
1757,00:01:13.240,5.641269259982639,7.19573974609375,11.0540771484375,2.9882609049479165,2.8814697265625
1758,00:01:13.282,5.198059082031249,8.487548828125,8.115885416666666,3.8386637369791665,3.6396280924479165
1759,00:01:13.323,5.330912272135417,6.97265625,9.066182454427084,3.6860758463541665,3.240478515625
1760,00:01:13.365,6.234035915798612,9.4317626953125,8.54290771484375,5.533732096354167,4.625467936197917
1761,00:01:13.407,7.772304958767362,7.7716064453125,10.1868896484375,7.778299967447917,5.351725260416667
1762,00:01:13.448,5.573750813802083,9.774169921875,6.463907877604167,5.235819498697917,5.021525065104167
1763,00:01:13.490,5.39898681640625,5.13092041015625,8.389607747395834,3.8637898763020835,3.9435628255208335
1764,00:01:13.532,5.074957953559028,13.758544921875,5.316813151041667,5.330220540364583,4.577840169270833
1765,00:01:13.574,5.218729654947917,8.8092041015625,6.582275390625,4.778096516927083,4.295817057291667
1766,00:01:13.615,4.519137912326389,10.53680419921875,5.151163736979167,4.2584228515625,4.1478271484375
1767,00:01:13.657,5.520575629340278,7.9791259765625,6.828369140625,5.23162841796875,4.501729329427083
1768,00:01:13.699,4.8354017469618045,9.08935546875,5.67266845703125,4.459004720052083,4.374532063802083
1769,00:01:13.740,5.4448106553819455,9.5147705078125,5.740946451822917,5.76025390625,4.833231608072917
1770,00:01:13.782,7.48284912109375,18.5626220703125,8.317911783854166,8.074462890625,6.056172688802083
1771,00:01:13.824,5.287258572048611,11.89605712890625,5.125752766927083,5.83990478515625,4.8961181640625
1772,00:01:13.865,10.430467393663195,29.26025390625,9.541788736979166,14.25927734375,7.490336100260417
1773,00:01:13.907,13.676852756076391,30.4119873046875,9.773274739583334,21.416300455729168,9.840983072916666
1774,00:01:13.949,7.9522840711805545,20.73638916015625,6.273274739583333,9.547261555989584,8.03631591796875
1775,00:01:13.991,8.670884874131945,26.5728759765625,7.608866373697917,11.218770345052084,7.185017903645833
1776,00:01:14.032,13.093560112847221,28.3575439453125,10.014892578125,19.73876953125,9.527018229166666
1777,00:01:14.074,18.19448513454861,35.672607421875,10.419169108072916,30.851053873697918,13.313232421875
1778,00:01:14.116,6.591973198784721,12.79876708984375,4.86273193359375,8.458536783854166,6.45465087890625
1779,00:01:14.157,7.838955349392362,15.2734375,6.279337565104167,9.8115234375,7.426005045572917
1780,00:01:14.199,33.84967719184028,92.09197998046875,15.72772216796875,42.820760091145836,43.00054931640625
1781,00:01:14.241,4.388563368055556,16.47705078125,0.9549967447916666,5.64263916015625,6.56805419921875
1782,00:01:14.283,26.698723687065975,61.26495361328125,4.890828450520833,40.102681477864586,35.1026611328125
1783,00:01:14.324,8.273050944010416,26.92047119140625,2.13330078125,10.365926106770834,12.319925944010416
1784,00:01:14.366,39.09845648871528,53.89801025390625,8.515238444010416,64.59586588541667,44.18426513671875
1785,00:01:14.408,19.07071261935764,36.31591796875,4.873148600260417,26.7274169921875,25.611572265625
1786,00:01:14.449,48.08614773220486,48.06671142578125,11.202880859375,66.5592041015625,66.49635823567708
1787,00:01:14.491,31.687432183159725,25.93994140625,6.868611653645833,51.841267903645836,36.3524169921875
1788,00:01:14.533,41.563496907552086,121.63238525390625,8.229532877604166,60.46307373046875,55.997884114583336
1789,00:01:14.575,31.857564290364582,101.6845703125,3.59088134765625,50.387003580729164,41.594807942708336
1790,00:01:14.616,42.68488226996527,64.04052734375,4.204081217447917,88.63671875,35.213846842447914
1791,00:01:14.658,53.02234564887152,117.63763427734375,5.268880208333333,85.37459309895833,68.42356363932292
1792,00:01:14.700,46.023091634114586,182.36297607421875,4.85595703125,75.67000325520833,57.543314615885414
1793,00:01:14.741,32.70503065321181,106.52496337890625,3.9710896809895835,51.81988525390625,42.324117024739586
1794,00:01:14.783,43.30811225043402,66.94061279296875,6.36968994140625,73.88313802083333,49.6715087890625
1795,00:01:14.825,45.663248697916664,75.58380126953125,7.920450846354167,61.317586263020836,67.751708984375
1796,00:01:14.866,44.780259874131936,98.92974853515625,8.578511555989584,59.33843994140625,66.423828125
1797,00:01:14.908,30.85113525390625,33.3380126953125,8.993550618489584,45.498860677083336,38.060994466145836
1798,00:01:14.950,29.86480712890625,55.5633544921875,7.774678548177083,38.895182291666664,42.924560546875
1799,00:01:14.992,11.320787217881945,39.26788330078125,2.05419921875,18.697916666666668,13.210245768229166
1800,00:01:15.033,40.90818956163195,93.25927734375,4.98663330078125,77.47867838541667,40.259256998697914
1801,00:01:15.075,5.015157063802083,7.08160400390625,1.2992960611979167,6.71246337890625,7.033711751302083
1802,00:01:15.117,44.423977322048614,84.36187744140625,6.73797607421875,74.0628662109375,52.471089680989586
1803,00:01:15.158,6.3407728407118045,8.1243896484375,1.4347737630208333,10.289896647135416,7.297648111979167
1804,00:01:15.200,36.0110337999132,175.32806396484375,6.487080891927083,62.402506510416664,39.143513997395836
1805,00:01:15.242,27.653327094184032,86.639404296875,5.579121907552083,42.284932454427086,35.095926920572914
1806,00:01:15.284,49.864535861545136,78.63433837890625,14.027180989583334,66.95876057942708,68.607666015625
1807,00:01:15.325,34.92229546440972,32.98004150390625,11.271952311197916,75.69081624348958,17.804117838541668
1808,00:01:15.367,31.438917371961804,39.70367431640625,7.285990397135417,54.737263997395836,32.293497721354164
1809,00:01:15.409,1.9526706271701386,7.4188232421875,0.3143310546875,2.84490966796875,2.6987711588541665
1810,00:01:15.450,2.028008355034722,5.55633544921875,0.3322550455729167,2.9958902994791665,2.7558797200520835
1811,00:01:15.492,34.09501817491319,37.05780029296875,6.82379150390625,39.036295572916664,56.424967447916664
1812,00:01:15.534,4.956325954861111,18.8946533203125,1.83416748046875,7.720845540364583,5.31396484375
1813,00:01:15.576,26.976671006944446,26.23046875,8.361043294270834,35.0758056640625,37.4931640625
1814,00:01:15.617,19.46316867404514,24.88677978515625,7.575642903645833,33.035074869791664,17.778788248697918
1815,00:01:15.659,31.432874891493057,18.13720703125,11.944173177083334,62.018636067708336,20.3358154296875
1816,00:01:15.701,29.306328667534725,27.50152587890625,11.076436360677084,63.733174641927086,13.109375
1817,00:01:15.742,22.9052734375,29.47296142578125,5.376383463541667,36.498921712239586,26.84051513671875
1818,00:01:15.784,28.0809326171875,12.34222412109375,5.25323486328125,28.488871256510418,50.500691731770836
1819,00:01:15.826,17.953898111979168,7.657470703125,4.593159993489583,19.1322021484375,30.136332194010418
1820,00:01:15.867,12.795572916666666,10.936279296875,4.68072509765625,26.31048583984375,7.3955078125
1821,00:01:15.909,20.30550808376736,14.837646484375,4.875935872395833,30.86798095703125,25.172607421875
1822,00:01:15.951,27.791558159722218,16.16058349609375,6.533243815104167,30.48486328125,46.3565673828125
1823,00:01:15.993,28.029161241319443,16.37847900390625,9.350565592447916,41.1898193359375,33.547098795572914
1824,00:01:16.034,29.867268880208332,13.98162841796875,11.609883626302084,60.73382568359375,17.258097330729168
1825,00:01:16.076,28.056138780381946,11.14898681640625,9.05230712890625,50.812215169270836,24.30389404296875
1826,00:01:16.118,2.793362087673611,7.09716796875,0.9154052734375,5.269144694010417,2.1955362955729165
1827,00:01:16.159,22.404534233940975,1.73797607421875,3.5047200520833335,19.361775716145832,44.34710693359375
1828,00:01:16.201,1.399264865451389,1.65496826171875,0.3000081380208333,1.9797159830729167,1.9180704752604167
1829,00:01:16.243,13.575439453125,3.57452392578125,2.6587931315104165,11.41424560546875,26.653279622395832
1830,00:01:16.285,4.585591634114583,8.11920166015625,1.9359537760416667,8.140157063802084,3.6806640625
1831,00:01:16.326,11.46087646484375,17.1307373046875,5.093729654947917,22.40673828125,6.882161458333333
1832,00:01:16.368,22.223042805989582,31.9891357421875,9.12786865234375,44.904927571614586,12.636332194010416
1833,00:01:16.410,26.25762939453125,24.52362060546875,9.763631184895834,50.482137044270836,18.527119954427082
1834,00:01:16.451,23.37247043185764,13.68072509765625,6.639180501302083,33.441731770833336,30.0364990234375
1835,00:01:16.493,7.4743177625868045,1.49932861328125,0.7555135091145834,3.43658447265625,18.230855305989582
1836,00:01:16.535,2.253797743055556,5.95062255859375,0.6443684895833334,3.20672607421875,2.9102986653645835
1837,00:01:16.577,4.584181043836805,0.62255859375,0.7420450846354166,3.5828857421875,9.4276123046875
1838,00:01:16.618,2.242140028211806,6.27227783203125,0.7051595052083334,3.5027669270833335,2.51849365234375
1839,00:01:16.660,10.27352566189236,9.05303955078125,2.2588704427083335,7.407796223958333,21.153910319010418
1840,00:01:16.702,6.79412841796875,18.44329833984375,2.60223388671875,12.540283203125,5.2398681640625
1841,00:01:16.743,11.298651801215279,11.434326171875,3.8398234049479165,16.372599283854168,13.68353271484375
1842,00:01:16.785,4.987881130642361,6.38641357421875,1.9439697265625,8.171854654947916,4.847819010416667
1843,00:01:16.827,0.3805135091145833,0.17120361328125,0.14251708984375,0.4626057942708333,0.5364176432291666
1844,00:01:16.868,1.9927978515625,4.12445068359375,0.3516845703125,2.79107666015625,2.83563232421875
1845,00:01:16.910,0.5105183919270834,0.145263671875,0.15034993489583334,0.6223347981770834,0.7588704427083334
1846,00:01:16.952,2.7384847005208335,3.29437255859375,0.4391072591145833,4.19146728515625,3.5848795572916665
1847,00:01:16.994,0.5677218967013888,0.2178955078125,0.16737874348958334,0.7563883463541666,0.7793986002604166
1848,00:01:17.035,2.909939236111111,8.280029296875,0.3692626953125,4.46441650390625,3.8961385091145835
1849,00:01:17.077,0.6474948459201388,1.17767333984375,0.18058268229166666,0.8368123372395834,0.9250895182291666
1850,00:01:17.119,3.2685546875,9.151611328125,0.4622802734375,5.16650390625,4.1768798828125
1851,00:01:17.160,3.33203125,5.9661865234375,0.4301961263020833,5.201619466145833,4.364278157552083
1852,00:01:17.202,2.610019259982639,4.4927978515625,0.2978719075520833,4.0250244140625,3.5071614583333335
1853,00:01:17.244,0.5875786675347223,2.7911376953125,0.1348876953125,0.7383626302083334,0.8894856770833334
1854,00:01:17.286,8.608629014756945,3.818359375,3.2555948893229165,12.308817545572916,10.261474609375
1855,00:01:17.327,0.7655707465277777,3.0816650390625,0.2966512044270833,0.8360595703125,1.16400146484375
1856,00:01:17.369,4.670396592881944,6.5472412109375,0.88507080078125,6.059224446614583,7.06689453125
1857,00:01:17.411,1.0367228190104167,2.178955078125,0.21409098307291666,0.9169108072916666,1.9791666666666667
1858,00:01:17.452,3.6679009331597228,13.8623046875,0.6587320963541666,4.826395670572917,5.518575032552083
1859,00:01:17.494,0.724758572048611,11.62628173828125,0.10400390625,1.0198974609375,1.0503743489583333
1860,00:01:17.536,4.283908420138888,2.9571533203125,0.5675048828125,6.652791341145833,5.631429036458333
1861,00:01:17.578,4.393717447916667,0.0830078125,0.4517618815104167,5.4005126953125,7.328877766927083
1862,00:01:17.619,3.6970621744791665,0.48248291015625,0.5123087565104166,4.08868408203125,6.490193684895833
1863,00:01:17.661,3.7179158528645835,0.12969970703125,0.4853719075520833,4.307657877604167,6.3607177734375
1864,00:01:17.703,3.1490614149305554,1.78466796875,0.4749348958333333,3.4648234049479165,5.507425944010417
1865,00:01:17.744,7.652140299479167,8.7469482421875,0.9667154947916666,10.291402180989584,11.69830322265625
1866,00:01:17.786,22.043050130208332,12.056884765625,1.75091552734375,27.966756184895832,36.411478678385414
1867,00:01:17.828,0.31256103515625,1.73797607421875,0.07452392578125,0.3747355143229167,0.4884236653645833
1868,00:01:17.869,28.845533582899304,7.69378662109375,3.4230753580729165,30.641866048177082,52.471659342447914
1869,00:01:17.911,0.14039442274305555,0.0,0.0675048828125,0.15673828125,0.19694010416666666
1870,00:01:17.953,18.647650824652775,23.1903076171875,4.329325358072917,15.966288248697916,35.6473388671875
1871,00:01:17.995,1.6012776692708333,3.548583984375,0.4345499674479167,1.083740234375,3.2855428059895835
1872,00:01:18.036,17.540384928385414,48.45062255859375,3.7375284830729165,14.337809244791666,34.545817057291664
1873,00:01:18.078,1.6460639105902777,7.5433349609375,0.48345947265625,1.4531453450520833,3.0015869140625
1874,00:01:18.120,21.418294270833332,58.9666748046875,4.518839518229167,18.31317138671875,41.422871907552086
1875,00:01:18.161,1.9594862196180556,7.117919921875,0.4458211263020833,2.17169189453125,3.2609456380208335
1876,00:01:18.203,16.196729871961807,59.267578125,3.5855916341145835,14.049336751302084,30.95526123046875
1877,00:01:18.245,2.7359483506944446,11.63665771484375,0.5526529947916666,3.0602010091145835,4.594991048177083
1878,00:01:18.287,13.577162000868057,46.92535400390625,4.612772623697917,10.93450927734375,25.1842041015625
1879,00:01:18.328,2.4200236002604165,10.58868408203125,0.5871378580729166,2.7339274088541665,3.9390055338541665
1880,00:01:18.370,15.03607177734375,36.295166015625,6.238138834635417,11.663106282552084,27.20697021484375
1881,00:01:18.412,2.6868896484375,6.453857421875,1.48089599609375,2.50396728515625,4.0758056640625
1882,00:01:18.453,15.680114746093748,33.099365234375,11.912841796875,8.999003092447916,26.128499348958332
1883,00:01:18.495,2.8690321180555554,6.73919677734375,2.5250447591145835,2.3061930338541665,3.7758585611979165
1884,00:01:18.537,14.4781494140625,33.1512451171875,11.990214029947916,7.676045735677083,23.7681884765625
1885,00:01:18.579,2.6047566731770835,6.3916015625,1.4748128255208333,2.41656494140625,3.9228922526041665
1886,00:01:18.620,12.724032931857638,31.875,10.064656575520834,6.84259033203125,21.264851888020832
1887,00:01:18.662,2.30828857421875,6.9000244140625,1.2511189778645833,2.156005859375,3.5177408854166665
1888,00:01:18.704,44.448323567708336,37.44171142578125,56.021728515625,11.104451497395834,66.21879069010417
1889,00:01:18.745,0.36962890625,1.03759765625,0.712890625,0.20817057291666666,0.18782552083333334
1890,00:01:18.787,45.38343641493055,58.9459228515625,56.366800944010414,17.05267333984375,62.7308349609375
1891,00:01:18.829,2.4518568250868054,7.5537109375,1.61163330078125,2.3564453125,3.3874918619791665
1892,00:01:18.870,16.45960150824653,51.9940185546875,14.3623046875,10.185282389322916,24.831217447916668
1893,00:01:18.912,2.5355631510416665,7.51220703125,1.5843098958333333,2.42156982421875,3.6008097330729165
1894,00:01:18.954,17.379394531249996,55.3973388671875,15.08270263671875,10.678202311197916,26.377278645833332
1895,00:01:18.996,3.0849609375,11.49658203125,1.0824381510416667,3.1725870768229165,4.999857584635417
1896,00:01:19.037,16.784301757812504,45.01617431640625,12.80767822265625,11.394429524739584,26.150797526041668
1897,00:01:19.079,4.616204155815972,13.5406494140625,2.6160888671875,4.28839111328125,6.944132486979167
1898,00:01:19.121,24.791551378038193,61.87713623046875,19.279276529947918,14.49114990234375,40.604227701822914
1899,00:01:19.162,8.053934733072916,25.32257080078125,2.53656005859375,7.467041015625,14.158203125
1900,00:01:19.204,21.886928982204864,50.81634521484375,11.935750325520834,14.530924479166666,39.194112141927086
1901,00:01:19.246,10.438245985243055,24.4146728515625,2.8850504557291665,9.280029296875,19.149658203125
1902,00:01:19.288,17.33612738715278,33.1201171875,7.642842610677083,11.687337239583334,32.678202311197914
1903,00:01:19.329,10.200005425347223,20.23834228515625,2.6904703776041665,8.697835286458334,19.211710611979168
1904,00:01:19.371,12.500481499565973,14.02313232421875,5.676859537760417,6.907958984375,24.9166259765625
1905,00:01:19.413,7.04461669921875,2.0855712890625,2.3734334309895835,4.031941731770833,14.728474934895834
1906,00:01:19.454,10.394300672743055,3.9013671875,4.403889973958333,5.172383626302083,21.60662841796875
1907,00:01:19.496,6.295783148871528,0.39947509765625,1.9119669596354167,4.07415771484375,12.901224772135416
1908,00:01:19.538,7.75628662109375,2.74444580078125,2.8839314778645835,4.392964680989583,15.991963704427084
1909,00:01:19.580,5.317477756076388,1.14654541015625,1.70257568359375,3.6731363932291665,10.57672119140625
1910,00:01:19.621,6.740492078993056,1.2969970703125,2.39874267578125,4.084431966145833,13.738301595052084
1911,00:01:19.663,5.764811197916667,0.53436279296875,1.9449259440104167,3.7892659505208335,11.56024169921875
1912,00:01:19.705,6.765007866753471,2.2308349609375,2.2882486979166665,4.083577473958333,13.923197428385416
1913,00:01:19.746,5.514458550347222,0.58624267578125,2.0561930338541665,3.6789957682291665,10.808186848958334
1914,00:01:19.788,5.582058376736111,1.26068115234375,1.95709228515625,3.6505940755208335,11.13848876953125
1915,00:01:19.830,5.257954915364583,1.02203369140625,1.61407470703125,3.537353515625,10.6224365234375
1916,00:01:19.871,5.597100151909722,0.58624267578125,1.55206298828125,3.5886433919270835,11.650594075520834
1917,00:01:19.913,6.120327419704861,0.47210693359375,1.5713297526041667,3.8752644856770835,12.914388020833334
1918,00:01:19.955,6.508734809027779,1.4215087890625,1.8206380208333333,4.319620768229167,13.385945638020834
1919,00:01:19.997,5.867560492621528,1.31256103515625,1.5543212890625,4.304951985677083,11.743408203125
1920,00:01:20.038,4.727077907986111,1.6912841796875,0.97784423828125,4.592000325520833,8.61138916015625
1921,00:01:20.080,5.942843967013889,3.9947509765625,1.6197102864583333,6.285990397135417,9.922831217447916
1922,00:01:20.122,5.001329210069444,3.36181640625,0.8828531901041666,5.464619954427083,8.656514485677084
1923,00:01:20.163,4.436299641927083,1.9921875,0.8431599934895834,5.424458821614583,7.041280110677083
1924,00:01:20.205,3.453809950086806,3.18023681640625,0.63995361328125,4.40594482421875,5.315531412760417
1925,00:01:20.247,4.074578179253472,2.15301513671875,0.7364908854166666,5.321797688802083,6.165445963541667
1926,00:01:20.289,2.9657185872395835,0.37353515625,0.5598958333333334,3.8914591471354165,4.44580078125
1927,00:01:20.330,3.248630099826389,0.228271484375,0.55181884765625,4.692708333333333,4.501363118489583
1928,00:01:20.372,2.618828667534722,1.4007568359375,0.4356486002604167,3.5884602864583335,3.8323771158854165
1929,00:01:20.414,2.118618435329861,0.70037841796875,0.389892578125,3.2847900390625,2.6811726888020835
1930,00:01:20.455,1.8658379448784723,0.40985107421875,0.2934163411458333,2.9366455078125,2.3674519856770835
1931,00:01:20.497,1.279880099826389,0.5084228515625,0.24924723307291666,2.08367919921875,1.5067138671875
1932,00:01:20.539,1.0728217230902777,0.20233154296875,0.19008382161458334,1.46136474609375,1.5670166015625
1933,00:01:20.581,2.466606987847222,0.27496337890625,0.4133504231770833,2.8720296223958335,4.11444091796875
1934,00:01:20.622,2.9251912434895835,0.37872314453125,0.7548828125,2.49884033203125,5.5218505859375
1935,00:01:20.664,1.9575941297743056,0.47210693359375,0.8044026692708334,2.1080322265625,2.9603474934895835
1936,00:01:20.706,1.2455715603298612,0.6744384765625,0.6548665364583334,1.13677978515625,1.945068359375
1937,00:01:20.747,1.6606106228298614,0.81451416015625,0.96539306640625,1.6451416015625,2.3712972005208335
1938,00:01:20.789,41.84558783637153,24.134521484375,5.662882486979167,23.102945963541668,96.77093505859375
1939,00:01:20.831,25.004482693142364,68.3154296875,3.4052937825520835,20.699991861979168,50.908162434895836
1940,00:01:20.872,16.236328125,66.44256591796875,2.21771240234375,12.685445149739584,33.805826822916664
1941,00:01:20.914,8.014567057291666,30.899658203125,1.62408447265625,6.280537923177083,16.139078776041668
1942,00:01:20.956,2.6896497938368054,10.50048828125,0.92236328125,2.5314127604166665,4.61517333984375
1943,00:01:20.998,2.511549207899306,5.23468017578125,0.78814697265625,1.8775431315104167,4.86895751953125
1944,00:01:21.039,1.24017333984375,0.22308349609375,0.72454833984375,1.1513468424479167,1.8446248372395833
1945,00:01:21.081,1.384765625,0.518798828125,1.1587117513020833,1.0699462890625,1.9256388346354167
1946,00:01:21.123,1.2957017686631946,0.3424072265625,0.9810791015625,1.0959879557291667,1.8100382486979167
1947,00:01:21.164,1.400336371527778,0.27496337890625,0.9471638997395834,1.1097412109375,2.14410400390625
1948,00:01:21.206,1.2154066297743056,0.33203125,0.8905029296875,0.9431355794270834,1.8125813802083333
1949,00:01:21.248,1.593377007378472,0.40985107421875,1.4380900065104167,1.2160847981770833,2.1259562174479165
1950,00:01:21.290,1.0347561306423612,0.40985107421875,0.97052001953125,0.7553304036458334,1.37841796875
1951,00:01:21.331,1.1526353624131944,0.43060302734375,0.9314168294270834,0.8972371419270834,1.6292521158854167
1952,00:01:21.373,0.8391384548611112,0.4046630859375,0.6933186848958334,0.6860555013020834,1.1380411783854167
1953,00:01:21.415,1.058498806423611,0.46173095703125,1.0275472005208333,0.8743693033854166,1.2735799153645833
1954,00:01:21.456,0.8839518229166666,0.4876708984375,0.6129557291666666,0.8034464518229166,1.2354532877604167
1955,00:01:21.498,0.8003607855902778,0.73150634765625,0.62799072265625,0.6361490885416666,1.1369425455729167
1956,00:01:21.540,0.6871337890625,0.62774658203125,0.5359293619791666,0.6011759440104166,0.9242960611979166
1957,00:01:21.582,1.1059366861979167,0.34759521484375,1.1283365885416667,0.9047648111979166,1.2847086588541667
1958,00:01:21.623,0.7421129014756945,0.228271484375,0.5873209635416666,0.6680501302083334,0.9709676106770834
1959,00:01:21.665,0.7078586154513888,0.12969970703125,0.5184733072916666,0.7137654622395834,0.8913370768229166
1960,00:01:21.707,0.4798380533854167,0.30609130859375,0.29010009765625,0.4997355143229167,0.6496785481770834
1961,00:01:21.748,0.4641452365451389,0.38909912109375,0.3588663736979167,0.5718994140625,0.461669921875
1962,00:01:21.790,0.3488633897569444,0.74188232421875,0.2803955078125,0.3598225911458333,0.4063720703125
1963,00:01:21.832,0.3690999348958333,0.103759765625,0.19630940755208334,0.5342814127604166,0.376708984375
1964,00:01:21.873,0.3850504557291667,0.186767578125,0.4184366861979167,0.3444417317708333,0.39227294921875
1965,00:01:21.915,0.5009765625,0.352783203125,0.3977254231770833,0.5984090169270834,0.5067952473958334
1966,00:01:21.957,0.4183553059895833,0.39947509765625,0.4734090169270833,0.3319295247395833,0.4497273763020833
1967,00:01:21.999,0.3596394856770833,0.19195556640625,0.2990926106770833,0.3922119140625,0.3876139322916667
1968,00:01:22.040,0.2901204427083333,0.05706787109375,0.16542561848958334,0.3407796223958333,0.3641560872395833
1969,00:01:22.082,0.315673828125,0.04669189453125,0.1962890625,0.3763224283854167,0.3744099934895833
1970,00:01:22.124,0.3696017795138889,0.3009033203125,0.3423868815104167,0.3684285481770833,0.3979899088541667
1971,00:01:22.165,0.2783677842881944,0.4254150390625,0.28411865234375,0.2625935872395833,0.28839111328125
1972,00:01:22.207,0.3040432400173611,0.2386474609375,0.2676595052083333,0.2972615559895833,0.3472086588541667
1973,00:01:22.249,0.3481920030381945,0.062255859375,0.3444010416666667,0.3575439453125,0.3426310221354167
1974,00:01:22.291,0.2870822482638889,0.3009033203125,0.19746907552083334,0.32598876953125,0.3377888997395833
1975,00:01:22.332,0.1986083984375,0.04669189453125,0.21317545572916666,0.17584228515625,0.20680745442708334
1976,00:01:22.374,0.2779201931423611,0.498046875,0.23606363932291666,0.26519775390625,0.3324991861979167
1977,00:01:22.416,0.3381483289930555,0.61737060546875,0.3235066731770833,0.3199055989583333,0.37103271484375
1978,00:01:22.457,0.5950859917534722,0.70556640625,0.5384724934895834,0.5110880533854166,0.7356974283854166
1979,00:01:22.499,0.39478217230902773,1.31256103515625,0.33990478515625,0.4168294270833333,0.4276123046875
1980,00:01:22.541,0.2633327907986111,0.90789794921875,0.25518798828125,0.25323486328125,0.2815755208333333
1981,00:01:22.583,0.36328125,0.2386474609375,0.2797037760416667,0.3990885416666667,0.4110514322916667
1982,00:01:22.624,0.25177680121527773,0.03631591796875,0.19403076171875,0.27679443359375,0.2845052083333333
1983,00:01:22.666,2.588263617621528,0.2178955078125,1.06756591796875,2.82763671875,3.8695882161458335
1984,00:01:22.708,3.6673990885416665,0.3839111328125,1.6780192057291667,5.1348876953125,4.189290364583333
1985,00:01:22.749,3.6499159071180554,0.93902587890625,1.1510416666666667,6.032246907552083,3.7664591471354165
1986,00:01:22.791,3.2276950412326393,0.34759521484375,1.5651448567708333,5.297607421875,2.8203328450520835
1987,00:01:22.833,4.874355740017362,4.669189453125,1.4914957682291667,7.5101318359375,5.621439615885417
1988,00:01:22.874,2.9146389431423607,0.311279296875,0.9331868489583334,5.365254720052083,2.4454752604166665
1989,00:01:22.916,4.797871907552083,0.62255859375,1.53729248046875,9.538370768229166,3.3179524739583335
1990,00:01:22.958,4.494879828559028,0.2490234375,1.5914510091145833,9.367390950520834,2.5257975260416665
1991,00:01:23.000,4.982374403211805,0.32684326171875,1.0164998372395833,10.725504557291666,3.2051188151041665
1992,00:01:23.041,4.754964192708333,0.4254150390625,1.6324055989583333,7.992106119791667,4.640380859375
1993,00:01:23.083,6.292717827690971,2.4072265625,1.7734375,13.576700846354166,3.52801513671875
1994,00:01:23.125,6.774990505642362,2.2308349609375,1.7164103190104167,13.7940673828125,4.814493815104167
1995,00:01:23.166,8.52496337890625,6.92596435546875,1.8289388020833333,15.7818603515625,7.964090983072917
1996,00:01:23.208,9.974534776475695,7.0452880859375,2.4559733072916665,19.37335205078125,8.094278971354166
1997,00:01:23.250,13.362087673611112,13.30718994140625,3.3047688802083335,24.376200358072918,12.405293782552084
1998,00:01:23.292,35.79317220052083,39.76593017578125,8.242574055989584,29.253072102864582,69.88387044270833
1999,00:01:23.333,26.26045735677084,65.4620361328125,32.58929443359375,7.255533854166667,38.936543782552086
2000,00:01:23.375,11.556511773003471,47.127685546875,11.4141845703125,1.5289103190104167,21.7264404296875
2001,00:01:23.417,18.680277506510414,35.80230712890625,19.525288899739582,1.9434611002604167,34.57208251953125
2002,00:01:23.458,1.5691324869791667,6.3812255859375,1.4540608723958333,0.8235270182291666,2.4298095703125
2003,00:01:23.500,5.423862033420138,10.8843994140625,9.372721354166666,1.0280354817708333,5.870829264322917
2004,00:01:23.542,4.758043077256944,21.1669921875,6.645894368489583,0.473876953125,7.15435791015625
2005,00:01:23.584,84.50868733723959,23.95294189453125,102.41385904947917,9.413411458333334,141.69879150390625
2006,00:01:23.625,6.781684027777777e-06,0.25421142578125,0.0,2.0345052083333332e-05,0.0
2007,00:01:23.667,0.0,0.0,0.0,0.0,0.0
2008,00:01:23.709,0.0,0.0,0.0,0.0,0.0
2009,00:01:23.750,0.0,0.0,0.0,0.0,0.0
2010,00:01:23.792,0.0,0.0,0.0,0.0,0.0
2011,00:01:23.834,0.0,0.0,0.0,0.0,0.0
2012,00:01:23.875,0.0,0.0,0.0,0.0,0.0
2013,00:01:23.917,0.0,0.0,0.0,0.0,0.0
2014,00:01:23.959,0.0,0.0,0.0,0.0,0.0
2015,00:01:24.001,0.0,0.0,0.0,0.0,0.0
2016,00:01:24.042,0.0,0.0,0.0,0.0,0.0
2017,00:01:24.084,0.0,0.0,0.0,0.0,0.0
2018,00:01:24.126,0.0,0.0,0.0,0.0,0.0
2019,00:01:24.167,0.0,0.0,0.0,0.0,0.0
2020,00:01:24.209,0.0,0.0,0.0,0.0,0.0
2021,00:01:24.251,0.0,0.0,0.0,0.0,0.0
2022,00:01:24.293,0.0,0.0,0.0,0.0,0.0
2023,00:01:24.334,0.0,0.0,0.0,0.0,0.0
2024,00:01:24.376,0.0,0.0,0.0,0.0,0.0
