panel_id,batch,clip,clip_title,scene_id,camera,asset_type,priority,pure_path,annotated_path,pure_prompt,negative_prompt,spatial_lock,story_stage,stage_name,character_stage_lock,wardrobe_state,emotion_state,environment_stage_lock,whitebox_reference_path
MSB001,B01,01,老小区建立,SCN_COMPOUND,CAM_COMPOUND_01_ESTABLISH,storyboard,A,visual_assets/pure/micro_storyboard/B01/MSB001_v001.png,visual_assets/annotated/micro_storyboard/B01/MSB001_v001_annotated.png,"Create a pure cinematic image for AIGC video generation, 16:9 landscape, high-resolution film still quality, no visible text or annotations. 1990s small-town China, Chinese dreamcore realism, humid yellowed childhood memory, low light, subtle VHS grain, real old clothes and lived-in surfaces. Preserve character design v2 and scene spatial bible v1. Story-stage lock: S0_START_CLEAN 【部分原文损坏，需从源文件重建 / Partial source text corrupted; rebuild from source】","No text, no captions, no Chinese characters, no English letters, no labels, no arrows, no diagrams, no storyboard frame, no contact sheet, no sketch lines, no layout notes, no watermark. Avoid: 现代商业街、明亮商铺、现代招牌、人群拥挤; 现代商铺化、入口漂移. Do not change scene layout, character identities, clothing, lighting direction, or camera axis. Do not leak wardrobe, dirt, injury, expression, or environment state from a later story stage into this panel. Pre-fight children must not be muddy, wet, heavily grimy, post-fight, or post-escape. Do not make Xiao Man look like a smaller Xiao Chuan: no shared anxious round-eyed face, no right-ear anchor, no same spiky hair.",老旧居民楼一楼偏僻角落、发黄水泥墙、晾衣绳、破自行车、潮湿地面、门内微弱 CRT 蓝绿光 / Environment continuity lock,S0_START_CLEAN,起始干净阶段 / Start clean,角色焦点：环境；连续性：老旧居民楼一楼偏僻角落、发黄水泥墙、晾衣绳、破自行车、潮湿地面、门内微弱 CRT 蓝绿光 / Character focus: 环境; continuity: 老旧居民楼一楼偏僻角落、发黄水泥墙、晾衣绳、破自行车、潮湿地面、门内微弱 CRT 蓝绿光,角色焦点：环境；连续性：老旧居民楼一楼偏僻角落、发黄水泥墙、晾衣绳、破自行车、潮湿地面、门内微弱 CRT 蓝绿光 / Character focus: 环境; continuity: 老旧居民楼一楼偏僻角落、发黄水泥墙、晾衣绳、破自行车、潮湿地面、门内微弱 CRT 蓝绿光,无人物，只有潮湿和静默 / Emotion state from panel plan,老旧居民楼一楼偏僻角落、发黄水泥墙、晾衣绳、破自行车、潮湿地面、门内微弱 CRT 蓝绿光 / Environment continuity lock,whitebox_renders_v2/B01/WB2_COMPOUND_MSB001.png
MSB002,B01,01,老小区建立,SCN_COMPOUND,CAM_COMPOUND_01_ESTABLISH,storyboard,A,visual_assets/pure/micro_storyboard/B01/MSB002_v001.png,visual_assets/annotated/micro_storyboard/B01/MSB002_v001_annotated.png,"Create a pure cinematic image for AIGC video generation, 16:9 landscape, high-resolution film still quality, no visible text or annotations. 1990s small-town China, Chinese dreamcore realism, humid yellowed childhood memory, low light, subtle VHS grain, real old clothes and lived-in surfaces. Preserve character design v2 and scene spatial bible v1. Story-stage lock: S0_START_CLEAN 【部分原文损坏，需从源文件重建 / Partial source text corrupted; rebuild from source】","No text, no captions, no Chinese characters, no English letters, no labels, no arrows, no diagrams, no storyboard frame, no contact sheet, no sketch lines, no layout notes, no watermark. Avoid: 现代商业街、明亮商铺、现代招牌、人群拥挤; 现代商铺化、入口漂移. Do not change scene layout, character identities, clothing, lighting direction, or camera axis. Do not leak wardrobe, dirt, injury, expression, or environment state from a later story stage into this panel. Pre-fight children must not be muddy, wet, heavily grimy, post-fight, or post-escape. Do not make Xiao Man look like a smaller Xiao Chuan: no shared anxious round-eyed face, no right-ear anchor, no same spiky hair.",老旧居民楼一楼偏僻角落、发黄水泥墙、晾衣绳、破自行车、潮湿地面、门内微弱 CRT 蓝绿光 / Environment continuity lock,S0_START_CLEAN,起始干净阶段 / Start clean,角色焦点：环境；连续性：老旧居民楼一楼偏僻角落、发黄水泥墙、晾衣绳、破自行车、潮湿地面、门内微弱 CRT 蓝绿光 / Character focus: 环境; continuity: 老旧居民楼一楼偏僻角落、发黄水泥墙、晾衣绳、破自行车、潮湿地面、门内微弱 CRT 蓝绿光,角色焦点：环境；连续性：老旧居民楼一楼偏僻角落、发黄水泥墙、晾衣绳、破自行车、潮湿地面、门内微弱 CRT 蓝绿光 / Character focus: 环境; continuity: 老旧居民楼一楼偏僻角落、发黄水泥墙、晾衣绳、破自行车、潮湿地面、门内微弱 CRT 蓝绿光,无人物，空间有被遗忘感 / Emotion state from panel plan,老旧居民楼一楼偏僻角落、发黄水泥墙、晾衣绳、破自行车、潮湿地面、门内微弱 CRT 蓝绿光 / Environment continuity lock,whitebox_renders_v2/B01/WB2_COMPOUND_MSB002.png
MSB003,B01,01,老小区建立,SCN_COMPOUND,CAM_COMPOUND_01_ESTABLISH,keyframe,A,visual_assets/pure/micro_storyboard/B01/MSB003_v001.png,visual_assets/annotated/micro_storyboard/B01/MSB003_v001_annotated.png,"Create a pure cinematic image for AIGC video generation, 16:9 landscape, high-resolution film still quality, no visible text or annotations. 1990s small-town China, Chinese dreamcore realism, humid yellowed childhood memory, low light, subtle VHS grain, real old clothes and lived-in surfaces. Preserve character design v2 and scene spatial bible v1. Story-stage lock: S0_START_CLEAN 【部分原文损坏，需从源文件重建 / Partial source text corrupted; rebuild from source】","No text, no captions, no Chinese characters, no English letters, no labels, no arrows, no diagrams, no storyboard frame, no contact sheet, no sketch lines, no layout notes, no watermark. Avoid: 现代商业街、明亮商铺、现代招牌、人群拥挤; 现代商铺化、入口漂移. Do not change scene layout, character identities, clothing, lighting direction, or camera axis. Do not leak wardrobe, dirt, injury, expression, or environment state from a later story stage into this panel. Pre-fight children must not be muddy, wet, heavily grimy, post-fight, or post-escape. Do not make Xiao Man look like a smaller Xiao Chuan: no shared anxious round-eyed face, no right-ear anchor, no same spiky hair.",老旧居民楼一楼偏僻角落、发黄水泥墙、晾衣绳、破自行车、潮湿地面、门内微弱 CRT 蓝绿光 / Environment continuity lock,S0_START_CLEAN,起始干净阶段 / Start clean,角色焦点：环境；连续性：老旧居民楼一楼偏僻角落、发黄水泥墙、晾衣绳、破自行车、潮湿地面、门内微弱 CRT 蓝绿光 / Character focus: 环境; continuity: 老旧居民楼一楼偏僻角落、发黄水泥墙、晾衣绳、破自行车、潮湿地面、门内微弱 CRT 蓝绿光,角色焦点：环境；连续性：老旧居民楼一楼偏僻角落、发黄水泥墙、晾衣绳、破自行车、潮湿地面、门内微弱 CRT 蓝绿光 / Character focus: 环境; continuity: 老旧居民楼一楼偏僻角落、发黄水泥墙、晾衣绳、破自行车、潮湿地面、门内微弱 CRT 蓝绿光,无人物，光像诱饵 / Emotion state from panel plan,老旧居民楼一楼偏僻角落、发黄水泥墙、晾衣绳、破自行车、潮湿地面、门内微弱 CRT 蓝绿光 / Environment continuity lock,whitebox_renders_v2/B01/WB2_COMPOUND_MSB003.png
MSB004,B01,01,老小区建立,SCN_COMPOUND,CAM_COMPOUND_01_ESTABLISH,storyboard,B,visual_assets/pure/micro_storyboard/B01/MSB004_v001.png,visual_assets/annotated/micro_storyboard/B01/MSB004_v001_annotated.png,"Create a pure cinematic image for AIGC video generation, 16:9 landscape, high-resolution film still quality, no visible text or annotations. 1990s small-town China, Chinese dreamcore realism, humid yellowed childhood memory, low light, subtle VHS grain, real old clothes and lived-in surfaces. Preserve character design v2 and scene spatial bible v1. Story-stage lock: S0_START_CLEAN 【部分原文损坏，需从源文件重建 / Partial source text corrupted; rebuild from source】","No text, no captions, no Chinese characters, no English letters, no labels, no arrows, no diagrams, no storyboard frame, no contact sheet, no sketch lines, no layout notes, no watermark. Avoid: 现代商业街、明亮商铺、现代招牌、人群拥挤; 现代商铺化、入口漂移. Do not change scene layout, character identities, clothing, lighting direction, or camera axis. Do not leak wardrobe, dirt, injury, expression, or environment state from a later story stage into this panel. Pre-fight children must not be muddy, wet, heavily grimy, post-fight, or post-escape. Do not make Xiao Man look like a smaller Xiao Chuan: no shared anxious round-eyed face, no right-ear anchor, no same spiky hair.",老旧居民楼一楼偏僻角落、发黄水泥墙、晾衣绳、破自行车、潮湿地面、门内微弱 CRT 蓝绿光 / Environment continuity lock,S0_START_CLEAN,起始干净阶段 / Start clean,角色焦点：环境；连续性：老旧居民楼一楼偏僻角落、发黄水泥墙、晾衣绳、破自行车、潮湿地面、门内微弱 CRT 蓝绿光 / Character focus: 环境; continuity: 老旧居民楼一楼偏僻角落、发黄水泥墙、晾衣绳、破自行车、潮湿地面、门内微弱 CRT 蓝绿光,角色焦点：环境；连续性：老旧居民楼一楼偏僻角落、发黄水泥墙、晾衣绳、破自行车、潮湿地面、门内微弱 CRT 蓝绿光 / Character focus: 环境; continuity: 老旧居民楼一楼偏僻角落、发黄水泥墙、晾衣绳、破自行车、潮湿地面、门内微弱 CRT 蓝绿光,无人物，怀旧但不漂亮 / Emotion state from panel plan,老旧居民楼一楼偏僻角落、发黄水泥墙、晾衣绳、破自行车、潮湿地面、门内微弱 CRT 蓝绿光 / Environment continuity lock,whitebox_renders_v2/B01/WB2_COMPOUND_MSB004.png
MSB005,B01,01,老小区建立,SCN_COMPOUND,CAM_COMPOUND_01_ESTABLISH,storyboard,B,visual_assets/pure/micro_storyboard/B01/MSB005_v001.png,visual_assets/annotated/micro_storyboard/B01/MSB005_v001_annotated.png,"Create a pure cinematic image for AIGC video generation, 16:9 landscape, high-resolution film still quality, no visible text or annotations. 1990s small-town China, Chinese dreamcore realism, humid yellowed childhood memory, low light, subtle VHS grain, real old clothes and lived-in surfaces. Preserve character design v2 and scene spatial bible v1. Story-stage lock: S0_START_CLEAN 【部分原文损坏，需从源文件重建 / Partial source text corrupted; rebuild from source】","No text, no captions, no Chinese characters, no English letters, no labels, no arrows, no diagrams, no storyboard frame, no contact sheet, no sketch lines, no layout notes, no watermark. Avoid: 现代商业街、明亮商铺、现代招牌、人群拥挤; 现代商铺化、入口漂移. Do not change scene layout, character identities, clothing, lighting direction, or camera axis. Do not leak wardrobe, dirt, injury, expression, or environment state from a later story stage into this panel. Pre-fight children must not be muddy, wet, heavily grimy, post-fight, or post-escape. Do not make Xiao Man look like a smaller Xiao Chuan: no shared anxious round-eyed face, no right-ear anchor, no same spiky hair.",老旧居民楼一楼偏僻角落、发黄水泥墙、晾衣绳、破自行车、潮湿地面、门内微弱 CRT 蓝绿光 / Environment continuity lock,S0_START_CLEAN,起始干净阶段 / Start clean,角色焦点：环境；连续性：老旧居民楼一楼偏僻角落、发黄水泥墙、晾衣绳、破自行车、潮湿地面、门内微弱 CRT 蓝绿光 / Character focus: 环境; continuity: 老旧居民楼一楼偏僻角落、发黄水泥墙、晾衣绳、破自行车、潮湿地面、门内微弱 CRT 蓝绿光,角色焦点：环境；连续性：老旧居民楼一楼偏僻角落、发黄水泥墙、晾衣绳、破自行车、潮湿地面、门内微弱 CRT 蓝绿光 / Character focus: 环境; continuity: 老旧居民楼一楼偏僻角落、发黄水泥墙、晾衣绳、破自行车、潮湿地面、门内微弱 CRT 蓝绿光,无人物，安静偏僻 / Emotion state from panel plan,老旧居民楼一楼偏僻角落、发黄水泥墙、晾衣绳、破自行车、潮湿地面、门内微弱 CRT 蓝绿光 / Environment continuity lock,whitebox_renders_v2/B01/WB2_COMPOUND_MSB005.png
MSB006,B01,01,老小区建立,SCN_COMPOUND,CAM_COMPOUND_01_ESTABLISH,storyboard,B,visual_assets/pure/micro_storyboard/B01/MSB006_v001.png,visual_assets/annotated/micro_storyboard/B01/MSB006_v001_annotated.png,"Create a pure cinematic image for AIGC video generation, 16:9 landscape, high-resolution film still quality, no visible text or annotations. 1990s small-town China, Chinese dreamcore realism, humid yellowed childhood memory, low light, subtle VHS grain, real old clothes and lived-in surfaces. Preserve character design v2 and scene spatial bible v1. Story-stage lock: S0_START_CLEAN 【部分原文损坏，需从源文件重建 / Partial source text corrupted; rebuild from source】","No text, no captions, no Chinese characters, no English letters, no labels, no arrows, no diagrams, no storyboard frame, no contact sheet, no sketch lines, no layout notes, no watermark. Avoid: 现代商业街、明亮商铺、现代招牌、人群拥挤; 现代商铺化、入口漂移. Do not change scene layout, character identities, clothing, lighting direction, or camera axis. Do not leak wardrobe, dirt, injury, expression, or environment state from a later story stage into this panel. Pre-fight children must not be muddy, wet, heavily grimy, post-fight, or post-escape. Do not make Xiao Man look like a smaller Xiao Chuan: no shared anxious round-eyed face, no right-ear anchor, no same spiky hair.",老旧居民楼一楼偏僻角落、发黄水泥墙、晾衣绳、破自行车、潮湿地面、门内微弱 CRT 蓝绿光 / Environment continuity lock,S0_START_CLEAN,起始干净阶段 / Start clean,角色焦点：环境/道具；连续性：老旧居民楼一楼偏僻角落、发黄水泥墙、晾衣绳、破自行车、潮湿地面、门内微弱 CRT 蓝绿光 / Character focus: 环境/道具; continuity: 老旧居民楼一楼偏僻角落、发黄水泥墙、晾衣绳、破自行车、潮湿地面、门内微弱 CRT 蓝绿光,角色焦点：环境/道具；连续性：老旧居民楼一楼偏僻角落、发黄水泥墙、晾衣绳、破自行车、潮湿地面、门内微弱 CRT 蓝绿光 / Character focus: 环境/道具; continuity: 老旧居民楼一楼偏僻角落、发黄水泥墙、晾衣绳、破自行车、潮湿地面、门内微弱 CRT 蓝绿光,无人物，现实细节 / Emotion state from panel plan,老旧居民楼一楼偏僻角落、发黄水泥墙、晾衣绳、破自行车、潮湿地面、门内微弱 CRT 蓝绿光 / Environment continuity lock,whitebox_renders_v2/B01/WB2_COMPOUND_MSB006.png
MSB007,B01,01,老小区建立,SCN_COMPOUND,CAM_COMPOUND_01_ESTABLISH,start_frame,A,visual_assets/pure/micro_storyboard/B01/MSB007_v001.png,visual_assets/annotated/micro_storyboard/B01/MSB007_v001_annotated.png,"Create a pure cinematic image for AIGC video generation, 16:9 landscape, high-resolution film still quality, no visible text or annotations. 1990s small-town China, Chinese dreamcore realism, humid yellowed childhood memory, low light, subtle VHS grain, real old clothes and lived-in surfaces. Preserve character design v2 and scene spatial bible v1. Story-stage lock: S0_START_CLEAN 【部分原文损坏，需从源文件重建 / Partial source text corrupted; rebuild from source】","No text, no captions, no Chinese characters, no English letters, no labels, no arrows, no diagrams, no storyboard frame, no contact sheet, no sketch lines, no layout notes, no watermark. Avoid: 现代商业街、明亮商铺、现代招牌、人群拥挤; 现代商铺化、入口漂移. Do not change scene layout, character identities, clothing, lighting direction, or camera axis. Do not leak wardrobe, dirt, injury, expression, or environment state from a later story stage into this panel. Pre-fight children must not be muddy, wet, heavily grimy, post-fight, or post-escape. Do not make Xiao Man look like a smaller Xiao Chuan: no shared anxious round-eyed face, no right-ear anchor, no same spiky hair.",老旧居民楼一楼偏僻角落、发黄水泥墙、晾衣绳、破自行车、潮湿地面、门内微弱 CRT 蓝绿光 / Environment continuity lock,S0_START_CLEAN,起始干净阶段 / Start clean,角色焦点：环境；连续性：老旧居民楼一楼偏僻角落、发黄水泥墙、晾衣绳、破自行车、潮湿地面、门内微弱 CRT 蓝绿光 / Character focus: 环境; continuity: 老旧居民楼一楼偏僻角落、发黄水泥墙、晾衣绳、破自行车、潮湿地面、门内微弱 CRT 蓝绿光,角色焦点：环境；连续性：老旧居民楼一楼偏僻角落、发黄水泥墙、晾衣绳、破自行车、潮湿地面、门内微弱 CRT 蓝绿光 / Character focus: 环境; continuity: 老旧居民楼一楼偏僻角落、发黄水泥墙、晾衣绳、破自行车、潮湿地面、门内微弱 CRT 蓝绿光,无人物，路径清楚 / Emotion state from panel plan,老旧居民楼一楼偏僻角落、发黄水泥墙、晾衣绳、破自行车、潮湿地面、门内微弱 CRT 蓝绿光 / Environment continuity lock,whitebox_renders_v2/B01/WB2_COMPOUND_MSB007.png
MSB008,B01,01,老小区建立,SCN_COMPOUND,CAM_COMPOUND_01_ESTABLISH,end_frame,A,visual_assets/pure/micro_storyboard/B01/MSB008_v001.png,visual_assets/annotated/micro_storyboard/B01/MSB008_v001_annotated.png,"Create a pure cinematic image for AIGC video generation, 16:9 landscape, high-resolution film still quality, no visible text or annotations. 1990s small-town China, Chinese dreamcore realism, humid yellowed childhood memory, low light, subtle VHS grain, real old clothes and lived-in surfaces. Preserve character design v2 and scene spatial bible v1. Story-stage lock: S0_START_CLEAN 【部分原文损坏，需从源文件重建 / Partial source text corrupted; rebuild from source】","No text, no captions, no Chinese characters, no English letters, no labels, no arrows, no diagrams, no storyboard frame, no contact sheet, no sketch lines, no layout notes, no watermark. Avoid: 现代商业街、明亮商铺、现代招牌、人群拥挤; 现代商铺化、入口漂移. Do not change scene layout, character identities, clothing, lighting direction, or camera axis. Do not leak wardrobe, dirt, injury, expression, or environment state from a later story stage into this panel. Pre-fight children must not be muddy, wet, heavily grimy, post-fight, or post-escape. Do not make Xiao Man look like a smaller Xiao Chuan: no shared anxious round-eyed face, no right-ear anchor, no same spiky hair.",老旧居民楼一楼偏僻角落、发黄水泥墙、晾衣绳、破自行车、潮湿地面、门内微弱 CRT 蓝绿光 / Environment continuity lock,S0_START_CLEAN,起始干净阶段 / Start clean,角色焦点：环境；连续性：老旧居民楼一楼偏僻角落、发黄水泥墙、晾衣绳、破自行车、潮湿地面、门内微弱 CRT 蓝绿光 / Character focus: 环境; continuity: 老旧居民楼一楼偏僻角落、发黄水泥墙、晾衣绳、破自行车、潮湿地面、门内微弱 CRT 蓝绿光,角色焦点：环境；连续性：老旧居民楼一楼偏僻角落、发黄水泥墙、晾衣绳、破自行车、潮湿地面、门内微弱 CRT 蓝绿光 / Character focus: 环境; continuity: 老旧居民楼一楼偏僻角落、发黄水泥墙、晾衣绳、破自行车、潮湿地面、门内微弱 CRT 蓝绿光,无人物，悬念 / Emotion state from panel plan,老旧居民楼一楼偏僻角落、发黄水泥墙、晾衣绳、破自行车、潮湿地面、门内微弱 CRT 蓝绿光 / Environment continuity lock,whitebox_renders_v2/B01/WB2_COMPOUND_MSB008.png
MSB009,B01,02,三兄弟靠近,SCN_COMPOUND,CAM_COMPOUND_02_BROTHERS_APPROACH,storyboard,A,visual_assets/pure/micro_storyboard/B01/MSB009_v001.png,visual_assets/annotated/micro_storyboard/B01/MSB009_v001_annotated.png,"Create a pure cinematic image for AIGC video generation, 16:9 landscape, high-resolution film still quality, no visible text or annotations. 1990s small-town China, Chinese dreamcore realism, humid yellowed childhood memory, low light, subtle VHS grain, real old clothes and lived-in surfaces. Preserve character design v2 and scene spatial bible v1. Story-stage lock: S0_START_CLEAN 【部分原文损坏，需从源文件重建 / Partial source text corrupted; rebuild from source】","No text, no captions, no Chinese characters, no English letters, no labels, no arrows, no diagrams, no storyboard frame, no contact sheet, no sketch lines, no layout notes, no watermark. Avoid: 三个孩子同款脸、同款发型、女生、学生队伍、现代校服; 三兄弟同款脸、站位像学生队列. Do not change scene layout, character identities, clothing, lighting direction, or camera axis. Do not leak wardrobe, dirt, injury, expression, or environment state from a later story stage into this panel. Pre-fight children must not be muddy, wet, heavily grimy, post-fight, or post-escape. Do not make Xiao Man look like a smaller Xiao Chuan: no shared anxious round-eyed face, no right-ear anchor, no same spiky hair.",阿磊海军蓝外套红白斜条，小川蓝白外套红领巾浅绿书包，小满浅色大衬衫，三人从院内走向角落 / Environment continuity lock,S0_START_CLEAN,起始干净阶段 / Start clean,角色焦点：阿磊；连续性：阿磊海军蓝外套红白斜条，小川蓝白外套红领巾浅绿书包，小满浅色大衬衫，三人从院内走向角落 / Character focus: 阿磊; continuity: 阿磊海军蓝外套红白斜条，小川蓝白外套红领巾浅绿书包，小满浅色大衬衫，三人从院内走向角落,角色焦点：阿磊；连续性：阿磊海军蓝外套红白斜条，小川蓝白外套红领巾浅绿书包，小满浅色大衬衫，三人从院内走向角落 / Character focus: 阿磊; continuity: 阿磊海军蓝外套红白斜条，小川蓝白外套红领巾浅绿书包，小满浅色大衬衫，三人从院内走向角落,假装镇定，下巴微扬 / Emotion state from panel plan,阿磊海军蓝外套红白斜条，小川蓝白外套红领巾浅绿书包，小满浅色大衬衫，三人从院内走向角落 / Environment continuity lock,whitebox_renders_v2/B01/WB2_COMPOUND_MSB009.png
MSB010,B01,02,三兄弟靠近,SCN_COMPOUND,CAM_COMPOUND_02_BROTHERS_APPROACH,storyboard,A,visual_assets/pure/micro_storyboard/B01/MSB010_v001.png,visual_assets/annotated/micro_storyboard/B01/MSB010_v001_annotated.png,"Create a pure cinematic image for AIGC video generation, 16:9 landscape, high-resolution film still quality, no visible text or annotations. 1990s small-town China, Chinese dreamcore realism, humid yellowed childhood memory, low light, subtle VHS grain, real old clothes and lived-in surfaces. Preserve character design v2 and scene spatial bible v1. Story-stage lock: S0_START_CLEAN 【部分原文损坏，需从源文件重建 / Partial source text corrupted; rebuild from source】","No text, no captions, no Chinese characters, no English letters, no labels, no arrows, no diagrams, no storyboard frame, no contact sheet, no sketch lines, no layout notes, no watermark. Avoid: 三个孩子同款脸、同款发型、女生、学生队伍、现代校服; 三兄弟同款脸、站位像学生队列. Do not change scene layout, character identities, clothing, lighting direction, or camera axis. Do not leak wardrobe, dirt, injury, expression, or environment state from a later story stage into this panel. Pre-fight children must not be muddy, wet, heavily grimy, post-fight, or post-escape. Do not make Xiao Man look like a smaller Xiao Chuan: no shared anxious round-eyed face, no right-ear anchor, no same spiky hair.",阿磊海军蓝外套红白斜条，小川蓝白外套红领巾浅绿书包，小满浅色大衬衫，三人从院内走向角落 / Environment continuity lock,S0_START_CLEAN,起始干净阶段 / Start clean,角色焦点：小川；连续性：阿磊海军蓝外套红白斜条，小川蓝白外套红领巾浅绿书包，小满浅色大衬衫，三人从院内走向角落 / Character focus: 小川; continuity: 阿磊海军蓝外套红白斜条，小川蓝白外套红领巾浅绿书包，小满浅色大衬衫，三人从院内走向角落,角色焦点：小川；连续性：阿磊海军蓝外套红白斜条，小川蓝白外套红领巾浅绿书包，小满浅色大衬衫，三人从院内走向角落 / Character focus: 小川; continuity: 阿磊海军蓝外套红白斜条，小川蓝白外套红领巾浅绿书包，小满浅色大衬衫，三人从院内走向角落,紧张又好奇，眼睛看阿磊后背 / Emotion state from panel plan,阿磊海军蓝外套红白斜条，小川蓝白外套红领巾浅绿书包，小满浅色大衬衫，三人从院内走向角落 / Environment continuity lock,whitebox_renders_v2/B01/WB2_COMPOUND_MSB010.png
MSB011,B01,02,三兄弟靠近,SCN_COMPOUND,CAM_COMPOUND_02_BROTHERS_APPROACH,storyboard,A,visual_assets/pure/micro_storyboard/B01/MSB011_v001.png,visual_assets/annotated/micro_storyboard/B01/MSB011_v001_annotated.png,"Create a pure cinematic image for AIGC video generation, 16:9 landscape, high-resolution film still quality, no visible text or annotations. 1990s small-town China, Chinese dreamcore realism, humid yellowed childhood memory, low light, subtle VHS grain, real old clothes and lived-in surfaces. Preserve character design v2 and scene spatial bible v1. Story-stage lock: S0_START_CLEAN 【部分原文损坏，需从源文件重建 / Partial source text corrupted; rebuild from source】","No text, no captions, no Chinese characters, no English letters, no labels, no arrows, no diagrams, no storyboard frame, no contact sheet, no sketch lines, no layout notes, no watermark. Avoid: 三个孩子同款脸、同款发型、女生、学生队伍、现代校服; 三兄弟同款脸、站位像学生队列. Do not change scene layout, character identities, clothing, lighting direction, or camera axis. Do not leak wardrobe, dirt, injury, expression, or environment state from a later story stage into this panel. Pre-fight children must not be muddy, wet, heavily grimy, post-fight, or post-escape. Do not make Xiao Man look like a smaller Xiao Chuan: no shared anxious round-eyed face, no right-ear anchor, no same spiky hair.",阿磊海军蓝外套红白斜条，小川蓝白外套红领巾浅绿书包，小满浅色大衬衫，三人从院内走向角落 / Environment continuity lock,S0_START_CLEAN,起始干净阶段 / Start clean,角色焦点：小满；连续性：阿磊海军蓝外套红白斜条，小川蓝白外套红领巾浅绿书包，小满浅色大衬衫，三人从院内走向角落 / Character focus: 小满; continuity: 阿磊海军蓝外套红白斜条，小川蓝白外套红领巾浅绿书包，小满浅色大衬衫，三人从院内走向角落,角色焦点：小满；连续性：阿磊海军蓝外套红白斜条，小川蓝白外套红领巾浅绿书包，小满浅色大衬衫，三人从院内走向角落 / Character focus: 小满; continuity: 阿磊海军蓝外套红白斜条，小川蓝白外套红领巾浅绿书包，小满浅色大衬衫，三人从院内走向角落,茫然，慢半拍 / Emotion state from panel plan,阿磊海军蓝外套红白斜条，小川蓝白外套红领巾浅绿书包，小满浅色大衬衫，三人从院内走向角落 / Environment continuity lock,whitebox_renders_v2/B01/WB2_COMPOUND_MSB011.png
MSB012,B01,02,三兄弟靠近,SCN_COMPOUND,CAM_COMPOUND_02_BROTHERS_APPROACH,keyframe,A,visual_assets/pure/micro_storyboard/B01/MSB012_v001.png,visual_assets/annotated/micro_storyboard/B01/MSB012_v001_annotated.png,"Create a pure cinematic image for AIGC video generation, 16:9 landscape, high-resolution film still quality, no visible text or annotations. 1990s small-town China, Chinese dreamcore realism, humid yellowed childhood memory, low light, subtle VHS grain, real old clothes and lived-in surfaces. Preserve character design v2 and scene spatial bible v1. Story-stage lock: S0_START_CLEAN 【部分原文损坏，需从源文件重建 / Partial source text corrupted; rebuild from source】","No text, no captions, no Chinese characters, no English letters, no labels, no arrows, no diagrams, no storyboard frame, no contact sheet, no sketch lines, no layout notes, no watermark. Avoid: 三个孩子同款脸、同款发型、女生、学生队伍、现代校服; 三兄弟同款脸、站位像学生队列. Do not change scene layout, character identities, clothing, lighting direction, or camera axis. Do not leak wardrobe, dirt, injury, expression, or environment state from a later story stage into this panel. Pre-fight children must not be muddy, wet, heavily grimy, post-fight, or post-escape. Do not make Xiao Man look like a smaller Xiao Chuan: no shared anxious round-eyed face, no right-ear anchor, no same spiky hair.",阿磊海军蓝外套红白斜条，小川蓝白外套红领巾浅绿书包，小满浅色大衬衫，三人从院内走向角落 / Environment continuity lock,S0_START_CLEAN,起始干净阶段 / Start clean,角色焦点：三兄弟；连续性：阿磊海军蓝外套红白斜条，小川蓝白外套红领巾浅绿书包，小满浅色大衬衫，三人从院内走向角落 / Character focus: 三兄弟; continuity: 阿磊海军蓝外套红白斜条，小川蓝白外套红领巾浅绿书包，小满浅色大衬衫，三人从院内走向角落,角色焦点：三兄弟；连续性：阿磊海军蓝外套红白斜条，小川蓝白外套红领巾浅绿书包，小满浅色大衬衫，三人从院内走向角落 / Character focus: 三兄弟; continuity: 阿磊海军蓝外套红白斜条，小川蓝白外套红领巾浅绿书包，小满浅色大衬衫，三人从院内走向角落,三种不同反应：逞强、紧张、茫然 / Emotion state from panel plan,阿磊海军蓝外套红白斜条，小川蓝白外套红领巾浅绿书包，小满浅色大衬衫，三人从院内走向角落 / Environment continuity lock,whitebox_renders_v2/B01/WB2_COMPOUND_MSB012.png
MSB013,B01,02,三兄弟靠近,SCN_COMPOUND,CAM_COMPOUND_02_BROTHERS_APPROACH,storyboard,B,visual_assets/pure/micro_storyboard/B01/MSB013_v001.png,visual_assets/annotated/micro_storyboard/B01/MSB013_v001_annotated.png,"Create a pure cinematic image for AIGC video generation, 16:9 landscape, high-resolution film still quality, no visible text or annotations. 1990s small-town China, Chinese dreamcore realism, humid yellowed childhood memory, low light, subtle VHS grain, real old clothes and lived-in surfaces. Preserve character design v2 and scene spatial bible v1. Story-stage lock: S0_START_CLEAN 【部分原文损坏，需从源文件重建 / Partial source text corrupted; rebuild from source】","No text, no captions, no Chinese characters, no English letters, no labels, no arrows, no diagrams, no storyboard frame, no contact sheet, no sketch lines, no layout notes, no watermark. Avoid: 三个孩子同款脸、同款发型、女生、学生队伍、现代校服; 三兄弟同款脸、站位像学生队列. Do not change scene layout, character identities, clothing, lighting direction, or camera axis. Do not leak wardrobe, dirt, injury, expression, or environment state from a later story stage into this panel. Pre-fight children must not be muddy, wet, heavily grimy, post-fight, or post-escape. Do not make Xiao Man look like a smaller Xiao Chuan: no shared anxious round-eyed face, no right-ear anchor, no same spiky hair.",阿磊海军蓝外套红白斜条，小川蓝白外套红领巾浅绿书包，小满浅色大衬衫，三人从院内走向角落 / Environment continuity lock,S0_START_CLEAN,起始干净阶段 / Start clean,角色焦点：阿磊/小川；连续性：阿磊海军蓝外套红白斜条，小川蓝白外套红领巾浅绿书包，小满浅色大衬衫，三人从院内走向角落 / Character focus: 阿磊/小川; continuity: 阿磊海军蓝外套红白斜条，小川蓝白外套红领巾浅绿书包，小满浅色大衬衫，三人从院内走向角落,角色焦点：阿磊/小川；连续性：阿磊海军蓝外套红白斜条，小川蓝白外套红领巾浅绿书包，小满浅色大衬衫，三人从院内走向角落 / Character focus: 阿磊/小川; continuity: 阿磊海军蓝外套红白斜条，小川蓝白外套红领巾浅绿书包，小满浅色大衬衫，三人从院内走向角落,阿磊不耐烦，小川确认哥哥表情 / Emotion state from panel plan,阿磊海军蓝外套红白斜条，小川蓝白外套红领巾浅绿书包，小满浅色大衬衫，三人从院内走向角落 / Environment continuity lock,whitebox_renders_v2/B01/WB2_COMPOUND_MSB013.png
MSB014,B01,02,三兄弟靠近,SCN_COMPOUND,CAM_COMPOUND_02_BROTHERS_APPROACH,storyboard,A,visual_assets/pure/micro_storyboard/B01/MSB014_v001.png,visual_assets/annotated/micro_storyboard/B01/MSB014_v001_annotated.png,"Create a pure cinematic image for AIGC video generation, 16:9 landscape, high-resolution film still quality, no visible text or annotations. 1990s small-town China, Chinese dreamcore realism, humid yellowed childhood memory, low light, subtle VHS grain, real old clothes and lived-in surfaces. Preserve character design v2 and scene spatial bible v1. Story-stage lock: S0_START_CLEAN 【部分原文损坏，需从源文件重建 / Partial source text corrupted; rebuild from source】","No text, no captions, no Chinese characters, no English letters, no labels, no arrows, no diagrams, no storyboard frame, no contact sheet, no sketch lines, no layout notes, no watermark. Avoid: 三个孩子同款脸、同款发型、女生、学生队伍、现代校服; 三兄弟同款脸、站位像学生队列. Do not change scene layout, character identities, clothing, lighting direction, or camera axis. Do not leak wardrobe, dirt, injury, expression, or environment state from a later story stage into this panel. Pre-fight children must not be muddy, wet, heavily grimy, post-fight, or post-escape. Do not make Xiao Man look like a smaller Xiao Chuan: no shared anxious round-eyed face, no right-ear anchor, no same spiky hair.",阿磊海军蓝外套红白斜条，小川蓝白外套红领巾浅绿书包，小满浅色大衬衫，三人从院内走向角落 / Environment continuity lock,S0_START_CLEAN,起始干净阶段 / Start clean,角色焦点：小川；连续性：阿磊海军蓝外套红白斜条，小川蓝白外套红领巾浅绿书包，小满浅色大衬衫，三人从院内走向角落 / Character focus: 小川; continuity: 阿磊海军蓝外套红白斜条，小川蓝白外套红领巾浅绿书包，小满浅色大衬衫，三人从院内走向角落,角色焦点：小川；连续性：阿磊海军蓝外套红白斜条，小川蓝白外套红领巾浅绿书包，小满浅色大衬衫，三人从院内走向角落 / Character focus: 小川; continuity: 阿磊海军蓝外套红白斜条，小川蓝白外套红领巾浅绿书包，小满浅色大衬衫，三人从院内走向角落,被光吸引，怕但想看 / Emotion state from panel plan,阿磊海军蓝外套红白斜条，小川蓝白外套红领巾浅绿书包，小满浅色大衬衫，三人从院内走向角落 / Environment continuity lock,whitebox_renders_v2/B01/WB2_COMPOUND_MSB014.png
MSB015,B01,02,三兄弟靠近,SCN_COMPOUND,CAM_COMPOUND_02_BROTHERS_APPROACH,storyboard,B,visual_assets/pure/micro_storyboard/B01/MSB015_v001.png,visual_assets/annotated/micro_storyboard/B01/MSB015_v001_annotated.png,"Create a pure cinematic image for AIGC video generation, 16:9 landscape, high-resolution film still quality, no visible text or annotations. 1990s small-town China, Chinese dreamcore realism, humid yellowed childhood memory, low light, subtle VHS grain, real old clothes and lived-in surfaces. Preserve character design v2 and scene spatial bible v1. Story-stage lock: S0_START_CLEAN 【部分原文损坏，需从源文件重建 / Partial source text corrupted; rebuild from source】","No text, no captions, no Chinese characters, no English letters, no labels, no arrows, no diagrams, no storyboard frame, no contact sheet, no sketch lines, no layout notes, no watermark. Avoid: 三个孩子同款脸、同款发型、女生、学生队伍、现代校服; 三兄弟同款脸、站位像学生队列. Do not change scene layout, character identities, clothing, lighting direction, or camera axis. Do not leak wardrobe, dirt, injury, expression, or environment state from a later story stage into this panel. Pre-fight children must not be muddy, wet, heavily grimy, post-fight, or post-escape. Do not make Xiao Man look like a smaller Xiao Chuan: no shared anxious round-eyed face, no right-ear anchor, no same spiky hair.",阿磊海军蓝外套红白斜条，小川蓝白外套红领巾浅绿书包，小满浅色大衬衫，三人从院内走向角落 / Environment continuity lock,S0_START_CLEAN,起始干净阶段 / Start clean,角色焦点：小满；连续性：阿磊海军蓝外套红白斜条，小川蓝白外套红领巾浅绿书包，小满浅色大衬衫，三人从院内走向角落 / Character focus: 小满; continuity: 阿磊海军蓝外套红白斜条，小川蓝白外套红领巾浅绿书包，小满浅色大衬衫，三人从院内走向角落,角色焦点：小满；连续性：阿磊海军蓝外套红白斜条，小川蓝白外套红领巾浅绿书包，小满浅色大衬衫，三人从院内走向角落 / Character focus: 小满; continuity: 阿磊海军蓝外套红白斜条，小川蓝白外套红领巾浅绿书包，小满浅色大衬衫，三人从院内走向角落,被亮光吓到又好奇 / Emotion state from panel plan,阿磊海军蓝外套红白斜条，小川蓝白外套红领巾浅绿书包，小满浅色大衬衫，三人从院内走向角落 / Environment continuity lock,whitebox_renders_v2/B01/WB2_COMPOUND_MSB015.png
MSB016,B01,02,三兄弟靠近,SCN_COMPOUND,CAM_COMPOUND_02_BROTHERS_APPROACH,end_frame,A,visual_assets/pure/micro_storyboard/B01/MSB016_v001.png,visual_assets/annotated/micro_storyboard/B01/MSB016_v001_annotated.png,"Create a pure cinematic image for AIGC video generation, 16:9 landscape, high-resolution film still quality, no visible text or annotations. 1990s small-town China, Chinese dreamcore realism, humid yellowed childhood memory, low light, subtle VHS grain, real old clothes and lived-in surfaces. Preserve character design v2 and scene spatial bible v1. Story-stage lock: S0_START_CLEAN 【部分原文损坏，需从源文件重建 / Partial source text corrupted; rebuild from source】","No text, no captions, no Chinese characters, no English letters, no labels, no arrows, no diagrams, no storyboard frame, no contact sheet, no sketch lines, no layout notes, no watermark. Avoid: 三个孩子同款脸、同款发型、女生、学生队伍、现代校服; 三兄弟同款脸、站位像学生队列. Do not change scene layout, character identities, clothing, lighting direction, or camera axis. Do not leak wardrobe, dirt, injury, expression, or environment state from a later story stage into this panel. Pre-fight children must not be muddy, wet, heavily grimy, post-fight, or post-escape. Do not make Xiao Man look like a smaller Xiao Chuan: no shared anxious round-eyed face, no right-ear anchor, no same spiky hair.",阿磊海军蓝外套红白斜条，小川蓝白外套红领巾浅绿书包，小满浅色大衬衫，三人从院内走向角落 / Environment continuity lock,S0_START_CLEAN,起始干净阶段 / Start clean,角色焦点：三兄弟；连续性：阿磊海军蓝外套红白斜条，小川蓝白外套红领巾浅绿书包，小满浅色大衬衫，三人从院内走向角落 / Character focus: 三兄弟; continuity: 阿磊海军蓝外套红白斜条，小川蓝白外套红领巾浅绿书包，小满浅色大衬衫，三人从院内走向角落,角色焦点：三兄弟；连续性：阿磊海军蓝外套红白斜条，小川蓝白外套红领巾浅绿书包，小满浅色大衬衫，三人从院内走向角落 / Character focus: 三兄弟; continuity: 阿磊海军蓝外套红白斜条，小川蓝白外套红领巾浅绿书包，小满浅色大衬衫，三人从院内走向角落,阿磊撑住，小川犹豫，小满躲后 / Emotion state from panel plan,阿磊海军蓝外套红白斜条，小川蓝白外套红领巾浅绿书包，小满浅色大衬衫，三人从院内走向角落 / Environment continuity lock,whitebox_renders_v2/B01/WB2_COMPOUND_MSB016.png
MSB017,B01,02,三兄弟靠近,SCN_COMPOUND,CAM_COMPOUND_02_BROTHERS_APPROACH,storyboard,B,visual_assets/pure/micro_storyboard/B01/MSB017_v001.png,visual_assets/annotated/micro_storyboard/B01/MSB017_v001_annotated.png,"Create a pure cinematic image for AIGC video generation, 16:9 landscape, high-resolution film still quality, no visible text or annotations. 1990s small-town China, Chinese dreamcore realism, humid yellowed childhood memory, low light, subtle VHS grain, real old clothes and lived-in surfaces. Preserve character design v2 and scene spatial bible v1. Story-stage lock: S0_START_CLEAN 【部分原文损坏，需从源文件重建 / Partial source text corrupted; rebuild from source】","No text, no captions, no Chinese characters, no English letters, no labels, no arrows, no diagrams, no storyboard frame, no contact sheet, no sketch lines, no layout notes, no watermark. Avoid: 三个孩子同款脸、同款发型、女生、学生队伍、现代校服; 三兄弟同款脸、站位像学生队列. Do not change scene layout, character identities, clothing, lighting direction, or camera axis. Do not leak wardrobe, dirt, injury, expression, or environment state from a later story stage into this panel. Pre-fight children must not be muddy, wet, heavily grimy, post-fight, or post-escape. Do not make Xiao Man look like a smaller Xiao Chuan: no shared anxious round-eyed face, no right-ear anchor, no same spiky hair.",阿磊海军蓝外套红白斜条，小川蓝白外套红领巾浅绿书包，小满浅色大衬衫，三人从院内走向角落 / Environment continuity lock,S0_START_CLEAN,起始干净阶段 / Start clean,角色焦点：阿磊/道具；连续性：阿磊海军蓝外套红白斜条，小川蓝白外套红领巾浅绿书包，小满浅色大衬衫，三人从院内走向角落 / Character focus: 阿磊/道具; continuity: 阿磊海军蓝外套红白斜条，小川蓝白外套红领巾浅绿书包，小满浅色大衬衫，三人从院内走向角落,角色焦点：阿磊/道具；连续性：阿磊海军蓝外套红白斜条，小川蓝白外套红领巾浅绿书包，小满浅色大衬衫，三人从院内走向角落 / Character focus: 阿磊/道具; continuity: 阿磊海军蓝外套红白斜条，小川蓝白外套红领巾浅绿书包，小满浅色大衬衫，三人从院内走向角落,手势故作自然 / Emotion state from panel plan,阿磊海军蓝外套红白斜条，小川蓝白外套红领巾浅绿书包，小满浅色大衬衫，三人从院内走向角落 / Environment continuity lock,whitebox_renders_v2/B01/WB2_COMPOUND_MSB017.png
MSB018,B01,02,三兄弟靠近,SCN_COMPOUND,CAM_COMPOUND_02_BROTHERS_APPROACH,keyframe,A,visual_assets/pure/micro_storyboard/B01/MSB018_v001.png,visual_assets/annotated/micro_storyboard/B01/MSB018_v001_annotated.png,"Create a pure cinematic image for AIGC video generation, 16:9 landscape, high-resolution film still quality, no visible text or annotations. 1990s small-town China, Chinese dreamcore realism, humid yellowed childhood memory, low light, subtle VHS grain, real old clothes and lived-in surfaces. Preserve character design v2 and scene spatial bible v1. Story-stage lock: S0_START_CLEAN 【部分原文损坏，需从源文件重建 / Partial source text corrupted; rebuild from source】","No text, no captions, no Chinese characters, no English letters, no labels, no arrows, no diagrams, no storyboard frame, no contact sheet, no sketch lines, no layout notes, no watermark. Avoid: 三个孩子同款脸、同款发型、女生、学生队伍、现代校服; 三兄弟同款脸、站位像学生队列. Do not change scene layout, character identities, clothing, lighting direction, or camera axis. Do not leak wardrobe, dirt, injury, expression, or environment state from a later story stage into this panel. Pre-fight children must not be muddy, wet, heavily grimy, post-fight, or post-escape. Do not make Xiao Man look like a smaller Xiao Chuan: no shared anxious round-eyed face, no right-ear anchor, no same spiky hair.",阿磊海军蓝外套红白斜条，小川蓝白外套红领巾浅绿书包，小满浅色大衬衫，三人从院内走向角落 / Environment continuity lock,S0_START_CLEAN,起始干净阶段 / Start clean,角色焦点：三兄弟；连续性：阿磊海军蓝外套红白斜条，小川蓝白外套红领巾浅绿书包，小满浅色大衬衫，三人从院内走向角落 / Character focus: 三兄弟; continuity: 阿磊海军蓝外套红白斜条，小川蓝白外套红领巾浅绿书包，小满浅色大衬衫，三人从院内走向角落,角色焦点：三兄弟；连续性：阿磊海军蓝外套红白斜条，小川蓝白外套红领巾浅绿书包，小满浅色大衬衫，三人从院内走向角落 / Character focus: 三兄弟; continuity: 阿磊海军蓝外套红白斜条，小川蓝白外套红领巾浅绿书包，小满浅色大衬衫，三人从院内走向角落,期待、紧张、害怕同时出现 / Emotion state from panel plan,阿磊海军蓝外套红白斜条，小川蓝白外套红领巾浅绿书包，小满浅色大衬衫，三人从院内走向角落 / Environment continuity lock,whitebox_renders_v2/B01/WB2_COMPOUND_MSB018.png
MSB019,B01,03,游戏厅入口,SCN_ARCADE,CAM_ARCADE_01_ENTRANCE_WIDE,storyboard,A,visual_assets/pure/micro_storyboard/B01/MSB019_v002.png,visual_assets/annotated/micro_storyboard/B01/MSB019_v002_annotated.png,"Create a pure cinematic image for AIGC video generation, 16:9 landscape, high-resolution film still quality, no visible text or annotations. 1990s small-town China, Chinese dreamcore realism, humid yellowed childhood memory, low light, subtle VHS grain, real old clothes and lived-in surfaces. Preserve character design v2 and scene spatial bible v1. Story-stage lock: S1_ARCADE_PLAY 【部分原文损坏，需从源文件重建 / Partial source text corrupted; rebuild from source】","No text, no captions, no Chinese characters, no English letters, no labels, no arrows, no diagrams, no storyboard frame, no contact sheet, no sketch lines, no layout notes, no watermark. Avoid: 现代电玩城、液晶屏、抓娃娃机、明亮商业空间、额外女生; 现代电玩城、空间过宽. Do not change scene layout, character identities, clothing, lighting direction, or camera axis. Do not leak wardrobe, dirt, injury, expression, or environment state from a later story stage into this panel. Pre-fight children must not be muddy, wet, heavily grimy, post-fight, or post-escape. Do not make Xiao Man look like a smaller Xiao Chuan: no shared anxious round-eyed face, no right-ear anchor, no same spiky hair., empty arcade, sparse people, clean open aisle, showroom-like room, only three people in the whole arcade, clear fresh air, smoke-free room",低天花旧游戏机房、两侧街机、CRT 红蓝绿光、烟雾、脏塑料门帘 / Environment continuity lock,S1_ARCADE_PLAY,游戏厅游玩阶段 / Arcade play,角色焦点：环境/道具；连续性：低天花旧游戏机房、两侧街机、CRT 红蓝绿光、烟雾、脏塑料门帘 / Character focus: 环境/道具; continuity: 低天花旧游戏机房、两侧街机、CRT 红蓝绿光、烟雾、脏塑料门帘,角色焦点：环境/道具；连续性：低天花旧游戏机房、两侧街机、CRT 红蓝绿光、烟雾、脏塑料门帘 / Character focus: 环境/道具; continuity: 低天花旧游戏机房、两侧街机、CRT 红蓝绿光、烟雾、脏塑料门帘,无人物，进入感 / Emotion state from panel plan,低天花旧游戏机房、两侧街机、CRT 红蓝绿光、烟雾、脏塑料门帘 / Environment continuity lock,environment_lookdev/SCN_ARCADE/camera_whiteboxes_v001/CAM_ARCADE_01_ENTRANCE_WIDE_constraint_whitebox_v001.png
MSB020,B01,03,游戏厅入口,SCN_ARCADE,CAM_ARCADE_01_ENTRANCE_WIDE,start_frame,A,visual_assets/pure/micro_storyboard/B01/MSB020_v003.png,visual_assets/annotated/micro_storyboard/B01/MSB020_v003_annotated.png,"Create a pure cinematic image for AIGC video generation, 16:9 landscape, high-resolution film still quality, no visible text or annotations. 1990s small-town China, Chinese dreamcore realism, humid yellowed childhood memory, low light, subtle VHS grain, real old clothes and lived-in surfaces. Preserve character design v2 and scene spatial bible v1. Story-stage lock: S1_ARCADE_PLAY 【部分原文损坏，需从源文件重建 / Partial source text corrupted; rebuild from source】","No text, no captions, no Chinese characters, no English letters, no labels, no arrows, no diagrams, no storyboard frame, no contact sheet, no sketch lines, no layout notes, no watermark. Avoid: 现代电玩城、液晶屏、抓娃娃机、明亮商业空间、额外女生; 现代电玩城、空间过宽. Do not change scene layout, character identities, clothing, lighting direction, or camera axis. Do not leak wardrobe, dirt, injury, expression, or environment state from a later story stage into this panel. Pre-fight children must not be muddy, wet, heavily grimy, post-fight, or post-escape. Do not make Xiao Man look like a smaller Xiao Chuan: no shared anxious round-eyed face, no right-ear anchor, no same spiky hair., empty arcade, sparse people, clean open aisle, showroom-like room, only three people in the whole arcade, clear fresh air, smoke-free room, front-facing portrait, posing for camera, looking at camera, character sheet, staged lineup, all faces toward viewer",低天花旧游戏机房、两侧街机、CRT 红蓝绿光、烟雾、脏塑料门帘 / Environment continuity lock,S1_ARCADE_PLAY,游戏厅游玩阶段 / Arcade play,角色焦点：三兄弟；连续性：低天花旧游戏机房、两侧街机、CRT 红蓝绿光、烟雾、脏塑料门帘 / Character focus: 三兄弟; continuity: 低天花旧游戏机房、两侧街机、CRT 红蓝绿光、烟雾、脏塑料门帘,角色焦点：三兄弟；连续性：低天花旧游戏机房、两侧街机、CRT 红蓝绿光、烟雾、脏塑料门帘 / Character focus: 三兄弟; continuity: 低天花旧游戏机房、两侧街机、CRT 红蓝绿光、烟雾、脏塑料门帘,被空间吞进去的惊讶 / Emotion state from panel plan,低天花旧游戏机房、两侧街机、CRT 红蓝绿光、烟雾、脏塑料门帘 / Environment continuity lock,environment_lookdev/SCN_ARCADE/camera_whiteboxes_v001/CAM_ARCADE_01_ENTRANCE_WIDE_constraint_whitebox_v001.png
MSB021,B01,03,游戏厅入口,SCN_ARCADE,CAM_ARCADE_01_ENTRANCE_WIDE,storyboard,A,visual_assets/pure/micro_storyboard/B01/MSB021_v003.png,visual_assets/annotated/micro_storyboard/B01/MSB021_v003_annotated.png,"Create a pure cinematic image for AIGC video generation, 16:9 landscape, high-resolution film still quality, no visible text or annotations. 1990s small-town China, Chinese dreamcore realism, humid yellowed childhood memory, low light, subtle VHS grain, real old clothes and lived-in surfaces. Preserve character design v2 and scene spatial bible v1. Story-stage lock: S1_ARCADE_PLAY 【部分原文损坏，需从源文件重建 / Partial source text corrupted; rebuild from source】","No text, no captions, no Chinese characters, no English letters, no labels, no arrows, no diagrams, no storyboard frame, no contact sheet, no sketch lines, no layout notes, no watermark. Avoid: 现代电玩城、液晶屏、抓娃娃机、明亮商业空间、额外女生; 现代电玩城、空间过宽. Do not change scene layout, character identities, clothing, lighting direction, or camera axis. Do not leak wardrobe, dirt, injury, expression, or environment state from a later story stage into this panel. Pre-fight children must not be muddy, wet, heavily grimy, post-fight, or post-escape. Do not make Xiao Man look like a smaller Xiao Chuan: no shared anxious round-eyed face, no right-ear anchor, no same spiky hair., empty arcade, sparse people, clean open aisle, showroom-like room, only three people in the whole arcade, clear fresh air, smoke-free room, front-facing portrait, posing for camera, looking at camera, character sheet, staged lineup, all faces toward viewer",低天花旧游戏机房、两侧街机、CRT 红蓝绿光、烟雾、脏塑料门帘 / Environment continuity lock,S1_ARCADE_PLAY,游戏厅游玩阶段 / Arcade play,角色焦点：阿磊；连续性：低天花旧游戏机房、两侧街机、CRT 红蓝绿光、烟雾、脏塑料门帘 / Character focus: 阿磊; continuity: 低天花旧游戏机房、两侧街机、CRT 红蓝绿光、烟雾、脏塑料门帘,角色焦点：阿磊；连续性：低天花旧游戏机房、两侧街机、CRT 红蓝绿光、烟雾、脏塑料门帘 / Character focus: 阿磊; continuity: 低天花旧游戏机房、两侧街机、CRT 红蓝绿光、烟雾、脏塑料门帘,装作熟悉，其实眼睛快速扫动 / Emotion state from panel plan,低天花旧游戏机房、两侧街机、CRT 红蓝绿光、烟雾、脏塑料门帘 / Environment continuity lock,environment_lookdev/SCN_ARCADE/camera_whiteboxes_v001/CAM_ARCADE_01_ENTRANCE_WIDE_constraint_whitebox_v001.png
MSB022,B01,03,游戏厅入口,SCN_ARCADE,CAM_ARCADE_01_ENTRANCE_WIDE,storyboard,A,visual_assets/pure/micro_storyboard/B01/MSB022_v001.png,visual_assets/annotated/micro_storyboard/B01/MSB022_v001_annotated.png,"Create a pure cinematic image for AIGC video generation, 16:9 landscape, high-resolution film still quality, no visible text or annotations. 1990s small-town China, Chinese dreamcore realism, humid yellowed childhood memory, low light, subtle VHS grain, real old clothes and lived-in surfaces. Preserve character design v2 and scene spatial bible v1. Story-stage lock: S1_ARCADE_PLAY 【部分原文损坏，需从源文件重建 / Partial source text corrupted; rebuild from source】","No text, no captions, no Chinese characters, no English letters, no labels, no arrows, no diagrams, no storyboard frame, no contact sheet, no sketch lines, no layout notes, no watermark. Avoid: 现代电玩城、液晶屏、抓娃娃机、明亮商业空间、额外女生; 现代电玩城、空间过宽. Do not change scene layout, character identities, clothing, lighting direction, or camera axis. Do not leak wardrobe, dirt, injury, expression, or environment state from a later story stage into this panel. Pre-fight children must not be muddy, wet, heavily grimy, post-fight, or post-escape. Do not make Xiao Man look like a smaller Xiao Chuan: no shared anxious round-eyed face, no right-ear anchor, no same spiky hair., empty arcade, sparse people, clean open aisle, showroom-like room, only three people in the whole arcade, clear fresh air, smoke-free room",低天花旧游戏机房、两侧街机、CRT 红蓝绿光、烟雾、脏塑料门帘 / Environment continuity lock,S1_ARCADE_PLAY,游戏厅游玩阶段 / Arcade play,角色焦点：小川；连续性：低天花旧游戏机房、两侧街机、CRT 红蓝绿光、烟雾、脏塑料门帘 / Character focus: 小川; continuity: 低天花旧游戏机房、两侧街机、CRT 红蓝绿光、烟雾、脏塑料门帘,角色焦点：小川；连续性：低天花旧游戏机房、两侧街机、CRT 红蓝绿光、烟雾、脏塑料门帘 / Character focus: 小川; continuity: 低天花旧游戏机房、两侧街机、CRT 红蓝绿光、烟雾、脏塑料门帘,好奇压过害怕 / Emotion state from panel plan,低天花旧游戏机房、两侧街机、CRT 红蓝绿光、烟雾、脏塑料门帘 / Environment continuity lock,environment_lookdev/SCN_ARCADE/camera_whiteboxes_v001/CAM_ARCADE_01_ENTRANCE_WIDE_constraint_whitebox_v001.png
MSB023,B01,03,游戏厅入口,SCN_ARCADE,CAM_ARCADE_01_ENTRANCE_WIDE,storyboard,B,visual_assets/pure/micro_storyboard/B01/MSB023_v001.png,visual_assets/annotated/micro_storyboard/B01/MSB023_v001_annotated.png,"Create a pure cinematic image for AIGC video generation, 16:9 landscape, high-resolution film still quality, no visible text or annotations. 1990s small-town China, Chinese dreamcore realism, humid yellowed childhood memory, low light, subtle VHS grain, real old clothes and lived-in surfaces. Preserve character design v2 and scene spatial bible v1. Story-stage lock: S1_ARCADE_PLAY 【部分原文损坏，需从源文件重建 / Partial source text corrupted; rebuild from source】","No text, no captions, no Chinese characters, no English letters, no labels, no arrows, no diagrams, no storyboard frame, no contact sheet, no sketch lines, no layout notes, no watermark. Avoid: 现代电玩城、液晶屏、抓娃娃机、明亮商业空间、额外女生; 现代电玩城、空间过宽. Do not change scene layout, character identities, clothing, lighting direction, or camera axis. Do not leak wardrobe, dirt, injury, expression, or environment state from a later story stage into this panel. Pre-fight children must not be muddy, wet, heavily grimy, post-fight, or post-escape. Do not make Xiao Man look like a smaller Xiao Chuan: no shared anxious round-eyed face, no right-ear anchor, no same spiky hair., empty arcade, sparse people, clean open aisle, showroom-like room, only three people in the whole arcade, clear fresh air, smoke-free room",低天花旧游戏机房、两侧街机、CRT 红蓝绿光、烟雾、脏塑料门帘 / Environment continuity lock,S1_ARCADE_PLAY,游戏厅游玩阶段 / Arcade play,角色焦点：小满；连续性：低天花旧游戏机房、两侧街机、CRT 红蓝绿光、烟雾、脏塑料门帘 / Character focus: 小满; continuity: 低天花旧游戏机房、两侧街机、CRT 红蓝绿光、烟雾、脏塑料门帘,角色焦点：小满；连续性：低天花旧游戏机房、两侧街机、CRT 红蓝绿光、烟雾、脏塑料门帘 / Character focus: 小满; continuity: 低天花旧游戏机房、两侧街机、CRT 红蓝绿光、烟雾、脏塑料门帘,迟疑，眨眼快 / Emotion state from panel plan,低天花旧游戏机房、两侧街机、CRT 红蓝绿光、烟雾、脏塑料门帘 / Environment continuity lock,environment_lookdev/SCN_ARCADE/camera_whiteboxes_v001/CAM_ARCADE_01_ENTRANCE_WIDE_constraint_whitebox_v001.png
MSB024,B01,03,游戏厅入口,SCN_ARCADE,CAM_ARCADE_01_ENTRANCE_WIDE,keyframe,A,visual_assets/pure/micro_storyboard/B01/MSB024_v001.png,visual_assets/annotated/micro_storyboard/B01/MSB024_v001_annotated.png,"Create a pure cinematic image for AIGC video generation, 16:9 landscape, high-resolution film still quality, no visible text or annotations. 1990s small-town China, Chinese dreamcore realism, humid yellowed childhood memory, low light, subtle VHS grain, real old clothes and lived-in surfaces. Preserve character design v2 and scene spatial bible v1. Story-stage lock: S1_ARCADE_PLAY 【部分原文损坏，需从源文件重建 / Partial source text corrupted; rebuild from source】","No text, no captions, no Chinese characters, no English letters, no labels, no arrows, no diagrams, no storyboard frame, no contact sheet, no sketch lines, no layout notes, no watermark. Avoid: 现代电玩城、液晶屏、抓娃娃机、明亮商业空间、额外女生; 现代电玩城、空间过宽. Do not change scene layout, character identities, clothing, lighting direction, or camera axis. Do not leak wardrobe, dirt, injury, expression, or environment state from a later story stage into this panel. Pre-fight children must not be muddy, wet, heavily grimy, post-fight, or post-escape. Do not make Xiao Man look like a smaller Xiao Chuan: no shared anxious round-eyed face, no right-ear anchor, no same spiky hair., empty arcade, sparse people, clean open aisle, showroom-like room, only three people in the whole arcade, clear fresh air, smoke-free room",低天花旧游戏机房、两侧街机、CRT 红蓝绿光、烟雾、脏塑料门帘 / Environment continuity lock,S1_ARCADE_PLAY,游戏厅游玩阶段 / Arcade play,角色焦点：环境；连续性：低天花旧游戏机房、两侧街机、CRT 红蓝绿光、烟雾、脏塑料门帘 / Character focus: 环境; continuity: 低天花旧游戏机房、两侧街机、CRT 红蓝绿光、烟雾、脏塑料门帘,角色焦点：环境；连续性：低天花旧游戏机房、两侧街机、CRT 红蓝绿光、烟雾、脏塑料门帘 / Character focus: 环境; continuity: 低天花旧游戏机房、两侧街机、CRT 红蓝绿光、烟雾、脏塑料门帘,压迫、热闹但脏旧 / Emotion state from panel plan,低天花旧游戏机房、两侧街机、CRT 红蓝绿光、烟雾、脏塑料门帘 / Environment continuity lock,environment_lookdev/SCN_ARCADE/camera_whiteboxes_v001/CAM_ARCADE_01_ENTRANCE_WIDE_constraint_whitebox_v001.png
MSB025,B01,03,游戏厅入口,SCN_ARCADE,CAM_ARCADE_01_ENTRANCE_WIDE,storyboard,B,visual_assets/pure/micro_storyboard/B01/MSB025_v001.png,visual_assets/annotated/micro_storyboard/B01/MSB025_v001_annotated.png,"Create a pure cinematic image for AIGC video generation, 16:9 landscape, high-resolution film still quality, no visible text or annotations. 1990s small-town China, Chinese dreamcore realism, humid yellowed childhood memory, low light, subtle VHS grain, real old clothes and lived-in surfaces. Preserve character design v2 and scene spatial bible v1. Story-stage lock: S1_ARCADE_PLAY 【部分原文损坏，需从源文件重建 / Partial source text corrupted; rebuild from source】","No text, no captions, no Chinese characters, no English letters, no labels, no arrows, no diagrams, no storyboard frame, no contact sheet, no sketch lines, no layout notes, no watermark. Avoid: 现代电玩城、液晶屏、抓娃娃机、明亮商业空间、额外女生; 现代电玩城、空间过宽. Do not change scene layout, character identities, clothing, lighting direction, or camera axis. Do not leak wardrobe, dirt, injury, expression, or environment state from a later story stage into this panel. Pre-fight children must not be muddy, wet, heavily grimy, post-fight, or post-escape. Do not make Xiao Man look like a smaller Xiao Chuan: no shared anxious round-eyed face, no right-ear anchor, no same spiky hair., empty arcade, sparse people, clean open aisle, showroom-like room, only three people in the whole arcade, clear fresh air, smoke-free room",低天花旧游戏机房、两侧街机、CRT 红蓝绿光、烟雾、脏塑料门帘 / Environment continuity lock,S1_ARCADE_PLAY,游戏厅游玩阶段 / Arcade play,角色焦点：道具；连续性：低天花旧游戏机房、两侧街机、CRT 红蓝绿光、烟雾、脏塑料门帘 / Character focus: 道具; continuity: 低天花旧游戏机房、两侧街机、CRT 红蓝绿光、烟雾、脏塑料门帘,角色焦点：道具；连续性：低天花旧游戏机房、两侧街机、CRT 红蓝绿光、烟雾、脏塑料门帘 / Character focus: 道具; continuity: 低天花旧游戏机房、两侧街机、CRT 红蓝绿光、烟雾、脏塑料门帘,无表情，物件记忆 / Emotion state from panel plan,低天花旧游戏机房、两侧街机、CRT 红蓝绿光、烟雾、脏塑料门帘 / Environment continuity lock,environment_lookdev/SCN_ARCADE/camera_whiteboxes_v001/CAM_ARCADE_DETAIL_CONTROL_PANEL_constraint_whitebox_v001.png
MSB026,B01,03,游戏厅入口,SCN_ARCADE,CAM_ARCADE_01_ENTRANCE_WIDE,storyboard,C,visual_assets/pure/micro_storyboard/B01/MSB026_v001.png,visual_assets/annotated/micro_storyboard/B01/MSB026_v001_annotated.png,"Create a pure cinematic image for AIGC video generation, 16:9 landscape, high-resolution film still quality, no visible text or annotations. 1990s small-town China, Chinese dreamcore realism, humid yellowed childhood memory, low light, subtle VHS grain, real old clothes and lived-in surfaces. Preserve character design v2 and scene spatial bible v1. Story-stage lock: S1_ARCADE_PLAY 【部分原文损坏，需从源文件重建 / Partial source text corrupted; rebuild from source】","No text, no captions, no Chinese characters, no English letters, no labels, no arrows, no diagrams, no storyboard frame, no contact sheet, no sketch lines, no layout notes, no watermark. Avoid: 现代电玩城、液晶屏、抓娃娃机、明亮商业空间、额外女生; 现代电玩城、空间过宽. Do not change scene layout, character identities, clothing, lighting direction, or camera axis. Do not leak wardrobe, dirt, injury, expression, or environment state from a later story stage into this panel. Pre-fight children must not be muddy, wet, heavily grimy, post-fight, or post-escape. Do not make Xiao Man look like a smaller Xiao Chuan: no shared anxious round-eyed face, no right-ear anchor, no same spiky hair., empty arcade, sparse people, clean open aisle, showroom-like room, only three people in the whole arcade, clear fresh air, smoke-free room",低天花旧游戏机房、两侧街机、CRT 红蓝绿光、烟雾、脏塑料门帘 / Environment continuity lock,S1_ARCADE_PLAY,游戏厅游玩阶段 / Arcade play,角色焦点：环境；连续性：低天花旧游戏机房、两侧街机、CRT 红蓝绿光、烟雾、脏塑料门帘 / Character focus: 环境; continuity: 低天花旧游戏机房、两侧街机、CRT 红蓝绿光、烟雾、脏塑料门帘,角色焦点：环境；连续性：低天花旧游戏机房、两侧街机、CRT 红蓝绿光、烟雾、脏塑料门帘 / Character focus: 环境; continuity: 低天花旧游戏机房、两侧街机、CRT 红蓝绿光、烟雾、脏塑料门帘,不安的兴奋 / Emotion state from panel plan,低天花旧游戏机房、两侧街机、CRT 红蓝绿光、烟雾、脏塑料门帘 / Environment continuity lock,environment_lookdev/SCN_ARCADE/camera_whiteboxes_v001/CAM_ARCADE_CEILING_PRESSURE_constraint_whitebox_v001.png
MSB027,B01,03,游戏厅入口,SCN_ARCADE,CAM_ARCADE_01_ENTRANCE_WIDE,storyboard,A,visual_assets/pure/micro_storyboard/B01/MSB027_v001.png,visual_assets/annotated/micro_storyboard/B01/MSB027_v001_annotated.png,"Create a pure cinematic image for AIGC video generation, 16:9 landscape, high-resolution film still quality, no visible text or annotations. 1990s small-town China, Chinese dreamcore realism, humid yellowed childhood memory, low light, subtle VHS grain, real old clothes and lived-in surfaces. Preserve character design v2 and scene spatial bible v1. Story-stage lock: S1_ARCADE_PLAY 【部分原文损坏，需从源文件重建 / Partial source text corrupted; rebuild from source】","No text, no captions, no Chinese characters, no English letters, no labels, no arrows, no diagrams, no storyboard frame, no contact sheet, no sketch lines, no layout notes, no watermark. Avoid: 现代电玩城、液晶屏、抓娃娃机、明亮商业空间、额外女生; 现代电玩城、空间过宽. Do not change scene layout, character identities, clothing, lighting direction, or camera axis. Do not leak wardrobe, dirt, injury, expression, or environment state from a later story stage into this panel. Pre-fight children must not be muddy, wet, heavily grimy, post-fight, or post-escape. Do not make Xiao Man look like a smaller Xiao Chuan: no shared anxious round-eyed face, no right-ear anchor, no same spiky hair., empty arcade, sparse people, clean open aisle, showroom-like room, only three people in the whole arcade, clear fresh air, smoke-free room",低天花旧游戏机房、两侧街机、CRT 红蓝绿光、烟雾、脏塑料门帘 / Environment continuity lock,S1_ARCADE_PLAY,游戏厅游玩阶段 / Arcade play,角色焦点：三兄弟；连续性：低天花旧游戏机房、两侧街机、CRT 红蓝绿光、烟雾、脏塑料门帘 / Character focus: 三兄弟; continuity: 低天花旧游戏机房、两侧街机、CRT 红蓝绿光、烟雾、脏塑料门帘,角色焦点：三兄弟；连续性：低天花旧游戏机房、两侧街机、CRT 红蓝绿光、烟雾、脏塑料门帘 / Character focus: 三兄弟; continuity: 低天花旧游戏机房、两侧街机、CRT 红蓝绿光、烟雾、脏塑料门帘,兴奋、跟随、被动 / Emotion state from panel plan,低天花旧游戏机房、两侧街机、CRT 红蓝绿光、烟雾、脏塑料门帘 / Environment continuity lock,environment_lookdev/SCN_ARCADE/camera_whiteboxes_v001/CAM_ARCADE_01_ENTRANCE_WIDE_constraint_whitebox_v001.png
MSB028,B01,03,游戏厅入口,SCN_ARCADE,CAM_ARCADE_01_ENTRANCE_WIDE,end_frame,A,visual_assets/pure/micro_storyboard/B01/MSB028_v001.png,visual_assets/annotated/micro_storyboard/B01/MSB028_v001_annotated.png,"Create a pure cinematic image for AIGC video generation, 16:9 landscape, high-resolution film still quality, no visible text or annotations. 1990s small-town China, Chinese dreamcore realism, humid yellowed childhood memory, low light, subtle VHS grain, real old clothes and lived-in surfaces. Preserve character design v2 and scene spatial bible v1. Story-stage lock: S1_ARCADE_PLAY 【部分原文损坏，需从源文件重建 / Partial source text corrupted; rebuild from source】","No text, no captions, no Chinese characters, no English letters, no labels, no arrows, no diagrams, no storyboard frame, no contact sheet, no sketch lines, no layout notes, no watermark. Avoid: 现代电玩城、液晶屏、抓娃娃机、明亮商业空间、额外女生; 现代电玩城、空间过宽. Do not change scene layout, character identities, clothing, lighting direction, or camera axis. Do not leak wardrobe, dirt, injury, expression, or environment state from a later story stage into this panel. Pre-fight children must not be muddy, wet, heavily grimy, post-fight, or post-escape. Do not make Xiao Man look like a smaller Xiao Chuan: no shared anxious round-eyed face, no right-ear anchor, no same spiky hair., empty arcade, sparse people, clean open aisle, showroom-like room, only three people in the whole arcade, clear fresh air, smoke-free room",低天花旧游戏机房、两侧街机、CRT 红蓝绿光、烟雾、脏塑料门帘 / Environment continuity lock,S1_ARCADE_PLAY,游戏厅游玩阶段 / Arcade play,角色焦点：环境/道具；连续性：低天花旧游戏机房、两侧街机、CRT 红蓝绿光、烟雾、脏塑料门帘 / Character focus: 环境/道具; continuity: 低天花旧游戏机房、两侧街机、CRT 红蓝绿光、烟雾、脏塑料门帘,角色焦点：环境/道具；连续性：低天花旧游戏机房、两侧街机、CRT 红蓝绿光、烟雾、脏塑料门帘 / Character focus: 环境/道具; continuity: 低天花旧游戏机房、两侧街机、CRT 红蓝绿光、烟雾、脏塑料门帘,无人物表情，目标明确 / Emotion state from panel plan,低天花旧游戏机房、两侧街机、CRT 红蓝绿光、烟雾、脏塑料门帘 / Environment continuity lock,environment_lookdev/SCN_ARCADE/camera_whiteboxes_v001/CAM_ARCADE_01_ENTRANCE_WIDE_constraint_whitebox_v001.png
MSB029,B02,04,找到街霸,SCN_ARCADE,CAM_ARCADE_02_STREET_FIGHTER_CABINET,keyframe,A,visual_assets/pure/micro_storyboard/B02/MSB029_v001.png,visual_assets/annotated/micro_storyboard/B02/MSB029_v001_annotated.png,"Create a pure cinematic image for AIGC video generation, 16:9 landscape, high-resolution film still quality, no visible text or annotations. 1990s small-town China, Chinese dreamcore realism, humid yellowed childhood memory, low light, subtle VHS grain, real old clothes and lived-in surfaces. Preserve character design v2 and scene spatial bible v1. Story-stage lock: S1_ARCADE_PLAY 【部分原文损坏，需从源文件重建 / Partial source text corrupted; rebuild from source】","No text, no captions, no Chinese characters, no English letters, no labels, no arrows, no diagrams, no storyboard frame, no contact sheet, no sketch lines, no layout notes, no watermark. Avoid: 现代格斗游戏、哥哥和老大现实打斗、主角参与对战、多人混乱; 街霸机不明确、人物混乱. Do not change scene layout, character identities, clothing, lighting direction, or camera axis. Do not leak wardrobe, dirt, injury, expression, or environment state from a later story stage into this panel. Pre-fight children must not be muddy, wet, heavily grimy, post-fight, or post-escape. Do not make Xiao Man look like a smaller Xiao Chuan: no shared anxious round-eyed face, no right-ear anchor, no same spiky hair., empty arcade, sparse people, clean open aisle, showroom-like room, only three people in the whole arcade, clear fresh air, smoke-free room",街头霸王街机、磨损摇杆、哥哥站操作位、主角旁观、小弟弟躲后、CRT 光 / Environment continuity lock,S1_ARCADE_PLAY,游戏厅游玩阶段 / Arcade play,角色焦点：街机；连续性：街头霸王街机、磨损摇杆、哥哥站操作位、主角旁观、小弟弟躲后、CRT 光 / Character focus: 街机; continuity: 街头霸王街机、磨损摇杆、哥哥站操作位、主角旁观、小弟弟躲后、CRT 光,角色焦点：街机；连续性：街头霸王街机、磨损摇杆、哥哥站操作位、主角旁观、小弟弟躲后、CRT 光 / Character focus: 街机; continuity: 街头霸王街机、磨损摇杆、哥哥站操作位、主角旁观、小弟弟躲后、CRT 光,无人物，机器作为冲突种子 / Emotion state from panel plan,街头霸王街机、磨损摇杆、哥哥站操作位、主角旁观、小弟弟躲后、CRT 光 / Environment continuity lock,environment_lookdev/SCN_ARCADE/camera_whiteboxes_v001/CAM_ARCADE_02_STREET_FIGHTER_CABINET_constraint_whitebox_v001.png
MSB030,B02,04,找到街霸,SCN_ARCADE,CAM_ARCADE_02_STREET_FIGHTER_CABINET,storyboard,A,visual_assets/pure/micro_storyboard/B02/MSB030_v001.png,visual_assets/annotated/micro_storyboard/B02/MSB030_v001_annotated.png,"Create a pure cinematic image for AIGC video generation, 16:9 landscape, high-resolution film still quality, no visible text or annotations. 1990s small-town China, Chinese dreamcore realism, humid yellowed childhood memory, low light, subtle VHS grain, real old clothes and lived-in surfaces. Preserve character design v2 and scene spatial bible v1. Story-stage lock: S1_ARCADE_PLAY 【部分原文损坏，需从源文件重建 / Partial source text corrupted; rebuild from source】","No text, no captions, no Chinese characters, no English letters, no labels, no arrows, no diagrams, no storyboard frame, no contact sheet, no sketch lines, no layout notes, no watermark. Avoid: 现代格斗游戏、哥哥和老大现实打斗、主角参与对战、多人混乱; 街霸机不明确、人物混乱. Do not change scene layout, character identities, clothing, lighting direction, or camera axis. Do not leak wardrobe, dirt, injury, expression, or environment state from a later story stage into this panel. Pre-fight children must not be muddy, wet, heavily grimy, post-fight, or post-escape. Do not make Xiao Man look like a smaller Xiao Chuan: no shared anxious round-eyed face, no right-ear anchor, no same spiky hair., empty arcade, sparse people, clean open aisle, showroom-like room, only three people in the whole arcade, clear fresh air, smoke-free room",街头霸王街机、磨损摇杆、哥哥站操作位、主角旁观、小弟弟躲后、CRT 光 / Environment continuity lock,S1_ARCADE_PLAY,游戏厅游玩阶段 / Arcade play,角色焦点：阿磊；连续性：街头霸王街机、磨损摇杆、哥哥站操作位、主角旁观、小弟弟躲后、CRT 光 / Character focus: 阿磊; continuity: 街头霸王街机、磨损摇杆、哥哥站操作位、主角旁观、小弟弟躲后、CRT 光,角色焦点：阿磊；连续性：街头霸王街机、磨损摇杆、哥哥站操作位、主角旁观、小弟弟躲后、CRT 光 / Character focus: 阿磊; continuity: 街头霸王街机、磨损摇杆、哥哥站操作位、主角旁观、小弟弟躲后、CRT 光,兴奋但故作淡定 / Emotion state from panel plan,街头霸王街机、磨损摇杆、哥哥站操作位、主角旁观、小弟弟躲后、CRT 光 / Environment continuity lock,environment_lookdev/SCN_ARCADE/camera_whiteboxes_v001/CAM_ARCADE_02_STREET_FIGHTER_CABINET_constraint_whitebox_v001.png
MSB031,B02,04,找到街霸,SCN_ARCADE,CAM_ARCADE_02_STREET_FIGHTER_CABINET,storyboard,A,visual_assets/pure/micro_storyboard/B02/MSB031_v001.png,visual_assets/annotated/micro_storyboard/B02/MSB031_v001_annotated.png,"Create a pure cinematic image for AIGC video generation, 16:9 landscape, high-resolution film still quality, no visible text or annotations. 1990s small-town China, Chinese dreamcore realism, humid yellowed childhood memory, low light, subtle VHS grain, real old clothes and lived-in surfaces. Preserve character design v2 and scene spatial bible v1. Story-stage lock: S1_ARCADE_PLAY 【部分原文损坏，需从源文件重建 / Partial source text corrupted; rebuild from source】","No text, no captions, no Chinese characters, no English letters, no labels, no arrows, no diagrams, no storyboard frame, no contact sheet, no sketch lines, no layout notes, no watermark. Avoid: 现代格斗游戏、哥哥和老大现实打斗、主角参与对战、多人混乱; 街霸机不明确、人物混乱. Do not change scene layout, character identities, clothing, lighting direction, or camera axis. Do not leak wardrobe, dirt, injury, expression, or environment state from a later story stage into this panel. Pre-fight children must not be muddy, wet, heavily grimy, post-fight, or post-escape. Do not make Xiao Man look like a smaller Xiao Chuan: no shared anxious round-eyed face, no right-ear anchor, no same spiky hair., empty arcade, sparse people, clean open aisle, showroom-like room, only three people in the whole arcade, clear fresh air, smoke-free room",街头霸王街机、磨损摇杆、哥哥站操作位、主角旁观、小弟弟躲后、CRT 光 / Environment continuity lock,S1_ARCADE_PLAY,游戏厅游玩阶段 / Arcade play,角色焦点：小川；连续性：街头霸王街机、磨损摇杆、哥哥站操作位、主角旁观、小弟弟躲后、CRT 光 / Character focus: 小川; continuity: 街头霸王街机、磨损摇杆、哥哥站操作位、主角旁观、小弟弟躲后、CRT 光,角色焦点：小川；连续性：街头霸王街机、磨损摇杆、哥哥站操作位、主角旁观、小弟弟躲后、CRT 光 / Character focus: 小川; continuity: 街头霸王街机、磨损摇杆、哥哥站操作位、主角旁观、小弟弟躲后、CRT 光,羡慕和紧张混合 / Emotion state from panel plan,街头霸王街机、磨损摇杆、哥哥站操作位、主角旁观、小弟弟躲后、CRT 光 / Environment continuity lock,environment_lookdev/SCN_ARCADE/camera_whiteboxes_v001/CAM_ARCADE_02_STREET_FIGHTER_CABINET_constraint_whitebox_v001.png
MSB032,B02,04,找到街霸,SCN_ARCADE,CAM_ARCADE_02_STREET_FIGHTER_CABINET,storyboard,B,visual_assets/pure/micro_storyboard/B02/MSB032_v001.png,visual_assets/annotated/micro_storyboard/B02/MSB032_v001_annotated.png,"Create a pure cinematic image for AIGC video generation, 16:9 landscape, high-resolution film still quality, no visible text or annotations. 1990s small-town China, Chinese dreamcore realism, humid yellowed childhood memory, low light, subtle VHS grain, real old clothes and lived-in surfaces. Preserve character design v2 and scene spatial bible v1. Story-stage lock: S1_ARCADE_PLAY 【部分原文损坏，需从源文件重建 / Partial source text corrupted; rebuild from source】","No text, no captions, no Chinese characters, no English letters, no labels, no arrows, no diagrams, no storyboard frame, no contact sheet, no sketch lines, no layout notes, no watermark. Avoid: 现代格斗游戏、哥哥和老大现实打斗、主角参与对战、多人混乱; 街霸机不明确、人物混乱. Do not change scene layout, character identities, clothing, lighting direction, or camera axis. Do not leak wardrobe, dirt, injury, expression, or environment state from a later story stage into this panel. Pre-fight children must not be muddy, wet, heavily grimy, post-fight, or post-escape. Do not make Xiao Man look like a smaller Xiao Chuan: no shared anxious round-eyed face, no right-ear anchor, no same spiky hair., empty arcade, sparse people, clean open aisle, showroom-like room, only three people in the whole arcade, clear fresh air, smoke-free room",街头霸王街机、磨损摇杆、哥哥站操作位、主角旁观、小弟弟躲后、CRT 光 / Environment continuity lock,S1_ARCADE_PLAY,游戏厅游玩阶段 / Arcade play,角色焦点：小满；连续性：街头霸王街机、磨损摇杆、哥哥站操作位、主角旁观、小弟弟躲后、CRT 光 / Character focus: 小满; continuity: 街头霸王街机、磨损摇杆、哥哥站操作位、主角旁观、小弟弟躲后、CRT 光,角色焦点：小满；连续性：街头霸王街机、磨损摇杆、哥哥站操作位、主角旁观、小弟弟躲后、CRT 光 / Character focus: 小满; continuity: 街头霸王街机、磨损摇杆、哥哥站操作位、主角旁观、小弟弟躲后、CRT 光,好奇但怕人群 / Emotion state from panel plan,街头霸王街机、磨损摇杆、哥哥站操作位、主角旁观、小弟弟躲后、CRT 光 / Environment continuity lock,environment_lookdev/SCN_ARCADE/camera_whiteboxes_v001/CAM_ARCADE_02_STREET_FIGHTER_CABINET_constraint_whitebox_v001.png
MSB033,B02,04,找到街霸,SCN_ARCADE,CAM_ARCADE_02_STREET_FIGHTER_CABINET,storyboard,B,visual_assets/pure/micro_storyboard/B02/MSB033_v001.png,visual_assets/annotated/micro_storyboard/B02/MSB033_v001_annotated.png,"Create a pure cinematic image for AIGC video generation, 16:9 landscape, high-resolution film still quality, no visible text or annotations. 1990s small-town China, Chinese dreamcore realism, humid yellowed childhood memory, low light, subtle VHS grain, real old clothes and lived-in surfaces. Preserve character design v2 and scene spatial bible v1. Story-stage lock: S1_ARCADE_PLAY 【部分原文损坏，需从源文件重建 / Partial source text corrupted; rebuild from source】","No text, no captions, no Chinese characters, no English letters, no labels, no arrows, no diagrams, no storyboard frame, no contact sheet, no sketch lines, no layout notes, no watermark. Avoid: 现代格斗游戏、哥哥和老大现实打斗、主角参与对战、多人混乱; 街霸机不明确、人物混乱. Do not change scene layout, character identities, clothing, lighting direction, or camera axis. Do not leak wardrobe, dirt, injury, expression, or environment state from a later story stage into this panel. Pre-fight children must not be muddy, wet, heavily grimy, post-fight, or post-escape. Do not make Xiao Man look like a smaller Xiao Chuan: no shared anxious round-eyed face, no right-ear anchor, no same spiky hair., empty arcade, sparse people, clean open aisle, showroom-like room, only three people in the whole arcade, clear fresh air, smoke-free room",街头霸王街机、磨损摇杆、哥哥站操作位、主角旁观、小弟弟躲后、CRT 光 / Environment continuity lock,S1_ARCADE_PLAY,游戏厅游玩阶段 / Arcade play,角色焦点：阿磊/道具；连续性：街头霸王街机、磨损摇杆、哥哥站操作位、主角旁观、小弟弟躲后、CRT 光 / Character focus: 阿磊/道具; continuity: 街头霸王街机、磨损摇杆、哥哥站操作位、主角旁观、小弟弟躲后、CRT 光,角色焦点：阿磊/道具；连续性：街头霸王街机、磨损摇杆、哥哥站操作位、主角旁观、小弟弟躲后、CRT 光 / Character focus: 阿磊/道具; continuity: 街头霸王街机、磨损摇杆、哥哥站操作位、主角旁观、小弟弟躲后、CRT 光,专注 / Emotion state from panel plan,街头霸王街机、磨损摇杆、哥哥站操作位、主角旁观、小弟弟躲后、CRT 光 / Environment continuity lock,environment_lookdev/SCN_ARCADE/camera_whiteboxes_v001/CAM_ARCADE_DETAIL_CONTROL_PANEL_constraint_whitebox_v001.png
MSB034,B02,04,找到街霸,SCN_ARCADE,CAM_ARCADE_02_STREET_FIGHTER_CABINET,storyboard,A,visual_assets/pure/micro_storyboard/B02/MSB034_v001.png,visual_assets/annotated/micro_storyboard/B02/MSB034_v001_annotated.png,"Create a pure cinematic image for AIGC video generation, 16:9 landscape, high-resolution film still quality, no visible text or annotations. 1990s small-town China, Chinese dreamcore realism, humid yellowed childhood memory, low light, subtle VHS grain, real old clothes and lived-in surfaces. Preserve character design v2 and scene spatial bible v1. Story-stage lock: S1_ARCADE_PLAY 【部分原文损坏，需从源文件重建 / Partial source text corrupted; rebuild from source】","No text, no captions, no Chinese characters, no English letters, no labels, no arrows, no diagrams, no storyboard frame, no contact sheet, no sketch lines, no layout notes, no watermark. Avoid: 现代格斗游戏、哥哥和老大现实打斗、主角参与对战、多人混乱; 街霸机不明确、人物混乱. Do not change scene layout, character identities, clothing, lighting direction, or camera axis. Do not leak wardrobe, dirt, injury, expression, or environment state from a later story stage into this panel. Pre-fight children must not be muddy, wet, heavily grimy, post-fight, or post-escape. Do not make Xiao Man look like a smaller Xiao Chuan: no shared anxious round-eyed face, no right-ear anchor, no same spiky hair., empty arcade, sparse people, clean open aisle, showroom-like room, only three people in the whole arcade, clear fresh air, smoke-free room",街头霸王街机、磨损摇杆、哥哥站操作位、主角旁观、小弟弟躲后、CRT 光 / Environment continuity lock,S1_ARCADE_PLAY,游戏厅游玩阶段 / Arcade play,角色焦点：彬子；连续性：街头霸王街机、磨损摇杆、哥哥站操作位、主角旁观、小弟弟躲后、CRT 光 / Character focus: 彬子; continuity: 街头霸王街机、磨损摇杆、哥哥站操作位、主角旁观、小弟弟躲后、CRT 光,角色焦点：彬子；连续性：街头霸王街机、磨损摇杆、哥哥站操作位、主角旁观、小弟弟躲后、CRT 光 / Character focus: 彬子; continuity: 街头霸王街机、磨损摇杆、哥哥站操作位、主角旁观、小弟弟躲后、CRT 光,挑衅假笑 / Emotion state from panel plan,街头霸王街机、磨损摇杆、哥哥站操作位、主角旁观、小弟弟躲后、CRT 光 / Environment continuity lock,environment_lookdev/SCN_ARCADE/camera_whiteboxes_v001/CAM_ARCADE_02_STREET_FIGHTER_CABINET_constraint_whitebox_v001.png
MSB035,B02,04,找到街霸,SCN_ARCADE,CAM_ARCADE_02_STREET_FIGHTER_CABINET,start_frame,A,visual_assets/pure/micro_storyboard/B02/MSB035_v001.png,visual_assets/annotated/micro_storyboard/B02/MSB035_v001_annotated.png,"Create a pure cinematic image for AIGC video generation, 16:9 landscape, high-resolution film still quality, no visible text or annotations. 1990s small-town China, Chinese dreamcore realism, humid yellowed childhood memory, low light, subtle VHS grain, real old clothes and lived-in surfaces. Preserve character design v2 and scene spatial bible v1. Story-stage lock: S1_ARCADE_PLAY 【部分原文损坏，需从源文件重建 / Partial source text corrupted; rebuild from source】","No text, no captions, no Chinese characters, no English letters, no labels, no arrows, no diagrams, no storyboard frame, no contact sheet, no sketch lines, no layout notes, no watermark. Avoid: 现代格斗游戏、哥哥和老大现实打斗、主角参与对战、多人混乱; 街霸机不明确、人物混乱. Do not change scene layout, character identities, clothing, lighting direction, or camera axis. Do not leak wardrobe, dirt, injury, expression, or environment state from a later story stage into this panel. Pre-fight children must not be muddy, wet, heavily grimy, post-fight, or post-escape. Do not make Xiao Man look like a smaller Xiao Chuan: no shared anxious round-eyed face, no right-ear anchor, no same spiky hair., empty arcade, sparse people, clean open aisle, showroom-like room, only three people in the whole arcade, clear fresh air, smoke-free room",街头霸王街机、磨损摇杆、哥哥站操作位、主角旁观、小弟弟躲后、CRT 光 / Environment continuity lock,S1_ARCADE_PLAY,游戏厅游玩阶段 / Arcade play,角色焦点：阿磊/彬子；连续性：街头霸王街机、磨损摇杆、哥哥站操作位、主角旁观、小弟弟躲后、CRT 光 / Character focus: 阿磊/彬子; continuity: 街头霸王街机、磨损摇杆、哥哥站操作位、主角旁观、小弟弟躲后、CRT 光,角色焦点：阿磊/彬子；连续性：街头霸王街机、磨损摇杆、哥哥站操作位、主角旁观、小弟弟躲后、CRT 光 / Character focus: 阿磊/彬子; continuity: 街头霸王街机、磨损摇杆、哥哥站操作位、主角旁观、小弟弟躲后、CRT 光,阿磊装稳，彬子轻蔑 / Emotion state from panel plan,街头霸王街机、磨损摇杆、哥哥站操作位、主角旁观、小弟弟躲后、CRT 光 / Environment continuity lock,environment_lookdev/SCN_ARCADE/camera_whiteboxes_v001/CAM_ARCADE_02_STREET_FIGHTER_CABINET_constraint_whitebox_v001.png
MSB036,B02,04,找到街霸,SCN_ARCADE,CAM_ARCADE_02_STREET_FIGHTER_CABINET,storyboard,B,visual_assets/pure/micro_storyboard/B02/MSB036_v001.png,visual_assets/annotated/micro_storyboard/B02/MSB036_v001_annotated.png,"Create a pure cinematic image for AIGC video generation, 16:9 landscape, high-resolution film still quality, no visible text or annotations. 1990s small-town China, Chinese dreamcore realism, humid yellowed childhood memory, low light, subtle VHS grain, real old clothes and lived-in surfaces. Preserve character design v2 and scene spatial bible v1. Story-stage lock: S1_ARCADE_PLAY 【部分原文损坏，需从源文件重建 / Partial source text corrupted; rebuild from source】","No text, no captions, no Chinese characters, no English letters, no labels, no arrows, no diagrams, no storyboard frame, no contact sheet, no sketch lines, no layout notes, no watermark. Avoid: 现代格斗游戏、哥哥和老大现实打斗、主角参与对战、多人混乱; 街霸机不明确、人物混乱. Do not change scene layout, character identities, clothing, lighting direction, or camera axis. Do not leak wardrobe, dirt, injury, expression, or environment state from a later story stage into this panel. Pre-fight children must not be muddy, wet, heavily grimy, post-fight, or post-escape. Do not make Xiao Man look like a smaller Xiao Chuan: no shared anxious round-eyed face, no right-ear anchor, no same spiky hair., empty arcade, sparse people, clean open aisle, showroom-like room, only three people in the whole arcade, clear fresh air, smoke-free room",街头霸王街机、磨损摇杆、哥哥站操作位、主角旁观、小弟弟躲后、CRT 光 / Environment continuity lock,S1_ARCADE_PLAY,游戏厅游玩阶段 / Arcade play,角色焦点：小川；连续性：街头霸王街机、磨损摇杆、哥哥站操作位、主角旁观、小弟弟躲后、CRT 光 / Character focus: 小川; continuity: 街头霸王街机、磨损摇杆、哥哥站操作位、主角旁观、小弟弟躲后、CRT 光,角色焦点：小川；连续性：街头霸王街机、磨损摇杆、哥哥站操作位、主角旁观、小弟弟躲后、CRT 光 / Character focus: 小川; continuity: 街头霸王街机、磨损摇杆、哥哥站操作位、主角旁观、小弟弟躲后、CRT 光,警觉但不懂危险 / Emotion state from panel plan,街头霸王街机、磨损摇杆、哥哥站操作位、主角旁观、小弟弟躲后、CRT 光 / Environment continuity lock,environment_lookdev/SCN_ARCADE/camera_whiteboxes_v001/CAM_ARCADE_02_STREET_FIGHTER_CABINET_constraint_whitebox_v001.png
MSB037,B02,04,找到街霸,SCN_ARCADE,CAM_ARCADE_02_STREET_FIGHTER_CABINET,end_frame,B,visual_assets/pure/micro_storyboard/B02/MSB037_v001.png,visual_assets/annotated/micro_storyboard/B02/MSB037_v001_annotated.png,"Create a pure cinematic image for AIGC video generation, 16:9 landscape, high-resolution film still quality, no visible text or annotations. 1990s small-town China, Chinese dreamcore realism, humid yellowed childhood memory, low light, subtle VHS grain, real old clothes and lived-in surfaces. Preserve character design v2 and scene spatial bible v1. Story-stage lock: S1_ARCADE_PLAY 【部分原文损坏，需从源文件重建 / Partial source text corrupted; rebuild from source】","No text, no captions, no Chinese characters, no English letters, no labels, no arrows, no diagrams, no storyboard frame, no contact sheet, no sketch lines, no layout notes, no watermark. Avoid: 现代格斗游戏、哥哥和老大现实打斗、主角参与对战、多人混乱; 街霸机不明确、人物混乱. Do not change scene layout, character identities, clothing, lighting direction, or camera axis. Do not leak wardrobe, dirt, injury, expression, or environment state from a later story stage into this panel. Pre-fight children must not be muddy, wet, heavily grimy, post-fight, or post-escape. Do not make Xiao Man look like a smaller Xiao Chuan: no shared anxious round-eyed face, no right-ear anchor, no same spiky hair., empty arcade, sparse people, clean open aisle, showroom-like room, only three people in the whole arcade, clear fresh air, smoke-free room",街头霸王街机、磨损摇杆、哥哥站操作位、主角旁观、小弟弟躲后、CRT 光 / Environment continuity lock,S1_ARCADE_PLAY,游戏厅游玩阶段 / Arcade play,角色焦点：道具；连续性：街头霸王街机、磨损摇杆、哥哥站操作位、主角旁观、小弟弟躲后、CRT 光 / Character focus: 道具; continuity: 街头霸王街机、磨损摇杆、哥哥站操作位、主角旁观、小弟弟躲后、CRT 光,角色焦点：道具；连续性：街头霸王街机、磨损摇杆、哥哥站操作位、主角旁观、小弟弟躲后、CRT 光 / Character focus: 道具; continuity: 街头霸王街机、磨损摇杆、哥哥站操作位、主角旁观、小弟弟躲后、CRT 光,无人物，仪式感 / Emotion state from panel plan,街头霸王街机、磨损摇杆、哥哥站操作位、主角旁观、小弟弟躲后、CRT 光 / Environment continuity lock,environment_lookdev/SCN_ARCADE/camera_whiteboxes_v001/CAM_ARCADE_DETAIL_CONTROL_PANEL_constraint_whitebox_v001.png
MSB038,B02,05,哥哥打赢老大,SCN_ARCADE,CAM_ARCADE_03_DUEL_OVER_SHOULDER,start_frame,A,visual_assets/pure/micro_storyboard/B02/MSB038_v001.png,visual_assets/annotated/micro_storyboard/B02/MSB038_v001_annotated.png,"Create a pure cinematic image for AIGC video generation, 16:9 landscape, high-resolution film still quality, no visible text or annotations. 1990s small-town China, Chinese dreamcore realism, humid yellowed childhood memory, low light, subtle VHS grain, real old clothes and lived-in surfaces. Preserve character design v2 and scene spatial bible v1. Story-stage lock: S1_ARCADE_PLAY 【部分原文损坏，需从源文件重建 / Partial source text corrupted; rebuild from source】","No text, no captions, no Chinese characters, no English letters, no labels, no arrows, no diagrams, no storyboard frame, no contact sheet, no sketch lines, no layout notes, no watermark. Avoid: 现实拳脚打斗、主角参与对战、屏幕变现代游戏、胜利过度欢乐; 对战变现实打斗. Do not change scene layout, character identities, clothing, lighting direction, or camera axis. Do not leak wardrobe, dirt, injury, expression, or environment state from a later story stage into this panel. Pre-fight children must not be muddy, wet, heavily grimy, post-fight, or post-escape. Do not make Xiao Man look like a smaller Xiao Chuan: no shared anxious round-eyed face, no right-ear anchor, no same spiky hair., empty arcade, sparse people, clean open aisle, showroom-like room, only three people in the whole arcade, clear fresh air, smoke-free room",哥哥左侧，彬子右侧，街霸屏幕居中，CRT 胜利红光，主角旁观 / Environment continuity lock,S1_ARCADE_PLAY,游戏厅游玩阶段 / Arcade play,角色焦点：阿磊/彬子；连续性：哥哥左侧，彬子右侧，街霸屏幕居中，CRT 胜利红光，主角旁观 / Character focus: 阿磊/彬子; continuity: 哥哥左侧，彬子右侧，街霸屏幕居中，CRT 胜利红光，主角旁观,角色焦点：阿磊/彬子；连续性：哥哥左侧，彬子右侧，街霸屏幕居中，CRT 胜利红光，主角旁观 / Character focus: 阿磊/彬子; continuity: 哥哥左侧，彬子右侧，街霸屏幕居中，CRT 胜利红光，主角旁观,双方专注，彬子假笑 / Emotion state from panel plan,哥哥左侧，彬子右侧，街霸屏幕居中，CRT 胜利红光，主角旁观 / Environment continuity lock,environment_lookdev/SCN_ARCADE/camera_whiteboxes_v001/CAM_ARCADE_03_DUEL_OVER_SHOULDER_constraint_whitebox_v001.png
MSB039,B02,05,哥哥打赢老大,SCN_ARCADE,CAM_ARCADE_03_DUEL_OVER_SHOULDER,storyboard,B,visual_assets/pure/micro_storyboard/B02/MSB039_v001.png,visual_assets/annotated/micro_storyboard/B02/MSB039_v001_annotated.png,"Create a pure cinematic image for AIGC video generation, 16:9 landscape, high-resolution film still quality, no visible text or annotations. 1990s small-town China, Chinese dreamcore realism, humid yellowed childhood memory, low light, subtle VHS grain, real old clothes and lived-in surfaces. Preserve character design v2 and scene spatial bible v1. Story-stage lock: S1_ARCADE_PLAY 【部分原文损坏，需从源文件重建 / Partial source text corrupted; rebuild from source】","No text, no captions, no Chinese characters, no English letters, no labels, no arrows, no diagrams, no storyboard frame, no contact sheet, no sketch lines, no layout notes, no watermark. Avoid: 现实拳脚打斗、主角参与对战、屏幕变现代游戏、胜利过度欢乐; 对战变现实打斗. Do not change scene layout, character identities, clothing, lighting direction, or camera axis. Do not leak wardrobe, dirt, injury, expression, or environment state from a later story stage into this panel. Pre-fight children must not be muddy, wet, heavily grimy, post-fight, or post-escape. Do not make Xiao Man look like a smaller Xiao Chuan: no shared anxious round-eyed face, no right-ear anchor, no same spiky hair., empty arcade, sparse people, clean open aisle, showroom-like room, only three people in the whole arcade, clear fresh air, smoke-free room",哥哥左侧，彬子右侧，街霸屏幕居中，CRT 胜利红光，主角旁观 / Environment continuity lock,S1_ARCADE_PLAY,游戏厅游玩阶段 / Arcade play,角色焦点：阿磊/道具；连续性：哥哥左侧，彬子右侧，街霸屏幕居中，CRT 胜利红光，主角旁观 / Character focus: 阿磊/道具; continuity: 哥哥左侧，彬子右侧，街霸屏幕居中，CRT 胜利红光，主角旁观,角色焦点：阿磊/道具；连续性：哥哥左侧，彬子右侧，街霸屏幕居中，CRT 胜利红光，主角旁观 / Character focus: 阿磊/道具; continuity: 哥哥左侧，彬子右侧，街霸屏幕居中，CRT 胜利红光，主角旁观,手部紧张兴奋 / Emotion state from panel plan,哥哥左侧，彬子右侧，街霸屏幕居中，CRT 胜利红光，主角旁观 / Environment continuity lock,environment_lookdev/SCN_ARCADE/camera_whiteboxes_v001/CAM_ARCADE_DETAIL_CONTROL_PANEL_constraint_whitebox_v001.png
MSB040,B02,05,哥哥打赢老大,SCN_ARCADE,CAM_ARCADE_03_DUEL_OVER_SHOULDER,storyboard,A,visual_assets/pure/micro_storyboard/B02/MSB040_v001.png,visual_assets/annotated/micro_storyboard/B02/MSB040_v001_annotated.png,"Create a pure cinematic image for AIGC video generation, 16:9 landscape, high-resolution film still quality, no visible text or annotations. 1990s small-town China, Chinese dreamcore realism, humid yellowed childhood memory, low light, subtle VHS grain, real old clothes and lived-in surfaces. Preserve character design v2 and scene spatial bible v1. Story-stage lock: S1_ARCADE_PLAY 【部分原文损坏，需从源文件重建 / Partial source text corrupted; rebuild from source】","No text, no captions, no Chinese characters, no English letters, no labels, no arrows, no diagrams, no storyboard frame, no contact sheet, no sketch lines, no layout notes, no watermark. Avoid: 现实拳脚打斗、主角参与对战、屏幕变现代游戏、胜利过度欢乐; 对战变现实打斗. Do not change scene layout, character identities, clothing, lighting direction, or camera axis. Do not leak wardrobe, dirt, injury, expression, or environment state from a later story stage into this panel. Pre-fight children must not be muddy, wet, heavily grimy, post-fight, or post-escape. Do not make Xiao Man look like a smaller Xiao Chuan: no shared anxious round-eyed face, no right-ear anchor, no same spiky hair., empty arcade, sparse people, clean open aisle, showroom-like room, only three people in the whole arcade, clear fresh air, smoke-free room",哥哥左侧，彬子右侧，街霸屏幕居中，CRT 胜利红光，主角旁观 / Environment continuity lock,S1_ARCADE_PLAY,游戏厅游玩阶段 / Arcade play,角色焦点：彬子；连续性：哥哥左侧，彬子右侧，街霸屏幕居中，CRT 胜利红光，主角旁观 / Character focus: 彬子; continuity: 哥哥左侧，彬子右侧，街霸屏幕居中，CRT 胜利红光，主角旁观,角色焦点：彬子；连续性：哥哥左侧，彬子右侧，街霸屏幕居中，CRT 胜利红光，主角旁观 / Character focus: 彬子; continuity: 哥哥左侧，彬子右侧，街霸屏幕居中，CRT 胜利红光，主角旁观,挑衅，觉得必赢 / Emotion state from panel plan,哥哥左侧，彬子右侧，街霸屏幕居中，CRT 胜利红光，主角旁观 / Environment continuity lock,environment_lookdev/SCN_ARCADE/camera_whiteboxes_v001/CAM_ARCADE_03_DUEL_OVER_SHOULDER_constraint_whitebox_v001.png
MSB041,B02,05,哥哥打赢老大,SCN_ARCADE,CAM_ARCADE_03_DUEL_OVER_SHOULDER,storyboard,B,visual_assets/pure/micro_storyboard/B02/MSB041_v001.png,visual_assets/annotated/micro_storyboard/B02/MSB041_v001_annotated.png,"Create a pure cinematic image for AIGC video generation, 16:9 landscape, high-resolution film still quality, no visible text or annotations. 1990s small-town China, Chinese dreamcore realism, humid yellowed childhood memory, low light, subtle VHS grain, real old clothes and lived-in surfaces. Preserve character design v2 and scene spatial bible v1. Story-stage lock: S1_ARCADE_PLAY 【部分原文损坏，需从源文件重建 / Partial source text corrupted; rebuild from source】","No text, no captions, no Chinese characters, no English letters, no labels, no arrows, no diagrams, no storyboard frame, no contact sheet, no sketch lines, no layout notes, no watermark. Avoid: 现实拳脚打斗、主角参与对战、屏幕变现代游戏、胜利过度欢乐; 对战变现实打斗. Do not change scene layout, character identities, clothing, lighting direction, or camera axis. Do not leak wardrobe, dirt, injury, expression, or environment state from a later story stage into this panel. Pre-fight children must not be muddy, wet, heavily grimy, post-fight, or post-escape. Do not make Xiao Man look like a smaller Xiao Chuan: no shared anxious round-eyed face, no right-ear anchor, no same spiky hair., empty arcade, sparse people, clean open aisle, showroom-like room, only three people in the whole arcade, clear fresh air, smoke-free room",哥哥左侧，彬子右侧，街霸屏幕居中，CRT 胜利红光，主角旁观 / Environment continuity lock,S1_ARCADE_PLAY,游戏厅游玩阶段 / Arcade play,角色焦点：小川；连续性：哥哥左侧，彬子右侧，街霸屏幕居中，CRT 胜利红光，主角旁观 / Character focus: 小川; continuity: 哥哥左侧，彬子右侧，街霸屏幕居中，CRT 胜利红光，主角旁观,角色焦点：小川；连续性：哥哥左侧，彬子右侧，街霸屏幕居中，CRT 胜利红光，主角旁观 / Character focus: 小川; continuity: 哥哥左侧，彬子右侧，街霸屏幕居中，CRT 胜利红光，主角旁观,期待但谨慎 / Emotion state from panel plan,哥哥左侧，彬子右侧，街霸屏幕居中，CRT 胜利红光，主角旁观 / Environment continuity lock,environment_lookdev/SCN_ARCADE/camera_whiteboxes_v001/CAM_ARCADE_03_DUEL_OVER_SHOULDER_constraint_whitebox_v001.png
MSB042,B02,05,哥哥打赢老大,SCN_ARCADE,CAM_ARCADE_03_DUEL_OVER_SHOULDER,storyboard,B,visual_assets/pure/micro_storyboard/B02/MSB042_v001.png,visual_assets/annotated/micro_storyboard/B02/MSB042_v001_annotated.png,"Create a pure cinematic image for AIGC video generation, 16:9 landscape, high-resolution film still quality, no visible text or annotations. 1990s small-town China, Chinese dreamcore realism, humid yellowed childhood memory, low light, subtle VHS grain, real old clothes and lived-in surfaces. Preserve character design v2 and scene spatial bible v1. Story-stage lock: S1_ARCADE_PLAY 【部分原文损坏，需从源文件重建 / Partial source text corrupted; rebuild from source】","No text, no captions, no Chinese characters, no English letters, no labels, no arrows, no diagrams, no storyboard frame, no contact sheet, no sketch lines, no layout notes, no watermark. Avoid: 现实拳脚打斗、主角参与对战、屏幕变现代游戏、胜利过度欢乐; 对战变现实打斗. Do not change scene layout, character identities, clothing, lighting direction, or camera axis. Do not leak wardrobe, dirt, injury, expression, or environment state from a later story stage into this panel. Pre-fight children must not be muddy, wet, heavily grimy, post-fight, or post-escape. Do not make Xiao Man look like a smaller Xiao Chuan: no shared anxious round-eyed face, no right-ear anchor, no same spiky hair., empty arcade, sparse people, clean open aisle, showroom-like room, only three people in the whole arcade, clear fresh air, smoke-free room",哥哥左侧，彬子右侧，街霸屏幕居中，CRT 胜利红光，主角旁观 / Environment continuity lock,S1_ARCADE_PLAY,游戏厅游玩阶段 / Arcade play,角色焦点：街机屏幕；连续性：哥哥左侧，彬子右侧，街霸屏幕居中，CRT 胜利红光，主角旁观 / Character focus: 街机屏幕; continuity: 哥哥左侧，彬子右侧，街霸屏幕居中，CRT 胜利红光，主角旁观,角色焦点：街机屏幕；连续性：哥哥左侧，彬子右侧，街霸屏幕居中，CRT 胜利红光，主角旁观 / Character focus: 街机屏幕; continuity: 哥哥左侧，彬子右侧，街霸屏幕居中，CRT 胜利红光，主角旁观,激烈但仍在游戏内 / Emotion state from panel plan,哥哥左侧，彬子右侧，街霸屏幕居中，CRT 胜利红光，主角旁观 / Environment continuity lock,environment_lookdev/SCN_ARCADE/camera_whiteboxes_v001/CAM_ARCADE_03_DUEL_OVER_SHOULDER_constraint_whitebox_v001.png
MSB043,B02,05,哥哥打赢老大,SCN_ARCADE,CAM_ARCADE_03_DUEL_OVER_SHOULDER,storyboard,A,visual_assets/pure/micro_storyboard/B02/MSB043_v001.png,visual_assets/annotated/micro_storyboard/B02/MSB043_v001_annotated.png,"Create a pure cinematic image for AIGC video generation, 16:9 landscape, high-resolution film still quality, no visible text or annotations. 1990s small-town China, Chinese dreamcore realism, humid yellowed childhood memory, low light, subtle VHS grain, real old clothes and lived-in surfaces. Preserve character design v2 and scene spatial bible v1. Story-stage lock: S1_ARCADE_PLAY 【部分原文损坏，需从源文件重建 / Partial source text corrupted; rebuild from source】","No text, no captions, no Chinese characters, no English letters, no labels, no arrows, no diagrams, no storyboard frame, no contact sheet, no sketch lines, no layout notes, no watermark. Avoid: 现实拳脚打斗、主角参与对战、屏幕变现代游戏、胜利过度欢乐; 对战变现实打斗. Do not change scene layout, character identities, clothing, lighting direction, or camera axis. Do not leak wardrobe, dirt, injury, expression, or environment state from a later story stage into this panel. Pre-fight children must not be muddy, wet, heavily grimy, post-fight, or post-escape. Do not make Xiao Man look like a smaller Xiao Chuan: no shared anxious round-eyed face, no right-ear anchor, no same spiky hair., empty arcade, sparse people, clean open aisle, showroom-like room, only three people in the whole arcade, clear fresh air, smoke-free room",哥哥左侧，彬子右侧，街霸屏幕居中，CRT 胜利红光，主角旁观 / Environment continuity lock,S1_ARCADE_PLAY,游戏厅游玩阶段 / Arcade play,角色焦点：阿磊；连续性：哥哥左侧，彬子右侧，街霸屏幕居中，CRT 胜利红光，主角旁观 / Character focus: 阿磊; continuity: 哥哥左侧，彬子右侧，街霸屏幕居中，CRT 胜利红光，主角旁观,角色焦点：阿磊；连续性：哥哥左侧，彬子右侧，街霸屏幕居中，CRT 胜利红光，主角旁观 / Character focus: 阿磊; continuity: 哥哥左侧，彬子右侧，街霸屏幕居中，CRT 胜利红光，主角旁观,快赢的得意 / Emotion state from panel plan,哥哥左侧，彬子右侧，街霸屏幕居中，CRT 胜利红光，主角旁观 / Environment continuity lock,environment_lookdev/SCN_ARCADE/camera_whiteboxes_v001/CAM_ARCADE_03_DUEL_OVER_SHOULDER_constraint_whitebox_v001.png
MSB044,B02,05,哥哥打赢老大,SCN_ARCADE,CAM_ARCADE_03_DUEL_OVER_SHOULDER,storyboard,A,visual_assets/pure/micro_storyboard/B02/MSB044_v001.png,visual_assets/annotated/micro_storyboard/B02/MSB044_v001_annotated.png,"Create a pure cinematic image for AIGC video generation, 16:9 landscape, high-resolution film still quality, no visible text or annotations. 1990s small-town China, Chinese dreamcore realism, humid yellowed childhood memory, low light, subtle VHS grain, real old clothes and lived-in surfaces. Preserve character design v2 and scene spatial bible v1. Story-stage lock: S1_ARCADE_PLAY 【部分原文损坏，需从源文件重建 / Partial source text corrupted; rebuild from source】","No text, no captions, no Chinese characters, no English letters, no labels, no arrows, no diagrams, no storyboard frame, no contact sheet, no sketch lines, no layout notes, no watermark. Avoid: 现实拳脚打斗、主角参与对战、屏幕变现代游戏、胜利过度欢乐; 对战变现实打斗. Do not change scene layout, character identities, clothing, lighting direction, or camera axis. Do not leak wardrobe, dirt, injury, expression, or environment state from a later story stage into this panel. Pre-fight children must not be muddy, wet, heavily grimy, post-fight, or post-escape. Do not make Xiao Man look like a smaller Xiao Chuan: no shared anxious round-eyed face, no right-ear anchor, no same spiky hair., empty arcade, sparse people, clean open aisle, showroom-like room, only three people in the whole arcade, clear fresh air, smoke-free room",哥哥左侧，彬子右侧，街霸屏幕居中，CRT 胜利红光，主角旁观 / Environment continuity lock,S1_ARCADE_PLAY,游戏厅游玩阶段 / Arcade play,角色焦点：彬子；连续性：哥哥左侧，彬子右侧，街霸屏幕居中，CRT 胜利红光，主角旁观 / Character focus: 彬子; continuity: 哥哥左侧，彬子右侧，街霸屏幕居中，CRT 胜利红光，主角旁观,角色焦点：彬子；连续性：哥哥左侧，彬子右侧，街霸屏幕居中，CRT 胜利红光，主角旁观 / Character focus: 彬子; continuity: 哥哥左侧，彬子右侧，街霸屏幕居中，CRT 胜利红光，主角旁观,从轻蔑转为不信 / Emotion state from panel plan,哥哥左侧，彬子右侧，街霸屏幕居中，CRT 胜利红光，主角旁观 / Environment continuity lock,environment_lookdev/SCN_ARCADE/camera_whiteboxes_v001/CAM_ARCADE_03_DUEL_OVER_SHOULDER_constraint_whitebox_v001.png
MSB045,B02,05,哥哥打赢老大,SCN_ARCADE,CAM_ARCADE_03_DUEL_OVER_SHOULDER,keyframe,A,visual_assets/pure/micro_storyboard/B02/MSB045_v001.png,visual_assets/annotated/micro_storyboard/B02/MSB045_v001_annotated.png,"Create a pure cinematic image for AIGC video generation, 16:9 landscape, high-resolution film still quality, no visible text or annotations. 1990s small-town China, Chinese dreamcore realism, humid yellowed childhood memory, low light, subtle VHS grain, real old clothes and lived-in surfaces. Preserve character design v2 and scene spatial bible v1. Story-stage lock: S1_ARCADE_PLAY 【部分原文损坏，需从源文件重建 / Partial source text corrupted; rebuild from source】","No text, no captions, no Chinese characters, no English letters, no labels, no arrows, no diagrams, no storyboard frame, no contact sheet, no sketch lines, no layout notes, no watermark. Avoid: 现实拳脚打斗、主角参与对战、屏幕变现代游戏、胜利过度欢乐; 对战变现实打斗. Do not change scene layout, character identities, clothing, lighting direction, or camera axis. Do not leak wardrobe, dirt, injury, expression, or environment state from a later story stage into this panel. Pre-fight children must not be muddy, wet, heavily grimy, post-fight, or post-escape. Do not make Xiao Man look like a smaller Xiao Chuan: no shared anxious round-eyed face, no right-ear anchor, no same spiky hair., empty arcade, sparse people, clean open aisle, showroom-like room, only three people in the whole arcade, clear fresh air, smoke-free room",哥哥左侧，彬子右侧，街霸屏幕居中，CRT 胜利红光，主角旁观 / Environment continuity lock,S1_ARCADE_PLAY,游戏厅游玩阶段 / Arcade play,角色焦点：街机屏幕；连续性：哥哥左侧，彬子右侧，街霸屏幕居中，CRT 胜利红光，主角旁观 / Character focus: 街机屏幕; continuity: 哥哥左侧，彬子右侧，街霸屏幕居中，CRT 胜利红光，主角旁观,角色焦点：街机屏幕；连续性：哥哥左侧，彬子右侧，街霸屏幕居中，CRT 胜利红光，主角旁观 / Character focus: 街机屏幕; continuity: 哥哥左侧，彬子右侧，街霸屏幕居中，CRT 胜利红光，主角旁观,无人物，胜负确定 / Emotion state from panel plan,哥哥左侧，彬子右侧，街霸屏幕居中，CRT 胜利红光，主角旁观 / Environment continuity lock,environment_lookdev/SCN_ARCADE/camera_whiteboxes_v001/CAM_ARCADE_03_DUEL_OVER_SHOULDER_constraint_whitebox_v001.png
MSB046,B02,05,哥哥打赢老大,SCN_ARCADE,CAM_ARCADE_03_DUEL_OVER_SHOULDER,keyframe,A,visual_assets/pure/micro_storyboard/B02/MSB046_v001.png,visual_assets/annotated/micro_storyboard/B02/MSB046_v001_annotated.png,"Create a pure cinematic image for AIGC video generation, 16:9 landscape, high-resolution film still quality, no visible text or annotations. 1990s small-town China, Chinese dreamcore realism, humid yellowed childhood memory, low light, subtle VHS grain, real old clothes and lived-in surfaces. Preserve character design v2 and scene spatial bible v1. Story-stage lock: S1_ARCADE_PLAY 【部分原文损坏，需从源文件重建 / Partial source text corrupted; rebuild from source】","No text, no captions, no Chinese characters, no English letters, no labels, no arrows, no diagrams, no storyboard frame, no contact sheet, no sketch lines, no layout notes, no watermark. Avoid: 现实拳脚打斗、主角参与对战、屏幕变现代游戏、胜利过度欢乐; 对战变现实打斗. Do not change scene layout, character identities, clothing, lighting direction, or camera axis. Do not leak wardrobe, dirt, injury, expression, or environment state from a later story stage into this panel. Pre-fight children must not be muddy, wet, heavily grimy, post-fight, or post-escape. Do not make Xiao Man look like a smaller Xiao Chuan: no shared anxious round-eyed face, no right-ear anchor, no same spiky hair., empty arcade, sparse people, clean open aisle, showroom-like room, only three people in the whole arcade, clear fresh air, smoke-free room",哥哥左侧，彬子右侧，街霸屏幕居中，CRT 胜利红光，主角旁观 / Environment continuity lock,S1_ARCADE_PLAY,游戏厅游玩阶段 / Arcade play,角色焦点：彬子；连续性：哥哥左侧，彬子右侧，街霸屏幕居中，CRT 胜利红光，主角旁观 / Character focus: 彬子; continuity: 哥哥左侧，彬子右侧，街霸屏幕居中，CRT 胜利红光，主角旁观,角色焦点：彬子；连续性：哥哥左侧，彬子右侧，街霸屏幕居中，CRT 胜利红光，主角旁观 / Character focus: 彬子; continuity: 哥哥左侧，彬子右侧，街霸屏幕居中，CRT 胜利红光，主角旁观,受辱后僵住 / Emotion state from panel plan,哥哥左侧，彬子右侧，街霸屏幕居中，CRT 胜利红光，主角旁观 / Environment continuity lock,environment_lookdev/SCN_ARCADE/camera_whiteboxes_v001/CAM_ARCADE_03_DUEL_OVER_SHOULDER_constraint_whitebox_v001.png
MSB047,B02,05,哥哥打赢老大,SCN_ARCADE,CAM_ARCADE_03_DUEL_OVER_SHOULDER,storyboard,A,visual_assets/pure/micro_storyboard/B02/MSB047_v001.png,visual_assets/annotated/micro_storyboard/B02/MSB047_v001_annotated.png,"Create a pure cinematic image for AIGC video generation, 16:9 landscape, high-resolution film still quality, no visible text or annotations. 1990s small-town China, Chinese dreamcore realism, humid yellowed childhood memory, low light, subtle VHS grain, real old clothes and lived-in surfaces. Preserve character design v2 and scene spatial bible v1. Story-stage lock: S1_ARCADE_PLAY 【部分原文损坏，需从源文件重建 / Partial source text corrupted; rebuild from source】","No text, no captions, no Chinese characters, no English letters, no labels, no arrows, no diagrams, no storyboard frame, no contact sheet, no sketch lines, no layout notes, no watermark. Avoid: 现实拳脚打斗、主角参与对战、屏幕变现代游戏、胜利过度欢乐; 对战变现实打斗. Do not change scene layout, character identities, clothing, lighting direction, or camera axis. Do not leak wardrobe, dirt, injury, expression, or environment state from a later story stage into this panel. Pre-fight children must not be muddy, wet, heavily grimy, post-fight, or post-escape. Do not make Xiao Man look like a smaller Xiao Chuan: no shared anxious round-eyed face, no right-ear anchor, no same spiky hair., empty arcade, sparse people, clean open aisle, showroom-like room, only three people in the whole arcade, clear fresh air, smoke-free room",哥哥左侧，彬子右侧，街霸屏幕居中，CRT 胜利红光，主角旁观 / Environment continuity lock,S1_ARCADE_PLAY,游戏厅游玩阶段 / Arcade play,角色焦点：阿磊；连续性：哥哥左侧，彬子右侧，街霸屏幕居中，CRT 胜利红光，主角旁观 / Character focus: 阿磊; continuity: 哥哥左侧，彬子右侧，街霸屏幕居中，CRT 胜利红光，主角旁观,角色焦点：阿磊；连续性：哥哥左侧，彬子右侧，街霸屏幕居中，CRT 胜利红光，主角旁观 / Character focus: 阿磊; continuity: 哥哥左侧，彬子右侧，街霸屏幕居中，CRT 胜利红光，主角旁观,得意但装成熟 / Emotion state from panel plan,哥哥左侧，彬子右侧，街霸屏幕居中，CRT 胜利红光，主角旁观 / Environment continuity lock,environment_lookdev/SCN_ARCADE/camera_whiteboxes_v001/CAM_ARCADE_03_DUEL_OVER_SHOULDER_constraint_whitebox_v001.png
MSB048,B02,05,哥哥打赢老大,SCN_ARCADE,CAM_ARCADE_03_DUEL_OVER_SHOULDER,storyboard,B,visual_assets/pure/micro_storyboard/B02/MSB048_v001.png,visual_assets/annotated/micro_storyboard/B02/MSB048_v001_annotated.png,"Create a pure cinematic image for AIGC video generation, 16:9 landscape, high-resolution film still quality, no visible text or annotations. 1990s small-town China, Chinese dreamcore realism, humid yellowed childhood memory, low light, subtle VHS grain, real old clothes and lived-in surfaces. Preserve character design v2 and scene spatial bible v1. Story-stage lock: S1_ARCADE_PLAY 【部分原文损坏，需从源文件重建 / Partial source text corrupted; rebuild from source】","No text, no captions, no Chinese characters, no English letters, no labels, no arrows, no diagrams, no storyboard frame, no contact sheet, no sketch lines, no layout notes, no watermark. Avoid: 现实拳脚打斗、主角参与对战、屏幕变现代游戏、胜利过度欢乐; 对战变现实打斗. Do not change scene layout, character identities, clothing, lighting direction, or camera axis. Do not leak wardrobe, dirt, injury, expression, or environment state from a later story stage into this panel. Pre-fight children must not be muddy, wet, heavily grimy, post-fight, or post-escape. Do not make Xiao Man look like a smaller Xiao Chuan: no shared anxious round-eyed face, no right-ear anchor, no same spiky hair., empty arcade, sparse people, clean open aisle, showroom-like room, only three people in the whole arcade, clear fresh air, smoke-free room",哥哥左侧，彬子右侧，街霸屏幕居中，CRT 胜利红光，主角旁观 / Environment continuity lock,S1_ARCADE_PLAY,游戏厅游玩阶段 / Arcade play,角色焦点：小川；连续性：哥哥左侧，彬子右侧，街霸屏幕居中，CRT 胜利红光，主角旁观 / Character focus: 小川; continuity: 哥哥左侧，彬子右侧，街霸屏幕居中，CRT 胜利红光，主角旁观,角色焦点：小川；连续性：哥哥左侧，彬子右侧，街霸屏幕居中，CRT 胜利红光，主角旁观 / Character focus: 小川; continuity: 哥哥左侧，彬子右侧，街霸屏幕居中，CRT 胜利红光，主角旁观,半笑半怕 / Emotion state from panel plan,哥哥左侧，彬子右侧，街霸屏幕居中，CRT 胜利红光，主角旁观 / Environment continuity lock,environment_lookdev/SCN_ARCADE/camera_whiteboxes_v001/CAM_ARCADE_03_DUEL_OVER_SHOULDER_constraint_whitebox_v001.png
MSB049,B02,05,哥哥打赢老大,SCN_ARCADE,CAM_ARCADE_03_DUEL_OVER_SHOULDER,end_frame,A,visual_assets/pure/micro_storyboard/B02/MSB049_v001.png,visual_assets/annotated/micro_storyboard/B02/MSB049_v001_annotated.png,"Create a pure cinematic image for AIGC video generation, 16:9 landscape, high-resolution film still quality, no visible text or annotations. 1990s small-town China, Chinese dreamcore realism, humid yellowed childhood memory, low light, subtle VHS grain, real old clothes and lived-in surfaces. Preserve character design v2 and scene spatial bible v1. Story-stage lock: S1_ARCADE_PLAY 【部分原文损坏，需从源文件重建 / Partial source text corrupted; rebuild from source】","No text, no captions, no Chinese characters, no English letters, no labels, no arrows, no diagrams, no storyboard frame, no contact sheet, no sketch lines, no layout notes, no watermark. Avoid: 现实拳脚打斗、主角参与对战、屏幕变现代游戏、胜利过度欢乐; 对战变现实打斗. Do not change scene layout, character identities, clothing, lighting direction, or camera axis. Do not leak wardrobe, dirt, injury, expression, or environment state from a later story stage into this panel. Pre-fight children must not be muddy, wet, heavily grimy, post-fight, or post-escape. Do not make Xiao Man look like a smaller Xiao Chuan: no shared anxious round-eyed face, no right-ear anchor, no same spiky hair., empty arcade, sparse people, clean open aisle, showroom-like room, only three people in the whole arcade, clear fresh air, smoke-free room",哥哥左侧，彬子右侧，街霸屏幕居中，CRT 胜利红光，主角旁观 / Environment continuity lock,S1_ARCADE_PLAY,游戏厅游玩阶段 / Arcade play,角色焦点：彬子/阿磊；连续性：哥哥左侧，彬子右侧，街霸屏幕居中，CRT 胜利红光，主角旁观 / Character focus: 彬子/阿磊; continuity: 哥哥左侧，彬子右侧，街霸屏幕居中，CRT 胜利红光，主角旁观,角色焦点：彬子/阿磊；连续性：哥哥左侧，彬子右侧，街霸屏幕居中，CRT 胜利红光，主角旁观 / Character focus: 彬子/阿磊; continuity: 哥哥左侧，彬子右侧，街霸屏幕居中，CRT 胜利红光，主角旁观,羞辱转为报复 / Emotion state from panel plan,哥哥左侧，彬子右侧，街霸屏幕居中，CRT 胜利红光，主角旁观 / Environment continuity lock,environment_lookdev/SCN_ARCADE/camera_whiteboxes_v001/CAM_ARCADE_03_DUEL_OVER_SHOULDER_constraint_whitebox_v001.png
MSB050,B02,06,老大记仇,SCN_ARCADE,CAM_ARCADE_04_BOSS_LOSES_REACTION,keyframe,A,visual_assets/pure/micro_storyboard/B02/MSB050_v001.png,visual_assets/annotated/micro_storyboard/B02/MSB050_v001_annotated.png,"Create a pure cinematic image for AIGC video generation, 16:9 landscape, high-resolution film still quality, no visible text or annotations. 1990s small-town China, Chinese dreamcore realism, humid yellowed childhood memory, low light, subtle VHS grain, real old clothes and lived-in surfaces. Preserve character design v2 and scene spatial bible v1. Story-stage lock: S1_ARCADE_PLAY 【部分原文损坏，需从源文件重建 / Partial source text corrupted; rebuild from source】","No text, no captions, no Chinese characters, no English letters, no labels, no arrows, no diagrams, no storyboard frame, no contact sheet, no sketch lines, no layout notes, no watermark. Avoid: 立刻动手、四人统一脸、成年人黑帮、西装化、夸张武器; 四人组同质化. Do not change scene layout, character identities, clothing, lighting direction, or camera axis. Do not leak wardrobe, dirt, injury, expression, or environment state from a later story stage into this panel. Pre-fight children must not be muddy, wet, heavily grimy, post-fight, or post-escape. Do not make Xiao Man look like a smaller Xiao Chuan: no shared anxious round-eyed face, no right-ear anchor, no same spiky hair., empty arcade, sparse people, clean open aisle, showroom-like room, only three people in the whole arcade, clear fresh air, smoke-free room",彬子中右前景，高杆、大海、小齐聚到身后，CRT 红光和暗黄顶灯 / Environment continuity lock,S1_ARCADE_PLAY,游戏厅游玩阶段 / Arcade play,角色焦点：彬子；连续性：彬子中右前景，高杆、大海、小齐聚到身后，CRT 红光和暗黄顶灯 / Character focus: 彬子; continuity: 彬子中右前景，高杆、大海、小齐聚到身后，CRT 红光和暗黄顶灯,角色焦点：彬子；连续性：彬子中右前景，高杆、大海、小齐聚到身后，CRT 红光和暗黄顶灯 / Character focus: 彬子; continuity: 彬子中右前景，高杆、大海、小齐聚到身后，CRT 红光和暗黄顶灯,受辱憋怒 / Emotion state from panel plan,彬子中右前景，高杆、大海、小齐聚到身后，CRT 红光和暗黄顶灯 / Environment continuity lock,environment_lookdev/SCN_ARCADE/camera_whiteboxes_v001/CAM_ARCADE_04_BOSS_LOSES_REACTION_constraint_whitebox_v001.png
MSB051,B02,06,老大记仇,SCN_ARCADE,CAM_ARCADE_04_BOSS_LOSES_REACTION,storyboard,A,visual_assets/pure/micro_storyboard/B02/MSB051_v001.png,visual_assets/annotated/micro_storyboard/B02/MSB051_v001_annotated.png,"Create a pure cinematic image for AIGC video generation, 16:9 landscape, high-resolution film still quality, no visible text or annotations. 1990s small-town China, Chinese dreamcore realism, humid yellowed childhood memory, low light, subtle VHS grain, real old clothes and lived-in surfaces. Preserve character design v2 and scene spatial bible v1. Story-stage lock: S1_ARCADE_PLAY 【部分原文损坏，需从源文件重建 / Partial source text corrupted; rebuild from source】","No text, no captions, no Chinese characters, no English letters, no labels, no arrows, no diagrams, no storyboard frame, no contact sheet, no sketch lines, no layout notes, no watermark. Avoid: 立刻动手、四人统一脸、成年人黑帮、西装化、夸张武器; 四人组同质化. Do not change scene layout, character identities, clothing, lighting direction, or camera axis. Do not leak wardrobe, dirt, injury, expression, or environment state from a later story stage into this panel. Pre-fight children must not be muddy, wet, heavily grimy, post-fight, or post-escape. Do not make Xiao Man look like a smaller Xiao Chuan: no shared anxious round-eyed face, no right-ear anchor, no same spiky hair., empty arcade, sparse people, clean open aisle, showroom-like room, only three people in the whole arcade, clear fresh air, smoke-free room",彬子中右前景，高杆、大海、小齐聚到身后，CRT 红光和暗黄顶灯 / Environment continuity lock,S1_ARCADE_PLAY,游戏厅游玩阶段 / Arcade play,角色焦点：高杆；连续性：彬子中右前景，高杆、大海、小齐聚到身后，CRT 红光和暗黄顶灯 / Character focus: 高杆; continuity: 彬子中右前景，高杆、大海、小齐聚到身后，CRT 红光和暗黄顶灯,角色焦点：高杆；连续性：彬子中右前景，高杆、大海、小齐聚到身后，CRT 红光和暗黄顶灯 / Character focus: 高杆; continuity: 彬子中右前景，高杆、大海、小齐聚到身后，CRT 红光和暗黄顶灯,半垂眼，无聊但压迫 / Emotion state from panel plan,彬子中右前景，高杆、大海、小齐聚到身后，CRT 红光和暗黄顶灯 / Environment continuity lock,environment_lookdev/SCN_ARCADE/camera_whiteboxes_v001/CAM_ARCADE_04_BOSS_LOSES_REACTION_constraint_whitebox_v001.png
MSB052,B02,06,老大记仇,SCN_ARCADE,CAM_ARCADE_04_BOSS_LOSES_REACTION,storyboard,B,visual_assets/pure/micro_storyboard/B02/MSB052_v001.png,visual_assets/annotated/micro_storyboard/B02/MSB052_v001_annotated.png,"Create a pure cinematic image for AIGC video generation, 16:9 landscape, high-resolution film still quality, no visible text or annotations. 1990s small-town China, Chinese dreamcore realism, humid yellowed childhood memory, low light, subtle VHS grain, real old clothes and lived-in surfaces. Preserve character design v2 and scene spatial bible v1. Story-stage lock: S1_ARCADE_PLAY 【部分原文损坏，需从源文件重建 / Partial source text corrupted; rebuild from source】","No text, no captions, no Chinese characters, no English letters, no labels, no arrows, no diagrams, no storyboard frame, no contact sheet, no sketch lines, no layout notes, no watermark. Avoid: 立刻动手、四人统一脸、成年人黑帮、西装化、夸张武器; 四人组同质化. Do not change scene layout, character identities, clothing, lighting direction, or camera axis. Do not leak wardrobe, dirt, injury, expression, or environment state from a later story stage into this panel. Pre-fight children must not be muddy, wet, heavily grimy, post-fight, or post-escape. Do not make Xiao Man look like a smaller Xiao Chuan: no shared anxious round-eyed face, no right-ear anchor, no same spiky hair., empty arcade, sparse people, clean open aisle, showroom-like room, only three people in the whole arcade, clear fresh air, smoke-free room",彬子中右前景，高杆、大海、小齐聚到身后，CRT 红光和暗黄顶灯 / Environment continuity lock,S1_ARCADE_PLAY,游戏厅游玩阶段 / Arcade play,角色焦点：大海；连续性：彬子中右前景，高杆、大海、小齐聚到身后，CRT 红光和暗黄顶灯 / Character focus: 大海; continuity: 彬子中右前景，高杆、大海、小齐聚到身后，CRT 红光和暗黄顶灯,角色焦点：大海；连续性：彬子中右前景，高杆、大海、小齐聚到身后，CRT 红光和暗黄顶灯 / Character focus: 大海; continuity: 彬子中右前景，高杆、大海、小齐聚到身后，CRT 红光和暗黄顶灯,看彬子脸色 / Emotion state from panel plan,彬子中右前景，高杆、大海、小齐聚到身后，CRT 红光和暗黄顶灯 / Environment continuity lock,environment_lookdev/SCN_ARCADE/camera_whiteboxes_v001/CAM_ARCADE_04_BOSS_LOSES_REACTION_constraint_whitebox_v001.png
MSB053,B02,06,老大记仇,SCN_ARCADE,CAM_ARCADE_04_BOSS_LOSES_REACTION,storyboard,B,visual_assets/pure/micro_storyboard/B02/MSB053_v001.png,visual_assets/annotated/micro_storyboard/B02/MSB053_v001_annotated.png,"Create a pure cinematic image for AIGC video generation, 16:9 landscape, high-resolution film still quality, no visible text or annotations. 1990s small-town China, Chinese dreamcore realism, humid yellowed childhood memory, low light, subtle VHS grain, real old clothes and lived-in surfaces. Preserve character design v2 and scene spatial bible v1. Story-stage lock: S1_ARCADE_PLAY 【部分原文损坏，需从源文件重建 / Partial source text corrupted; rebuild from source】","No text, no captions, no Chinese characters, no English letters, no labels, no arrows, no diagrams, no storyboard frame, no contact sheet, no sketch lines, no layout notes, no watermark. Avoid: 立刻动手、四人统一脸、成年人黑帮、西装化、夸张武器; 四人组同质化. Do not change scene layout, character identities, clothing, lighting direction, or camera axis. Do not leak wardrobe, dirt, injury, expression, or environment state from a later story stage into this panel. Pre-fight children must not be muddy, wet, heavily grimy, post-fight, or post-escape. Do not make Xiao Man look like a smaller Xiao Chuan: no shared anxious round-eyed face, no right-ear anchor, no same spiky hair., empty arcade, sparse people, clean open aisle, showroom-like room, only three people in the whole arcade, clear fresh air, smoke-free room",彬子中右前景，高杆、大海、小齐聚到身后，CRT 红光和暗黄顶灯 / Environment continuity lock,S1_ARCADE_PLAY,游戏厅游玩阶段 / Arcade play,角色焦点：小齐；连续性：彬子中右前景，高杆、大海、小齐聚到身后，CRT 红光和暗黄顶灯 / Character focus: 小齐; continuity: 彬子中右前景，高杆、大海、小齐聚到身后，CRT 红光和暗黄顶灯,角色焦点：小齐；连续性：彬子中右前景，高杆、大海、小齐聚到身后，CRT 红光和暗黄顶灯 / Character focus: 小齐; continuity: 彬子中右前景，高杆、大海、小齐聚到身后，CRT 红光和暗黄顶灯,讨好转紧张 / Emotion state from panel plan,彬子中右前景，高杆、大海、小齐聚到身后，CRT 红光和暗黄顶灯 / Environment continuity lock,environment_lookdev/SCN_ARCADE/camera_whiteboxes_v001/CAM_ARCADE_04_BOSS_LOSES_REACTION_constraint_whitebox_v001.png
MSB054,B02,06,老大记仇,SCN_ARCADE,CAM_ARCADE_04_BOSS_LOSES_REACTION,keyframe,A,visual_assets/pure/micro_storyboard/B02/MSB054_v001.png,visual_assets/annotated/micro_storyboard/B02/MSB054_v001_annotated.png,"Create a pure cinematic image for AIGC video generation, 16:9 landscape, high-resolution film still quality, no visible text or annotations. 1990s small-town China, Chinese dreamcore realism, humid yellowed childhood memory, low light, subtle VHS grain, real old clothes and lived-in surfaces. Preserve character design v2 and scene spatial bible v1. Story-stage lock: S1_ARCADE_PLAY 【部分原文损坏，需从源文件重建 / Partial source text corrupted; rebuild from source】","No text, no captions, no Chinese characters, no English letters, no labels, no arrows, no diagrams, no storyboard frame, no contact sheet, no sketch lines, no layout notes, no watermark. Avoid: 立刻动手、四人统一脸、成年人黑帮、西装化、夸张武器; 四人组同质化. Do not change scene layout, character identities, clothing, lighting direction, or camera axis. Do not leak wardrobe, dirt, injury, expression, or environment state from a later story stage into this panel. Pre-fight children must not be muddy, wet, heavily grimy, post-fight, or post-escape. Do not make Xiao Man look like a smaller Xiao Chuan: no shared anxious round-eyed face, no right-ear anchor, no same spiky hair., empty arcade, sparse people, clean open aisle, showroom-like room, only three people in the whole arcade, clear fresh air, smoke-free room",彬子中右前景，高杆、大海、小齐聚到身后，CRT 红光和暗黄顶灯 / Environment continuity lock,S1_ARCADE_PLAY,游戏厅游玩阶段 / Arcade play,角色焦点：混混四人；连续性：彬子中右前景，高杆、大海、小齐聚到身后，CRT 红光和暗黄顶灯 / Character focus: 混混四人; continuity: 彬子中右前景，高杆、大海、小齐聚到身后，CRT 红光和暗黄顶灯,角色焦点：混混四人；连续性：彬子中右前景，高杆、大海、小齐聚到身后，CRT 红光和暗黄顶灯 / Character focus: 混混四人; continuity: 彬子中右前景，高杆、大海、小齐聚到身后，CRT 红光和暗黄顶灯,不同情绪：憋怒、冷、等命令、慌兴奋 / Emotion state from panel plan,彬子中右前景，高杆、大海、小齐聚到身后，CRT 红光和暗黄顶灯 / Environment continuity lock,environment_lookdev/SCN_ARCADE/camera_whiteboxes_v001/CAM_ARCADE_04_BOSS_LOSES_REACTION_constraint_whitebox_v001.png
MSB055,B02,06,老大记仇,SCN_ARCADE,CAM_ARCADE_04_BOSS_LOSES_REACTION,storyboard,A,visual_assets/pure/micro_storyboard/B02/MSB055_v001.png,visual_assets/annotated/micro_storyboard/B02/MSB055_v001_annotated.png,"Create a pure cinematic image for AIGC video generation, 16:9 landscape, high-resolution film still quality, no visible text or annotations. 1990s small-town China, Chinese dreamcore realism, humid yellowed childhood memory, low light, subtle VHS grain, real old clothes and lived-in surfaces. Preserve character design v2 and scene spatial bible v1. Story-stage lock: S1_ARCADE_PLAY 【部分原文损坏，需从源文件重建 / Partial source text corrupted; rebuild from source】","No text, no captions, no Chinese characters, no English letters, no labels, no arrows, no diagrams, no storyboard frame, no contact sheet, no sketch lines, no layout notes, no watermark. Avoid: 立刻动手、四人统一脸、成年人黑帮、西装化、夸张武器; 四人组同质化. Do not change scene layout, character identities, clothing, lighting direction, or camera axis. Do not leak wardrobe, dirt, injury, expression, or environment state from a later story stage into this panel. Pre-fight children must not be muddy, wet, heavily grimy, post-fight, or post-escape. Do not make Xiao Man look like a smaller Xiao Chuan: no shared anxious round-eyed face, no right-ear anchor, no same spiky hair., empty arcade, sparse people, clean open aisle, showroom-like room, only three people in the whole arcade, clear fresh air, smoke-free room",彬子中右前景，高杆、大海、小齐聚到身后，CRT 红光和暗黄顶灯 / Environment continuity lock,S1_ARCADE_PLAY,游戏厅游玩阶段 / Arcade play,角色焦点：阿磊/三兄弟；连续性：彬子中右前景，高杆、大海、小齐聚到身后，CRT 红光和暗黄顶灯 / Character focus: 阿磊/三兄弟; continuity: 彬子中右前景，高杆、大海、小齐聚到身后，CRT 红光和暗黄顶灯,角色焦点：阿磊/三兄弟；连续性：彬子中右前景，高杆、大海、小齐聚到身后，CRT 红光和暗黄顶灯 / Character focus: 阿磊/三兄弟; continuity: 彬子中右前景，高杆、大海、小齐聚到身后，CRT 红光和暗黄顶灯,阿磊得意，小川不安，小满跟随 / Emotion state from panel plan,彬子中右前景，高杆、大海、小齐聚到身后，CRT 红光和暗黄顶灯 / Environment continuity lock,environment_lookdev/SCN_ARCADE/camera_whiteboxes_v001/CAM_ARCADE_04_BOSS_LOSES_REACTION_constraint_whitebox_v001.png
MSB056,B02,06,老大记仇,SCN_ARCADE,CAM_ARCADE_04_BOSS_LOSES_REACTION,storyboard,A,visual_assets/pure/micro_storyboard/B02/MSB056_v001.png,visual_assets/annotated/micro_storyboard/B02/MSB056_v001_annotated.png,"Create a pure cinematic image for AIGC video generation, 16:9 landscape, high-resolution film still quality, no visible text or annotations. 1990s small-town China, Chinese dreamcore realism, humid yellowed childhood memory, low light, subtle VHS grain, real old clothes and lived-in surfaces. Preserve character design v2 and scene spatial bible v1. Story-stage lock: S1_ARCADE_PLAY 【部分原文损坏，需从源文件重建 / Partial source text corrupted; rebuild from source】","No text, no captions, no Chinese characters, no English letters, no labels, no arrows, no diagrams, no storyboard frame, no contact sheet, no sketch lines, no layout notes, no watermark. Avoid: 立刻动手、四人统一脸、成年人黑帮、西装化、夸张武器; 四人组同质化. Do not change scene layout, character identities, clothing, lighting direction, or camera axis. Do not leak wardrobe, dirt, injury, expression, or environment state from a later story stage into this panel. Pre-fight children must not be muddy, wet, heavily grimy, post-fight, or post-escape. Do not make Xiao Man look like a smaller Xiao Chuan: no shared anxious round-eyed face, no right-ear anchor, no same spiky hair., empty arcade, sparse people, clean open aisle, showroom-like room, only three people in the whole arcade, clear fresh air, smoke-free room",彬子中右前景，高杆、大海、小齐聚到身后，CRT 红光和暗黄顶灯 / Environment continuity lock,S1_ARCADE_PLAY,游戏厅游玩阶段 / Arcade play,角色焦点：彬子；连续性：彬子中右前景，高杆、大海、小齐聚到身后，CRT 红光和暗黄顶灯 / Character focus: 彬子; continuity: 彬子中右前景，高杆、大海、小齐聚到身后，CRT 红光和暗黄顶灯,角色焦点：彬子；连续性：彬子中右前景，高杆、大海、小齐聚到身后，CRT 红光和暗黄顶灯 / Character focus: 彬子; continuity: 彬子中右前景，高杆、大海、小齐聚到身后，CRT 红光和暗黄顶灯,决定报复 / Emotion state from panel plan,彬子中右前景，高杆、大海、小齐聚到身后，CRT 红光和暗黄顶灯 / Environment continuity lock,environment_lookdev/SCN_ARCADE/camera_whiteboxes_v001/CAM_ARCADE_04_BOSS_LOSES_REACTION_constraint_whitebox_v001.png
MSB057,B02,06,老大记仇,SCN_ARCADE,CAM_ARCADE_04_BOSS_LOSES_REACTION,end_frame,B,visual_assets/pure/micro_storyboard/B02/MSB057_v001.png,visual_assets/annotated/micro_storyboard/B02/MSB057_v001_annotated.png,"Create a pure cinematic image for AIGC video generation, 16:9 landscape, high-resolution film still quality, no visible text or annotations. 1990s small-town China, Chinese dreamcore realism, humid yellowed childhood memory, low light, subtle VHS grain, real old clothes and lived-in surfaces. Preserve character design v2 and scene spatial bible v1. Story-stage lock: S1_ARCADE_PLAY 【部分原文损坏，需从源文件重建 / Partial source text corrupted; rebuild from source】","No text, no captions, no Chinese characters, no English letters, no labels, no arrows, no diagrams, no storyboard frame, no contact sheet, no sketch lines, no layout notes, no watermark. Avoid: 立刻动手、四人统一脸、成年人黑帮、西装化、夸张武器; 四人组同质化. Do not change scene layout, character identities, clothing, lighting direction, or camera axis. Do not leak wardrobe, dirt, injury, expression, or environment state from a later story stage into this panel. Pre-fight children must not be muddy, wet, heavily grimy, post-fight, or post-escape. Do not make Xiao Man look like a smaller Xiao Chuan: no shared anxious round-eyed face, no right-ear anchor, no same spiky hair., empty arcade, sparse people, clean open aisle, showroom-like room, only three people in the whole arcade, clear fresh air, smoke-free room",彬子中右前景，高杆、大海、小齐聚到身后，CRT 红光和暗黄顶灯 / Environment continuity lock,S1_ARCADE_PLAY,游戏厅游玩阶段 / Arcade play,角色焦点：混混四人/环境；连续性：彬子中右前景，高杆、大海、小齐聚到身后，CRT 红光和暗黄顶灯 / Character focus: 混混四人/环境; continuity: 彬子中右前景，高杆、大海、小齐聚到身后，CRT 红光和暗黄顶灯,角色焦点：混混四人/环境；连续性：彬子中右前景，高杆、大海、小齐聚到身后，CRT 红光和暗黄顶灯 / Character focus: 混混四人/环境; continuity: 彬子中右前景，高杆、大海、小齐聚到身后，CRT 红光和暗黄顶灯,压住的怒气 / Emotion state from panel plan,彬子中右前景，高杆、大海、小齐聚到身后，CRT 红光和暗黄顶灯 / Environment continuity lock,environment_lookdev/SCN_ARCADE/camera_whiteboxes_v001/CAM_ARCADE_04_BOSS_LOSES_REACTION_constraint_whitebox_v001.png
MSB058,B03,07,志得意满离开,SCN_EXIT,CAM_ARCADE_EXIT_01_LEAVING,start_frame,A,visual_assets/pure/micro_storyboard/B03/MSB058_v001.png,visual_assets/annotated/micro_storyboard/B03/MSB058_v001_annotated.png,"Create a pure cinematic image for AIGC video generation, 16:9 landscape, high-resolution film still quality, no visible text or annotations. 1990s small-town China, Chinese dreamcore realism, humid yellowed childhood memory, low light, subtle VHS grain, real old clothes and lived-in surfaces. Preserve character design v2 and scene spatial bible v1. Story-stage lock: S2_EXIT_TO_STANDOFF 【部分原文损坏，需从源文件重建 / Partial source text corrupted; rebuild from source】","No text, no captions, no Chinese characters, no English letters, no labels, no arrows, no diagrams, no storyboard frame, no contact sheet, no sketch lines, no layout notes, no watermark. Avoid: 混混立刻追逐、门口开打、现代商业街、女生; 过早追逐或门口冲突. Do not change scene layout, character identities, clothing, lighting direction, or camera axis. Do not leak wardrobe, dirt, injury, expression, or environment state from a later story stage into this panel. Pre-fight children must not be muddy, wet, heavily grimy, post-fight, or post-escape. Do not make Xiao Man look like a smaller Xiao Chuan: no shared anxious round-eyed face, no right-ear anchor, no same spiky hair.",游戏机房门口、旧卷帘门、昏黄路灯、门内 CRT 漏光、三兄弟全男孩 / Environment continuity lock,S2_EXIT_TO_STANDOFF,离场对峙阶段 / Exit to standoff,角色焦点：三兄弟；连续性：游戏机房门口、旧卷帘门、昏黄路灯、门内 CRT 漏光、三兄弟全男孩 / Character focus: 三兄弟; continuity: 游戏机房门口、旧卷帘门、昏黄路灯、门内 CRT 漏光、三兄弟全男孩,角色焦点：三兄弟；连续性：游戏机房门口、旧卷帘门、昏黄路灯、门内 CRT 漏光、三兄弟全男孩 / Character focus: 三兄弟; continuity: 游戏机房门口、旧卷帘门、昏黄路灯、门内 CRT 漏光、三兄弟全男孩,兴奋后松一口气 / Emotion state from panel plan,游戏机房门口、旧卷帘门、昏黄路灯、门内 CRT 漏光、三兄弟全男孩 / Environment continuity lock,whitebox_renders_v2/B03/WB2_EXIT_MSB058.png
MSB059,B03,07,志得意满离开,SCN_EXIT,CAM_ARCADE_EXIT_01_LEAVING,storyboard,A,visual_assets/pure/micro_storyboard/B03/MSB059_v001.png,visual_assets/annotated/micro_storyboard/B03/MSB059_v001_annotated.png,"Create a pure cinematic image for AIGC video generation, 16:9 landscape, high-resolution film still quality, no visible text or annotations. 1990s small-town China, Chinese dreamcore realism, humid yellowed childhood memory, low light, subtle VHS grain, real old clothes and lived-in surfaces. Preserve character design v2 and scene spatial bible v1. Story-stage lock: S2_EXIT_TO_STANDOFF 【部分原文损坏，需从源文件重建 / Partial source text corrupted; rebuild from source】","No text, no captions, no Chinese characters, no English letters, no labels, no arrows, no diagrams, no storyboard frame, no contact sheet, no sketch lines, no layout notes, no watermark. Avoid: 混混立刻追逐、门口开打、现代商业街、女生; 过早追逐或门口冲突. Do not change scene layout, character identities, clothing, lighting direction, or camera axis. Do not leak wardrobe, dirt, injury, expression, or environment state from a later story stage into this panel. Pre-fight children must not be muddy, wet, heavily grimy, post-fight, or post-escape. Do not make Xiao Man look like a smaller Xiao Chuan: no shared anxious round-eyed face, no right-ear anchor, no same spiky hair.",游戏机房门口、旧卷帘门、昏黄路灯、门内 CRT 漏光、三兄弟全男孩 / Environment continuity lock,S2_EXIT_TO_STANDOFF,离场对峙阶段 / Exit to standoff,角色焦点：阿磊；连续性：游戏机房门口、旧卷帘门、昏黄路灯、门内 CRT 漏光、三兄弟全男孩 / Character focus: 阿磊; continuity: 游戏机房门口、旧卷帘门、昏黄路灯、门内 CRT 漏光、三兄弟全男孩,角色焦点：阿磊；连续性：游戏机房门口、旧卷帘门、昏黄路灯、门内 CRT 漏光、三兄弟全男孩 / Character focus: 阿磊; continuity: 游戏机房门口、旧卷帘门、昏黄路灯、门内 CRT 漏光、三兄弟全男孩,得意但装酷 / Emotion state from panel plan,游戏机房门口、旧卷帘门、昏黄路灯、门内 CRT 漏光、三兄弟全男孩 / Environment continuity lock,whitebox_renders_v2/B03/WB2_EXIT_MSB059.png
MSB060,B03,07,志得意满离开,SCN_EXIT,CAM_ARCADE_EXIT_01_LEAVING,storyboard,B,visual_assets/pure/micro_storyboard/B03/MSB060_v001.png,visual_assets/annotated/micro_storyboard/B03/MSB060_v001_annotated.png,"Create a pure cinematic image for AIGC video generation, 16:9 landscape, high-resolution film still quality, no visible text or annotations. 1990s small-town China, Chinese dreamcore realism, humid yellowed childhood memory, low light, subtle VHS grain, real old clothes and lived-in surfaces. Preserve character design v2 and scene spatial bible v1. Story-stage lock: S2_EXIT_TO_STANDOFF 【部分原文损坏，需从源文件重建 / Partial source text corrupted; rebuild from source】","No text, no captions, no Chinese characters, no English letters, no labels, no arrows, no diagrams, no storyboard frame, no contact sheet, no sketch lines, no layout notes, no watermark. Avoid: 混混立刻追逐、门口开打、现代商业街、女生; 过早追逐或门口冲突. Do not change scene layout, character identities, clothing, lighting direction, or camera axis. Do not leak wardrobe, dirt, injury, expression, or environment state from a later story stage into this panel. Pre-fight children must not be muddy, wet, heavily grimy, post-fight, or post-escape. Do not make Xiao Man look like a smaller Xiao Chuan: no shared anxious round-eyed face, no right-ear anchor, no same spiky hair.",游戏机房门口、旧卷帘门、昏黄路灯、门内 CRT 漏光、三兄弟全男孩 / Environment continuity lock,S2_EXIT_TO_STANDOFF,离场对峙阶段 / Exit to standoff,角色焦点：小川；连续性：游戏机房门口、旧卷帘门、昏黄路灯、门内 CRT 漏光、三兄弟全男孩 / Character focus: 小川; continuity: 游戏机房门口、旧卷帘门、昏黄路灯、门内 CRT 漏光、三兄弟全男孩,角色焦点：小川；连续性：游戏机房门口、旧卷帘门、昏黄路灯、门内 CRT 漏光、三兄弟全男孩 / Character focus: 小川; continuity: 游戏机房门口、旧卷帘门、昏黄路灯、门内 CRT 漏光、三兄弟全男孩,想加入哥哥的得意 / Emotion state from panel plan,游戏机房门口、旧卷帘门、昏黄路灯、门内 CRT 漏光、三兄弟全男孩 / Environment continuity lock,whitebox_renders_v2/B03/WB2_EXIT_MSB060.png
MSB061,B03,07,志得意满离开,SCN_EXIT,CAM_ARCADE_EXIT_01_LEAVING,storyboard,B,visual_assets/pure/micro_storyboard/B03/MSB061_v001.png,visual_assets/annotated/micro_storyboard/B03/MSB061_v001_annotated.png,"Create a pure cinematic image for AIGC video generation, 16:9 landscape, high-resolution film still quality, no visible text or annotations. 1990s small-town China, Chinese dreamcore realism, humid yellowed childhood memory, low light, subtle VHS grain, real old clothes and lived-in surfaces. Preserve character design v2 and scene spatial bible v1. Story-stage lock: S2_EXIT_TO_STANDOFF 【部分原文损坏，需从源文件重建 / Partial source text corrupted; rebuild from source】","No text, no captions, no Chinese characters, no English letters, no labels, no arrows, no diagrams, no storyboard frame, no contact sheet, no sketch lines, no layout notes, no watermark. Avoid: 混混立刻追逐、门口开打、现代商业街、女生; 过早追逐或门口冲突. Do not change scene layout, character identities, clothing, lighting direction, or camera axis. Do not leak wardrobe, dirt, injury, expression, or environment state from a later story stage into this panel. Pre-fight children must not be muddy, wet, heavily grimy, post-fight, or post-escape. Do not make Xiao Man look like a smaller Xiao Chuan: no shared anxious round-eyed face, no right-ear anchor, no same spiky hair.",游戏机房门口、旧卷帘门、昏黄路灯、门内 CRT 漏光、三兄弟全男孩 / Environment continuity lock,S2_EXIT_TO_STANDOFF,离场对峙阶段 / Exit to standoff,角色焦点：小满；连续性：游戏机房门口、旧卷帘门、昏黄路灯、门内 CRT 漏光、三兄弟全男孩 / Character focus: 小满; continuity: 游戏机房门口、旧卷帘门、昏黄路灯、门内 CRT 漏光、三兄弟全男孩,角色焦点：小满；连续性：游戏机房门口、旧卷帘门、昏黄路灯、门内 CRT 漏光、三兄弟全男孩 / Character focus: 小满; continuity: 游戏机房门口、旧卷帘门、昏黄路灯、门内 CRT 漏光、三兄弟全男孩,跟随式开心 / Emotion state from panel plan,游戏机房门口、旧卷帘门、昏黄路灯、门内 CRT 漏光、三兄弟全男孩 / Environment continuity lock,whitebox_renders_v2/B03/WB2_EXIT_MSB061.png
MSB062,B03,07,志得意满离开,SCN_EXIT,CAM_ARCADE_EXIT_01_LEAVING,keyframe,A,visual_assets/pure/micro_storyboard/B03/MSB062_v001.png,visual_assets/annotated/micro_storyboard/B03/MSB062_v001_annotated.png,"Create a pure cinematic image for AIGC video generation, 16:9 landscape, high-resolution film still quality, no visible text or annotations. 1990s small-town China, Chinese dreamcore realism, humid yellowed childhood memory, low light, subtle VHS grain, real old clothes and lived-in surfaces. Preserve character design v2 and scene spatial bible v1. Story-stage lock: S2_EXIT_TO_STANDOFF 【部分原文损坏，需从源文件重建 / Partial source text corrupted; rebuild from source】","No text, no captions, no Chinese characters, no English letters, no labels, no arrows, no diagrams, no storyboard frame, no contact sheet, no sketch lines, no layout notes, no watermark. Avoid: 混混立刻追逐、门口开打、现代商业街、女生; 过早追逐或门口冲突. Do not change scene layout, character identities, clothing, lighting direction, or camera axis. Do not leak wardrobe, dirt, injury, expression, or environment state from a later story stage into this panel. Pre-fight children must not be muddy, wet, heavily grimy, post-fight, or post-escape. Do not make Xiao Man look like a smaller Xiao Chuan: no shared anxious round-eyed face, no right-ear anchor, no same spiky hair.",游戏机房门口、旧卷帘门、昏黄路灯、门内 CRT 漏光、三兄弟全男孩 / Environment continuity lock,S2_EXIT_TO_STANDOFF,离场对峙阶段 / Exit to standoff,角色焦点：环境/三兄弟；连续性：游戏机房门口、旧卷帘门、昏黄路灯、门内 CRT 漏光、三兄弟全男孩 / Character focus: 环境/三兄弟; continuity: 游戏机房门口、旧卷帘门、昏黄路灯、门内 CRT 漏光、三兄弟全男孩,角色焦点：环境/三兄弟；连续性：游戏机房门口、旧卷帘门、昏黄路灯、门内 CRT 漏光、三兄弟全男孩 / Character focus: 环境/三兄弟; continuity: 游戏机房门口、旧卷帘门、昏黄路灯、门内 CRT 漏光、三兄弟全男孩,兴奋开始变远 / Emotion state from panel plan,游戏机房门口、旧卷帘门、昏黄路灯、门内 CRT 漏光、三兄弟全男孩 / Environment continuity lock,whitebox_renders_v2/B03/WB2_EXIT_MSB062.png
MSB063,B03,07,志得意满离开,SCN_EXIT,CAM_ARCADE_EXIT_01_LEAVING,storyboard,C,visual_assets/pure/micro_storyboard/B03/MSB063_v001.png,visual_assets/annotated/micro_storyboard/B03/MSB063_v001_annotated.png,"Create a pure cinematic image for AIGC video generation, 16:9 landscape, high-resolution film still quality, no visible text or annotations. 1990s small-town China, Chinese dreamcore realism, humid yellowed childhood memory, low light, subtle VHS grain, real old clothes and lived-in surfaces. Preserve character design v2 and scene spatial bible v1. Story-stage lock: S2_EXIT_TO_STANDOFF 【部分原文损坏，需从源文件重建 / Partial source text corrupted; rebuild from source】","No text, no captions, no Chinese characters, no English letters, no labels, no arrows, no diagrams, no storyboard frame, no contact sheet, no sketch lines, no layout notes, no watermark. Avoid: 混混立刻追逐、门口开打、现代商业街、女生; 过早追逐或门口冲突. Do not change scene layout, character identities, clothing, lighting direction, or camera axis. Do not leak wardrobe, dirt, injury, expression, or environment state from a later story stage into this panel. Pre-fight children must not be muddy, wet, heavily grimy, post-fight, or post-escape. Do not make Xiao Man look like a smaller Xiao Chuan: no shared anxious round-eyed face, no right-ear anchor, no same spiky hair.",游戏机房门口、旧卷帘门、昏黄路灯、门内 CRT 漏光、三兄弟全男孩 / Environment continuity lock,S2_EXIT_TO_STANDOFF,离场对峙阶段 / Exit to standoff,角色焦点：环境；连续性：游戏机房门口、旧卷帘门、昏黄路灯、门内 CRT 漏光、三兄弟全男孩 / Character focus: 环境; continuity: 游戏机房门口、旧卷帘门、昏黄路灯、门内 CRT 漏光、三兄弟全男孩,角色焦点：环境；连续性：游戏机房门口、旧卷帘门、昏黄路灯、门内 CRT 漏光、三兄弟全男孩 / Character focus: 环境; continuity: 游戏机房门口、旧卷帘门、昏黄路灯、门内 CRT 漏光、三兄弟全男孩,无人物，过渡 / Emotion state from panel plan,游戏机房门口、旧卷帘门、昏黄路灯、门内 CRT 漏光、三兄弟全男孩 / Environment continuity lock,whitebox_renders_v2/B03/WB2_EXIT_MSB063.png
MSB064,B03,07,志得意满离开,SCN_EXIT,CAM_ARCADE_EXIT_01_LEAVING,storyboard,A,visual_assets/pure/micro_storyboard/B03/MSB064_v001.png,visual_assets/annotated/micro_storyboard/B03/MSB064_v001_annotated.png,"Create a pure cinematic image for AIGC video generation, 16:9 landscape, high-resolution film still quality, no visible text or annotations. 1990s small-town China, Chinese dreamcore realism, humid yellowed childhood memory, low light, subtle VHS grain, real old clothes and lived-in surfaces. Preserve character design v2 and scene spatial bible v1. Story-stage lock: S2_EXIT_TO_STANDOFF 【部分原文损坏，需从源文件重建 / Partial source text corrupted; rebuild from source】","No text, no captions, no Chinese characters, no English letters, no labels, no arrows, no diagrams, no storyboard frame, no contact sheet, no sketch lines, no layout notes, no watermark. Avoid: 混混立刻追逐、门口开打、现代商业街、女生; 过早追逐或门口冲突. Do not change scene layout, character identities, clothing, lighting direction, or camera axis. Do not leak wardrobe, dirt, injury, expression, or environment state from a later story stage into this panel. Pre-fight children must not be muddy, wet, heavily grimy, post-fight, or post-escape. Do not make Xiao Man look like a smaller Xiao Chuan: no shared anxious round-eyed face, no right-ear anchor, no same spiky hair.",游戏机房门口、旧卷帘门、昏黄路灯、门内 CRT 漏光、三兄弟全男孩 / Environment continuity lock,S2_EXIT_TO_STANDOFF,离场对峙阶段 / Exit to standoff,角色焦点：三兄弟；连续性：游戏机房门口、旧卷帘门、昏黄路灯、门内 CRT 漏光、三兄弟全男孩 / Character focus: 三兄弟; continuity: 游戏机房门口、旧卷帘门、昏黄路灯、门内 CRT 漏光、三兄弟全男孩,角色焦点：三兄弟；连续性：游戏机房门口、旧卷帘门、昏黄路灯、门内 CRT 漏光、三兄弟全男孩 / Character focus: 三兄弟; continuity: 游戏机房门口、旧卷帘门、昏黄路灯、门内 CRT 漏光、三兄弟全男孩,阿磊得意，小川亮眼，小满放松 / Emotion state from panel plan,游戏机房门口、旧卷帘门、昏黄路灯、门内 CRT 漏光、三兄弟全男孩 / Environment continuity lock,whitebox_renders_v2/B03/WB2_EXIT_MSB064.png
MSB065,B03,07,志得意满离开,SCN_EXIT,CAM_ARCADE_EXIT_01_LEAVING,end_frame,A,visual_assets/pure/micro_storyboard/B03/MSB065_v001.png,visual_assets/annotated/micro_storyboard/B03/MSB065_v001_annotated.png,"Create a pure cinematic image for AIGC video generation, 16:9 landscape, high-resolution film still quality, no visible text or annotations. 1990s small-town China, Chinese dreamcore realism, humid yellowed childhood memory, low light, subtle VHS grain, real old clothes and lived-in surfaces. Preserve character design v2 and scene spatial bible v1. Story-stage lock: S2_EXIT_TO_STANDOFF 【部分原文损坏，需从源文件重建 / Partial source text corrupted; rebuild from source】","No text, no captions, no Chinese characters, no English letters, no labels, no arrows, no diagrams, no storyboard frame, no contact sheet, no sketch lines, no layout notes, no watermark. Avoid: 混混立刻追逐、门口开打、现代商业街、女生; 过早追逐或门口冲突. Do not change scene layout, character identities, clothing, lighting direction, or camera axis. Do not leak wardrobe, dirt, injury, expression, or environment state from a later story stage into this panel. Pre-fight children must not be muddy, wet, heavily grimy, post-fight, or post-escape. Do not make Xiao Man look like a smaller Xiao Chuan: no shared anxious round-eyed face, no right-ear anchor, no same spiky hair.",游戏机房门口、旧卷帘门、昏黄路灯、门内 CRT 漏光、三兄弟全男孩 / Environment continuity lock,S2_EXIT_TO_STANDOFF,离场对峙阶段 / Exit to standoff,角色焦点：三兄弟/环境；连续性：游戏机房门口、旧卷帘门、昏黄路灯、门内 CRT 漏光、三兄弟全男孩 / Character focus: 三兄弟/环境; continuity: 游戏机房门口、旧卷帘门、昏黄路灯、门内 CRT 漏光、三兄弟全男孩,角色焦点：三兄弟/环境；连续性：游戏机房门口、旧卷帘门、昏黄路灯、门内 CRT 漏光、三兄弟全男孩 / Character focus: 三兄弟/环境; continuity: 游戏机房门口、旧卷帘门、昏黄路灯、门内 CRT 漏光、三兄弟全男孩,开心边缘出现不安 / Emotion state from panel plan,游戏机房门口、旧卷帘门、昏黄路灯、门内 CRT 漏光、三兄弟全男孩 / Environment continuity lock,whitebox_renders_v2/B03/WB2_EXIT_MSB065.png
MSB066,B03,08,偏僻小路,SCN_ALLEY,CAM_ALLEY_01_WALK_HOME,keyframe,A,visual_assets/pure/micro_storyboard/B03/MSB066_v001.png,visual_assets/annotated/micro_storyboard/B03/MSB066_v001_annotated.png,"Create a pure cinematic image for AIGC video generation, 16:9 landscape, high-resolution film still quality, no visible text or annotations. 1990s small-town China, Chinese dreamcore realism, humid yellowed childhood memory, low light, subtle VHS grain, real old clothes and lived-in surfaces. Preserve character design v2 and scene spatial bible v1. Story-stage lock: S2_EXIT_TO_STANDOFF 【部分原文损坏，需从源文件重建 / Partial source text corrupted; rebuild from source】","No text, no captions, no Chinese characters, no English letters, no labels, no arrows, no diagrams, no storyboard frame, no contact sheet, no sketch lines, no layout notes, no watermark. Avoid: 大街、车流、现代路灯、人群、追逐提前开始; 小路不够偏僻、石块未预埋. Do not change scene layout, character identities, clothing, lighting direction, or camera axis. Do not leak wardrobe, dirt, injury, expression, or environment state from a later story stage into this panel. Pre-fight children must not be muddy, wet, heavily grimy, post-fight, or post-escape. Do not make Xiao Man look like a smaller Xiao Chuan: no shared anxious round-eyed face, no right-ear anchor, no same spiky hair.",老小区背后偏僻小路、围墙、杂草、碎砖石、潮湿地面、旧路灯，三兄弟从游戏机房回家 / Environment continuity lock,S2_EXIT_TO_STANDOFF,离场对峙阶段 / Exit to standoff,角色焦点：环境；连续性：老小区背后偏僻小路、围墙、杂草、碎砖石、潮湿地面、旧路灯，三兄弟从游戏机房回家 / Character focus: 环境; continuity: 老小区背后偏僻小路、围墙、杂草、碎砖石、潮湿地面、旧路灯，三兄弟从游戏机房回家,角色焦点：环境；连续性：老小区背后偏僻小路、围墙、杂草、碎砖石、潮湿地面、旧路灯，三兄弟从游戏机房回家 / Character focus: 环境; continuity: 老小区背后偏僻小路、围墙、杂草、碎砖石、潮湿地面、旧路灯，三兄弟从游戏机房回家,无人物，偏僻感 / Emotion state from panel plan,老小区背后偏僻小路、围墙、杂草、碎砖石、潮湿地面、旧路灯，三兄弟从游戏机房回家 / Environment continuity lock,whitebox_renders_v2/B03/WB2_ALLEY_MSB066.png
MSB067,B03,08,偏僻小路,SCN_ALLEY,CAM_ALLEY_01_WALK_HOME,start_frame,A,visual_assets/pure/micro_storyboard/B03/MSB067_v001.png,visual_assets/annotated/micro_storyboard/B03/MSB067_v001_annotated.png,"Create a pure cinematic image for AIGC video generation, 16:9 landscape, high-resolution film still quality, no visible text or annotations. 1990s small-town China, Chinese dreamcore realism, humid yellowed childhood memory, low light, subtle VHS grain, real old clothes and lived-in surfaces. Preserve character design v2 and scene spatial bible v1. Story-stage lock: S2_EXIT_TO_STANDOFF 【部分原文损坏，需从源文件重建 / Partial source text corrupted; rebuild from source】","No text, no captions, no Chinese characters, no English letters, no labels, no arrows, no diagrams, no storyboard frame, no contact sheet, no sketch lines, no layout notes, no watermark. Avoid: 大街、车流、现代路灯、人群、追逐提前开始; 小路不够偏僻、石块未预埋. Do not change scene layout, character identities, clothing, lighting direction, or camera axis. Do not leak wardrobe, dirt, injury, expression, or environment state from a later story stage into this panel. Pre-fight children must not be muddy, wet, heavily grimy, post-fight, or post-escape. Do not make Xiao Man look like a smaller Xiao Chuan: no shared anxious round-eyed face, no right-ear anchor, no same spiky hair.",老小区背后偏僻小路、围墙、杂草、碎砖石、潮湿地面、旧路灯，三兄弟从游戏机房回家 / Environment continuity lock,S2_EXIT_TO_STANDOFF,离场对峙阶段 / Exit to standoff,角色焦点：三兄弟；连续性：老小区背后偏僻小路、围墙、杂草、碎砖石、潮湿地面、旧路灯，三兄弟从游戏机房回家 / Character focus: 三兄弟; continuity: 老小区背后偏僻小路、围墙、杂草、碎砖石、潮湿地面、旧路灯，三兄弟从游戏机房回家,角色焦点：三兄弟；连续性：老小区背后偏僻小路、围墙、杂草、碎砖石、潮湿地面、旧路灯，三兄弟从游戏机房回家 / Character focus: 三兄弟; continuity: 老小区背后偏僻小路、围墙、杂草、碎砖石、潮湿地面、旧路灯，三兄弟从游戏机房回家,还在兴奋 / Emotion state from panel plan,老小区背后偏僻小路、围墙、杂草、碎砖石、潮湿地面、旧路灯，三兄弟从游戏机房回家 / Environment continuity lock,whitebox_renders_v2/B03/WB2_ALLEY_MSB067.png
MSB068,B03,08,偏僻小路,SCN_ALLEY,CAM_ALLEY_01_WALK_HOME,storyboard,B,visual_assets/pure/micro_storyboard/B03/MSB068_v001.png,visual_assets/annotated/micro_storyboard/B03/MSB068_v001_annotated.png,"Create a pure cinematic image for AIGC video generation, 16:9 landscape, high-resolution film still quality, no visible text or annotations. 1990s small-town China, Chinese dreamcore realism, humid yellowed childhood memory, low light, subtle VHS grain, real old clothes and lived-in surfaces. Preserve character design v2 and scene spatial bible v1. Story-stage lock: S2_EXIT_TO_STANDOFF 【部分原文损坏，需从源文件重建 / Partial source text corrupted; rebuild from source】","No text, no captions, no Chinese characters, no English letters, no labels, no arrows, no diagrams, no storyboard frame, no contact sheet, no sketch lines, no layout notes, no watermark. Avoid: 大街、车流、现代路灯、人群、追逐提前开始; 小路不够偏僻、石块未预埋. Do not change scene layout, character identities, clothing, lighting direction, or camera axis. Do not leak wardrobe, dirt, injury, expression, or environment state from a later story stage into this panel. Pre-fight children must not be muddy, wet, heavily grimy, post-fight, or post-escape. Do not make Xiao Man look like a smaller Xiao Chuan: no shared anxious round-eyed face, no right-ear anchor, no same spiky hair.",老小区背后偏僻小路、围墙、杂草、碎砖石、潮湿地面、旧路灯，三兄弟从游戏机房回家 / Environment continuity lock,S2_EXIT_TO_STANDOFF,离场对峙阶段 / Exit to standoff,角色焦点：阿磊/小川；连续性：老小区背后偏僻小路、围墙、杂草、碎砖石、潮湿地面、旧路灯，三兄弟从游戏机房回家 / Character focus: 阿磊/小川; continuity: 老小区背后偏僻小路、围墙、杂草、碎砖石、潮湿地面、旧路灯，三兄弟从游戏机房回家,角色焦点：阿磊/小川；连续性：老小区背后偏僻小路、围墙、杂草、碎砖石、潮湿地面、旧路灯，三兄弟从游戏机房回家 / Character focus: 阿磊/小川; continuity: 老小区背后偏僻小路、围墙、杂草、碎砖石、潮湿地面、旧路灯，三兄弟从游戏机房回家,阿磊得意，小川崇拜 / Emotion state from panel plan,老小区背后偏僻小路、围墙、杂草、碎砖石、潮湿地面、旧路灯，三兄弟从游戏机房回家 / Environment continuity lock,whitebox_renders_v2/B03/WB2_ALLEY_MSB068.png
MSB069,B03,08,偏僻小路,SCN_ALLEY,CAM_ALLEY_01_WALK_HOME,storyboard,C,visual_assets/pure/micro_storyboard/B03/MSB069_v001.png,visual_assets/annotated/micro_storyboard/B03/MSB069_v001_annotated.png,"Create a pure cinematic image for AIGC video generation, 16:9 landscape, high-resolution film still quality, no visible text or annotations. 1990s small-town China, Chinese dreamcore realism, humid yellowed childhood memory, low light, subtle VHS grain, real old clothes and lived-in surfaces. Preserve character design v2 and scene spatial bible v1. Story-stage lock: S2_EXIT_TO_STANDOFF 【部分原文损坏，需从源文件重建 / Partial source text corrupted; rebuild from source】","No text, no captions, no Chinese characters, no English letters, no labels, no arrows, no diagrams, no storyboard frame, no contact sheet, no sketch lines, no layout notes, no watermark. Avoid: 大街、车流、现代路灯、人群、追逐提前开始; 小路不够偏僻、石块未预埋. Do not change scene layout, character identities, clothing, lighting direction, or camera axis. Do not leak wardrobe, dirt, injury, expression, or environment state from a later story stage into this panel. Pre-fight children must not be muddy, wet, heavily grimy, post-fight, or post-escape. Do not make Xiao Man look like a smaller Xiao Chuan: no shared anxious round-eyed face, no right-ear anchor, no same spiky hair.",老小区背后偏僻小路、围墙、杂草、碎砖石、潮湿地面、旧路灯，三兄弟从游戏机房回家 / Environment continuity lock,S2_EXIT_TO_STANDOFF,离场对峙阶段 / Exit to standoff,角色焦点：小满；连续性：老小区背后偏僻小路、围墙、杂草、碎砖石、潮湿地面、旧路灯，三兄弟从游戏机房回家 / Character focus: 小满; continuity: 老小区背后偏僻小路、围墙、杂草、碎砖石、潮湿地面、旧路灯，三兄弟从游戏机房回家,角色焦点：小满；连续性：老小区背后偏僻小路、围墙、杂草、碎砖石、潮湿地面、旧路灯，三兄弟从游戏机房回家 / Character focus: 小满; continuity: 老小区背后偏僻小路、围墙、杂草、碎砖石、潮湿地面、旧路灯，三兄弟从游戏机房回家,放松但迟缓 / Emotion state from panel plan,老小区背后偏僻小路、围墙、杂草、碎砖石、潮湿地面、旧路灯，三兄弟从游戏机房回家 / Environment continuity lock,whitebox_renders_v2/B03/WB2_ALLEY_MSB069.png
MSB070,B03,08,偏僻小路,SCN_ALLEY,CAM_ALLEY_01_WALK_HOME,prop,A,visual_assets/pure/micro_storyboard/B03/MSB070_v001.png,visual_assets/annotated/micro_storyboard/B03/MSB070_v001_annotated.png,"Create a pure cinematic image for AIGC video generation, 16:9 landscape, high-resolution film still quality, no visible text or annotations. 1990s small-town China, Chinese dreamcore realism, humid yellowed childhood memory, low light, subtle VHS grain, real old clothes and lived-in surfaces. Preserve character design v2 and scene spatial bible v1. Story-stage lock: S2_EXIT_TO_STANDOFF 【部分原文损坏，需从源文件重建 / Partial source text corrupted; rebuild from source】","No text, no captions, no Chinese characters, no English letters, no labels, no arrows, no diagrams, no storyboard frame, no contact sheet, no sketch lines, no layout notes, no watermark. Avoid: 大街、车流、现代路灯、人群、追逐提前开始; 小路不够偏僻、石块未预埋. Do not change scene layout, character identities, clothing, lighting direction, or camera axis. Do not leak wardrobe, dirt, injury, expression, or environment state from a later story stage into this panel. Pre-fight children must not be muddy, wet, heavily grimy, post-fight, or post-escape. Do not make Xiao Man look like a smaller Xiao Chuan: no shared anxious round-eyed face, no right-ear anchor, no same spiky hair.",老小区背后偏僻小路、围墙、杂草、碎砖石、潮湿地面、旧路灯，三兄弟从游戏机房回家 / Environment continuity lock,S2_EXIT_TO_STANDOFF,离场对峙阶段 / Exit to standoff,角色焦点：道具/环境；连续性：老小区背后偏僻小路、围墙、杂草、碎砖石、潮湿地面、旧路灯，三兄弟从游戏机房回家 / Character focus: 道具/环境; continuity: 老小区背后偏僻小路、围墙、杂草、碎砖石、潮湿地面、旧路灯，三兄弟从游戏机房回家,角色焦点：道具/环境；连续性：老小区背后偏僻小路、围墙、杂草、碎砖石、潮湿地面、旧路灯，三兄弟从游戏机房回家 / Character focus: 道具/环境; continuity: 老小区背后偏僻小路、围墙、杂草、碎砖石、潮湿地面、旧路灯，三兄弟从游戏机房回家,无人物 / Emotion state from panel plan,老小区背后偏僻小路、围墙、杂草、碎砖石、潮湿地面、旧路灯，三兄弟从游戏机房回家 / Environment continuity lock,whitebox_renders_v2/B03/WB2_ALLEY_MSB070.png
MSB071,B03,08,偏僻小路,SCN_ALLEY,CAM_ALLEY_01_WALK_HOME,storyboard,A,visual_assets/pure/micro_storyboard/B03/MSB071_v001.png,visual_assets/annotated/micro_storyboard/B03/MSB071_v001_annotated.png,"Create a pure cinematic image for AIGC video generation, 16:9 landscape, high-resolution film still quality, no visible text or annotations. 1990s small-town China, Chinese dreamcore realism, humid yellowed childhood memory, low light, subtle VHS grain, real old clothes and lived-in surfaces. Preserve character design v2 and scene spatial bible v1. Story-stage lock: S2_EXIT_TO_STANDOFF 【部分原文损坏，需从源文件重建 / Partial source text corrupted; rebuild from source】","No text, no captions, no Chinese characters, no English letters, no labels, no arrows, no diagrams, no storyboard frame, no contact sheet, no sketch lines, no layout notes, no watermark. Avoid: 大街、车流、现代路灯、人群、追逐提前开始; 小路不够偏僻、石块未预埋. Do not change scene layout, character identities, clothing, lighting direction, or camera axis. Do not leak wardrobe, dirt, injury, expression, or environment state from a later story stage into this panel. Pre-fight children must not be muddy, wet, heavily grimy, post-fight, or post-escape. Do not make Xiao Man look like a smaller Xiao Chuan: no shared anxious round-eyed face, no right-ear anchor, no same spiky hair.",老小区背后偏僻小路、围墙、杂草、碎砖石、潮湿地面、旧路灯，三兄弟从游戏机房回家 / Environment continuity lock,S2_EXIT_TO_STANDOFF,离场对峙阶段 / Exit to standoff,角色焦点：小川/道具；连续性：老小区背后偏僻小路、围墙、杂草、碎砖石、潮湿地面、旧路灯，三兄弟从游戏机房回家 / Character focus: 小川/道具; continuity: 老小区背后偏僻小路、围墙、杂草、碎砖石、潮湿地面、旧路灯，三兄弟从游戏机房回家,角色焦点：小川/道具；连续性：老小区背后偏僻小路、围墙、杂草、碎砖石、潮湿地面、旧路灯，三兄弟从游戏机房回家 / Character focus: 小川/道具; continuity: 老小区背后偏僻小路、围墙、杂草、碎砖石、潮湿地面、旧路灯，三兄弟从游戏机房回家,开心余波 / Emotion state from panel plan,老小区背后偏僻小路、围墙、杂草、碎砖石、潮湿地面、旧路灯，三兄弟从游戏机房回家 / Environment continuity lock,whitebox_renders_v2/B03/WB2_ALLEY_MSB071.png
MSB072,B03,08,偏僻小路,SCN_ALLEY,CAM_ALLEY_01_WALK_HOME,storyboard,A,visual_assets/pure/micro_storyboard/B03/MSB072_v001.png,visual_assets/annotated/micro_storyboard/B03/MSB072_v001_annotated.png,"Create a pure cinematic image for AIGC video generation, 16:9 landscape, high-resolution film still quality, no visible text or annotations. 1990s small-town China, Chinese dreamcore realism, humid yellowed childhood memory, low light, subtle VHS grain, real old clothes and lived-in surfaces. Preserve character design v2 and scene spatial bible v1. Story-stage lock: S2_EXIT_TO_STANDOFF 【部分原文损坏，需从源文件重建 / Partial source text corrupted; rebuild from source】","No text, no captions, no Chinese characters, no English letters, no labels, no arrows, no diagrams, no storyboard frame, no contact sheet, no sketch lines, no layout notes, no watermark. Avoid: 大街、车流、现代路灯、人群、追逐提前开始; 小路不够偏僻、石块未预埋. Do not change scene layout, character identities, clothing, lighting direction, or camera axis. Do not leak wardrobe, dirt, injury, expression, or environment state from a later story stage into this panel. Pre-fight children must not be muddy, wet, heavily grimy, post-fight, or post-escape. Do not make Xiao Man look like a smaller Xiao Chuan: no shared anxious round-eyed face, no right-ear anchor, no same spiky hair.",老小区背后偏僻小路、围墙、杂草、碎砖石、潮湿地面、旧路灯，三兄弟从游戏机房回家 / Environment continuity lock,S2_EXIT_TO_STANDOFF,离场对峙阶段 / Exit to standoff,角色焦点：混混远影/三兄弟；连续性：老小区背后偏僻小路、围墙、杂草、碎砖石、潮湿地面、旧路灯，三兄弟从游戏机房回家 / Character focus: 混混远影/三兄弟; continuity: 老小区背后偏僻小路、围墙、杂草、碎砖石、潮湿地面、旧路灯，三兄弟从游戏机房回家,角色焦点：混混远影/三兄弟；连续性：老小区背后偏僻小路、围墙、杂草、碎砖石、潮湿地面、旧路灯，三兄弟从游戏机房回家 / Character focus: 混混远影/三兄弟; continuity: 老小区背后偏僻小路、围墙、杂草、碎砖石、潮湿地面、旧路灯，三兄弟从游戏机房回家,危险初现 / Emotion state from panel plan,老小区背后偏僻小路、围墙、杂草、碎砖石、潮湿地面、旧路灯，三兄弟从游戏机房回家 / Environment continuity lock,whitebox_renders_v2/B03/WB2_ALLEY_MSB072.png
MSB073,B03,08,偏僻小路,SCN_ALLEY,CAM_ALLEY_01_WALK_HOME,storyboard,A,visual_assets/pure/micro_storyboard/B03/MSB073_v001.png,visual_assets/annotated/micro_storyboard/B03/MSB073_v001_annotated.png,"Create a pure cinematic image for AIGC video generation, 16:9 landscape, high-resolution film still quality, no visible text or annotations. 1990s small-town China, Chinese dreamcore realism, humid yellowed childhood memory, low light, subtle VHS grain, real old clothes and lived-in surfaces. Preserve character design v2 and scene spatial bible v1. Story-stage lock: S2_EXIT_TO_STANDOFF 【部分原文损坏，需从源文件重建 / Partial source text corrupted; rebuild from source】","No text, no captions, no Chinese characters, no English letters, no labels, no arrows, no diagrams, no storyboard frame, no contact sheet, no sketch lines, no layout notes, no watermark. Avoid: 大街、车流、现代路灯、人群、追逐提前开始; 小路不够偏僻、石块未预埋. Do not change scene layout, character identities, clothing, lighting direction, or camera axis. Do not leak wardrobe, dirt, injury, expression, or environment state from a later story stage into this panel. Pre-fight children must not be muddy, wet, heavily grimy, post-fight, or post-escape. Do not make Xiao Man look like a smaller Xiao Chuan: no shared anxious round-eyed face, no right-ear anchor, no same spiky hair.",老小区背后偏僻小路、围墙、杂草、碎砖石、潮湿地面、旧路灯，三兄弟从游戏机房回家 / Environment continuity lock,S2_EXIT_TO_STANDOFF,离场对峙阶段 / Exit to standoff,角色焦点：阿磊；连续性：老小区背后偏僻小路、围墙、杂草、碎砖石、潮湿地面、旧路灯，三兄弟从游戏机房回家 / Character focus: 阿磊; continuity: 老小区背后偏僻小路、围墙、杂草、碎砖石、潮湿地面、旧路灯，三兄弟从游戏机房回家,角色焦点：阿磊；连续性：老小区背后偏僻小路、围墙、杂草、碎砖石、潮湿地面、旧路灯，三兄弟从游戏机房回家 / Character focus: 阿磊; continuity: 老小区背后偏僻小路、围墙、杂草、碎砖石、潮湿地面、旧路灯，三兄弟从游戏机房回家,从得意转警觉 / Emotion state from panel plan,老小区背后偏僻小路、围墙、杂草、碎砖石、潮湿地面、旧路灯，三兄弟从游戏机房回家 / Environment continuity lock,whitebox_renders_v2/B03/WB2_ALLEY_MSB073.png
MSB074,B03,08,偏僻小路,SCN_ALLEY,CAM_ALLEY_01_WALK_HOME,storyboard,B,visual_assets/pure/micro_storyboard/B03/MSB074_v001.png,visual_assets/annotated/micro_storyboard/B03/MSB074_v001_annotated.png,"Create a pure cinematic image for AIGC video generation, 16:9 landscape, high-resolution film still quality, no visible text or annotations. 1990s small-town China, Chinese dreamcore realism, humid yellowed childhood memory, low light, subtle VHS grain, real old clothes and lived-in surfaces. Preserve character design v2 and scene spatial bible v1. Story-stage lock: S2_EXIT_TO_STANDOFF 【部分原文损坏，需从源文件重建 / Partial source text corrupted; rebuild from source】","No text, no captions, no Chinese characters, no English letters, no labels, no arrows, no diagrams, no storyboard frame, no contact sheet, no sketch lines, no layout notes, no watermark. Avoid: 大街、车流、现代路灯、人群、追逐提前开始; 小路不够偏僻、石块未预埋. Do not change scene layout, character identities, clothing, lighting direction, or camera axis. Do not leak wardrobe, dirt, injury, expression, or environment state from a later story stage into this panel. Pre-fight children must not be muddy, wet, heavily grimy, post-fight, or post-escape. Do not make Xiao Man look like a smaller Xiao Chuan: no shared anxious round-eyed face, no right-ear anchor, no same spiky hair.",老小区背后偏僻小路、围墙、杂草、碎砖石、潮湿地面、旧路灯，三兄弟从游戏机房回家 / Environment continuity lock,S2_EXIT_TO_STANDOFF,离场对峙阶段 / Exit to standoff,角色焦点：小川；连续性：老小区背后偏僻小路、围墙、杂草、碎砖石、潮湿地面、旧路灯，三兄弟从游戏机房回家 / Character focus: 小川; continuity: 老小区背后偏僻小路、围墙、杂草、碎砖石、潮湿地面、旧路灯，三兄弟从游戏机房回家,角色焦点：小川；连续性：老小区背后偏僻小路、围墙、杂草、碎砖石、潮湿地面、旧路灯，三兄弟从游戏机房回家 / Character focus: 小川; continuity: 老小区背后偏僻小路、围墙、杂草、碎砖石、潮湿地面、旧路灯，三兄弟从游戏机房回家,不明所以的紧张 / Emotion state from panel plan,老小区背后偏僻小路、围墙、杂草、碎砖石、潮湿地面、旧路灯，三兄弟从游戏机房回家 / Environment continuity lock,whitebox_renders_v2/B03/WB2_ALLEY_MSB074.png
MSB075,B03,08,偏僻小路,SCN_ALLEY,CAM_ALLEY_01_WALK_HOME,end_frame,A,visual_assets/pure/micro_storyboard/B03/MSB075_v001.png,visual_assets/annotated/micro_storyboard/B03/MSB075_v001_annotated.png,"Create a pure cinematic image for AIGC video generation, 16:9 landscape, high-resolution film still quality, no visible text or annotations. 1990s small-town China, Chinese dreamcore realism, humid yellowed childhood memory, low light, subtle VHS grain, real old clothes and lived-in surfaces. Preserve character design v2 and scene spatial bible v1. Story-stage lock: S2_EXIT_TO_STANDOFF 【部分原文损坏，需从源文件重建 / Partial source text corrupted; rebuild from source】","No text, no captions, no Chinese characters, no English letters, no labels, no arrows, no diagrams, no storyboard frame, no contact sheet, no sketch lines, no layout notes, no watermark. Avoid: 大街、车流、现代路灯、人群、追逐提前开始; 小路不够偏僻、石块未预埋. Do not change scene layout, character identities, clothing, lighting direction, or camera axis. Do not leak wardrobe, dirt, injury, expression, or environment state from a later story stage into this panel. Pre-fight children must not be muddy, wet, heavily grimy, post-fight, or post-escape. Do not make Xiao Man look like a smaller Xiao Chuan: no shared anxious round-eyed face, no right-ear anchor, no same spiky hair.",老小区背后偏僻小路、围墙、杂草、碎砖石、潮湿地面、旧路灯，三兄弟从游戏机房回家 / Environment continuity lock,S2_EXIT_TO_STANDOFF,离场对峙阶段 / Exit to standoff,角色焦点：三兄弟/环境；连续性：老小区背后偏僻小路、围墙、杂草、碎砖石、潮湿地面、旧路灯，三兄弟从游戏机房回家 / Character focus: 三兄弟/环境; continuity: 老小区背后偏僻小路、围墙、杂草、碎砖石、潮湿地面、旧路灯，三兄弟从游戏机房回家,角色焦点：三兄弟/环境；连续性：老小区背后偏僻小路、围墙、杂草、碎砖石、潮湿地面、旧路灯，三兄弟从游戏机房回家 / Character focus: 三兄弟/环境; continuity: 老小区背后偏僻小路、围墙、杂草、碎砖石、潮湿地面、旧路灯，三兄弟从游戏机房回家,兴奋完全消失 / Emotion state from panel plan,老小区背后偏僻小路、围墙、杂草、碎砖石、潮湿地面、旧路灯，三兄弟从游戏机房回家 / Environment continuity lock,whitebox_renders_v2/B03/WB2_ALLEY_MSB075.png
MSB076,B03,09,四人堵路,SCN_ALLEY,CAM_ALLEY_02_BLOCKED,keyframe,A,visual_assets/pure/micro_storyboard/B03/MSB076_v001.png,visual_assets/annotated/micro_storyboard/B03/MSB076_v001_annotated.png,"Create a pure cinematic image for AIGC video generation, 16:9 landscape, high-resolution film still quality, no visible text or annotations. 1990s small-town China, Chinese dreamcore realism, humid yellowed childhood memory, low light, subtle VHS grain, real old clothes and lived-in surfaces. Preserve character design v2 and scene spatial bible v1. Story-stage lock: S2_EXIT_TO_STANDOFF 【部分原文损坏，需从源文件重建 / Partial source text corrupted; rebuild from source】","No text, no captions, no Chinese characters, no English letters, no labels, no arrows, no diagrams, no storyboard frame, no contact sheet, no sketch lines, no layout notes, no watermark. Avoid: 站位混乱、翻轴、立刻开打、额外人群、女生; 左右阵营反转、立刻开打. Do not change scene layout, character identities, clothing, lighting direction, or camera axis. Do not leak wardrobe, dirt, injury, expression, or environment state from a later story stage into this panel. Pre-fight children must not be muddy, wet, heavily grimy, post-fight, or post-escape. Do not make Xiao Man look like a smaller Xiao Chuan: no shared anxious round-eyed face, no right-ear anchor, no same spiky hair.",三兄弟左/近侧，四个混混右/远侧，彬子中心前压，高杆封边，大海堵中线，小齐边缘起哄 / Environment continuity lock,S2_EXIT_TO_STANDOFF,离场对峙阶段 / Exit to standoff,角色焦点：混混四人；连续性：三兄弟左/近侧，四个混混右/远侧，彬子中心前压，高杆封边，大海堵中线，小齐边缘起哄 / Character focus: 混混四人; continuity: 三兄弟左/近侧，四个混混右/远侧，彬子中心前压，高杆封边，大海堵中线，小齐边缘起哄,角色焦点：混混四人；连续性：三兄弟左/近侧，四个混混右/远侧，彬子中心前压，高杆封边，大海堵中线，小齐边缘起哄 / Character focus: 混混四人; continuity: 三兄弟左/近侧，四个混混右/远侧，彬子中心前压，高杆封边，大海堵中线，小齐边缘起哄,彬子凶，高杆冷，大海等命令，小齐兴奋 / Emotion state from panel plan,三兄弟左/近侧，四个混混右/远侧，彬子中心前压，高杆封边，大海堵中线，小齐边缘起哄 / Environment continuity lock,whitebox_renders_v2/B03/WB2_ALLEY_MSB076.png
MSB077,B03,09,四人堵路,SCN_ALLEY,CAM_ALLEY_02_BLOCKED,storyboard,A,visual_assets/pure/micro_storyboard/B03/MSB077_v001.png,visual_assets/annotated/micro_storyboard/B03/MSB077_v001_annotated.png,"Create a pure cinematic image for AIGC video generation, 16:9 landscape, high-resolution film still quality, no visible text or annotations. 1990s small-town China, Chinese dreamcore realism, humid yellowed childhood memory, low light, subtle VHS grain, real old clothes and lived-in surfaces. Preserve character design v2 and scene spatial bible v1. Story-stage lock: S2_EXIT_TO_STANDOFF 【部分原文损坏，需从源文件重建 / Partial source text corrupted; rebuild from source】","No text, no captions, no Chinese characters, no English letters, no labels, no arrows, no diagrams, no storyboard frame, no contact sheet, no sketch lines, no layout notes, no watermark. Avoid: 站位混乱、翻轴、立刻开打、额外人群、女生; 左右阵营反转、立刻开打. Do not change scene layout, character identities, clothing, lighting direction, or camera axis. Do not leak wardrobe, dirt, injury, expression, or environment state from a later story stage into this panel. Pre-fight children must not be muddy, wet, heavily grimy, post-fight, or post-escape. Do not make Xiao Man look like a smaller Xiao Chuan: no shared anxious round-eyed face, no right-ear anchor, no same spiky hair.",三兄弟左/近侧，四个混混右/远侧，彬子中心前压，高杆封边，大海堵中线，小齐边缘起哄 / Environment continuity lock,S2_EXIT_TO_STANDOFF,离场对峙阶段 / Exit to standoff,角色焦点：彬子；连续性：三兄弟左/近侧，四个混混右/远侧，彬子中心前压，高杆封边，大海堵中线，小齐边缘起哄 / Character focus: 彬子; continuity: 三兄弟左/近侧，四个混混右/远侧，彬子中心前压，高杆封边，大海堵中线，小齐边缘起哄,角色焦点：彬子；连续性：三兄弟左/近侧，四个混混右/远侧，彬子中心前压，高杆封边，大海堵中线，小齐边缘起哄 / Character focus: 彬子; continuity: 三兄弟左/近侧，四个混混右/远侧，彬子中心前压，高杆封边，大海堵中线，小齐边缘起哄,受辱后的凶 / Emotion state from panel plan,三兄弟左/近侧，四个混混右/远侧，彬子中心前压，高杆封边，大海堵中线，小齐边缘起哄 / Environment continuity lock,whitebox_renders_v2/B03/WB2_ALLEY_MSB077.png
MSB078,B03,09,四人堵路,SCN_ALLEY,CAM_ALLEY_02_BLOCKED,storyboard,A,visual_assets/pure/micro_storyboard/B03/MSB078_v001.png,visual_assets/annotated/micro_storyboard/B03/MSB078_v001_annotated.png,"Create a pure cinematic image for AIGC video generation, 16:9 landscape, high-resolution film still quality, no visible text or annotations. 1990s small-town China, Chinese dreamcore realism, humid yellowed childhood memory, low light, subtle VHS grain, real old clothes and lived-in surfaces. Preserve character design v2 and scene spatial bible v1. Story-stage lock: S2_EXIT_TO_STANDOFF 【部分原文损坏，需从源文件重建 / Partial source text corrupted; rebuild from source】","No text, no captions, no Chinese characters, no English letters, no labels, no arrows, no diagrams, no storyboard frame, no contact sheet, no sketch lines, no layout notes, no watermark. Avoid: 站位混乱、翻轴、立刻开打、额外人群、女生; 左右阵营反转、立刻开打. Do not change scene layout, character identities, clothing, lighting direction, or camera axis. Do not leak wardrobe, dirt, injury, expression, or environment state from a later story stage into this panel. Pre-fight children must not be muddy, wet, heavily grimy, post-fight, or post-escape. Do not make Xiao Man look like a smaller Xiao Chuan: no shared anxious round-eyed face, no right-ear anchor, no same spiky hair.",三兄弟左/近侧，四个混混右/远侧，彬子中心前压，高杆封边，大海堵中线，小齐边缘起哄 / Environment continuity lock,S2_EXIT_TO_STANDOFF,离场对峙阶段 / Exit to standoff,角色焦点：高杆；连续性：三兄弟左/近侧，四个混混右/远侧，彬子中心前压，高杆封边，大海堵中线，小齐边缘起哄 / Character focus: 高杆; continuity: 三兄弟左/近侧，四个混混右/远侧，彬子中心前压，高杆封边，大海堵中线，小齐边缘起哄,角色焦点：高杆；连续性：三兄弟左/近侧，四个混混右/远侧，彬子中心前压，高杆封边，大海堵中线，小齐边缘起哄 / Character focus: 高杆; continuity: 三兄弟左/近侧，四个混混右/远侧，彬子中心前压，高杆封边，大海堵中线，小齐边缘起哄,半垂眼，不说话 / Emotion state from panel plan,三兄弟左/近侧，四个混混右/远侧，彬子中心前压，高杆封边，大海堵中线，小齐边缘起哄 / Environment continuity lock,whitebox_renders_v2/B03/WB2_ALLEY_MSB078.png
MSB079,B03,09,四人堵路,SCN_ALLEY,CAM_ALLEY_02_BLOCKED,storyboard,B,visual_assets/pure/micro_storyboard/B03/MSB079_v001.png,visual_assets/annotated/micro_storyboard/B03/MSB079_v001_annotated.png,"Create a pure cinematic image for AIGC video generation, 16:9 landscape, high-resolution film still quality, no visible text or annotations. 1990s small-town China, Chinese dreamcore realism, humid yellowed childhood memory, low light, subtle VHS grain, real old clothes and lived-in surfaces. Preserve character design v2 and scene spatial bible v1. Story-stage lock: S2_EXIT_TO_STANDOFF 【部分原文损坏，需从源文件重建 / Partial source text corrupted; rebuild from source】","No text, no captions, no Chinese characters, no English letters, no labels, no arrows, no diagrams, no storyboard frame, no contact sheet, no sketch lines, no layout notes, no watermark. Avoid: 站位混乱、翻轴、立刻开打、额外人群、女生; 左右阵营反转、立刻开打. Do not change scene layout, character identities, clothing, lighting direction, or camera axis. Do not leak wardrobe, dirt, injury, expression, or environment state from a later story stage into this panel. Pre-fight children must not be muddy, wet, heavily grimy, post-fight, or post-escape. Do not make Xiao Man look like a smaller Xiao Chuan: no shared anxious round-eyed face, no right-ear anchor, no same spiky hair.",三兄弟左/近侧，四个混混右/远侧，彬子中心前压，高杆封边，大海堵中线，小齐边缘起哄 / Environment continuity lock,S2_EXIT_TO_STANDOFF,离场对峙阶段 / Exit to standoff,角色焦点：大海；连续性：三兄弟左/近侧，四个混混右/远侧，彬子中心前压，高杆封边，大海堵中线，小齐边缘起哄 / Character focus: 大海; continuity: 三兄弟左/近侧，四个混混右/远侧，彬子中心前压，高杆封边，大海堵中线，小齐边缘起哄,角色焦点：大海；连续性：三兄弟左/近侧，四个混混右/远侧，彬子中心前压，高杆封边，大海堵中线，小齐边缘起哄 / Character focus: 大海; continuity: 三兄弟左/近侧，四个混混右/远侧，彬子中心前压，高杆封边，大海堵中线，小齐边缘起哄,看彬子等命令 / Emotion state from panel plan,三兄弟左/近侧，四个混混右/远侧，彬子中心前压，高杆封边，大海堵中线，小齐边缘起哄 / Environment continuity lock,whitebox_renders_v2/B03/WB2_ALLEY_MSB079.png
MSB080,B03,09,四人堵路,SCN_ALLEY,CAM_ALLEY_02_BLOCKED,storyboard,B,visual_assets/pure/micro_storyboard/B03/MSB080_v001.png,visual_assets/annotated/micro_storyboard/B03/MSB080_v001_annotated.png,"Create a pure cinematic image for AIGC video generation, 16:9 landscape, high-resolution film still quality, no visible text or annotations. 1990s small-town China, Chinese dreamcore realism, humid yellowed childhood memory, low light, subtle VHS grain, real old clothes and lived-in surfaces. Preserve character design v2 and scene spatial bible v1. Story-stage lock: S2_EXIT_TO_STANDOFF 【部分原文损坏，需从源文件重建 / Partial source text corrupted; rebuild from source】","No text, no captions, no Chinese characters, no English letters, no labels, no arrows, no diagrams, no storyboard frame, no contact sheet, no sketch lines, no layout notes, no watermark. Avoid: 站位混乱、翻轴、立刻开打、额外人群、女生; 左右阵营反转、立刻开打. Do not change scene layout, character identities, clothing, lighting direction, or camera axis. Do not leak wardrobe, dirt, injury, expression, or environment state from a later story stage into this panel. Pre-fight children must not be muddy, wet, heavily grimy, post-fight, or post-escape. Do not make Xiao Man look like a smaller Xiao Chuan: no shared anxious round-eyed face, no right-ear anchor, no same spiky hair.",三兄弟左/近侧，四个混混右/远侧，彬子中心前压，高杆封边，大海堵中线，小齐边缘起哄 / Environment continuity lock,S2_EXIT_TO_STANDOFF,离场对峙阶段 / Exit to standoff,角色焦点：小齐；连续性：三兄弟左/近侧，四个混混右/远侧，彬子中心前压，高杆封边，大海堵中线，小齐边缘起哄 / Character focus: 小齐; continuity: 三兄弟左/近侧，四个混混右/远侧，彬子中心前压，高杆封边，大海堵中线，小齐边缘起哄,角色焦点：小齐；连续性：三兄弟左/近侧，四个混混右/远侧，彬子中心前压，高杆封边，大海堵中线，小齐边缘起哄 / Character focus: 小齐; continuity: 三兄弟左/近侧，四个混混右/远侧，彬子中心前压，高杆封边，大海堵中线，小齐边缘起哄,兴奋讨好 / Emotion state from panel plan,三兄弟左/近侧，四个混混右/远侧，彬子中心前压，高杆封边，大海堵中线，小齐边缘起哄 / Environment continuity lock,whitebox_renders_v2/B03/WB2_ALLEY_MSB080.png
MSB081,B03,09,四人堵路,SCN_ALLEY,CAM_ALLEY_02_BLOCKED,keyframe,A,visual_assets/pure/micro_storyboard/B03/MSB081_v001.png,visual_assets/annotated/micro_storyboard/B03/MSB081_v001_annotated.png,"Create a pure cinematic image for AIGC video generation, 16:9 landscape, high-resolution film still quality, no visible text or annotations. 1990s small-town China, Chinese dreamcore realism, humid yellowed childhood memory, low light, subtle VHS grain, real old clothes and lived-in surfaces. Preserve character design v2 and scene spatial bible v1. Story-stage lock: S2_EXIT_TO_STANDOFF 【部分原文损坏，需从源文件重建 / Partial source text corrupted; rebuild from source】","No text, no captions, no Chinese characters, no English letters, no labels, no arrows, no diagrams, no storyboard frame, no contact sheet, no sketch lines, no layout notes, no watermark. Avoid: 站位混乱、翻轴、立刻开打、额外人群、女生; 左右阵营反转、立刻开打. Do not change scene layout, character identities, clothing, lighting direction, or camera axis. Do not leak wardrobe, dirt, injury, expression, or environment state from a later story stage into this panel. Pre-fight children must not be muddy, wet, heavily grimy, post-fight, or post-escape. Do not make Xiao Man look like a smaller Xiao Chuan: no shared anxious round-eyed face, no right-ear anchor, no same spiky hair.",三兄弟左/近侧，四个混混右/远侧，彬子中心前压，高杆封边，大海堵中线，小齐边缘起哄 / Environment continuity lock,S2_EXIT_TO_STANDOFF,离场对峙阶段 / Exit to standoff,角色焦点：阿磊/三兄弟；连续性：三兄弟左/近侧，四个混混右/远侧，彬子中心前压，高杆封边，大海堵中线，小齐边缘起哄 / Character focus: 阿磊/三兄弟; continuity: 三兄弟左/近侧，四个混混右/远侧，彬子中心前压，高杆封边，大海堵中线，小齐边缘起哄,角色焦点：阿磊/三兄弟；连续性：三兄弟左/近侧，四个混混右/远侧，彬子中心前压，高杆封边，大海堵中线，小齐边缘起哄 / Character focus: 阿磊/三兄弟; continuity: 三兄弟左/近侧，四个混混右/远侧，彬子中心前压，高杆封边，大海堵中线，小齐边缘起哄,强撑，怕但要挡 / Emotion state from panel plan,三兄弟左/近侧，四个混混右/远侧，彬子中心前压，高杆封边，大海堵中线，小齐边缘起哄 / Environment continuity lock,whitebox_renders_v2/B03/WB2_ALLEY_MSB081.png
MSB082,B03,09,四人堵路,SCN_ALLEY,CAM_ALLEY_02_BLOCKED,storyboard,A,visual_assets/pure/micro_storyboard/B03/MSB082_v001.png,visual_assets/annotated/micro_storyboard/B03/MSB082_v001_annotated.png,"Create a pure cinematic image for AIGC video generation, 16:9 landscape, high-resolution film still quality, no visible text or annotations. 1990s small-town China, Chinese dreamcore realism, humid yellowed childhood memory, low light, subtle VHS grain, real old clothes and lived-in surfaces. Preserve character design v2 and scene spatial bible v1. Story-stage lock: S2_EXIT_TO_STANDOFF 【部分原文损坏，需从源文件重建 / Partial source text corrupted; rebuild from source】","No text, no captions, no Chinese characters, no English letters, no labels, no arrows, no diagrams, no storyboard frame, no contact sheet, no sketch lines, no layout notes, no watermark. Avoid: 站位混乱、翻轴、立刻开打、额外人群、女生; 左右阵营反转、立刻开打. Do not change scene layout, character identities, clothing, lighting direction, or camera axis. Do not leak wardrobe, dirt, injury, expression, or environment state from a later story stage into this panel. Pre-fight children must not be muddy, wet, heavily grimy, post-fight, or post-escape. Do not make Xiao Man look like a smaller Xiao Chuan: no shared anxious round-eyed face, no right-ear anchor, no same spiky hair.",三兄弟左/近侧，四个混混右/远侧，彬子中心前压，高杆封边，大海堵中线，小齐边缘起哄 / Environment continuity lock,S2_EXIT_TO_STANDOFF,离场对峙阶段 / Exit to standoff,角色焦点：小川；连续性：三兄弟左/近侧，四个混混右/远侧，彬子中心前压，高杆封边，大海堵中线，小齐边缘起哄 / Character focus: 小川; continuity: 三兄弟左/近侧，四个混混右/远侧，彬子中心前压，高杆封边，大海堵中线，小齐边缘起哄,角色焦点：小川；连续性：三兄弟左/近侧，四个混混右/远侧，彬子中心前压，高杆封边，大海堵中线，小齐边缘起哄 / Character focus: 小川; continuity: 三兄弟左/近侧，四个混混右/远侧，彬子中心前压，高杆封边，大海堵中线，小齐边缘起哄,紧张，理解危险 / Emotion state from panel plan,三兄弟左/近侧，四个混混右/远侧，彬子中心前压，高杆封边，大海堵中线，小齐边缘起哄 / Environment continuity lock,whitebox_renders_v2/B03/WB2_ALLEY_MSB082.png
MSB083,B03,09,四人堵路,SCN_ALLEY,CAM_ALLEY_02_BLOCKED,storyboard,B,visual_assets/pure/micro_storyboard/B03/MSB083_v001.png,visual_assets/annotated/micro_storyboard/B03/MSB083_v001_annotated.png,"Create a pure cinematic image for AIGC video generation, 16:9 landscape, high-resolution film still quality, no visible text or annotations. 1990s small-town China, Chinese dreamcore realism, humid yellowed childhood memory, low light, subtle VHS grain, real old clothes and lived-in surfaces. Preserve character design v2 and scene spatial bible v1. Story-stage lock: S2_EXIT_TO_STANDOFF 【部分原文损坏，需从源文件重建 / Partial source text corrupted; rebuild from source】","No text, no captions, no Chinese characters, no English letters, no labels, no arrows, no diagrams, no storyboard frame, no contact sheet, no sketch lines, no layout notes, no watermark. Avoid: 站位混乱、翻轴、立刻开打、额外人群、女生; 左右阵营反转、立刻开打. Do not change scene layout, character identities, clothing, lighting direction, or camera axis. Do not leak wardrobe, dirt, injury, expression, or environment state from a later story stage into this panel. Pre-fight children must not be muddy, wet, heavily grimy, post-fight, or post-escape. Do not make Xiao Man look like a smaller Xiao Chuan: no shared anxious round-eyed face, no right-ear anchor, no same spiky hair.",三兄弟左/近侧，四个混混右/远侧，彬子中心前压，高杆封边，大海堵中线，小齐边缘起哄 / Environment continuity lock,S2_EXIT_TO_STANDOFF,离场对峙阶段 / Exit to standoff,角色焦点：小满；连续性：三兄弟左/近侧，四个混混右/远侧，彬子中心前压，高杆封边，大海堵中线，小齐边缘起哄 / Character focus: 小满; continuity: 三兄弟左/近侧，四个混混右/远侧，彬子中心前压，高杆封边，大海堵中线，小齐边缘起哄,角色焦点：小满；连续性：三兄弟左/近侧，四个混混右/远侧，彬子中心前压，高杆封边，大海堵中线，小齐边缘起哄 / Character focus: 小满; continuity: 三兄弟左/近侧，四个混混右/远侧，彬子中心前压，高杆封边，大海堵中线，小齐边缘起哄,茫然害怕 / Emotion state from panel plan,三兄弟左/近侧，四个混混右/远侧，彬子中心前压，高杆封边，大海堵中线，小齐边缘起哄 / Environment continuity lock,whitebox_renders_v2/B03/WB2_ALLEY_MSB083.png
MSB084,B03,09,四人堵路,SCN_ALLEY,CAM_ALLEY_02_BLOCKED,storyboard,A,visual_assets/pure/micro_storyboard/B03/MSB084_v001.png,visual_assets/annotated/micro_storyboard/B03/MSB084_v001_annotated.png,"Create a pure cinematic image for AIGC video generation, 16:9 landscape, high-resolution film still quality, no visible text or annotations. 1990s small-town China, Chinese dreamcore realism, humid yellowed childhood memory, low light, subtle VHS grain, real old clothes and lived-in surfaces. Preserve character design v2 and scene spatial bible v1. Story-stage lock: S2_EXIT_TO_STANDOFF 【部分原文损坏，需从源文件重建 / Partial source text corrupted; rebuild from source】","No text, no captions, no Chinese characters, no English letters, no labels, no arrows, no diagrams, no storyboard frame, no contact sheet, no sketch lines, no layout notes, no watermark. Avoid: 站位混乱、翻轴、立刻开打、额外人群、女生; 左右阵营反转、立刻开打. Do not change scene layout, character identities, clothing, lighting direction, or camera axis. Do not leak wardrobe, dirt, injury, expression, or environment state from a later story stage into this panel. Pre-fight children must not be muddy, wet, heavily grimy, post-fight, or post-escape. Do not make Xiao Man look like a smaller Xiao Chuan: no shared anxious round-eyed face, no right-ear anchor, no same spiky hair.",三兄弟左/近侧，四个混混右/远侧，彬子中心前压，高杆封边，大海堵中线，小齐边缘起哄 / Environment continuity lock,S2_EXIT_TO_STANDOFF,离场对峙阶段 / Exit to standoff,角色焦点：全体；连续性：三兄弟左/近侧，四个混混右/远侧，彬子中心前压，高杆封边，大海堵中线，小齐边缘起哄 / Character focus: 全体; continuity: 三兄弟左/近侧，四个混混右/远侧，彬子中心前压，高杆封边，大海堵中线，小齐边缘起哄,角色焦点：全体；连续性：三兄弟左/近侧，四个混混右/远侧，彬子中心前压，高杆封边，大海堵中线，小齐边缘起哄 / Character focus: 全体; continuity: 三兄弟左/近侧，四个混混右/远侧，彬子中心前压，高杆封边，大海堵中线，小齐边缘起哄,对峙凝固 / Emotion state from panel plan,三兄弟左/近侧，四个混混右/远侧，彬子中心前压，高杆封边，大海堵中线，小齐边缘起哄 / Environment continuity lock,whitebox_renders_v2/B03/WB2_ALLEY_MSB084.png
MSB085,B03,09,四人堵路,SCN_ALLEY,CAM_ALLEY_02_BLOCKED,end_frame,A,visual_assets/pure/micro_storyboard/B03/MSB085_v001.png,visual_assets/annotated/micro_storyboard/B03/MSB085_v001_annotated.png,"Create a pure cinematic image for AIGC video generation, 16:9 landscape, high-resolution film still quality, no visible text or annotations. 1990s small-town China, Chinese dreamcore realism, humid yellowed childhood memory, low light, subtle VHS grain, real old clothes and lived-in surfaces. Preserve character design v2 and scene spatial bible v1. Story-stage lock: S2_EXIT_TO_STANDOFF 【部分原文损坏，需从源文件重建 / Partial source text corrupted; rebuild from source】","No text, no captions, no Chinese characters, no English letters, no labels, no arrows, no diagrams, no storyboard frame, no contact sheet, no sketch lines, no layout notes, no watermark. Avoid: 站位混乱、翻轴、立刻开打、额外人群、女生; 左右阵营反转、立刻开打. Do not change scene layout, character identities, clothing, lighting direction, or camera axis. Do not leak wardrobe, dirt, injury, expression, or environment state from a later story stage into this panel. Pre-fight children must not be muddy, wet, heavily grimy, post-fight, or post-escape. Do not make Xiao Man look like a smaller Xiao Chuan: no shared anxious round-eyed face, no right-ear anchor, no same spiky hair.",三兄弟左/近侧，四个混混右/远侧，彬子中心前压，高杆封边，大海堵中线，小齐边缘起哄 / Environment continuity lock,S2_EXIT_TO_STANDOFF,离场对峙阶段 / Exit to standoff,角色焦点：彬子/阿磊；连续性：三兄弟左/近侧，四个混混右/远侧，彬子中心前压，高杆封边，大海堵中线，小齐边缘起哄 / Character focus: 彬子/阿磊; continuity: 三兄弟左/近侧，四个混混右/远侧，彬子中心前压，高杆封边，大海堵中线，小齐边缘起哄,角色焦点：彬子/阿磊；连续性：三兄弟左/近侧，四个混混右/远侧，彬子中心前压，高杆封边，大海堵中线，小齐边缘起哄 / Character focus: 彬子/阿磊; continuity: 三兄弟左/近侧，四个混混右/远侧，彬子中心前压，高杆封边，大海堵中线，小齐边缘起哄,报复明确 / Emotion state from panel plan,三兄弟左/近侧，四个混混右/远侧，彬子中心前压，高杆封边，大海堵中线，小齐边缘起哄 / Environment continuity lock,whitebox_renders_v2/B03/WB2_ALLEY_MSB085.png
MSB086,B04,10,围殴哥哥,SCN_ALLEY,CAM_ALLEY_03_BROTHER_BEATEN,start_frame,A,visual_assets/pure/micro_storyboard/B04/MSB086_v001.png,visual_assets/annotated/micro_storyboard/B04/MSB086_v001_annotated.png,"Create a pure cinematic image for AIGC video generation, 16:9 landscape, high-resolution film still quality, no visible text or annotations. 1990s small-town China, Chinese dreamcore realism, humid yellowed childhood memory, low light, subtle VHS grain, real old clothes and lived-in surfaces. Preserve character design v2 and scene spatial bible v1. Story-stage lock: S3_ALLEY_PRESSURE 【部分原文损坏，需从源文件重建 / Partial source text corrupted; rebuild from source】","No text, no captions, no Chinese characters, no English letters, no labels, no arrows, no diagrams, no storyboard frame, no contact sheet, no sketch lines, no layout notes, no watermark. Avoid: 复杂武打、血腥、英雄反击、成年人暴力、镜头乱转; 复杂武打、血腥、英雄化. Do not change scene layout, character identities, clothing, lighting direction, or camera axis. Do not leak wardrobe, dirt, injury, expression, or environment state from a later story stage into this panel. Do not make Xiao Man look like a smaller Xiao Chuan: no shared anxious round-eyed face, no right-ear anchor, no same spiky hair.",哥哥在中心被围，小川侧面，小满墙边，四个混混轮廓不同，路灯黄，潮湿地面 / Environment continuity lock,S3_ALLEY_PRESSURE,巷道压迫阶段 / Alley pressure,角色焦点：阿磊/混混四人；连续性：哥哥在中心被围，小川侧面，小满墙边，四个混混轮廓不同，路灯黄，潮湿地面 / Character focus: 阿磊/混混四人; continuity: 哥哥在中心被围，小川侧面，小满墙边，四个混混轮廓不同，路灯黄，潮湿地面,角色焦点：阿磊/混混四人；连续性：哥哥在中心被围，小川侧面，小满墙边，四个混混轮廓不同，路灯黄，潮湿地面 / Character focus: 阿磊/混混四人; continuity: 哥哥在中心被围，小川侧面，小满墙边，四个混混轮廓不同，路灯黄，潮湿地面,阿磊强撑，四人压近 / Emotion state from panel plan,哥哥在中心被围，小川侧面，小满墙边，四个混混轮廓不同，路灯黄，潮湿地面 / Environment continuity lock,whitebox_renders_v2/B04/WB2_ALLEY_MSB086.png
MSB087,B04,10,围殴哥哥,SCN_ALLEY,CAM_ALLEY_03_BROTHER_BEATEN,storyboard,B,visual_assets/pure/micro_storyboard/B04/MSB087_v001.png,visual_assets/annotated/micro_storyboard/B04/MSB087_v001_annotated.png,"Create a pure cinematic image for AIGC video generation, 16:9 landscape, high-resolution film still quality, no visible text or annotations. 1990s small-town China, Chinese dreamcore realism, humid yellowed childhood memory, low light, subtle VHS grain, real old clothes and lived-in surfaces. Preserve character design v2 and scene spatial bible v1. Story-stage lock: S3_ALLEY_PRESSURE 【部分原文损坏，需从源文件重建 / Partial source text corrupted; rebuild from source】","No text, no captions, no Chinese characters, no English letters, no labels, no arrows, no diagrams, no storyboard frame, no contact sheet, no sketch lines, no layout notes, no watermark. Avoid: 复杂武打、血腥、英雄反击、成年人暴力、镜头乱转; 复杂武打、血腥、英雄化. Do not change scene layout, character identities, clothing, lighting direction, or camera axis. Do not leak wardrobe, dirt, injury, expression, or environment state from a later story stage into this panel. Do not make Xiao Man look like a smaller Xiao Chuan: no shared anxious round-eyed face, no right-ear anchor, no same spiky hair.",哥哥在中心被围，小川侧面，小满墙边，四个混混轮廓不同，路灯黄，潮湿地面 / Environment continuity lock,S3_ALLEY_PRESSURE,巷道压迫阶段 / Alley pressure,角色焦点：阿磊；连续性：哥哥在中心被围，小川侧面，小满墙边，四个混混轮廓不同，路灯黄，潮湿地面 / Character focus: 阿磊; continuity: 哥哥在中心被围，小川侧面，小满墙边，四个混混轮廓不同，路灯黄，潮湿地面,角色焦点：阿磊；连续性：哥哥在中心被围，小川侧面，小满墙边，四个混混轮廓不同，路灯黄，潮湿地面 / Character focus: 阿磊; continuity: 哥哥在中心被围，小川侧面，小满墙边，四个混混轮廓不同，路灯黄，潮湿地面,嘴硬，手先暴露害怕 / Emotion state from panel plan,哥哥在中心被围，小川侧面，小满墙边，四个混混轮廓不同，路灯黄，潮湿地面 / Environment continuity lock,whitebox_renders_v2/B04/WB2_ALLEY_MSB087.png
MSB088,B04,10,围殴哥哥,SCN_ALLEY,CAM_ALLEY_03_BROTHER_BEATEN,storyboard,A,visual_assets/pure/micro_storyboard/B04/MSB088_v001.png,visual_assets/annotated/micro_storyboard/B04/MSB088_v001_annotated.png,"Create a pure cinematic image for AIGC video generation, 16:9 landscape, high-resolution film still quality, no visible text or annotations. 1990s small-town China, Chinese dreamcore realism, humid yellowed childhood memory, low light, subtle VHS grain, real old clothes and lived-in surfaces. Preserve character design v2 and scene spatial bible v1. Story-stage lock: S3_ALLEY_PRESSURE 【部分原文损坏，需从源文件重建 / Partial source text corrupted; rebuild from source】","No text, no captions, no Chinese characters, no English letters, no labels, no arrows, no diagrams, no storyboard frame, no contact sheet, no sketch lines, no layout notes, no watermark. Avoid: 复杂武打、血腥、英雄反击、成年人暴力、镜头乱转; 复杂武打、血腥、英雄化. Do not change scene layout, character identities, clothing, lighting direction, or camera axis. Do not leak wardrobe, dirt, injury, expression, or environment state from a later story stage into this panel. Do not make Xiao Man look like a smaller Xiao Chuan: no shared anxious round-eyed face, no right-ear anchor, no same spiky hair.",哥哥在中心被围，小川侧面，小满墙边，四个混混轮廓不同，路灯黄，潮湿地面 / Environment continuity lock,S3_ALLEY_PRESSURE,巷道压迫阶段 / Alley pressure,角色焦点：高杆/阿磊；连续性：哥哥在中心被围，小川侧面，小满墙边，四个混混轮廓不同，路灯黄，潮湿地面 / Character focus: 高杆/阿磊; continuity: 哥哥在中心被围，小川侧面，小满墙边，四个混混轮廓不同，路灯黄，潮湿地面,角色焦点：高杆/阿磊；连续性：哥哥在中心被围，小川侧面，小满墙边，四个混混轮廓不同，路灯黄，潮湿地面 / Character focus: 高杆/阿磊; continuity: 哥哥在中心被围，小川侧面，小满墙边，四个混混轮廓不同，路灯黄，潮湿地面,高杆冷，阿磊被限制 / Emotion state from panel plan,哥哥在中心被围，小川侧面，小满墙边，四个混混轮廓不同，路灯黄，潮湿地面 / Environment continuity lock,whitebox_renders_v2/B04/WB2_ALLEY_MSB088.png
MSB089,B04,10,围殴哥哥,SCN_ALLEY,CAM_ALLEY_03_BROTHER_BEATEN,storyboard,A,visual_assets/pure/micro_storyboard/B04/MSB089_v001.png,visual_assets/annotated/micro_storyboard/B04/MSB089_v001_annotated.png,"Create a pure cinematic image for AIGC video generation, 16:9 landscape, high-resolution film still quality, no visible text or annotations. 1990s small-town China, Chinese dreamcore realism, humid yellowed childhood memory, low light, subtle VHS grain, real old clothes and lived-in surfaces. Preserve character design v2 and scene spatial bible v1. Story-stage lock: S3_ALLEY_PRESSURE 【部分原文损坏，需从源文件重建 / Partial source text corrupted; rebuild from source】","No text, no captions, no Chinese characters, no English letters, no labels, no arrows, no diagrams, no storyboard frame, no contact sheet, no sketch lines, no layout notes, no watermark. Avoid: 复杂武打、血腥、英雄反击、成年人暴力、镜头乱转; 复杂武打、血腥、英雄化. Do not change scene layout, character identities, clothing, lighting direction, or camera axis. Do not leak wardrobe, dirt, injury, expression, or environment state from a later story stage into this panel. Do not make Xiao Man look like a smaller Xiao Chuan: no shared anxious round-eyed face, no right-ear anchor, no same spiky hair.",哥哥在中心被围，小川侧面，小满墙边，四个混混轮廓不同，路灯黄，潮湿地面 / Environment continuity lock,S3_ALLEY_PRESSURE,巷道压迫阶段 / Alley pressure,角色焦点：大海/阿磊；连续性：哥哥在中心被围，小川侧面，小满墙边，四个混混轮廓不同，路灯黄，潮湿地面 / Character focus: 大海/阿磊; continuity: 哥哥在中心被围，小川侧面，小满墙边，四个混混轮廓不同，路灯黄，潮湿地面,角色焦点：大海/阿磊；连续性：哥哥在中心被围，小川侧面，小满墙边，四个混混轮廓不同，路灯黄，潮湿地面 / Character focus: 大海/阿磊; continuity: 哥哥在中心被围，小川侧面，小满墙边，四个混混轮廓不同，路灯黄，潮湿地面,大海执行命令 / Emotion state from panel plan,哥哥在中心被围，小川侧面，小满墙边，四个混混轮廓不同，路灯黄，潮湿地面 / Environment continuity lock,whitebox_renders_v2/B04/WB2_ALLEY_MSB089.png
MSB090,B04,10,围殴哥哥,SCN_ALLEY,CAM_ALLEY_03_BROTHER_BEATEN,storyboard,B,visual_assets/pure/micro_storyboard/B04/MSB090_v001.png,visual_assets/annotated/micro_storyboard/B04/MSB090_v001_annotated.png,"Create a pure cinematic image for AIGC video generation, 16:9 landscape, high-resolution film still quality, no visible text or annotations. 1990s small-town China, Chinese dreamcore realism, humid yellowed childhood memory, low light, subtle VHS grain, real old clothes and lived-in surfaces. Preserve character design v2 and scene spatial bible v1. Story-stage lock: S3_ALLEY_PRESSURE 【部分原文损坏，需从源文件重建 / Partial source text corrupted; rebuild from source】","No text, no captions, no Chinese characters, no English letters, no labels, no arrows, no diagrams, no storyboard frame, no contact sheet, no sketch lines, no layout notes, no watermark. Avoid: 复杂武打、血腥、英雄反击、成年人暴力、镜头乱转; 复杂武打、血腥、英雄化. Do not change scene layout, character identities, clothing, lighting direction, or camera axis. Do not leak wardrobe, dirt, injury, expression, or environment state from a later story stage into this panel. Do not make Xiao Man look like a smaller Xiao Chuan: no shared anxious round-eyed face, no right-ear anchor, no same spiky hair.",哥哥在中心被围，小川侧面，小满墙边，四个混混轮廓不同，路灯黄，潮湿地面 / Environment continuity lock,S3_ALLEY_PRESSURE,巷道压迫阶段 / Alley pressure,角色焦点：小齐；连续性：哥哥在中心被围，小川侧面，小满墙边，四个混混轮廓不同，路灯黄，潮湿地面 / Character focus: 小齐; continuity: 哥哥在中心被围，小川侧面，小满墙边，四个混混轮廓不同，路灯黄，潮湿地面,角色焦点：小齐；连续性：哥哥在中心被围，小川侧面，小满墙边，四个混混轮廓不同，路灯黄，潮湿地面 / Character focus: 小齐; continuity: 哥哥在中心被围，小川侧面，小满墙边，四个混混轮廓不同，路灯黄，潮湿地面,兴奋又虚 / Emotion state from panel plan,哥哥在中心被围，小川侧面，小满墙边，四个混混轮廓不同，路灯黄，潮湿地面 / Environment continuity lock,whitebox_renders_v2/B04/WB2_ALLEY_MSB090.png
MSB091,B04,10,围殴哥哥,SCN_ALLEY,CAM_ALLEY_03_BROTHER_BEATEN,storyboard,A,visual_assets/pure/micro_storyboard/B04/MSB091_v001.png,visual_assets/annotated/micro_storyboard/B04/MSB091_v001_annotated.png,"Create a pure cinematic image for AIGC video generation, 16:9 landscape, high-resolution film still quality, no visible text or annotations. 1990s small-town China, Chinese dreamcore realism, humid yellowed childhood memory, low light, subtle VHS grain, real old clothes and lived-in surfaces. Preserve character design v2 and scene spatial bible v1. Story-stage lock: S3_ALLEY_PRESSURE 【部分原文损坏，需从源文件重建 / Partial source text corrupted; rebuild from source】","No text, no captions, no Chinese characters, no English letters, no labels, no arrows, no diagrams, no storyboard frame, no contact sheet, no sketch lines, no layout notes, no watermark. Avoid: 复杂武打、血腥、英雄反击、成年人暴力、镜头乱转; 复杂武打、血腥、英雄化. Do not change scene layout, character identities, clothing, lighting direction, or camera axis. Do not leak wardrobe, dirt, injury, expression, or environment state from a later story stage into this panel. Do not make Xiao Man look like a smaller Xiao Chuan: no shared anxious round-eyed face, no right-ear anchor, no same spiky hair.",哥哥在中心被围，小川侧面，小满墙边，四个混混轮廓不同，路灯黄，潮湿地面 / Environment continuity lock,S3_ALLEY_PRESSURE,巷道压迫阶段 / Alley pressure,角色焦点：彬子/阿磊；连续性：哥哥在中心被围，小川侧面，小满墙边，四个混混轮廓不同，路灯黄，潮湿地面 / Character focus: 彬子/阿磊; continuity: 哥哥在中心被围，小川侧面，小满墙边，四个混混轮廓不同，路灯黄，潮湿地面,角色焦点：彬子/阿磊；连续性：哥哥在中心被围，小川侧面，小满墙边，四个混混轮廓不同，路灯黄，潮湿地面 / Character focus: 彬子/阿磊; continuity: 哥哥在中心被围，小川侧面，小满墙边，四个混混轮廓不同，路灯黄，潮湿地面,羞辱对峙 / Emotion state from panel plan,哥哥在中心被围，小川侧面，小满墙边，四个混混轮廓不同，路灯黄，潮湿地面 / Environment continuity lock,whitebox_renders_v2/B04/WB2_ALLEY_MSB091.png
MSB092,B04,10,围殴哥哥,SCN_ALLEY,CAM_ALLEY_03_BROTHER_BEATEN,storyboard,A,visual_assets/pure/micro_storyboard/B04/MSB092_v001.png,visual_assets/annotated/micro_storyboard/B04/MSB092_v001_annotated.png,"Create a pure cinematic image for AIGC video generation, 16:9 landscape, high-resolution film still quality, no visible text or annotations. 1990s small-town China, Chinese dreamcore realism, humid yellowed childhood memory, low light, subtle VHS grain, real old clothes and lived-in surfaces. Preserve character design v2 and scene spatial bible v1. Story-stage lock: S3_ALLEY_PRESSURE 【部分原文损坏，需从源文件重建 / Partial source text corrupted; rebuild from source】","No text, no captions, no Chinese characters, no English letters, no labels, no arrows, no diagrams, no storyboard frame, no contact sheet, no sketch lines, no layout notes, no watermark. Avoid: 复杂武打、血腥、英雄反击、成年人暴力、镜头乱转; 复杂武打、血腥、英雄化. Do not change scene layout, character identities, clothing, lighting direction, or camera axis. Do not leak wardrobe, dirt, injury, expression, or environment state from a later story stage into this panel. Do not make Xiao Man look like a smaller Xiao Chuan: no shared anxious round-eyed face, no right-ear anchor, no same spiky hair.",哥哥在中心被围，小川侧面，小满墙边，四个混混轮廓不同，路灯黄，潮湿地面 / Environment continuity lock,S3_ALLEY_PRESSURE,巷道压迫阶段 / Alley pressure,角色焦点：阿磊；连续性：哥哥在中心被围，小川侧面，小满墙边，四个混混轮廓不同，路灯黄，潮湿地面 / Character focus: 阿磊; continuity: 哥哥在中心被围，小川侧面，小满墙边，四个混混轮廓不同，路灯黄，潮湿地面,角色焦点：阿磊；连续性：哥哥在中心被围，小川侧面，小满墙边，四个混混轮廓不同，路灯黄，潮湿地面 / Character focus: 阿磊; continuity: 哥哥在中心被围，小川侧面，小满墙边，四个混混轮廓不同，路灯黄，潮湿地面,疼但怕丢脸 / Emotion state from panel plan,哥哥在中心被围，小川侧面，小满墙边，四个混混轮廓不同，路灯黄，潮湿地面 / Environment continuity lock,whitebox_renders_v2/B04/WB2_ALLEY_MSB092.png
MSB093,B04,10,围殴哥哥,SCN_ALLEY,CAM_ALLEY_03_BROTHER_BEATEN,keyframe,A,visual_assets/pure/micro_storyboard/B04/MSB093_v001.png,visual_assets/annotated/micro_storyboard/B04/MSB093_v001_annotated.png,"Create a pure cinematic image for AIGC video generation, 16:9 landscape, high-resolution film still quality, no visible text or annotations. 1990s small-town China, Chinese dreamcore realism, humid yellowed childhood memory, low light, subtle VHS grain, real old clothes and lived-in surfaces. Preserve character design v2 and scene spatial bible v1. Story-stage lock: S3_ALLEY_PRESSURE 【部分原文损坏，需从源文件重建 / Partial source text corrupted; rebuild from source】","No text, no captions, no Chinese characters, no English letters, no labels, no arrows, no diagrams, no storyboard frame, no contact sheet, no sketch lines, no layout notes, no watermark. Avoid: 复杂武打、血腥、英雄反击、成年人暴力、镜头乱转; 复杂武打、血腥、英雄化. Do not change scene layout, character identities, clothing, lighting direction, or camera axis. Do not leak wardrobe, dirt, injury, expression, or environment state from a later story stage into this panel. Do not make Xiao Man look like a smaller Xiao Chuan: no shared anxious round-eyed face, no right-ear anchor, no same spiky hair.",哥哥在中心被围，小川侧面，小满墙边，四个混混轮廓不同，路灯黄，潮湿地面 / Environment continuity lock,S3_ALLEY_PRESSURE,巷道压迫阶段 / Alley pressure,角色焦点：小川；连续性：哥哥在中心被围，小川侧面，小满墙边，四个混混轮廓不同，路灯黄，潮湿地面 / Character focus: 小川; continuity: 哥哥在中心被围，小川侧面，小满墙边，四个混混轮廓不同，路灯黄，潮湿地面,角色焦点：小川；连续性：哥哥在中心被围，小川侧面，小满墙边，四个混混轮廓不同，路灯黄，潮湿地面 / Character focus: 小川; continuity: 哥哥在中心被围，小川侧面，小满墙边，四个混混轮廓不同，路灯黄，潮湿地面,想动但不知道怎么动 / Emotion state from panel plan,哥哥在中心被围，小川侧面，小满墙边，四个混混轮廓不同，路灯黄，潮湿地面 / Environment continuity lock,whitebox_renders_v2/B04/WB2_ALLEY_MSB093.png
MSB094,B04,10,围殴哥哥,SCN_ALLEY,CAM_ALLEY_03_BROTHER_BEATEN,storyboard,B,visual_assets/pure/micro_storyboard/B04/MSB094_v001.png,visual_assets/annotated/micro_storyboard/B04/MSB094_v001_annotated.png,"Create a pure cinematic image for AIGC video generation, 16:9 landscape, high-resolution film still quality, no visible text or annotations. 1990s small-town China, Chinese dreamcore realism, humid yellowed childhood memory, low light, subtle VHS grain, real old clothes and lived-in surfaces. Preserve character design v2 and scene spatial bible v1. Story-stage lock: S3_ALLEY_PRESSURE 【部分原文损坏，需从源文件重建 / Partial source text corrupted; rebuild from source】","No text, no captions, no Chinese characters, no English letters, no labels, no arrows, no diagrams, no storyboard frame, no contact sheet, no sketch lines, no layout notes, no watermark. Avoid: 复杂武打、血腥、英雄反击、成年人暴力、镜头乱转; 复杂武打、血腥、英雄化. Do not change scene layout, character identities, clothing, lighting direction, or camera axis. Do not leak wardrobe, dirt, injury, expression, or environment state from a later story stage into this panel. Do not make Xiao Man look like a smaller Xiao Chuan: no shared anxious round-eyed face, no right-ear anchor, no same spiky hair.",哥哥在中心被围，小川侧面，小满墙边，四个混混轮廓不同，路灯黄，潮湿地面 / Environment continuity lock,S3_ALLEY_PRESSURE,巷道压迫阶段 / Alley pressure,角色焦点：小满；连续性：哥哥在中心被围，小川侧面，小满墙边，四个混混轮廓不同，路灯黄，潮湿地面 / Character focus: 小满; continuity: 哥哥在中心被围，小川侧面，小满墙边，四个混混轮廓不同，路灯黄，潮湿地面,角色焦点：小满；连续性：哥哥在中心被围，小川侧面，小满墙边，四个混混轮廓不同，路灯黄，潮湿地面 / Character focus: 小满; continuity: 哥哥在中心被围，小川侧面，小满墙边，四个混混轮廓不同，路灯黄，潮湿地面,被吓空 / Emotion state from panel plan,哥哥在中心被围，小川侧面，小满墙边，四个混混轮廓不同，路灯黄，潮湿地面 / Environment continuity lock,whitebox_renders_v2/B04/WB2_ALLEY_MSB094.png
MSB095,B04,10,围殴哥哥,SCN_ALLEY,CAM_ALLEY_03_BROTHER_BEATEN,keyframe,A,visual_assets/pure/micro_storyboard/B04/MSB095_v001.png,visual_assets/annotated/micro_storyboard/B04/MSB095_v001_annotated.png,"Create a pure cinematic image for AIGC video generation, 16:9 landscape, high-resolution film still quality, no visible text or annotations. 1990s small-town China, Chinese dreamcore realism, humid yellowed childhood memory, low light, subtle VHS grain, real old clothes and lived-in surfaces. Preserve character design v2 and scene spatial bible v1. Story-stage lock: S3_ALLEY_PRESSURE 【部分原文损坏，需从源文件重建 / Partial source text corrupted; rebuild from source】","No text, no captions, no Chinese characters, no English letters, no labels, no arrows, no diagrams, no storyboard frame, no contact sheet, no sketch lines, no layout notes, no watermark. Avoid: 复杂武打、血腥、英雄反击、成年人暴力、镜头乱转; 复杂武打、血腥、英雄化. Do not change scene layout, character identities, clothing, lighting direction, or camera axis. Do not leak wardrobe, dirt, injury, expression, or environment state from a later story stage into this panel. Do not make Xiao Man look like a smaller Xiao Chuan: no shared anxious round-eyed face, no right-ear anchor, no same spiky hair.",哥哥在中心被围，小川侧面，小满墙边，四个混混轮廓不同，路灯黄，潮湿地面 / Environment continuity lock,S3_ALLEY_PRESSURE,巷道压迫阶段 / Alley pressure,角色焦点：阿磊/混混；连续性：哥哥在中心被围，小川侧面，小满墙边，四个混混轮廓不同，路灯黄，潮湿地面 / Character focus: 阿磊/混混; continuity: 哥哥在中心被围，小川侧面，小满墙边，四个混混轮廓不同，路灯黄，潮湿地面,角色焦点：阿磊/混混；连续性：哥哥在中心被围，小川侧面，小满墙边，四个混混轮廓不同，路灯黄，潮湿地面 / Character focus: 阿磊/混混; continuity: 哥哥在中心被围，小川侧面，小满墙边，四个混混轮廓不同，路灯黄，潮湿地面,阿磊怕丢脸转为真害怕 / Emotion state from panel plan,哥哥在中心被围，小川侧面，小满墙边，四个混混轮廓不同，路灯黄，潮湿地面 / Environment continuity lock,whitebox_renders_v2/B04/WB2_ALLEY_MSB095.png
MSB096,B04,10,围殴哥哥,SCN_ALLEY,CAM_ALLEY_03_BROTHER_BEATEN,end_frame,A,visual_assets/pure/micro_storyboard/B04/MSB096_v001.png,visual_assets/annotated/micro_storyboard/B04/MSB096_v001_annotated.png,"Create a pure cinematic image for AIGC video generation, 16:9 landscape, high-resolution film still quality, no visible text or annotations. 1990s small-town China, Chinese dreamcore realism, humid yellowed childhood memory, low light, subtle VHS grain, real old clothes and lived-in surfaces. Preserve character design v2 and scene spatial bible v1. Story-stage lock: S3_ALLEY_PRESSURE 【部分原文损坏，需从源文件重建 / Partial source text corrupted; rebuild from source】","No text, no captions, no Chinese characters, no English letters, no labels, no arrows, no diagrams, no storyboard frame, no contact sheet, no sketch lines, no layout notes, no watermark. Avoid: 复杂武打、血腥、英雄反击、成年人暴力、镜头乱转; 复杂武打、血腥、英雄化. Do not change scene layout, character identities, clothing, lighting direction, or camera axis. Do not leak wardrobe, dirt, injury, expression, or environment state from a later story stage into this panel. Do not make Xiao Man look like a smaller Xiao Chuan: no shared anxious round-eyed face, no right-ear anchor, no same spiky hair.",哥哥在中心被围，小川侧面，小满墙边，四个混混轮廓不同，路灯黄，潮湿地面 / Environment continuity lock,S3_ALLEY_PRESSURE,巷道压迫阶段 / Alley pressure,角色焦点：彬子；连续性：哥哥在中心被围，小川侧面，小满墙边，四个混混轮廓不同，路灯黄，潮湿地面 / Character focus: 彬子; continuity: 哥哥在中心被围，小川侧面，小满墙边，四个混混轮廓不同，路灯黄，潮湿地面,角色焦点：彬子；连续性：哥哥在中心被围，小川侧面，小满墙边，四个混混轮廓不同，路灯黄，潮湿地面 / Character focus: 彬子; continuity: 哥哥在中心被围，小川侧面，小满墙边，四个混混轮廓不同，路灯黄，潮湿地面,牙关咬紧，失控前 / Emotion state from panel plan,哥哥在中心被围，小川侧面，小满墙边，四个混混轮廓不同，路灯黄，潮湿地面 / Environment continuity lock,whitebox_renders_v2/B04/WB2_ALLEY_MSB096.png
MSB097,B04,10,围殴哥哥,SCN_ALLEY,CAM_ALLEY_03_BROTHER_BEATEN,storyboard,A,visual_assets/pure/micro_storyboard/B04/MSB097_v001.png,visual_assets/annotated/micro_storyboard/B04/MSB097_v001_annotated.png,"Create a pure cinematic image for AIGC video generation, 16:9 landscape, high-resolution film still quality, no visible text or annotations. 1990s small-town China, Chinese dreamcore realism, humid yellowed childhood memory, low light, subtle VHS grain, real old clothes and lived-in surfaces. Preserve character design v2 and scene spatial bible v1. Story-stage lock: S3_ALLEY_PRESSURE 【部分原文损坏，需从源文件重建 / Partial source text corrupted; rebuild from source】","No text, no captions, no Chinese characters, no English letters, no labels, no arrows, no diagrams, no storyboard frame, no contact sheet, no sketch lines, no layout notes, no watermark. Avoid: 复杂武打、血腥、英雄反击、成年人暴力、镜头乱转; 复杂武打、血腥、英雄化. Do not change scene layout, character identities, clothing, lighting direction, or camera axis. Do not leak wardrobe, dirt, injury, expression, or environment state from a later story stage into this panel. Do not make Xiao Man look like a smaller Xiao Chuan: no shared anxious round-eyed face, no right-ear anchor, no same spiky hair.",哥哥在中心被围，小川侧面，小满墙边，四个混混轮廓不同，路灯黄，潮湿地面 / Environment continuity lock,S3_ALLEY_PRESSURE,巷道压迫阶段 / Alley pressure,角色焦点：小川；连续性：哥哥在中心被围，小川侧面，小满墙边，四个混混轮廓不同，路灯黄，潮湿地面 / Character focus: 小川; continuity: 哥哥在中心被围，小川侧面，小满墙边，四个混混轮廓不同，路灯黄，潮湿地面,角色焦点：小川；连续性：哥哥在中心被围，小川侧面，小满墙边，四个混混轮廓不同，路灯黄，潮湿地面 / Character focus: 小川; continuity: 哥哥在中心被围，小川侧面，小满墙边，四个混混轮廓不同，路灯黄，潮湿地面,恐惧推到顶点 / Emotion state from panel plan,哥哥在中心被围，小川侧面，小满墙边，四个混混轮廓不同，路灯黄，潮湿地面 / Environment continuity lock,whitebox_renders_v2/B04/WB2_ALLEY_MSB097.png
MSB098,B04,11,石块失手,SCN_ALLEY,CAM_ALLEY_04_STONE_HIT,prop,A,visual_assets/pure/micro_storyboard/B04/MSB098_v001.png,visual_assets/annotated/micro_storyboard/B04/MSB098_v001_annotated.png,"Create a pure cinematic image for AIGC video generation, 16:9 landscape, high-resolution film still quality, no visible text or annotations. 1990s small-town China, Chinese dreamcore realism, humid yellowed childhood memory, low light, subtle VHS grain, real old clothes and lived-in surfaces. Preserve character design v2 and scene spatial bible v1. Story-stage lock: S4_STONE_ACCIDENT 【部分原文损坏，需从源文件重建 / Partial source text corrupted; rebuild from source】","No text, no captions, no Chinese characters, no English letters, no labels, no arrows, no diagrams, no storyboard frame, no contact sheet, no sketch lines, no layout notes, no watermark. Avoid: 血腥头部特写、英雄化慢动作、武器摆拍、石块变刀棍、庆祝; 血腥特写、石块武器化. Do not change scene layout, character identities, clothing, lighting direction, or camera axis. Do not leak wardrobe, dirt, injury, expression, or environment state from a later story stage into this panel. Do not make Xiao Man look like a smaller Xiao Chuan: no shared anxious round-eyed face, no right-ear anchor, no same spiky hair.",路边普通石块、湿地、主角浅绿书包、彬子准备下狠手、声音抽空，避免血腥 / Environment continuity lock,S4_STONE_ACCIDENT,石块意外阶段 / Stone accident,角色焦点：石块/环境；连续性：路边普通石块、湿地、主角浅绿书包、彬子准备下狠手、声音抽空，避免血腥 / Character focus: 石块/环境; continuity: 路边普通石块、湿地、主角浅绿书包、彬子准备下狠手、声音抽空，避免血腥,角色焦点：石块/环境；连续性：路边普通石块、湿地、主角浅绿书包、彬子准备下狠手、声音抽空，避免血腥 / Character focus: 石块/环境; continuity: 路边普通石块、湿地、主角浅绿书包、彬子准备下狠手、声音抽空，避免血腥,无人物，命运感 / Emotion state from panel plan,路边普通石块、湿地、主角浅绿书包、彬子准备下狠手、声音抽空，避免血腥 / Environment continuity lock,whitebox_renders_v2/B04/WB2_ALLEY_MSB098.png
MSB099,B04,11,石块失手,SCN_ALLEY,CAM_ALLEY_04_STONE_HIT,storyboard,A,visual_assets/pure/micro_storyboard/B04/MSB099_v001.png,visual_assets/annotated/micro_storyboard/B04/MSB099_v001_annotated.png,"Create a pure cinematic image for AIGC video generation, 16:9 landscape, high-resolution film still quality, no visible text or annotations. 1990s small-town China, Chinese dreamcore realism, humid yellowed childhood memory, low light, subtle VHS grain, real old clothes and lived-in surfaces. Preserve character design v2 and scene spatial bible v1. Story-stage lock: S4_STONE_ACCIDENT 【部分原文损坏，需从源文件重建 / Partial source text corrupted; rebuild from source】","No text, no captions, no Chinese characters, no English letters, no labels, no arrows, no diagrams, no storyboard frame, no contact sheet, no sketch lines, no layout notes, no watermark. Avoid: 血腥头部特写、英雄化慢动作、武器摆拍、石块变刀棍、庆祝; 血腥特写、石块武器化. Do not change scene layout, character identities, clothing, lighting direction, or camera axis. Do not leak wardrobe, dirt, injury, expression, or environment state from a later story stage into this panel. Do not make Xiao Man look like a smaller Xiao Chuan: no shared anxious round-eyed face, no right-ear anchor, no same spiky hair.",路边普通石块、湿地、主角浅绿书包、彬子准备下狠手、声音抽空，避免血腥 / Environment continuity lock,S4_STONE_ACCIDENT,石块意外阶段 / Stone accident,角色焦点：小川；连续性：路边普通石块、湿地、主角浅绿书包、彬子准备下狠手、声音抽空，避免血腥 / Character focus: 小川; continuity: 路边普通石块、湿地、主角浅绿书包、彬子准备下狠手、声音抽空，避免血腥,角色焦点：小川；连续性：路边普通石块、湿地、主角浅绿书包、彬子准备下狠手、声音抽空，避免血腥 / Character focus: 小川; continuity: 路边普通石块、湿地、主角浅绿书包、彬子准备下狠手、声音抽空，避免血腥,恐惧中找到一个错误出口 / Emotion state from panel plan,路边普通石块、湿地、主角浅绿书包、彬子准备下狠手、声音抽空，避免血腥 / Environment continuity lock,whitebox_renders_v2/B04/WB2_ALLEY_MSB099.png
MSB100,B04,11,石块失手,SCN_ALLEY,CAM_ALLEY_04_STONE_HIT,storyboard,B,visual_assets/pure/micro_storyboard/B04/MSB100_v001.png,visual_assets/annotated/micro_storyboard/B04/MSB100_v001_annotated.png,"Create a pure cinematic image for AIGC video generation, 16:9 landscape, high-resolution film still quality, no visible text or annotations. 1990s small-town China, Chinese dreamcore realism, humid yellowed childhood memory, low light, subtle VHS grain, real old clothes and lived-in surfaces. Preserve character design v2 and scene spatial bible v1. Story-stage lock: S4_STONE_ACCIDENT 【部分原文损坏，需从源文件重建 / Partial source text corrupted; rebuild from source】","No text, no captions, no Chinese characters, no English letters, no labels, no arrows, no diagrams, no storyboard frame, no contact sheet, no sketch lines, no layout notes, no watermark. Avoid: 血腥头部特写、英雄化慢动作、武器摆拍、石块变刀棍、庆祝; 血腥特写、石块武器化. Do not change scene layout, character identities, clothing, lighting direction, or camera axis. Do not leak wardrobe, dirt, injury, expression, or environment state from a later story stage into this panel. Do not make Xiao Man look like a smaller Xiao Chuan: no shared anxious round-eyed face, no right-ear anchor, no same spiky hair.",路边普通石块、湿地、主角浅绿书包、彬子准备下狠手、声音抽空，避免血腥 / Environment continuity lock,S4_STONE_ACCIDENT,石块意外阶段 / Stone accident,角色焦点：小川；连续性：路边普通石块、湿地、主角浅绿书包、彬子准备下狠手、声音抽空，避免血腥 / Character focus: 小川; continuity: 路边普通石块、湿地、主角浅绿书包、彬子准备下狠手、声音抽空，避免血腥,角色焦点：小川；连续性：路边普通石块、湿地、主角浅绿书包、彬子准备下狠手、声音抽空，避免血腥 / Character focus: 小川; continuity: 路边普通石块、湿地、主角浅绿书包、彬子准备下狠手、声音抽空，避免血腥,下意识，不是决定 / Emotion state from panel plan,路边普通石块、湿地、主角浅绿书包、彬子准备下狠手、声音抽空，避免血腥 / Environment continuity lock,whitebox_renders_v2/B04/WB2_ALLEY_MSB100.png
MSB101,B04,11,石块失手,SCN_ALLEY,CAM_ALLEY_04_STONE_HIT,storyboard,A,visual_assets/pure/micro_storyboard/B04/MSB101_v001.png,visual_assets/annotated/micro_storyboard/B04/MSB101_v001_annotated.png,"Create a pure cinematic image for AIGC video generation, 16:9 landscape, high-resolution film still quality, no visible text or annotations. 1990s small-town China, Chinese dreamcore realism, humid yellowed childhood memory, low light, subtle VHS grain, real old clothes and lived-in surfaces. Preserve character design v2 and scene spatial bible v1. Story-stage lock: S4_STONE_ACCIDENT 【部分原文损坏，需从源文件重建 / Partial source text corrupted; rebuild from source】","No text, no captions, no Chinese characters, no English letters, no labels, no arrows, no diagrams, no storyboard frame, no contact sheet, no sketch lines, no layout notes, no watermark. Avoid: 血腥头部特写、英雄化慢动作、武器摆拍、石块变刀棍、庆祝; 血腥特写、石块武器化. Do not change scene layout, character identities, clothing, lighting direction, or camera axis. Do not leak wardrobe, dirt, injury, expression, or environment state from a later story stage into this panel. Do not make Xiao Man look like a smaller Xiao Chuan: no shared anxious round-eyed face, no right-ear anchor, no same spiky hair.",路边普通石块、湿地、主角浅绿书包、彬子准备下狠手、声音抽空，避免血腥 / Environment continuity lock,S4_STONE_ACCIDENT,石块意外阶段 / Stone accident,角色焦点：小川；连续性：路边普通石块、湿地、主角浅绿书包、彬子准备下狠手、声音抽空，避免血腥 / Character focus: 小川; continuity: 路边普通石块、湿地、主角浅绿书包、彬子准备下狠手、声音抽空，避免血腥,角色焦点：小川；连续性：路边普通石块、湿地、主角浅绿书包、彬子准备下狠手、声音抽空，避免血腥 / Character focus: 小川; continuity: 路边普通石块、湿地、主角浅绿书包、彬子准备下狠手、声音抽空，避免血腥,慌乱失控 / Emotion state from panel plan,路边普通石块、湿地、主角浅绿书包、彬子准备下狠手、声音抽空，避免血腥 / Environment continuity lock,whitebox_renders_v2/B04/WB2_ALLEY_MSB101.png
MSB102,B04,11,石块失手,SCN_ALLEY,CAM_ALLEY_04_STONE_HIT,keyframe,A,visual_assets/pure/micro_storyboard/B04/MSB102_v001.png,visual_assets/annotated/micro_storyboard/B04/MSB102_v001_annotated.png,"Create a pure cinematic image for AIGC video generation, 16:9 landscape, high-resolution film still quality, no visible text or annotations. 1990s small-town China, Chinese dreamcore realism, humid yellowed childhood memory, low light, subtle VHS grain, real old clothes and lived-in surfaces. Preserve character design v2 and scene spatial bible v1. Story-stage lock: S4_STONE_ACCIDENT 【部分原文损坏，需从源文件重建 / Partial source text corrupted; rebuild from source】","No text, no captions, no Chinese characters, no English letters, no labels, no arrows, no diagrams, no storyboard frame, no contact sheet, no sketch lines, no layout notes, no watermark. Avoid: 血腥头部特写、英雄化慢动作、武器摆拍、石块变刀棍、庆祝; 血腥特写、石块武器化. Do not change scene layout, character identities, clothing, lighting direction, or camera axis. Do not leak wardrobe, dirt, injury, expression, or environment state from a later story stage into this panel. Do not make Xiao Man look like a smaller Xiao Chuan: no shared anxious round-eyed face, no right-ear anchor, no same spiky hair.",路边普通石块、湿地、主角浅绿书包、彬子准备下狠手、声音抽空，避免血腥 / Environment continuity lock,S4_STONE_ACCIDENT,石块意外阶段 / Stone accident,角色焦点：小川/石块；连续性：路边普通石块、湿地、主角浅绿书包、彬子准备下狠手、声音抽空，避免血腥 / Character focus: 小川/石块; continuity: 路边普通石块、湿地、主角浅绿书包、彬子准备下狠手、声音抽空，避免血腥,角色焦点：小川/石块；连续性：路边普通石块、湿地、主角浅绿书包、彬子准备下狠手、声音抽空，避免血腥 / Character focus: 小川/石块; continuity: 路边普通石块、湿地、主角浅绿书包、彬子准备下狠手、声音抽空，避免血腥,急促，迟疑不到一秒 / Emotion state from panel plan,路边普通石块、湿地、主角浅绿书包、彬子准备下狠手、声音抽空，避免血腥 / Environment continuity lock,whitebox_renders_v2/B04/WB2_ALLEY_MSB102.png
MSB103,B04,11,石块失手,SCN_ALLEY,CAM_ALLEY_04_STONE_HIT,storyboard,A,visual_assets/pure/micro_storyboard/B04/MSB103_v001.png,visual_assets/annotated/micro_storyboard/B04/MSB103_v001_annotated.png,"Create a pure cinematic image for AIGC video generation, 16:9 landscape, high-resolution film still quality, no visible text or annotations. 1990s small-town China, Chinese dreamcore realism, humid yellowed childhood memory, low light, subtle VHS grain, real old clothes and lived-in surfaces. Preserve character design v2 and scene spatial bible v1. Story-stage lock: S4_STONE_ACCIDENT 【部分原文损坏，需从源文件重建 / Partial source text corrupted; rebuild from source】","No text, no captions, no Chinese characters, no English letters, no labels, no arrows, no diagrams, no storyboard frame, no contact sheet, no sketch lines, no layout notes, no watermark. Avoid: 血腥头部特写、英雄化慢动作、武器摆拍、石块变刀棍、庆祝; 血腥特写、石块武器化. Do not change scene layout, character identities, clothing, lighting direction, or camera axis. Do not leak wardrobe, dirt, injury, expression, or environment state from a later story stage into this panel. Do not make Xiao Man look like a smaller Xiao Chuan: no shared anxious round-eyed face, no right-ear anchor, no same spiky hair.",路边普通石块、湿地、主角浅绿书包、彬子准备下狠手、声音抽空，避免血腥 / Environment continuity lock,S4_STONE_ACCIDENT,石块意外阶段 / Stone accident,角色焦点：彬子/阿磊/小川；连续性：路边普通石块、湿地、主角浅绿书包、彬子准备下狠手、声音抽空，避免血腥 / Character focus: 彬子/阿磊/小川; continuity: 路边普通石块、湿地、主角浅绿书包、彬子准备下狠手、声音抽空，避免血腥,角色焦点：彬子/阿磊/小川；连续性：路边普通石块、湿地、主角浅绿书包、彬子准备下狠手、声音抽空，避免血腥 / Character focus: 彬子/阿磊/小川; continuity: 路边普通石块、湿地、主角浅绿书包、彬子准备下狠手、声音抽空，避免血腥,彬子失控，小川被逼急 / Emotion state from panel plan,路边普通石块、湿地、主角浅绿书包、彬子准备下狠手、声音抽空，避免血腥 / Environment continuity lock,whitebox_renders_v2/B04/WB2_ALLEY_MSB103.png
MSB104,B04,11,石块失手,SCN_ALLEY,CAM_ALLEY_04_STONE_HIT,storyboard,A,visual_assets/pure/micro_storyboard/B04/MSB104_v001.png,visual_assets/annotated/micro_storyboard/B04/MSB104_v001_annotated.png,"Create a pure cinematic image for AIGC video generation, 16:9 landscape, high-resolution film still quality, no visible text or annotations. 1990s small-town China, Chinese dreamcore realism, humid yellowed childhood memory, low light, subtle VHS grain, real old clothes and lived-in surfaces. Preserve character design v2 and scene spatial bible v1. Story-stage lock: S4_STONE_ACCIDENT 【部分原文损坏，需从源文件重建 / Partial source text corrupted; rebuild from source】","No text, no captions, no Chinese characters, no English letters, no labels, no arrows, no diagrams, no storyboard frame, no contact sheet, no sketch lines, no layout notes, no watermark. Avoid: 血腥头部特写、英雄化慢动作、武器摆拍、石块变刀棍、庆祝; 血腥特写、石块武器化. Do not change scene layout, character identities, clothing, lighting direction, or camera axis. Do not leak wardrobe, dirt, injury, expression, or environment state from a later story stage into this panel. Do not make Xiao Man look like a smaller Xiao Chuan: no shared anxious round-eyed face, no right-ear anchor, no same spiky hair.",路边普通石块、湿地、主角浅绿书包、彬子准备下狠手、声音抽空，避免血腥 / Environment continuity lock,S4_STONE_ACCIDENT,石块意外阶段 / Stone accident,角色焦点：小川；连续性：路边普通石块、湿地、主角浅绿书包、彬子准备下狠手、声音抽空，避免血腥 / Character focus: 小川; continuity: 路边普通石块、湿地、主角浅绿书包、彬子准备下狠手、声音抽空，避免血腥,角色焦点：小川；连续性：路边普通石块、湿地、主角浅绿书包、彬子准备下狠手、声音抽空，避免血腥 / Character focus: 小川; continuity: 路边普通石块、湿地、主角浅绿书包、彬子准备下狠手、声音抽空，避免血腥,惊恐，不是愤怒 / Emotion state from panel plan,路边普通石块、湿地、主角浅绿书包、彬子准备下狠手、声音抽空，避免血腥 / Environment continuity lock,whitebox_renders_v2/B04/WB2_ALLEY_MSB104.png
MSB105,B04,11,石块失手,SCN_ALLEY,CAM_ALLEY_04_STONE_HIT,end_frame,A,visual_assets/pure/micro_storyboard/B04/MSB105_v001.png,visual_assets/annotated/micro_storyboard/B04/MSB105_v001_annotated.png,"Create a pure cinematic image for AIGC video generation, 16:9 landscape, high-resolution film still quality, no visible text or annotations. 1990s small-town China, Chinese dreamcore realism, humid yellowed childhood memory, low light, subtle VHS grain, real old clothes and lived-in surfaces. Preserve character design v2 and scene spatial bible v1. Story-stage lock: S4_STONE_ACCIDENT 【部分原文损坏，需从源文件重建 / Partial source text corrupted; rebuild from source】","No text, no captions, no Chinese characters, no English letters, no labels, no arrows, no diagrams, no storyboard frame, no contact sheet, no sketch lines, no layout notes, no watermark. Avoid: 血腥头部特写、英雄化慢动作、武器摆拍、石块变刀棍、庆祝; 血腥特写、石块武器化. Do not change scene layout, character identities, clothing, lighting direction, or camera axis. Do not leak wardrobe, dirt, injury, expression, or environment state from a later story stage into this panel. Do not make Xiao Man look like a smaller Xiao Chuan: no shared anxious round-eyed face, no right-ear anchor, no same spiky hair.",路边普通石块、湿地、主角浅绿书包、彬子准备下狠手、声音抽空，避免血腥 / Environment continuity lock,S4_STONE_ACCIDENT,石块意外阶段 / Stone accident,角色焦点：全体；连续性：路边普通石块、湿地、主角浅绿书包、彬子准备下狠手、声音抽空，避免血腥 / Character focus: 全体; continuity: 路边普通石块、湿地、主角浅绿书包、彬子准备下狠手、声音抽空，避免血腥,角色焦点：全体；连续性：路边普通石块、湿地、主角浅绿书包、彬子准备下狠手、声音抽空，避免血腥 / Character focus: 全体; continuity: 路边普通石块、湿地、主角浅绿书包、彬子准备下狠手、声音抽空，避免血腥,声音抽空 / Emotion state from panel plan,路边普通石块、湿地、主角浅绿书包、彬子准备下狠手、声音抽空，避免血腥 / Environment continuity lock,whitebox_renders_v2/B04/WB2_ALLEY_MSB105.png
MSB106,B04,11,石块失手,SCN_ALLEY,CAM_ALLEY_04_STONE_HIT,keyframe,A,visual_assets/pure/micro_storyboard/B04/MSB106_v001.png,visual_assets/annotated/micro_storyboard/B04/MSB106_v001_annotated.png,"Create a pure cinematic image for AIGC video generation, 16:9 landscape, high-resolution film still quality, no visible text or annotations. 1990s small-town China, Chinese dreamcore realism, humid yellowed childhood memory, low light, subtle VHS grain, real old clothes and lived-in surfaces. Preserve character design v2 and scene spatial bible v1. Story-stage lock: S4_STONE_ACCIDENT 【部分原文损坏，需从源文件重建 / Partial source text corrupted; rebuild from source】","No text, no captions, no Chinese characters, no English letters, no labels, no arrows, no diagrams, no storyboard frame, no contact sheet, no sketch lines, no layout notes, no watermark. Avoid: 血腥头部特写、英雄化慢动作、武器摆拍、石块变刀棍、庆祝; 血腥特写、石块武器化. Do not change scene layout, character identities, clothing, lighting direction, or camera axis. Do not leak wardrobe, dirt, injury, expression, or environment state from a later story stage into this panel. Do not make Xiao Man look like a smaller Xiao Chuan: no shared anxious round-eyed face, no right-ear anchor, no same spiky hair.",路边普通石块、湿地、主角浅绿书包、彬子准备下狠手、声音抽空，避免血腥 / Environment continuity lock,S4_STONE_ACCIDENT,石块意外阶段 / Stone accident,角色焦点：彬子；连续性：路边普通石块、湿地、主角浅绿书包、彬子准备下狠手、声音抽空，避免血腥 / Character focus: 彬子; continuity: 路边普通石块、湿地、主角浅绿书包、彬子准备下狠手、声音抽空，避免血腥,角色焦点：彬子；连续性：路边普通石块、湿地、主角浅绿书包、彬子准备下狠手、声音抽空，避免血腥 / Character focus: 彬子; continuity: 路边普通石块、湿地、主角浅绿书包、彬子准备下狠手、声音抽空，避免血腥,从凶变空 / Emotion state from panel plan,路边普通石块、湿地、主角浅绿书包、彬子准备下狠手、声音抽空，避免血腥 / Environment continuity lock,whitebox_renders_v2/B04/WB2_ALLEY_MSB106.png
MSB107,B04,11,石块失手,SCN_ALLEY,CAM_ALLEY_04_STONE_HIT,keyframe,A,visual_assets/pure/micro_storyboard/B04/MSB107_v001.png,visual_assets/annotated/micro_storyboard/B04/MSB107_v001_annotated.png,"Create a pure cinematic image for AIGC video generation, 16:9 landscape, high-resolution film still quality, no visible text or annotations. 1990s small-town China, Chinese dreamcore realism, humid yellowed childhood memory, low light, subtle VHS grain, real old clothes and lived-in surfaces. Preserve character design v2 and scene spatial bible v1. Story-stage lock: S4_STONE_ACCIDENT 【部分原文损坏，需从源文件重建 / Partial source text corrupted; rebuild from source】","No text, no captions, no Chinese characters, no English letters, no labels, no arrows, no diagrams, no storyboard frame, no contact sheet, no sketch lines, no layout notes, no watermark. Avoid: 血腥头部特写、英雄化慢动作、武器摆拍、石块变刀棍、庆祝; 血腥特写、石块武器化. Do not change scene layout, character identities, clothing, lighting direction, or camera axis. Do not leak wardrobe, dirt, injury, expression, or environment state from a later story stage into this panel. Do not make Xiao Man look like a smaller Xiao Chuan: no shared anxious round-eyed face, no right-ear anchor, no same spiky hair.",路边普通石块、湿地、主角浅绿书包、彬子准备下狠手、声音抽空，避免血腥 / Environment continuity lock,S4_STONE_ACCIDENT,石块意外阶段 / Stone accident,角色焦点：小川；连续性：路边普通石块、湿地、主角浅绿书包、彬子准备下狠手、声音抽空，避免血腥 / Character focus: 小川; continuity: 路边普通石块、湿地、主角浅绿书包、彬子准备下狠手、声音抽空，避免血腥,角色焦点：小川；连续性：路边普通石块、湿地、主角浅绿书包、彬子准备下狠手、声音抽空，避免血腥 / Character focus: 小川; continuity: 路边普通石块、湿地、主角浅绿书包、彬子准备下狠手、声音抽空，避免血腥,彻底惊恐 / Emotion state from panel plan,路边普通石块、湿地、主角浅绿书包、彬子准备下狠手、声音抽空，避免血腥 / Environment continuity lock,whitebox_renders_v2/B04/WB2_ALLEY_MSB107.png
MSB108,B04,12,主角逃跑,SCN_ALLEY,CAM_ALLEY_05_ESCAPE_VECTOR,start_frame,A,visual_assets/pure/micro_storyboard/B04/MSB108_v001.png,visual_assets/annotated/micro_storyboard/B04/MSB108_v001_annotated.png,"Create a pure cinematic image for AIGC video generation, 16:9 landscape, high-resolution film still quality, no visible text or annotations. 1990s small-town China, Chinese dreamcore realism, humid yellowed childhood memory, low light, subtle VHS grain, real old clothes and lived-in surfaces. Preserve character design v2 and scene spatial bible v1. Story-stage lock: S5_ESCAPE_DIRTY 【部分原文损坏，需从源文件重建 / Partial source text corrupted; rebuild from source】","No text, no captions, no Chinese characters, no English letters, no labels, no arrows, no diagrams, no storyboard frame, no contact sheet, no sketch lines, no layout notes, no watermark. Avoid: 逃跑方向漂移、大街追车、突然变白天、追兵追到身边、哥哥小满一起跑; 逃跑方向漂移、追兵贴太近. Do not change scene layout, character identities, clothing, lighting direction, or camera axis. Do not leak wardrobe, dirt, injury, expression, or environment state from a later story stage into this panel. Do not make Xiao Man look like a smaller Xiao Chuan: no shared anxious round-eyed face, no right-ear anchor, no same spiky hair.",小川沿小路深处逃向废楼方向，书包剧烈晃动，哥哥小满留在后方混乱中，路灯拖影 / Environment continuity lock,S5_ESCAPE_DIRTY,惊逃脏污阶段 / Escape dirty,角色焦点：小川；连续性：小川沿小路深处逃向废楼方向，书包剧烈晃动，哥哥小满留在后方混乱中，路灯拖影 / Character focus: 小川; continuity: 小川沿小路深处逃向废楼方向，书包剧烈晃动，哥哥小满留在后方混乱中，路灯拖影,角色焦点：小川；连续性：小川沿小路深处逃向废楼方向，书包剧烈晃动，哥哥小满留在后方混乱中，路灯拖影 / Character focus: 小川; continuity: 小川沿小路深处逃向废楼方向，书包剧烈晃动，哥哥小满留在后方混乱中，路灯拖影,惊恐自动反应 / Emotion state from panel plan,小川沿小路深处逃向废楼方向，书包剧烈晃动，哥哥小满留在后方混乱中，路灯拖影 / Environment continuity lock,whitebox_renders_v2/B04/WB2_ALLEY_MSB108.png
MSB109,B04,12,主角逃跑,SCN_ALLEY,CAM_ALLEY_05_ESCAPE_VECTOR,storyboard,A,visual_assets/pure/micro_storyboard/B04/MSB109_v001.png,visual_assets/annotated/micro_storyboard/B04/MSB109_v001_annotated.png,"Create a pure cinematic image for AIGC video generation, 16:9 landscape, high-resolution film still quality, no visible text or annotations. 1990s small-town China, Chinese dreamcore realism, humid yellowed childhood memory, low light, subtle VHS grain, real old clothes and lived-in surfaces. Preserve character design v2 and scene spatial bible v1. Story-stage lock: S5_ESCAPE_DIRTY 【部分原文损坏，需从源文件重建 / Partial source text corrupted; rebuild from source】","No text, no captions, no Chinese characters, no English letters, no labels, no arrows, no diagrams, no storyboard frame, no contact sheet, no sketch lines, no layout notes, no watermark. Avoid: 逃跑方向漂移、大街追车、突然变白天、追兵追到身边、哥哥小满一起跑; 逃跑方向漂移、追兵贴太近. Do not change scene layout, character identities, clothing, lighting direction, or camera axis. Do not leak wardrobe, dirt, injury, expression, or environment state from a later story stage into this panel. Do not make Xiao Man look like a smaller Xiao Chuan: no shared anxious round-eyed face, no right-ear anchor, no same spiky hair.",小川沿小路深处逃向废楼方向，书包剧烈晃动，哥哥小满留在后方混乱中，路灯拖影 / Environment continuity lock,S5_ESCAPE_DIRTY,惊逃脏污阶段 / Escape dirty,角色焦点：小川/道具；连续性：小川沿小路深处逃向废楼方向，书包剧烈晃动，哥哥小满留在后方混乱中，路灯拖影 / Character focus: 小川/道具; continuity: 小川沿小路深处逃向废楼方向，书包剧烈晃动，哥哥小满留在后方混乱中，路灯拖影,角色焦点：小川/道具；连续性：小川沿小路深处逃向废楼方向，书包剧烈晃动，哥哥小满留在后方混乱中，路灯拖影 / Character focus: 小川/道具; continuity: 小川沿小路深处逃向废楼方向，书包剧烈晃动，哥哥小满留在后方混乱中，路灯拖影,恐惧速度 / Emotion state from panel plan,小川沿小路深处逃向废楼方向，书包剧烈晃动，哥哥小满留在后方混乱中，路灯拖影 / Environment continuity lock,whitebox_renders_v2/B04/WB2_ALLEY_MSB109.png
MSB110,B04,12,主角逃跑,SCN_ALLEY,CAM_ALLEY_05_ESCAPE_VECTOR,storyboard,A,visual_assets/pure/micro_storyboard/B04/MSB110_v001.png,visual_assets/annotated/micro_storyboard/B04/MSB110_v001_annotated.png,"Create a pure cinematic image for AIGC video generation, 16:9 landscape, high-resolution film still quality, no visible text or annotations. 1990s small-town China, Chinese dreamcore realism, humid yellowed childhood memory, low light, subtle VHS grain, real old clothes and lived-in surfaces. Preserve character design v2 and scene spatial bible v1. Story-stage lock: S5_ESCAPE_DIRTY 【部分原文损坏，需从源文件重建 / Partial source text corrupted; rebuild from source】","No text, no captions, no Chinese characters, no English letters, no labels, no arrows, no diagrams, no storyboard frame, no contact sheet, no sketch lines, no layout notes, no watermark. Avoid: 逃跑方向漂移、大街追车、突然变白天、追兵追到身边、哥哥小满一起跑; 逃跑方向漂移、追兵贴太近. Do not change scene layout, character identities, clothing, lighting direction, or camera axis. Do not leak wardrobe, dirt, injury, expression, or environment state from a later story stage into this panel. Do not make Xiao Man look like a smaller Xiao Chuan: no shared anxious round-eyed face, no right-ear anchor, no same spiky hair.",小川沿小路深处逃向废楼方向，书包剧烈晃动，哥哥小满留在后方混乱中，路灯拖影 / Environment continuity lock,S5_ESCAPE_DIRTY,惊逃脏污阶段 / Escape dirty,角色焦点：阿磊/小满；连续性：小川沿小路深处逃向废楼方向，书包剧烈晃动，哥哥小满留在后方混乱中，路灯拖影 / Character focus: 阿磊/小满; continuity: 小川沿小路深处逃向废楼方向，书包剧烈晃动，哥哥小满留在后方混乱中，路灯拖影,角色焦点：阿磊/小满；连续性：小川沿小路深处逃向废楼方向，书包剧烈晃动，哥哥小满留在后方混乱中，路灯拖影 / Character focus: 阿磊/小满; continuity: 小川沿小路深处逃向废楼方向，书包剧烈晃动，哥哥小满留在后方混乱中，路灯拖影,震惊和迟滞 / Emotion state from panel plan,小川沿小路深处逃向废楼方向，书包剧烈晃动，哥哥小满留在后方混乱中，路灯拖影 / Environment continuity lock,whitebox_renders_v2/B04/WB2_ALLEY_MSB110.png
MSB111,B04,12,主角逃跑,SCN_ALLEY,CAM_ALLEY_05_ESCAPE_VECTOR,storyboard,B,visual_assets/pure/micro_storyboard/B04/MSB111_v001.png,visual_assets/annotated/micro_storyboard/B04/MSB111_v001_annotated.png,"Create a pure cinematic image for AIGC video generation, 16:9 landscape, high-resolution film still quality, no visible text or annotations. 1990s small-town China, Chinese dreamcore realism, humid yellowed childhood memory, low light, subtle VHS grain, real old clothes and lived-in surfaces. Preserve character design v2 and scene spatial bible v1. Story-stage lock: S5_ESCAPE_DIRTY 【部分原文损坏，需从源文件重建 / Partial source text corrupted; rebuild from source】","No text, no captions, no Chinese characters, no English letters, no labels, no arrows, no diagrams, no storyboard frame, no contact sheet, no sketch lines, no layout notes, no watermark. Avoid: 逃跑方向漂移、大街追车、突然变白天、追兵追到身边、哥哥小满一起跑; 逃跑方向漂移、追兵贴太近. Do not change scene layout, character identities, clothing, lighting direction, or camera axis. Do not leak wardrobe, dirt, injury, expression, or environment state from a later story stage into this panel. Do not make Xiao Man look like a smaller Xiao Chuan: no shared anxious round-eyed face, no right-ear anchor, no same spiky hair.",小川沿小路深处逃向废楼方向，书包剧烈晃动，哥哥小满留在后方混乱中，路灯拖影 / Environment continuity lock,S5_ESCAPE_DIRTY,惊逃脏污阶段 / Escape dirty,角色焦点：混混四人；连续性：小川沿小路深处逃向废楼方向，书包剧烈晃动，哥哥小满留在后方混乱中，路灯拖影 / Character focus: 混混四人; continuity: 小川沿小路深处逃向废楼方向，书包剧烈晃动，哥哥小满留在后方混乱中，路灯拖影,角色焦点：混混四人；连续性：小川沿小路深处逃向废楼方向，书包剧烈晃动，哥哥小满留在后方混乱中，路灯拖影 / Character focus: 混混四人; continuity: 小川沿小路深处逃向废楼方向，书包剧烈晃动，哥哥小满留在后方混乱中，路灯拖影,群体失控 / Emotion state from panel plan,小川沿小路深处逃向废楼方向，书包剧烈晃动，哥哥小满留在后方混乱中，路灯拖影 / Environment continuity lock,whitebox_renders_v2/B04/WB2_ALLEY_MSB111.png
MSB112,B04,12,主角逃跑,SCN_ALLEY,CAM_ALLEY_05_ESCAPE_VECTOR,storyboard,A,visual_assets/pure/micro_storyboard/B04/MSB112_v001.png,visual_assets/annotated/micro_storyboard/B04/MSB112_v001_annotated.png,"Create a pure cinematic image for AIGC video generation, 16:9 landscape, high-resolution film still quality, no visible text or annotations. 1990s small-town China, Chinese dreamcore realism, humid yellowed childhood memory, low light, subtle VHS grain, real old clothes and lived-in surfaces. Preserve character design v2 and scene spatial bible v1. Story-stage lock: S5_ESCAPE_DIRTY 【部分原文损坏，需从源文件重建 / Partial source text corrupted; rebuild from source】","No text, no captions, no Chinese characters, no English letters, no labels, no arrows, no diagrams, no storyboard frame, no contact sheet, no sketch lines, no layout notes, no watermark. Avoid: 逃跑方向漂移、大街追车、突然变白天、追兵追到身边、哥哥小满一起跑; 逃跑方向漂移、追兵贴太近. Do not change scene layout, character identities, clothing, lighting direction, or camera axis. Do not leak wardrobe, dirt, injury, expression, or environment state from a later story stage into this panel. Do not make Xiao Man look like a smaller Xiao Chuan: no shared anxious round-eyed face, no right-ear anchor, no same spiky hair.",小川沿小路深处逃向废楼方向，书包剧烈晃动，哥哥小满留在后方混乱中，路灯拖影 / Environment continuity lock,S5_ESCAPE_DIRTY,惊逃脏污阶段 / Escape dirty,角色焦点：小川/环境；连续性：小川沿小路深处逃向废楼方向，书包剧烈晃动，哥哥小满留在后方混乱中，路灯拖影 / Character focus: 小川/环境; continuity: 小川沿小路深处逃向废楼方向，书包剧烈晃动，哥哥小满留在后方混乱中，路灯拖影,角色焦点：小川/环境；连续性：小川沿小路深处逃向废楼方向，书包剧烈晃动，哥哥小满留在后方混乱中，路灯拖影 / Character focus: 小川/环境; continuity: 小川沿小路深处逃向废楼方向，书包剧烈晃动，哥哥小满留在后方混乱中，路灯拖影,逃离现场 / Emotion state from panel plan,小川沿小路深处逃向废楼方向，书包剧烈晃动，哥哥小满留在后方混乱中，路灯拖影 / Environment continuity lock,whitebox_renders_v2/B04/WB2_ALLEY_MSB112.png
MSB113,B04,12,主角逃跑,SCN_ALLEY,CAM_ALLEY_05_ESCAPE_VECTOR,storyboard,A,visual_assets/pure/micro_storyboard/B04/MSB113_v001.png,visual_assets/annotated/micro_storyboard/B04/MSB113_v001_annotated.png,"Create a pure cinematic image for AIGC video generation, 16:9 landscape, high-resolution film still quality, no visible text or annotations. 1990s small-town China, Chinese dreamcore realism, humid yellowed childhood memory, low light, subtle VHS grain, real old clothes and lived-in surfaces. Preserve character design v2 and scene spatial bible v1. Story-stage lock: S5_ESCAPE_DIRTY 【部分原文损坏，需从源文件重建 / Partial source text corrupted; rebuild from source】","No text, no captions, no Chinese characters, no English letters, no labels, no arrows, no diagrams, no storyboard frame, no contact sheet, no sketch lines, no layout notes, no watermark. Avoid: 逃跑方向漂移、大街追车、突然变白天、追兵追到身边、哥哥小满一起跑; 逃跑方向漂移、追兵贴太近. Do not change scene layout, character identities, clothing, lighting direction, or camera axis. Do not leak wardrobe, dirt, injury, expression, or environment state from a later story stage into this panel. Do not make Xiao Man look like a smaller Xiao Chuan: no shared anxious round-eyed face, no right-ear anchor, no same spiky hair.",小川沿小路深处逃向废楼方向，书包剧烈晃动，哥哥小满留在后方混乱中，路灯拖影 / Environment continuity lock,S5_ESCAPE_DIRTY,惊逃脏污阶段 / Escape dirty,角色焦点：追兵/小川；连续性：小川沿小路深处逃向废楼方向，书包剧烈晃动，哥哥小满留在后方混乱中，路灯拖影 / Character focus: 追兵/小川; continuity: 小川沿小路深处逃向废楼方向，书包剧烈晃动，哥哥小满留在后方混乱中，路灯拖影,角色焦点：追兵/小川；连续性：小川沿小路深处逃向废楼方向，书包剧烈晃动，哥哥小满留在后方混乱中，路灯拖影 / Character focus: 追兵/小川; continuity: 小川沿小路深处逃向废楼方向，书包剧烈晃动，哥哥小满留在后方混乱中，路灯拖影,追逐启动但空间清楚 / Emotion state from panel plan,小川沿小路深处逃向废楼方向，书包剧烈晃动，哥哥小满留在后方混乱中，路灯拖影 / Environment continuity lock,whitebox_renders_v2/B04/WB2_ALLEY_MSB113.png
MSB114,B04,12,主角逃跑,SCN_ALLEY,CAM_ALLEY_05_ESCAPE_VECTOR,storyboard,B,visual_assets/pure/micro_storyboard/B04/MSB114_v001.png,visual_assets/annotated/micro_storyboard/B04/MSB114_v001_annotated.png,"Create a pure cinematic image for AIGC video generation, 16:9 landscape, high-resolution film still quality, no visible text or annotations. 1990s small-town China, Chinese dreamcore realism, humid yellowed childhood memory, low light, subtle VHS grain, real old clothes and lived-in surfaces. Preserve character design v2 and scene spatial bible v1. Story-stage lock: S5_ESCAPE_DIRTY 【部分原文损坏，需从源文件重建 / Partial source text corrupted; rebuild from source】","No text, no captions, no Chinese characters, no English letters, no labels, no arrows, no diagrams, no storyboard frame, no contact sheet, no sketch lines, no layout notes, no watermark. Avoid: 逃跑方向漂移、大街追车、突然变白天、追兵追到身边、哥哥小满一起跑; 逃跑方向漂移、追兵贴太近. Do not change scene layout, character identities, clothing, lighting direction, or camera axis. Do not leak wardrobe, dirt, injury, expression, or environment state from a later story stage into this panel. Do not make Xiao Man look like a smaller Xiao Chuan: no shared anxious round-eyed face, no right-ear anchor, no same spiky hair.",小川沿小路深处逃向废楼方向，书包剧烈晃动，哥哥小满留在后方混乱中，路灯拖影 / Environment continuity lock,S5_ESCAPE_DIRTY,惊逃脏污阶段 / Escape dirty,角色焦点：环境；连续性：小川沿小路深处逃向废楼方向，书包剧烈晃动，哥哥小满留在后方混乱中，路灯拖影 / Character focus: 环境; continuity: 小川沿小路深处逃向废楼方向，书包剧烈晃动，哥哥小满留在后方混乱中，路灯拖影,角色焦点：环境；连续性：小川沿小路深处逃向废楼方向，书包剧烈晃动，哥哥小满留在后方混乱中，路灯拖影 / Character focus: 环境; continuity: 小川沿小路深处逃向废楼方向，书包剧烈晃动，哥哥小满留在后方混乱中，路灯拖影,无表情，速度感 / Emotion state from panel plan,小川沿小路深处逃向废楼方向，书包剧烈晃动，哥哥小满留在后方混乱中，路灯拖影 / Environment continuity lock,whitebox_renders_v2/B04/WB2_ALLEY_MSB114.png
MSB115,B04,12,主角逃跑,SCN_ALLEY,CAM_ALLEY_05_ESCAPE_VECTOR,keyframe,A,visual_assets/pure/micro_storyboard/B04/MSB115_v001.png,visual_assets/annotated/micro_storyboard/B04/MSB115_v001_annotated.png,"Create a pure cinematic image for AIGC video generation, 16:9 landscape, high-resolution film still quality, no visible text or annotations. 1990s small-town China, Chinese dreamcore realism, humid yellowed childhood memory, low light, subtle VHS grain, real old clothes and lived-in surfaces. Preserve character design v2 and scene spatial bible v1. Story-stage lock: S5_ESCAPE_DIRTY 【部分原文损坏，需从源文件重建 / Partial source text corrupted; rebuild from source】","No text, no captions, no Chinese characters, no English letters, no labels, no arrows, no diagrams, no storyboard frame, no contact sheet, no sketch lines, no layout notes, no watermark. Avoid: 逃跑方向漂移、大街追车、突然变白天、追兵追到身边、哥哥小满一起跑; 逃跑方向漂移、追兵贴太近. Do not change scene layout, character identities, clothing, lighting direction, or camera axis. Do not leak wardrobe, dirt, injury, expression, or environment state from a later story stage into this panel. Do not make Xiao Man look like a smaller Xiao Chuan: no shared anxious round-eyed face, no right-ear anchor, no same spiky hair.",小川沿小路深处逃向废楼方向，书包剧烈晃动，哥哥小满留在后方混乱中，路灯拖影 / Environment continuity lock,S5_ESCAPE_DIRTY,惊逃脏污阶段 / Escape dirty,角色焦点：小川/环境；连续性：小川沿小路深处逃向废楼方向，书包剧烈晃动，哥哥小满留在后方混乱中，路灯拖影 / Character focus: 小川/环境; continuity: 小川沿小路深处逃向废楼方向，书包剧烈晃动，哥哥小满留在后方混乱中，路灯拖影,角色焦点：小川/环境；连续性：小川沿小路深处逃向废楼方向，书包剧烈晃动，哥哥小满留在后方混乱中，路灯拖影 / Character focus: 小川/环境; continuity: 小川沿小路深处逃向废楼方向，书包剧烈晃动，哥哥小满留在后方混乱中，路灯拖影,呼吸乱 / Emotion state from panel plan,小川沿小路深处逃向废楼方向，书包剧烈晃动，哥哥小满留在后方混乱中，路灯拖影 / Environment continuity lock,whitebox_renders_v2/B04/WB2_ALLEY_MSB115.png
MSB116,B04,12,主角逃跑,SCN_ALLEY,CAM_ALLEY_05_ESCAPE_VECTOR,storyboard,A,visual_assets/pure/micro_storyboard/B04/MSB116_v001.png,visual_assets/annotated/micro_storyboard/B04/MSB116_v001_annotated.png,"Create a pure cinematic image for AIGC video generation, 16:9 landscape, high-resolution film still quality, no visible text or annotations. 1990s small-town China, Chinese dreamcore realism, humid yellowed childhood memory, low light, subtle VHS grain, real old clothes and lived-in surfaces. Preserve character design v2 and scene spatial bible v1. Story-stage lock: S5_ESCAPE_DIRTY 【部分原文损坏，需从源文件重建 / Partial source text corrupted; rebuild from source】","No text, no captions, no Chinese characters, no English letters, no labels, no arrows, no diagrams, no storyboard frame, no contact sheet, no sketch lines, no layout notes, no watermark. Avoid: 逃跑方向漂移、大街追车、突然变白天、追兵追到身边、哥哥小满一起跑; 逃跑方向漂移、追兵贴太近. Do not change scene layout, character identities, clothing, lighting direction, or camera axis. Do not leak wardrobe, dirt, injury, expression, or environment state from a later story stage into this panel. Do not make Xiao Man look like a smaller Xiao Chuan: no shared anxious round-eyed face, no right-ear anchor, no same spiky hair.",小川沿小路深处逃向废楼方向，书包剧烈晃动，哥哥小满留在后方混乱中，路灯拖影 / Environment continuity lock,S5_ESCAPE_DIRTY,惊逃脏污阶段 / Escape dirty,角色焦点：小川；连续性：小川沿小路深处逃向废楼方向，书包剧烈晃动，哥哥小满留在后方混乱中，路灯拖影 / Character focus: 小川; continuity: 小川沿小路深处逃向废楼方向，书包剧烈晃动，哥哥小满留在后方混乱中，路灯拖影,角色焦点：小川；连续性：小川沿小路深处逃向废楼方向，书包剧烈晃动，哥哥小满留在后方混乱中，路灯拖影 / Character focus: 小川; continuity: 小川沿小路深处逃向废楼方向，书包剧烈晃动，哥哥小满留在后方混乱中，路灯拖影,害怕确认距离 / Emotion state from panel plan,小川沿小路深处逃向废楼方向，书包剧烈晃动，哥哥小满留在后方混乱中，路灯拖影 / Environment continuity lock,whitebox_renders_v2/B04/WB2_ALLEY_MSB116.png
MSB117,B04,12,主角逃跑,SCN_ALLEY,CAM_ALLEY_05_ESCAPE_VECTOR,storyboard,A,visual_assets/pure/micro_storyboard/B04/MSB117_v001.png,visual_assets/annotated/micro_storyboard/B04/MSB117_v001_annotated.png,"Create a pure cinematic image for AIGC video generation, 16:9 landscape, high-resolution film still quality, no visible text or annotations. 1990s small-town China, Chinese dreamcore realism, humid yellowed childhood memory, low light, subtle VHS grain, real old clothes and lived-in surfaces. Preserve character design v2 and scene spatial bible v1. Story-stage lock: S5_ESCAPE_DIRTY 【部分原文损坏，需从源文件重建 / Partial source text corrupted; rebuild from source】","No text, no captions, no Chinese characters, no English letters, no labels, no arrows, no diagrams, no storyboard frame, no contact sheet, no sketch lines, no layout notes, no watermark. Avoid: 逃跑方向漂移、大街追车、突然变白天、追兵追到身边、哥哥小满一起跑; 逃跑方向漂移、追兵贴太近. Do not change scene layout, character identities, clothing, lighting direction, or camera axis. Do not leak wardrobe, dirt, injury, expression, or environment state from a later story stage into this panel. Do not make Xiao Man look like a smaller Xiao Chuan: no shared anxious round-eyed face, no right-ear anchor, no same spiky hair.",小川沿小路深处逃向废楼方向，书包剧烈晃动，哥哥小满留在后方混乱中，路灯拖影 / Environment continuity lock,S5_ESCAPE_DIRTY,惊逃脏污阶段 / Escape dirty,角色焦点：环境/小川；连续性：小川沿小路深处逃向废楼方向，书包剧烈晃动，哥哥小满留在后方混乱中，路灯拖影 / Character focus: 环境/小川; continuity: 小川沿小路深处逃向废楼方向，书包剧烈晃动，哥哥小满留在后方混乱中，路灯拖影,角色焦点：环境/小川；连续性：小川沿小路深处逃向废楼方向，书包剧烈晃动，哥哥小满留在后方混乱中，路灯拖影 / Character focus: 环境/小川; continuity: 小川沿小路深处逃向废楼方向，书包剧烈晃动，哥哥小满留在后方混乱中，路灯拖影,被迫选择 / Emotion state from panel plan,小川沿小路深处逃向废楼方向，书包剧烈晃动，哥哥小满留在后方混乱中，路灯拖影 / Environment continuity lock,whitebox_renders_v2/B04/WB2_ALLEY_MSB117.png
MSB118,B04,12,主角逃跑,SCN_ALLEY,CAM_ALLEY_05_ESCAPE_VECTOR,end_frame,A,visual_assets/pure/micro_storyboard/B04/MSB118_v001.png,visual_assets/annotated/micro_storyboard/B04/MSB118_v001_annotated.png,"Create a pure cinematic image for AIGC video generation, 16:9 landscape, high-resolution film still quality, no visible text or annotations. 1990s small-town China, Chinese dreamcore realism, humid yellowed childhood memory, low light, subtle VHS grain, real old clothes and lived-in surfaces. Preserve character design v2 and scene spatial bible v1. Story-stage lock: S5_ESCAPE_DIRTY 【部分原文损坏，需从源文件重建 / Partial source text corrupted; rebuild from source】","No text, no captions, no Chinese characters, no English letters, no labels, no arrows, no diagrams, no storyboard frame, no contact sheet, no sketch lines, no layout notes, no watermark. Avoid: 逃跑方向漂移、大街追车、突然变白天、追兵追到身边、哥哥小满一起跑; 逃跑方向漂移、追兵贴太近. Do not change scene layout, character identities, clothing, lighting direction, or camera axis. Do not leak wardrobe, dirt, injury, expression, or environment state from a later story stage into this panel. Do not make Xiao Man look like a smaller Xiao Chuan: no shared anxious round-eyed face, no right-ear anchor, no same spiky hair.",小川沿小路深处逃向废楼方向，书包剧烈晃动，哥哥小满留在后方混乱中，路灯拖影 / Environment continuity lock,S5_ESCAPE_DIRTY,惊逃脏污阶段 / Escape dirty,角色焦点：小川；连续性：小川沿小路深处逃向废楼方向，书包剧烈晃动，哥哥小满留在后方混乱中，路灯拖影 / Character focus: 小川; continuity: 小川沿小路深处逃向废楼方向，书包剧烈晃动，哥哥小满留在后方混乱中，路灯拖影,角色焦点：小川；连续性：小川沿小路深处逃向废楼方向，书包剧烈晃动，哥哥小满留在后方混乱中，路灯拖影 / Character focus: 小川; continuity: 小川沿小路深处逃向废楼方向，书包剧烈晃动，哥哥小满留在后方混乱中，路灯拖影,逃生本能 / Emotion state from panel plan,小川沿小路深处逃向废楼方向，书包剧烈晃动，哥哥小满留在后方混乱中，路灯拖影 / Environment continuity lock,whitebox_renders_v2/B04/WB2_ALLEY_MSB118.png
MSB119,B04,12,主角逃跑,SCN_ALLEY,CAM_ALLEY_05_ESCAPE_VECTOR,keyframe,A,visual_assets/pure/micro_storyboard/B04/MSB119_v001.png,visual_assets/annotated/micro_storyboard/B04/MSB119_v001_annotated.png,"Create a pure cinematic image for AIGC video generation, 16:9 landscape, high-resolution film still quality, no visible text or annotations. 1990s small-town China, Chinese dreamcore realism, humid yellowed childhood memory, low light, subtle VHS grain, real old clothes and lived-in surfaces. Preserve character design v2 and scene spatial bible v1. Story-stage lock: S5_ESCAPE_DIRTY 【部分原文损坏，需从源文件重建 / Partial source text corrupted; rebuild from source】","No text, no captions, no Chinese characters, no English letters, no labels, no arrows, no diagrams, no storyboard frame, no contact sheet, no sketch lines, no layout notes, no watermark. Avoid: 逃跑方向漂移、大街追车、突然变白天、追兵追到身边、哥哥小满一起跑; 逃跑方向漂移、追兵贴太近. Do not change scene layout, character identities, clothing, lighting direction, or camera axis. Do not leak wardrobe, dirt, injury, expression, or environment state from a later story stage into this panel. Do not make Xiao Man look like a smaller Xiao Chuan: no shared anxious round-eyed face, no right-ear anchor, no same spiky hair.",小川沿小路深处逃向废楼方向，书包剧烈晃动，哥哥小满留在后方混乱中，路灯拖影 / Environment continuity lock,S5_ESCAPE_DIRTY,惊逃脏污阶段 / Escape dirty,角色焦点：小川/环境；连续性：小川沿小路深处逃向废楼方向，书包剧烈晃动，哥哥小满留在后方混乱中，路灯拖影 / Character focus: 小川/环境; continuity: 小川沿小路深处逃向废楼方向，书包剧烈晃动，哥哥小满留在后方混乱中，路灯拖影,角色焦点：小川/环境；连续性：小川沿小路深处逃向废楼方向，书包剧烈晃动，哥哥小满留在后方混乱中，路灯拖影 / Character focus: 小川/环境; continuity: 小川沿小路深处逃向废楼方向，书包剧烈晃动，哥哥小满留在后方混乱中，路灯拖影,从现实冲突进入梦核空间 / Emotion state from panel plan,小川沿小路深处逃向废楼方向，书包剧烈晃动，哥哥小满留在后方混乱中，路灯拖影 / Environment continuity lock,whitebox_renders_v2/B04/WB2_ALLEY_MSB119.png
MSB120,B05,13,进入废楼,SCN_CORRIDOR,CAM_CORRIDOR_01_ENTRY_LONG,start_frame,A,visual_assets/pure/micro_storyboard/B05/MSB120_v001.png,visual_assets/annotated/micro_storyboard/B05/MSB120_v001_annotated.png,"Create a pure cinematic image for AIGC video generation, 16:9 landscape, high-resolution film still quality, no visible text or annotations. 1990s small-town China, Chinese dreamcore realism, humid yellowed childhood memory, low light, subtle VHS grain, real old clothes and lived-in surfaces. Preserve character design v2 and scene spatial bible v1. Story-stage lock: S6_CORRIDOR_PHONE_SHOCK 【部分原文损坏，需从源文件重建 / Partial source text corrupted; rebuild from source】","No text, no captions, no Chinese characters, no English letters, no labels, no arrows, no diagrams, no storyboard frame, no contact sheet, no sketch lines, no layout notes, no watermark. Avoid: 医院走廊、学校走廊、酒店、鬼影怪物、追兵同框太近; 走廊变医院/学校. Do not change scene layout, character identities, clothing, lighting direction, or camera axis. Do not leak wardrobe, dirt, injury, expression, or environment state from a later story stage into this panel.",废弃单位楼长走廊、冷绿灯管、重复门洞、消防箱、主角单独进入 / Environment continuity lock,S6_CORRIDOR_PHONE_SHOCK,走廊电话惊惧阶段 / Corridor phone shock,角色焦点：小川/环境；连续性：废弃单位楼长走廊、冷绿灯管、重复门洞、消防箱、主角单独进入 / Character focus: 小川/环境; continuity: 废弃单位楼长走廊、冷绿灯管、重复门洞、消防箱、主角单独进入,角色焦点：小川/环境；连续性：废弃单位楼长走廊、冷绿灯管、重复门洞、消防箱、主角单独进入 / Character focus: 小川/环境; continuity: 废弃单位楼长走廊、冷绿灯管、重复门洞、消防箱、主角单独进入,惊恐未散 / Emotion state from panel plan,废弃单位楼长走廊、冷绿灯管、重复门洞、消防箱、主角单独进入 / Environment continuity lock,whitebox_renders_v2/B05/WB2_CORRIDOR_MSB120.png
MSB121,B05,13,进入废楼,SCN_CORRIDOR,CAM_CORRIDOR_01_ENTRY_LONG,storyboard,A,visual_assets/pure/micro_storyboard/B05/MSB121_v001.png,visual_assets/annotated/micro_storyboard/B05/MSB121_v001_annotated.png,"Create a pure cinematic image for AIGC video generation, 16:9 landscape, high-resolution film still quality, no visible text or annotations. 1990s small-town China, Chinese dreamcore realism, humid yellowed childhood memory, low light, subtle VHS grain, real old clothes and lived-in surfaces. Preserve character design v2 and scene spatial bible v1. Story-stage lock: S6_CORRIDOR_PHONE_SHOCK 【部分原文损坏，需从源文件重建 / Partial source text corrupted; rebuild from source】","No text, no captions, no Chinese characters, no English letters, no labels, no arrows, no diagrams, no storyboard frame, no contact sheet, no sketch lines, no layout notes, no watermark. Avoid: 医院走廊、学校走廊、酒店、鬼影怪物、追兵同框太近; 走廊变医院/学校. Do not change scene layout, character identities, clothing, lighting direction, or camera axis. Do not leak wardrobe, dirt, injury, expression, or environment state from a later story stage into this panel.",废弃单位楼长走廊、冷绿灯管、重复门洞、消防箱、主角单独进入 / Environment continuity lock,S6_CORRIDOR_PHONE_SHOCK,走廊电话惊惧阶段 / Corridor phone shock,角色焦点：小川；连续性：废弃单位楼长走廊、冷绿灯管、重复门洞、消防箱、主角单独进入 / Character focus: 小川; continuity: 废弃单位楼长走廊、冷绿灯管、重复门洞、消防箱、主角单独进入,角色焦点：小川；连续性：废弃单位楼长走廊、冷绿灯管、重复门洞、消防箱、主角单独进入 / Character focus: 小川; continuity: 废弃单位楼长走廊、冷绿灯管、重复门洞、消防箱、主角单独进入,不适应，呼吸急 / Emotion state from panel plan,废弃单位楼长走廊、冷绿灯管、重复门洞、消防箱、主角单独进入 / Environment continuity lock,whitebox_renders_v2/B05/WB2_CORRIDOR_MSB121.png
MSB122,B05,13,进入废楼,SCN_CORRIDOR,CAM_CORRIDOR_01_ENTRY_LONG,keyframe,A,visual_assets/pure/micro_storyboard/B05/MSB122_v001.png,visual_assets/annotated/micro_storyboard/B05/MSB122_v001_annotated.png,"Create a pure cinematic image for AIGC video generation, 16:9 landscape, high-resolution film still quality, no visible text or annotations. 1990s small-town China, Chinese dreamcore realism, humid yellowed childhood memory, low light, subtle VHS grain, real old clothes and lived-in surfaces. Preserve character design v2 and scene spatial bible v1. Story-stage lock: S6_CORRIDOR_PHONE_SHOCK 【部分原文损坏，需从源文件重建 / Partial source text corrupted; rebuild from source】","No text, no captions, no Chinese characters, no English letters, no labels, no arrows, no diagrams, no storyboard frame, no contact sheet, no sketch lines, no layout notes, no watermark. Avoid: 医院走廊、学校走廊、酒店、鬼影怪物、追兵同框太近; 走廊变医院/学校. Do not change scene layout, character identities, clothing, lighting direction, or camera axis. Do not leak wardrobe, dirt, injury, expression, or environment state from a later story stage into this panel.",废弃单位楼长走廊、冷绿灯管、重复门洞、消防箱、主角单独进入 / Environment continuity lock,S6_CORRIDOR_PHONE_SHOCK,走廊电话惊惧阶段 / Corridor phone shock,角色焦点：环境/小川；连续性：废弃单位楼长走廊、冷绿灯管、重复门洞、消防箱、主角单独进入 / Character focus: 环境/小川; continuity: 废弃单位楼长走廊、冷绿灯管、重复门洞、消防箱、主角单独进入,角色焦点：环境/小川；连续性：废弃单位楼长走廊、冷绿灯管、重复门洞、消防箱、主角单独进入 / Character focus: 环境/小川; continuity: 废弃单位楼长走廊、冷绿灯管、重复门洞、消防箱、主角单独进入,孤立 / Emotion state from panel plan,废弃单位楼长走廊、冷绿灯管、重复门洞、消防箱、主角单独进入 / Environment continuity lock,whitebox_renders_v2/B05/WB2_CORRIDOR_MSB122.png
MSB123,B05,13,进入废楼,SCN_CORRIDOR,CAM_CORRIDOR_01_ENTRY_LONG,storyboard,A,visual_assets/pure/micro_storyboard/B05/MSB123_v001.png,visual_assets/annotated/micro_storyboard/B05/MSB123_v001_annotated.png,"Create a pure cinematic image for AIGC video generation, 16:9 landscape, high-resolution film still quality, no visible text or annotations. 1990s small-town China, Chinese dreamcore realism, humid yellowed childhood memory, low light, subtle VHS grain, real old clothes and lived-in surfaces. Preserve character design v2 and scene spatial bible v1. Story-stage lock: S6_CORRIDOR_PHONE_SHOCK 【部分原文损坏，需从源文件重建 / Partial source text corrupted; rebuild from source】","No text, no captions, no Chinese characters, no English letters, no labels, no arrows, no diagrams, no storyboard frame, no contact sheet, no sketch lines, no layout notes, no watermark. Avoid: 医院走廊、学校走廊、酒店、鬼影怪物、追兵同框太近; 走廊变医院/学校. Do not change scene layout, character identities, clothing, lighting direction, or camera axis. Do not leak wardrobe, dirt, injury, expression, or environment state from a later story stage into this panel.",废弃单位楼长走廊、冷绿灯管、重复门洞、消防箱、主角单独进入 / Environment continuity lock,S6_CORRIDOR_PHONE_SHOCK,走廊电话惊惧阶段 / Corridor phone shock,角色焦点：小川；连续性：废弃单位楼长走廊、冷绿灯管、重复门洞、消防箱、主角单独进入 / Character focus: 小川; continuity: 废弃单位楼长走廊、冷绿灯管、重复门洞、消防箱、主角单独进入,角色焦点：小川；连续性：废弃单位楼长走廊、冷绿灯管、重复门洞、消防箱、主角单独进入 / Character focus: 小川; continuity: 废弃单位楼长走廊、冷绿灯管、重复门洞、消防箱、主角单独进入,只想离开 / Emotion state from panel plan,废弃单位楼长走廊、冷绿灯管、重复门洞、消防箱、主角单独进入 / Environment continuity lock,whitebox_renders_v2/B05/WB2_CORRIDOR_MSB123.png
MSB124,B05,13,进入废楼,SCN_CORRIDOR,CAM_CORRIDOR_01_ENTRY_LONG,storyboard,B,visual_assets/pure/micro_storyboard/B05/MSB124_v001.png,visual_assets/annotated/micro_storyboard/B05/MSB124_v001_annotated.png,"Create a pure cinematic image for AIGC video generation, 16:9 landscape, high-resolution film still quality, no visible text or annotations. 1990s small-town China, Chinese dreamcore realism, humid yellowed childhood memory, low light, subtle VHS grain, real old clothes and lived-in surfaces. Preserve character design v2 and scene spatial bible v1. Story-stage lock: S6_CORRIDOR_PHONE_SHOCK 【部分原文损坏，需从源文件重建 / Partial source text corrupted; rebuild from source】","No text, no captions, no Chinese characters, no English letters, no labels, no arrows, no diagrams, no storyboard frame, no contact sheet, no sketch lines, no layout notes, no watermark. Avoid: 医院走廊、学校走廊、酒店、鬼影怪物、追兵同框太近; 走廊变医院/学校. Do not change scene layout, character identities, clothing, lighting direction, or camera axis. Do not leak wardrobe, dirt, injury, expression, or environment state from a later story stage into this panel.",废弃单位楼长走廊、冷绿灯管、重复门洞、消防箱、主角单独进入 / Environment continuity lock,S6_CORRIDOR_PHONE_SHOCK,走廊电话惊惧阶段 / Corridor phone shock,角色焦点：小川/道具；连续性：废弃单位楼长走廊、冷绿灯管、重复门洞、消防箱、主角单独进入 / Character focus: 小川/道具; continuity: 废弃单位楼长走廊、冷绿灯管、重复门洞、消防箱、主角单独进入,角色焦点：小川/道具；连续性：废弃单位楼长走廊、冷绿灯管、重复门洞、消防箱、主角单独进入 / Character focus: 小川/道具; continuity: 废弃单位楼长走廊、冷绿灯管、重复门洞、消防箱、主角单独进入,慌乱脚步 / Emotion state from panel plan,废弃单位楼长走廊、冷绿灯管、重复门洞、消防箱、主角单独进入 / Environment continuity lock,whitebox_renders_v2/B05/WB2_CORRIDOR_MSB124.png
MSB125,B05,13,进入废楼,SCN_CORRIDOR,CAM_CORRIDOR_01_ENTRY_LONG,storyboard,A,visual_assets/pure/micro_storyboard/B05/MSB125_v001.png,visual_assets/annotated/micro_storyboard/B05/MSB125_v001_annotated.png,"Create a pure cinematic image for AIGC video generation, 16:9 landscape, high-resolution film still quality, no visible text or annotations. 1990s small-town China, Chinese dreamcore realism, humid yellowed childhood memory, low light, subtle VHS grain, real old clothes and lived-in surfaces. Preserve character design v2 and scene spatial bible v1. Story-stage lock: S6_CORRIDOR_PHONE_SHOCK 【部分原文损坏，需从源文件重建 / Partial source text corrupted; rebuild from source】","No text, no captions, no Chinese characters, no English letters, no labels, no arrows, no diagrams, no storyboard frame, no contact sheet, no sketch lines, no layout notes, no watermark. Avoid: 医院走廊、学校走廊、酒店、鬼影怪物、追兵同框太近; 走廊变医院/学校. Do not change scene layout, character identities, clothing, lighting direction, or camera axis. Do not leak wardrobe, dirt, injury, expression, or environment state from a later story stage into this panel.",废弃单位楼长走廊、冷绿灯管、重复门洞、消防箱、主角单独进入 / Environment continuity lock,S6_CORRIDOR_PHONE_SHOCK,走廊电话惊惧阶段 / Corridor phone shock,角色焦点：小川；连续性：废弃单位楼长走廊、冷绿灯管、重复门洞、消防箱、主角单独进入 / Character focus: 小川; continuity: 废弃单位楼长走廊、冷绿灯管、重复门洞、消防箱、主角单独进入,角色焦点：小川；连续性：废弃单位楼长走廊、冷绿灯管、重复门洞、消防箱、主角单独进入 / Character focus: 小川; continuity: 废弃单位楼长走廊、冷绿灯管、重复门洞、消防箱、主角单独进入,确认后方但更害怕 / Emotion state from panel plan,废弃单位楼长走廊、冷绿灯管、重复门洞、消防箱、主角单独进入 / Environment continuity lock,whitebox_renders_v2/B05/WB2_CORRIDOR_MSB125.png
MSB126,B05,13,进入废楼,SCN_CORRIDOR,CAM_CORRIDOR_01_ENTRY_LONG,storyboard,C,visual_assets/pure/micro_storyboard/B05/MSB126_v001.png,visual_assets/annotated/micro_storyboard/B05/MSB126_v001_annotated.png,"Create a pure cinematic image for AIGC video generation, 16:9 landscape, high-resolution film still quality, no visible text or annotations. 1990s small-town China, Chinese dreamcore realism, humid yellowed childhood memory, low light, subtle VHS grain, real old clothes and lived-in surfaces. Preserve character design v2 and scene spatial bible v1. Story-stage lock: S6_CORRIDOR_PHONE_SHOCK 【部分原文损坏，需从源文件重建 / Partial source text corrupted; rebuild from source】","No text, no captions, no Chinese characters, no English letters, no labels, no arrows, no diagrams, no storyboard frame, no contact sheet, no sketch lines, no layout notes, no watermark. Avoid: 医院走廊、学校走廊、酒店、鬼影怪物、追兵同框太近; 走廊变医院/学校. Do not change scene layout, character identities, clothing, lighting direction, or camera axis. Do not leak wardrobe, dirt, injury, expression, or environment state from a later story stage into this panel.",废弃单位楼长走廊、冷绿灯管、重复门洞、消防箱、主角单独进入 / Environment continuity lock,S6_CORRIDOR_PHONE_SHOCK,走廊电话惊惧阶段 / Corridor phone shock,角色焦点：环境；连续性：废弃单位楼长走廊、冷绿灯管、重复门洞、消防箱、主角单独进入 / Character focus: 环境; continuity: 废弃单位楼长走廊、冷绿灯管、重复门洞、消防箱、主角单独进入,角色焦点：环境；连续性：废弃单位楼长走廊、冷绿灯管、重复门洞、消防箱、主角单独进入 / Character focus: 环境; continuity: 废弃单位楼长走廊、冷绿灯管、重复门洞、消防箱、主角单独进入,无人物，现实旧物 / Emotion state from panel plan,废弃单位楼长走廊、冷绿灯管、重复门洞、消防箱、主角单独进入 / Environment continuity lock,whitebox_renders_v2/B05/WB2_CORRIDOR_MSB126.png
MSB127,B05,13,进入废楼,SCN_CORRIDOR,CAM_CORRIDOR_01_ENTRY_LONG,end_frame,A,visual_assets/pure/micro_storyboard/B05/MSB127_v001.png,visual_assets/annotated/micro_storyboard/B05/MSB127_v001_annotated.png,"Create a pure cinematic image for AIGC video generation, 16:9 landscape, high-resolution film still quality, no visible text or annotations. 1990s small-town China, Chinese dreamcore realism, humid yellowed childhood memory, low light, subtle VHS grain, real old clothes and lived-in surfaces. Preserve character design v2 and scene spatial bible v1. Story-stage lock: S6_CORRIDOR_PHONE_SHOCK 【部分原文损坏，需从源文件重建 / Partial source text corrupted; rebuild from source】","No text, no captions, no Chinese characters, no English letters, no labels, no arrows, no diagrams, no storyboard frame, no contact sheet, no sketch lines, no layout notes, no watermark. Avoid: 医院走廊、学校走廊、酒店、鬼影怪物、追兵同框太近; 走廊变医院/学校. Do not change scene layout, character identities, clothing, lighting direction, or camera axis. Do not leak wardrobe, dirt, injury, expression, or environment state from a later story stage into this panel.",废弃单位楼长走廊、冷绿灯管、重复门洞、消防箱、主角单独进入 / Environment continuity lock,S6_CORRIDOR_PHONE_SHOCK,走廊电话惊惧阶段 / Corridor phone shock,角色焦点：小川/环境；连续性：废弃单位楼长走廊、冷绿灯管、重复门洞、消防箱、主角单独进入 / Character focus: 小川/环境; continuity: 废弃单位楼长走廊、冷绿灯管、重复门洞、消防箱、主角单独进入,角色焦点：小川/环境；连续性：废弃单位楼长走廊、冷绿灯管、重复门洞、消防箱、主角单独进入 / Character focus: 小川/环境; continuity: 废弃单位楼长走廊、冷绿灯管、重复门洞、消防箱、主角单独进入,被空间吞没 / Emotion state from panel plan,废弃单位楼长走廊、冷绿灯管、重复门洞、消防箱、主角单独进入 / Environment continuity lock,whitebox_renders_v2/B05/WB2_CORRIDOR_MSB127.png
MSB128,B05,13,进入废楼,SCN_CORRIDOR,CAM_CORRIDOR_01_ENTRY_LONG,storyboard,B,visual_assets/pure/micro_storyboard/B05/MSB128_v001.png,visual_assets/annotated/micro_storyboard/B05/MSB128_v001_annotated.png,"Create a pure cinematic image for AIGC video generation, 16:9 landscape, high-resolution film still quality, no visible text or annotations. 1990s small-town China, Chinese dreamcore realism, humid yellowed childhood memory, low light, subtle VHS grain, real old clothes and lived-in surfaces. Preserve character design v2 and scene spatial bible v1. Story-stage lock: S6_CORRIDOR_PHONE_SHOCK 【部分原文损坏，需从源文件重建 / Partial source text corrupted; rebuild from source】","No text, no captions, no Chinese characters, no English letters, no labels, no arrows, no diagrams, no storyboard frame, no contact sheet, no sketch lines, no layout notes, no watermark. Avoid: 医院走廊、学校走廊、酒店、鬼影怪物、追兵同框太近; 走廊变医院/学校. Do not change scene layout, character identities, clothing, lighting direction, or camera axis. Do not leak wardrobe, dirt, injury, expression, or environment state from a later story stage into this panel.",废弃单位楼长走廊、冷绿灯管、重复门洞、消防箱、主角单独进入 / Environment continuity lock,S6_CORRIDOR_PHONE_SHOCK,走廊电话惊惧阶段 / Corridor phone shock,角色焦点：环境；连续性：废弃单位楼长走廊、冷绿灯管、重复门洞、消防箱、主角单独进入 / Character focus: 环境; continuity: 废弃单位楼长走廊、冷绿灯管、重复门洞、消防箱、主角单独进入,角色焦点：环境；连续性：废弃单位楼长走廊、冷绿灯管、重复门洞、消防箱、主角单独进入 / Character focus: 环境; continuity: 废弃单位楼长走廊、冷绿灯管、重复门洞、消防箱、主角单独进入,追逐声音消失 / Emotion state from panel plan,废弃单位楼长走廊、冷绿灯管、重复门洞、消防箱、主角单独进入 / Environment continuity lock,whitebox_renders_v2/B05/WB2_CORRIDOR_MSB128.png
MSB129,B05,14,无限走廊,SCN_CORRIDOR,CAM_CORRIDOR_02_LOW_TRACK,start_frame,A,visual_assets/pure/micro_storyboard/B05/MSB129_v001.png,visual_assets/annotated/micro_storyboard/B05/MSB129_v001_annotated.png,"Create a pure cinematic image for AIGC video generation, 16:9 landscape, high-resolution film still quality, no visible text or annotations. 1990s small-town China, Chinese dreamcore realism, humid yellowed childhood memory, low light, subtle VHS grain, real old clothes and lived-in surfaces. Preserve character design v2 and scene spatial bible v1. Story-stage lock: S6_CORRIDOR_PHONE_SHOCK 【部分原文损坏，需从源文件重建 / Partial source text corrupted; rebuild from source】","No text, no captions, no Chinese characters, no English letters, no labels, no arrows, no diagrams, no storyboard frame, no contact sheet, no sketch lines, no layout notes, no watermark. Avoid: 大幅空间扭曲、鬼怪、换成医院学校、180度翻轴、现代电梯; 空间扭曲过度、鬼怪化. Do not change scene layout, character identities, clothing, lighting direction, or camera axis. Do not leak wardrobe, dirt, injury, expression, or environment state from a later story stage into this panel.",同一废楼走廊纵深，冷绿荧光灯，重复门洞，电话亭尚未出现 / Environment continuity lock,S6_CORRIDOR_PHONE_SHOCK,走廊电话惊惧阶段 / Corridor phone shock,角色焦点：小川/环境；连续性：同一废楼走廊纵深，冷绿荧光灯，重复门洞，电话亭尚未出现 / Character focus: 小川/环境; continuity: 同一废楼走廊纵深，冷绿荧光灯，重复门洞，电话亭尚未出现,角色焦点：小川/环境；连续性：同一废楼走廊纵深，冷绿荧光灯，重复门洞，电话亭尚未出现 / Character focus: 小川/环境; continuity: 同一废楼走廊纵深，冷绿荧光灯，重复门洞，电话亭尚未出现,疲惫恐惧 / Emotion state from panel plan,同一废楼走廊纵深，冷绿荧光灯，重复门洞，电话亭尚未出现 / Environment continuity lock,whitebox_renders_v2/B05/WB2_CORRIDOR_MSB129.png
MSB130,B05,14,无限走廊,SCN_CORRIDOR,CAM_CORRIDOR_02_LOW_TRACK,storyboard,A,visual_assets/pure/micro_storyboard/B05/MSB130_v001.png,visual_assets/annotated/micro_storyboard/B05/MSB130_v001_annotated.png,"Create a pure cinematic image for AIGC video generation, 16:9 landscape, high-resolution film still quality, no visible text or annotations. 1990s small-town China, Chinese dreamcore realism, humid yellowed childhood memory, low light, subtle VHS grain, real old clothes and lived-in surfaces. Preserve character design v2 and scene spatial bible v1. Story-stage lock: S6_CORRIDOR_PHONE_SHOCK 【部分原文损坏，需从源文件重建 / Partial source text corrupted; rebuild from source】","No text, no captions, no Chinese characters, no English letters, no labels, no arrows, no diagrams, no storyboard frame, no contact sheet, no sketch lines, no layout notes, no watermark. Avoid: 大幅空间扭曲、鬼怪、换成医院学校、180度翻轴、现代电梯; 空间扭曲过度、鬼怪化. Do not change scene layout, character identities, clothing, lighting direction, or camera axis. Do not leak wardrobe, dirt, injury, expression, or environment state from a later story stage into this panel.",同一废楼走廊纵深，冷绿荧光灯，重复门洞，电话亭尚未出现 / Environment continuity lock,S6_CORRIDOR_PHONE_SHOCK,走廊电话惊惧阶段 / Corridor phone shock,角色焦点：小川；连续性：同一废楼走廊纵深，冷绿荧光灯，重复门洞，电话亭尚未出现 / Character focus: 小川; continuity: 同一废楼走廊纵深，冷绿荧光灯，重复门洞，电话亭尚未出现,角色焦点：小川；连续性：同一废楼走廊纵深，冷绿荧光灯，重复门洞，电话亭尚未出现 / Character focus: 小川; continuity: 同一废楼走廊纵深，冷绿荧光灯，重复门洞，电话亭尚未出现,快跑不动 / Emotion state from panel plan,同一废楼走廊纵深，冷绿荧光灯，重复门洞，电话亭尚未出现 / Environment continuity lock,whitebox_renders_v2/B05/WB2_CORRIDOR_MSB130.png
MSB131,B05,14,无限走廊,SCN_CORRIDOR,CAM_CORRIDOR_02_LOW_TRACK,storyboard,A,visual_assets/pure/micro_storyboard/B05/MSB131_v001.png,visual_assets/annotated/micro_storyboard/B05/MSB131_v001_annotated.png,"Create a pure cinematic image for AIGC video generation, 16:9 landscape, high-resolution film still quality, no visible text or annotations. 1990s small-town China, Chinese dreamcore realism, humid yellowed childhood memory, low light, subtle VHS grain, real old clothes and lived-in surfaces. Preserve character design v2 and scene spatial bible v1. Story-stage lock: S6_CORRIDOR_PHONE_SHOCK 【部分原文损坏，需从源文件重建 / Partial source text corrupted; rebuild from source】","No text, no captions, no Chinese characters, no English letters, no labels, no arrows, no diagrams, no storyboard frame, no contact sheet, no sketch lines, no layout notes, no watermark. Avoid: 大幅空间扭曲、鬼怪、换成医院学校、180度翻轴、现代电梯; 空间扭曲过度、鬼怪化. Do not change scene layout, character identities, clothing, lighting direction, or camera axis. Do not leak wardrobe, dirt, injury, expression, or environment state from a later story stage into this panel.",同一废楼走廊纵深，冷绿荧光灯，重复门洞，电话亭尚未出现 / Environment continuity lock,S6_CORRIDOR_PHONE_SHOCK,走廊电话惊惧阶段 / Corridor phone shock,角色焦点：小川；连续性：同一废楼走廊纵深，冷绿荧光灯，重复门洞，电话亭尚未出现 / Character focus: 小川; continuity: 同一废楼走廊纵深，冷绿荧光灯，重复门洞，电话亭尚未出现,角色焦点：小川；连续性：同一废楼走廊纵深，冷绿荧光灯，重复门洞，电话亭尚未出现 / Character focus: 小川; continuity: 同一废楼走廊纵深，冷绿荧光灯，重复门洞，电话亭尚未出现,疑惑转害怕 / Emotion state from panel plan,同一废楼走廊纵深，冷绿荧光灯，重复门洞，电话亭尚未出现 / Environment continuity lock,whitebox_renders_v2/B05/WB2_CORRIDOR_MSB131.png
MSB132,B05,14,无限走廊,SCN_CORRIDOR,CAM_CORRIDOR_02_LOW_TRACK,keyframe,A,visual_assets/pure/micro_storyboard/B05/MSB132_v001.png,visual_assets/annotated/micro_storyboard/B05/MSB132_v001_annotated.png,"Create a pure cinematic image for AIGC video generation, 16:9 landscape, high-resolution film still quality, no visible text or annotations. 1990s small-town China, Chinese dreamcore realism, humid yellowed childhood memory, low light, subtle VHS grain, real old clothes and lived-in surfaces. Preserve character design v2 and scene spatial bible v1. Story-stage lock: S6_CORRIDOR_PHONE_SHOCK 【部分原文损坏，需从源文件重建 / Partial source text corrupted; rebuild from source】","No text, no captions, no Chinese characters, no English letters, no labels, no arrows, no diagrams, no storyboard frame, no contact sheet, no sketch lines, no layout notes, no watermark. Avoid: 大幅空间扭曲、鬼怪、换成医院学校、180度翻轴、现代电梯; 空间扭曲过度、鬼怪化. Do not change scene layout, character identities, clothing, lighting direction, or camera axis. Do not leak wardrobe, dirt, injury, expression, or environment state from a later story stage into this panel.",同一废楼走廊纵深，冷绿荧光灯，重复门洞，电话亭尚未出现 / Environment continuity lock,S6_CORRIDOR_PHONE_SHOCK,走廊电话惊惧阶段 / Corridor phone shock,角色焦点：环境；连续性：同一废楼走廊纵深，冷绿荧光灯，重复门洞，电话亭尚未出现 / Character focus: 环境; continuity: 同一废楼走廊纵深，冷绿荧光灯，重复门洞，电话亭尚未出现,角色焦点：环境；连续性：同一废楼走廊纵深，冷绿荧光灯，重复门洞，电话亭尚未出现 / Character focus: 环境; continuity: 同一废楼走廊纵深，冷绿荧光灯，重复门洞，电话亭尚未出现,空间变长 / Emotion state from panel plan,同一废楼走廊纵深，冷绿荧光灯，重复门洞，电话亭尚未出现 / Environment continuity lock,whitebox_renders_v2/B05/WB2_CORRIDOR_MSB132.png
MSB133,B05,14,无限走廊,SCN_CORRIDOR,CAM_CORRIDOR_02_LOW_TRACK,storyboard,B,visual_assets/pure/micro_storyboard/B05/MSB133_v001.png,visual_assets/annotated/micro_storyboard/B05/MSB133_v001_annotated.png,"Create a pure cinematic image for AIGC video generation, 16:9 landscape, high-resolution film still quality, no visible text or annotations. 1990s small-town China, Chinese dreamcore realism, humid yellowed childhood memory, low light, subtle VHS grain, real old clothes and lived-in surfaces. Preserve character design v2 and scene spatial bible v1. Story-stage lock: S6_CORRIDOR_PHONE_SHOCK 【部分原文损坏，需从源文件重建 / Partial source text corrupted; rebuild from source】","No text, no captions, no Chinese characters, no English letters, no labels, no arrows, no diagrams, no storyboard frame, no contact sheet, no sketch lines, no layout notes, no watermark. Avoid: 大幅空间扭曲、鬼怪、换成医院学校、180度翻轴、现代电梯; 空间扭曲过度、鬼怪化. Do not change scene layout, character identities, clothing, lighting direction, or camera axis. Do not leak wardrobe, dirt, injury, expression, or environment state from a later story stage into this panel.",同一废楼走廊纵深，冷绿荧光灯，重复门洞，电话亭尚未出现 / Environment continuity lock,S6_CORRIDOR_PHONE_SHOCK,走廊电话惊惧阶段 / Corridor phone shock,角色焦点：环境/道具；连续性：同一废楼走廊纵深，冷绿荧光灯，重复门洞，电话亭尚未出现 / Character focus: 环境/道具; continuity: 同一废楼走廊纵深，冷绿荧光灯，重复门洞，电话亭尚未出现,角色焦点：环境/道具；连续性：同一废楼走廊纵深，冷绿荧光灯，重复门洞，电话亭尚未出现 / Character focus: 环境/道具; continuity: 同一废楼走廊纵深，冷绿荧光灯，重复门洞，电话亭尚未出现,无人物，声音预兆 / Emotion state from panel plan,同一废楼走廊纵深，冷绿荧光灯，重复门洞，电话亭尚未出现 / Environment continuity lock,whitebox_renders_v2/B05/WB2_CORRIDOR_MSB133.png
MSB134,B05,14,无限走廊,SCN_CORRIDOR,CAM_CORRIDOR_02_LOW_TRACK,storyboard,A,visual_assets/pure/micro_storyboard/B05/MSB134_v001.png,visual_assets/annotated/micro_storyboard/B05/MSB134_v001_annotated.png,"Create a pure cinematic image for AIGC video generation, 16:9 landscape, high-resolution film still quality, no visible text or annotations. 1990s small-town China, Chinese dreamcore realism, humid yellowed childhood memory, low light, subtle VHS grain, real old clothes and lived-in surfaces. Preserve character design v2 and scene spatial bible v1. Story-stage lock: S6_CORRIDOR_PHONE_SHOCK 【部分原文损坏，需从源文件重建 / Partial source text corrupted; rebuild from source】","No text, no captions, no Chinese characters, no English letters, no labels, no arrows, no diagrams, no storyboard frame, no contact sheet, no sketch lines, no layout notes, no watermark. Avoid: 大幅空间扭曲、鬼怪、换成医院学校、180度翻轴、现代电梯; 空间扭曲过度、鬼怪化. Do not change scene layout, character identities, clothing, lighting direction, or camera axis. Do not leak wardrobe, dirt, injury, expression, or environment state from a later story stage into this panel.",同一废楼走廊纵深，冷绿荧光灯，重复门洞，电话亭尚未出现 / Environment continuity lock,S6_CORRIDOR_PHONE_SHOCK,走廊电话惊惧阶段 / Corridor phone shock,角色焦点：小川；连续性：同一废楼走廊纵深，冷绿荧光灯，重复门洞，电话亭尚未出现 / Character focus: 小川; continuity: 同一废楼走廊纵深，冷绿荧光灯，重复门洞，电话亭尚未出现,角色焦点：小川；连续性：同一废楼走廊纵深，冷绿荧光灯，重复门洞，电话亭尚未出现 / Character focus: 小川; continuity: 同一废楼走廊纵深，冷绿荧光灯，重复门洞，电话亭尚未出现,追声消失后的迷茫 / Emotion state from panel plan,同一废楼走廊纵深，冷绿荧光灯，重复门洞，电话亭尚未出现 / Environment continuity lock,whitebox_renders_v2/B05/WB2_CORRIDOR_MSB134.png
MSB135,B05,14,无限走廊,SCN_CORRIDOR,CAM_CORRIDOR_02_LOW_TRACK,storyboard,B,visual_assets/pure/micro_storyboard/B05/MSB135_v001.png,visual_assets/annotated/micro_storyboard/B05/MSB135_v001_annotated.png,"Create a pure cinematic image for AIGC video generation, 16:9 landscape, high-resolution film still quality, no visible text or annotations. 1990s small-town China, Chinese dreamcore realism, humid yellowed childhood memory, low light, subtle VHS grain, real old clothes and lived-in surfaces. Preserve character design v2 and scene spatial bible v1. Story-stage lock: S6_CORRIDOR_PHONE_SHOCK 【部分原文损坏，需从源文件重建 / Partial source text corrupted; rebuild from source】","No text, no captions, no Chinese characters, no English letters, no labels, no arrows, no diagrams, no storyboard frame, no contact sheet, no sketch lines, no layout notes, no watermark. Avoid: 大幅空间扭曲、鬼怪、换成医院学校、180度翻轴、现代电梯; 空间扭曲过度、鬼怪化. Do not change scene layout, character identities, clothing, lighting direction, or camera axis. Do not leak wardrobe, dirt, injury, expression, or environment state from a later story stage into this panel.",同一废楼走廊纵深，冷绿荧光灯，重复门洞，电话亭尚未出现 / Environment continuity lock,S6_CORRIDOR_PHONE_SHOCK,走廊电话惊惧阶段 / Corridor phone shock,角色焦点：环境；连续性：同一废楼走廊纵深，冷绿荧光灯，重复门洞，电话亭尚未出现 / Character focus: 环境; continuity: 同一废楼走廊纵深，冷绿荧光灯，重复门洞，电话亭尚未出现,角色焦点：环境；连续性：同一废楼走廊纵深，冷绿荧光灯，重复门洞，电话亭尚未出现 / Character focus: 环境; continuity: 同一废楼走廊纵深，冷绿荧光灯，重复门洞，电话亭尚未出现,无出口感 / Emotion state from panel plan,同一废楼走廊纵深，冷绿荧光灯，重复门洞，电话亭尚未出现 / Environment continuity lock,whitebox_renders_v2/B05/WB2_CORRIDOR_MSB135.png
MSB136,B05,14,无限走廊,SCN_CORRIDOR,CAM_CORRIDOR_02_LOW_TRACK,storyboard,A,visual_assets/pure/micro_storyboard/B05/MSB136_v001.png,visual_assets/annotated/micro_storyboard/B05/MSB136_v001_annotated.png,"Create a pure cinematic image for AIGC video generation, 16:9 landscape, high-resolution film still quality, no visible text or annotations. 1990s small-town China, Chinese dreamcore realism, humid yellowed childhood memory, low light, subtle VHS grain, real old clothes and lived-in surfaces. Preserve character design v2 and scene spatial bible v1. Story-stage lock: S6_CORRIDOR_PHONE_SHOCK 【部分原文损坏，需从源文件重建 / Partial source text corrupted; rebuild from source】","No text, no captions, no Chinese characters, no English letters, no labels, no arrows, no diagrams, no storyboard frame, no contact sheet, no sketch lines, no layout notes, no watermark. Avoid: 大幅空间扭曲、鬼怪、换成医院学校、180度翻轴、现代电梯; 空间扭曲过度、鬼怪化. Do not change scene layout, character identities, clothing, lighting direction, or camera axis. Do not leak wardrobe, dirt, injury, expression, or environment state from a later story stage into this panel.",同一废楼走廊纵深，冷绿荧光灯，重复门洞，电话亭尚未出现 / Environment continuity lock,S6_CORRIDOR_PHONE_SHOCK,走廊电话惊惧阶段 / Corridor phone shock,角色焦点：小川；连续性：同一废楼走廊纵深，冷绿荧光灯，重复门洞，电话亭尚未出现 / Character focus: 小川; continuity: 同一废楼走廊纵深，冷绿荧光灯，重复门洞，电话亭尚未出现,角色焦点：小川；连续性：同一废楼走廊纵深，冷绿荧光灯，重复门洞，电话亭尚未出现 / Character focus: 小川; continuity: 同一废楼走廊纵深，冷绿荧光灯，重复门洞，电话亭尚未出现,恐惧变成被牵引 / Emotion state from panel plan,同一废楼走廊纵深，冷绿荧光灯，重复门洞，电话亭尚未出现 / Environment continuity lock,whitebox_renders_v2/B05/WB2_CORRIDOR_MSB136.png
MSB137,B05,14,无限走廊,SCN_CORRIDOR,CAM_CORRIDOR_02_LOW_TRACK,end_frame,A,visual_assets/pure/micro_storyboard/B05/MSB137_v001.png,visual_assets/annotated/micro_storyboard/B05/MSB137_v001_annotated.png,"Create a pure cinematic image for AIGC video generation, 16:9 landscape, high-resolution film still quality, no visible text or annotations. 1990s small-town China, Chinese dreamcore realism, humid yellowed childhood memory, low light, subtle VHS grain, real old clothes and lived-in surfaces. Preserve character design v2 and scene spatial bible v1. Story-stage lock: S6_CORRIDOR_PHONE_SHOCK 【部分原文损坏，需从源文件重建 / Partial source text corrupted; rebuild from source】","No text, no captions, no Chinese characters, no English letters, no labels, no arrows, no diagrams, no storyboard frame, no contact sheet, no sketch lines, no layout notes, no watermark. Avoid: 大幅空间扭曲、鬼怪、换成医院学校、180度翻轴、现代电梯; 空间扭曲过度、鬼怪化. Do not change scene layout, character identities, clothing, lighting direction, or camera axis. Do not leak wardrobe, dirt, injury, expression, or environment state from a later story stage into this panel.",同一废楼走廊纵深，冷绿荧光灯，重复门洞，电话亭尚未出现 / Environment continuity lock,S6_CORRIDOR_PHONE_SHOCK,走廊电话惊惧阶段 / Corridor phone shock,角色焦点：小川；连续性：同一废楼走廊纵深，冷绿荧光灯，重复门洞，电话亭尚未出现 / Character focus: 小川; continuity: 同一废楼走廊纵深，冷绿荧光灯，重复门洞，电话亭尚未出现,角色焦点：小川；连续性：同一废楼走廊纵深，冷绿荧光灯，重复门洞，电话亭尚未出现 / Character focus: 小川; continuity: 同一废楼走廊纵深，冷绿荧光灯，重复门洞，电话亭尚未出现,被声音抓住 / Emotion state from panel plan,同一废楼走廊纵深，冷绿荧光灯，重复门洞，电话亭尚未出现 / Environment continuity lock,whitebox_renders_v2/B05/WB2_CORRIDOR_MSB137.png
MSB138,B05,14,无限走廊,SCN_CORRIDOR,CAM_CORRIDOR_02_LOW_TRACK,storyboard,A,visual_assets/pure/micro_storyboard/B05/MSB138_v001.png,visual_assets/annotated/micro_storyboard/B05/MSB138_v001_annotated.png,"Create a pure cinematic image for AIGC video generation, 16:9 landscape, high-resolution film still quality, no visible text or annotations. 1990s small-town China, Chinese dreamcore realism, humid yellowed childhood memory, low light, subtle VHS grain, real old clothes and lived-in surfaces. Preserve character design v2 and scene spatial bible v1. Story-stage lock: S6_CORRIDOR_PHONE_SHOCK 【部分原文损坏，需从源文件重建 / Partial source text corrupted; rebuild from source】","No text, no captions, no Chinese characters, no English letters, no labels, no arrows, no diagrams, no storyboard frame, no contact sheet, no sketch lines, no layout notes, no watermark. Avoid: 大幅空间扭曲、鬼怪、换成医院学校、180度翻轴、现代电梯; 空间扭曲过度、鬼怪化. Do not change scene layout, character identities, clothing, lighting direction, or camera axis. Do not leak wardrobe, dirt, injury, expression, or environment state from a later story stage into this panel.",同一废楼走廊纵深，冷绿荧光灯，重复门洞，电话亭尚未出现 / Environment continuity lock,S6_CORRIDOR_PHONE_SHOCK,走廊电话惊惧阶段 / Corridor phone shock,角色焦点：环境；连续性：同一废楼走廊纵深，冷绿荧光灯，重复门洞，电话亭尚未出现 / Character focus: 环境; continuity: 同一废楼走廊纵深，冷绿荧光灯，重复门洞，电话亭尚未出现,角色焦点：环境；连续性：同一废楼走廊纵深，冷绿荧光灯，重复门洞，电话亭尚未出现 / Character focus: 环境; continuity: 同一废楼走廊纵深，冷绿荧光灯，重复门洞，电话亭尚未出现,召唤开始 / Emotion state from panel plan,同一废楼走廊纵深，冷绿荧光灯，重复门洞，电话亭尚未出现 / Environment continuity lock,whitebox_renders_v2/B05/WB2_CORRIDOR_MSB138.png
MSB139,B05,15,远处电话亭,SCN_PHONE,CAM_PHONE_01_DISTANT_GLOW,keyframe,A,visual_assets/pure/micro_storyboard/B05/MSB139_v001.png,visual_assets/annotated/micro_storyboard/B05/MSB139_v001_annotated.png,"Create a pure cinematic image for AIGC video generation, 16:9 landscape, high-resolution film still quality, no visible text or annotations. 1990s small-town China, Chinese dreamcore realism, humid yellowed childhood memory, low light, subtle VHS grain, real old clothes and lived-in surfaces. Preserve character design v2 and scene spatial bible v1. Story-stage lock: S6_CORRIDOR_PHONE_SHOCK 【部分原文损坏，需从源文件重建 / Partial source text corrupted; rebuild from source】","No text, no captions, no Chinese characters, no English letters, no labels, no arrows, no diagrams, no storyboard frame, no contact sheet, no sketch lines, no layout notes, no watermark. Avoid: 科幻设备、现代电话亭、全息屏、其他出口、电话亭移动; 电话亭科幻化. Do not change scene layout, character identities, clothing, lighting direction, or camera axis. Do not leak wardrobe, dirt, injury, expression, or environment state from a later story stage into this panel.",走廊尽头旧电话亭，暖白微光对冷绿走廊，小川在远处停下 / Environment continuity lock,S6_CORRIDOR_PHONE_SHOCK,走廊电话惊惧阶段 / Corridor phone shock,角色焦点：电话亭/环境；连续性：走廊尽头旧电话亭，暖白微光对冷绿走廊，小川在远处停下 / Character focus: 电话亭/环境; continuity: 走廊尽头旧电话亭，暖白微光对冷绿走廊，小川在远处停下,角色焦点：电话亭/环境；连续性：走廊尽头旧电话亭，暖白微光对冷绿走廊，小川在远处停下 / Character focus: 电话亭/环境; continuity: 走廊尽头旧电话亭，暖白微光对冷绿走廊，小川在远处停下,无人物或小川远处 / Emotion state from panel plan,走廊尽头旧电话亭，暖白微光对冷绿走廊，小川在远处停下 / Environment continuity lock,whitebox_renders_v2/B05/WB2_PHONE_MSB139.png
MSB140,B05,15,远处电话亭,SCN_PHONE,CAM_PHONE_01_DISTANT_GLOW,start_frame,A,visual_assets/pure/micro_storyboard/B05/MSB140_v001.png,visual_assets/annotated/micro_storyboard/B05/MSB140_v001_annotated.png,"Create a pure cinematic image for AIGC video generation, 16:9 landscape, high-resolution film still quality, no visible text or annotations. 1990s small-town China, Chinese dreamcore realism, humid yellowed childhood memory, low light, subtle VHS grain, real old clothes and lived-in surfaces. Preserve character design v2 and scene spatial bible v1. Story-stage lock: S6_CORRIDOR_PHONE_SHOCK 【部分原文损坏，需从源文件重建 / Partial source text corrupted; rebuild from source】","No text, no captions, no Chinese characters, no English letters, no labels, no arrows, no diagrams, no storyboard frame, no contact sheet, no sketch lines, no layout notes, no watermark. Avoid: 科幻设备、现代电话亭、全息屏、其他出口、电话亭移动; 电话亭科幻化. Do not change scene layout, character identities, clothing, lighting direction, or camera axis. Do not leak wardrobe, dirt, injury, expression, or environment state from a later story stage into this panel.",走廊尽头旧电话亭，暖白微光对冷绿走廊，小川在远处停下 / Environment continuity lock,S6_CORRIDOR_PHONE_SHOCK,走廊电话惊惧阶段 / Corridor phone shock,角色焦点：小川/电话亭；连续性：走廊尽头旧电话亭，暖白微光对冷绿走廊，小川在远处停下 / Character focus: 小川/电话亭; continuity: 走廊尽头旧电话亭，暖白微光对冷绿走廊，小川在远处停下,角色焦点：小川/电话亭；连续性：走廊尽头旧电话亭，暖白微光对冷绿走廊，小川在远处停下 / Character focus: 小川/电话亭; continuity: 走廊尽头旧电话亭，暖白微光对冷绿走廊，小川在远处停下,被召唤，犹豫 / Emotion state from panel plan,走廊尽头旧电话亭，暖白微光对冷绿走廊，小川在远处停下 / Environment continuity lock,whitebox_renders_v2/B05/WB2_PHONE_MSB140.png
MSB141,B05,15,远处电话亭,SCN_PHONE,CAM_PHONE_01_DISTANT_GLOW,storyboard,A,visual_assets/pure/micro_storyboard/B05/MSB141_v001.png,visual_assets/annotated/micro_storyboard/B05/MSB141_v001_annotated.png,"Create a pure cinematic image for AIGC video generation, 16:9 landscape, high-resolution film still quality, no visible text or annotations. 1990s small-town China, Chinese dreamcore realism, humid yellowed childhood memory, low light, subtle VHS grain, real old clothes and lived-in surfaces. Preserve character design v2 and scene spatial bible v1. Story-stage lock: S6_CORRIDOR_PHONE_SHOCK 【部分原文损坏，需从源文件重建 / Partial source text corrupted; rebuild from source】","No text, no captions, no Chinese characters, no English letters, no labels, no arrows, no diagrams, no storyboard frame, no contact sheet, no sketch lines, no layout notes, no watermark. Avoid: 科幻设备、现代电话亭、全息屏、其他出口、电话亭移动; 电话亭科幻化. Do not change scene layout, character identities, clothing, lighting direction, or camera axis. Do not leak wardrobe, dirt, injury, expression, or environment state from a later story stage into this panel.",走廊尽头旧电话亭，暖白微光对冷绿走廊，小川在远处停下 / Environment continuity lock,S6_CORRIDOR_PHONE_SHOCK,走廊电话惊惧阶段 / Corridor phone shock,角色焦点：小川；连续性：走廊尽头旧电话亭，暖白微光对冷绿走廊，小川在远处停下 / Character focus: 小川; continuity: 走廊尽头旧电话亭，暖白微光对冷绿走廊，小川在远处停下,角色焦点：小川；连续性：走廊尽头旧电话亭，暖白微光对冷绿走廊，小川在远处停下 / Character focus: 小川; continuity: 走廊尽头旧电话亭，暖白微光对冷绿走廊，小川在远处停下,害怕但被吸引 / Emotion state from panel plan,走廊尽头旧电话亭，暖白微光对冷绿走廊，小川在远处停下 / Environment continuity lock,whitebox_renders_v2/B05/WB2_PHONE_MSB141.png
MSB142,B05,15,远处电话亭,SCN_PHONE,CAM_PHONE_01_DISTANT_GLOW,storyboard,A,visual_assets/pure/micro_storyboard/B05/MSB142_v001.png,visual_assets/annotated/micro_storyboard/B05/MSB142_v001_annotated.png,"Create a pure cinematic image for AIGC video generation, 16:9 landscape, high-resolution film still quality, no visible text or annotations. 1990s small-town China, Chinese dreamcore realism, humid yellowed childhood memory, low light, subtle VHS grain, real old clothes and lived-in surfaces. Preserve character design v2 and scene spatial bible v1. Story-stage lock: S6_CORRIDOR_PHONE_SHOCK 【部分原文损坏，需从源文件重建 / Partial source text corrupted; rebuild from source】","No text, no captions, no Chinese characters, no English letters, no labels, no arrows, no diagrams, no storyboard frame, no contact sheet, no sketch lines, no layout notes, no watermark. Avoid: 科幻设备、现代电话亭、全息屏、其他出口、电话亭移动; 电话亭科幻化. Do not change scene layout, character identities, clothing, lighting direction, or camera axis. Do not leak wardrobe, dirt, injury, expression, or environment state from a later story stage into this panel.",走廊尽头旧电话亭，暖白微光对冷绿走廊，小川在远处停下 / Environment continuity lock,S6_CORRIDOR_PHONE_SHOCK,走廊电话惊惧阶段 / Corridor phone shock,角色焦点：电话亭；连续性：走廊尽头旧电话亭，暖白微光对冷绿走廊，小川在远处停下 / Character focus: 电话亭; continuity: 走廊尽头旧电话亭，暖白微光对冷绿走廊，小川在远处停下,角色焦点：电话亭；连续性：走廊尽头旧电话亭，暖白微光对冷绿走廊，小川在远处停下 / Character focus: 电话亭; continuity: 走廊尽头旧电话亭，暖白微光对冷绿走廊，小川在远处停下,现实错误感 / Emotion state from panel plan,走廊尽头旧电话亭，暖白微光对冷绿走廊，小川在远处停下 / Environment continuity lock,whitebox_renders_v2/B05/WB2_PHONE_MSB142.png
MSB143,B05,15,远处电话亭,SCN_PHONE,CAM_PHONE_01_DISTANT_GLOW,keyframe,A,visual_assets/pure/micro_storyboard/B05/MSB143_v001.png,visual_assets/annotated/micro_storyboard/B05/MSB143_v001_annotated.png,"Create a pure cinematic image for AIGC video generation, 16:9 landscape, high-resolution film still quality, no visible text or annotations. 1990s small-town China, Chinese dreamcore realism, humid yellowed childhood memory, low light, subtle VHS grain, real old clothes and lived-in surfaces. Preserve character design v2 and scene spatial bible v1. Story-stage lock: S6_CORRIDOR_PHONE_SHOCK 【部分原文损坏，需从源文件重建 / Partial source text corrupted; rebuild from source】","No text, no captions, no Chinese characters, no English letters, no labels, no arrows, no diagrams, no storyboard frame, no contact sheet, no sketch lines, no layout notes, no watermark. Avoid: 科幻设备、现代电话亭、全息屏、其他出口、电话亭移动; 电话亭科幻化. Do not change scene layout, character identities, clothing, lighting direction, or camera axis. Do not leak wardrobe, dirt, injury, expression, or environment state from a later story stage into this panel.",走廊尽头旧电话亭，暖白微光对冷绿走廊，小川在远处停下 / Environment continuity lock,S6_CORRIDOR_PHONE_SHOCK,走廊电话惊惧阶段 / Corridor phone shock,角色焦点：环境/小川；连续性：走廊尽头旧电话亭，暖白微光对冷绿走廊，小川在远处停下 / Character focus: 环境/小川; continuity: 走廊尽头旧电话亭，暖白微光对冷绿走廊，小川在远处停下,角色焦点：环境/小川；连续性：走廊尽头旧电话亭，暖白微光对冷绿走廊，小川在远处停下 / Character focus: 环境/小川; continuity: 走廊尽头旧电话亭，暖白微光对冷绿走廊，小川在远处停下,临界点 / Emotion state from panel plan,走廊尽头旧电话亭，暖白微光对冷绿走廊，小川在远处停下 / Environment continuity lock,whitebox_renders_v2/B05/WB2_PHONE_MSB143.png
MSB144,B05,15,远处电话亭,SCN_PHONE,CAM_PHONE_01_DISTANT_GLOW,storyboard,B,visual_assets/pure/micro_storyboard/B05/MSB144_v001.png,visual_assets/annotated/micro_storyboard/B05/MSB144_v001_annotated.png,"Create a pure cinematic image for AIGC video generation, 16:9 landscape, high-resolution film still quality, no visible text or annotations. 1990s small-town China, Chinese dreamcore realism, humid yellowed childhood memory, low light, subtle VHS grain, real old clothes and lived-in surfaces. Preserve character design v2 and scene spatial bible v1. Story-stage lock: S6_CORRIDOR_PHONE_SHOCK 【部分原文损坏，需从源文件重建 / Partial source text corrupted; rebuild from source】","No text, no captions, no Chinese characters, no English letters, no labels, no arrows, no diagrams, no storyboard frame, no contact sheet, no sketch lines, no layout notes, no watermark. Avoid: 科幻设备、现代电话亭、全息屏、其他出口、电话亭移动; 电话亭科幻化. Do not change scene layout, character identities, clothing, lighting direction, or camera axis. Do not leak wardrobe, dirt, injury, expression, or environment state from a later story stage into this panel.",走廊尽头旧电话亭，暖白微光对冷绿走廊，小川在远处停下 / Environment continuity lock,S6_CORRIDOR_PHONE_SHOCK,走廊电话惊惧阶段 / Corridor phone shock,角色焦点：小川；连续性：走廊尽头旧电话亭，暖白微光对冷绿走廊，小川在远处停下 / Character focus: 小川; continuity: 走廊尽头旧电话亭，暖白微光对冷绿走廊，小川在远处停下,角色焦点：小川；连续性：走廊尽头旧电话亭，暖白微光对冷绿走廊，小川在远处停下 / Character focus: 小川; continuity: 走廊尽头旧电话亭，暖白微光对冷绿走廊，小川在远处停下,被铃声牵引 / Emotion state from panel plan,走廊尽头旧电话亭，暖白微光对冷绿走廊，小川在远处停下 / Environment continuity lock,whitebox_renders_v2/B05/WB2_PHONE_MSB144.png
MSB145,B05,15,远处电话亭,SCN_PHONE,CAM_PHONE_01_DISTANT_GLOW,storyboard,B,visual_assets/pure/micro_storyboard/B05/MSB145_v001.png,visual_assets/annotated/micro_storyboard/B05/MSB145_v001_annotated.png,"Create a pure cinematic image for AIGC video generation, 16:9 landscape, high-resolution film still quality, no visible text or annotations. 1990s small-town China, Chinese dreamcore realism, humid yellowed childhood memory, low light, subtle VHS grain, real old clothes and lived-in surfaces. Preserve character design v2 and scene spatial bible v1. Story-stage lock: S6_CORRIDOR_PHONE_SHOCK 【部分原文损坏，需从源文件重建 / Partial source text corrupted; rebuild from source】","No text, no captions, no Chinese characters, no English letters, no labels, no arrows, no diagrams, no storyboard frame, no contact sheet, no sketch lines, no layout notes, no watermark. Avoid: 科幻设备、现代电话亭、全息屏、其他出口、电话亭移动; 电话亭科幻化. Do not change scene layout, character identities, clothing, lighting direction, or camera axis. Do not leak wardrobe, dirt, injury, expression, or environment state from a later story stage into this panel.",走廊尽头旧电话亭，暖白微光对冷绿走廊，小川在远处停下 / Environment continuity lock,S6_CORRIDOR_PHONE_SHOCK,走廊电话惊惧阶段 / Corridor phone shock,角色焦点：电话亭/道具；连续性：走廊尽头旧电话亭，暖白微光对冷绿走廊，小川在远处停下 / Character focus: 电话亭/道具; continuity: 走廊尽头旧电话亭，暖白微光对冷绿走廊，小川在远处停下,角色焦点：电话亭/道具；连续性：走廊尽头旧电话亭，暖白微光对冷绿走廊，小川在远处停下 / Character focus: 电话亭/道具; continuity: 走廊尽头旧电话亭，暖白微光对冷绿走廊，小川在远处停下,危险道具出现 / Emotion state from panel plan,走廊尽头旧电话亭，暖白微光对冷绿走廊，小川在远处停下 / Environment continuity lock,whitebox_renders_v2/B05/WB2_PHONE_MSB145.png
MSB146,B05,15,远处电话亭,SCN_PHONE,CAM_PHONE_01_DISTANT_GLOW,end_frame,A,visual_assets/pure/micro_storyboard/B05/MSB146_v001.png,visual_assets/annotated/micro_storyboard/B05/MSB146_v001_annotated.png,"Create a pure cinematic image for AIGC video generation, 16:9 landscape, high-resolution film still quality, no visible text or annotations. 1990s small-town China, Chinese dreamcore realism, humid yellowed childhood memory, low light, subtle VHS grain, real old clothes and lived-in surfaces. Preserve character design v2 and scene spatial bible v1. Story-stage lock: S6_CORRIDOR_PHONE_SHOCK 【部分原文损坏，需从源文件重建 / Partial source text corrupted; rebuild from source】","No text, no captions, no Chinese characters, no English letters, no labels, no arrows, no diagrams, no storyboard frame, no contact sheet, no sketch lines, no layout notes, no watermark. Avoid: 科幻设备、现代电话亭、全息屏、其他出口、电话亭移动; 电话亭科幻化. Do not change scene layout, character identities, clothing, lighting direction, or camera axis. Do not leak wardrobe, dirt, injury, expression, or environment state from a later story stage into this panel.",走廊尽头旧电话亭，暖白微光对冷绿走廊，小川在远处停下 / Environment continuity lock,S6_CORRIDOR_PHONE_SHOCK,走廊电话惊惧阶段 / Corridor phone shock,角色焦点：小川/电话亭；连续性：走廊尽头旧电话亭，暖白微光对冷绿走廊，小川在远处停下 / Character focus: 小川/电话亭; continuity: 走廊尽头旧电话亭，暖白微光对冷绿走廊，小川在远处停下,角色焦点：小川/电话亭；连续性：走廊尽头旧电话亭，暖白微光对冷绿走廊，小川在远处停下 / Character focus: 小川/电话亭; continuity: 走廊尽头旧电话亭，暖白微光对冷绿走廊，小川在远处停下,最后犹豫 / Emotion state from panel plan,走廊尽头旧电话亭，暖白微光对冷绿走廊，小川在远处停下 / Environment continuity lock,whitebox_renders_v2/B05/WB2_PHONE_MSB146.png
MSB147,B05,16,靠近电话亭,SCN_PHONE,CAM_PHONE_02_APPROACH_CLOSE,start_frame,A,visual_assets/pure/micro_storyboard/B05/MSB147_v001.png,visual_assets/annotated/micro_storyboard/B05/MSB147_v001_annotated.png,"Create a pure cinematic image for AIGC video generation, 16:9 landscape, high-resolution film still quality, no visible text or annotations. 1990s small-town China, Chinese dreamcore realism, humid yellowed childhood memory, low light, subtle VHS grain, real old clothes and lived-in surfaces. Preserve character design v2 and scene spatial bible v1. Story-stage lock: S6_CORRIDOR_PHONE_SHOCK 【部分原文损坏，需从源文件重建 / Partial source text corrupted; rebuild from source】","No text, no captions, no Chinese characters, no English letters, no labels, no arrows, no diagrams, no storyboard frame, no contact sheet, no sketch lines, no layout notes, no watermark. Avoid: 主角变脸、现代电话亭、科幻屏幕、换服装、电话亭位置改变; 主角变脸、电话亭位置漂移. Do not change scene layout, character identities, clothing, lighting direction, or camera axis. Do not leak wardrobe, dirt, injury, expression, or environment state from a later story stage into this panel.",小川从左侧黑暗靠近，电话亭暖白光，红领巾、浅绿书包边缘，旧电话亭材质 / Environment continuity lock,S6_CORRIDOR_PHONE_SHOCK,走廊电话惊惧阶段 / Corridor phone shock,角色焦点：小川/电话亭；连续性：小川从左侧黑暗靠近，电话亭暖白光，红领巾、浅绿书包边缘，旧电话亭材质 / Character focus: 小川/电话亭; continuity: 小川从左侧黑暗靠近，电话亭暖白光，红领巾、浅绿书包边缘，旧电话亭材质,角色焦点：小川/电话亭；连续性：小川从左侧黑暗靠近，电话亭暖白光，红领巾、浅绿书包边缘，旧电话亭材质 / Character focus: 小川/电话亭; continuity: 小川从左侧黑暗靠近，电话亭暖白光，红领巾、浅绿书包边缘，旧电话亭材质,紧张，被光吸引 / Emotion state from panel plan,小川从左侧黑暗靠近，电话亭暖白光，红领巾、浅绿书包边缘，旧电话亭材质 / Environment continuity lock,whitebox_renders_v2/B05/WB2_PHONE_MSB147.png
MSB148,B05,16,靠近电话亭,SCN_PHONE,CAM_PHONE_02_APPROACH_CLOSE,storyboard,A,visual_assets/pure/micro_storyboard/B05/MSB148_v001.png,visual_assets/annotated/micro_storyboard/B05/MSB148_v001_annotated.png,"Create a pure cinematic image for AIGC video generation, 16:9 landscape, high-resolution film still quality, no visible text or annotations. 1990s small-town China, Chinese dreamcore realism, humid yellowed childhood memory, low light, subtle VHS grain, real old clothes and lived-in surfaces. Preserve character design v2 and scene spatial bible v1. Story-stage lock: S6_CORRIDOR_PHONE_SHOCK 【部分原文损坏，需从源文件重建 / Partial source text corrupted; rebuild from source】","No text, no captions, no Chinese characters, no English letters, no labels, no arrows, no diagrams, no storyboard frame, no contact sheet, no sketch lines, no layout notes, no watermark. Avoid: 主角变脸、现代电话亭、科幻屏幕、换服装、电话亭位置改变; 主角变脸、电话亭位置漂移. Do not change scene layout, character identities, clothing, lighting direction, or camera axis. Do not leak wardrobe, dirt, injury, expression, or environment state from a later story stage into this panel.",小川从左侧黑暗靠近，电话亭暖白光，红领巾、浅绿书包边缘，旧电话亭材质 / Environment continuity lock,S6_CORRIDOR_PHONE_SHOCK,走廊电话惊惧阶段 / Corridor phone shock,角色焦点：小川；连续性：小川从左侧黑暗靠近，电话亭暖白光，红领巾、浅绿书包边缘，旧电话亭材质 / Character focus: 小川; continuity: 小川从左侧黑暗靠近，电话亭暖白光，红领巾、浅绿书包边缘，旧电话亭材质,角色焦点：小川；连续性：小川从左侧黑暗靠近，电话亭暖白光，红领巾、浅绿书包边缘，旧电话亭材质 / Character focus: 小川; continuity: 小川从左侧黑暗靠近，电话亭暖白光，红领巾、浅绿书包边缘，旧电话亭材质,害怕压住呼吸 / Emotion state from panel plan,小川从左侧黑暗靠近，电话亭暖白光，红领巾、浅绿书包边缘，旧电话亭材质 / Environment continuity lock,whitebox_renders_v2/B05/WB2_PHONE_MSB148.png
MSB149,B05,16,靠近电话亭,SCN_PHONE,CAM_PHONE_02_APPROACH_CLOSE,storyboard,B,visual_assets/pure/micro_storyboard/B05/MSB149_v001.png,visual_assets/annotated/micro_storyboard/B05/MSB149_v001_annotated.png,"Create a pure cinematic image for AIGC video generation, 16:9 landscape, high-resolution film still quality, no visible text or annotations. 1990s small-town China, Chinese dreamcore realism, humid yellowed childhood memory, low light, subtle VHS grain, real old clothes and lived-in surfaces. Preserve character design v2 and scene spatial bible v1. Story-stage lock: S6_CORRIDOR_PHONE_SHOCK 【部分原文损坏，需从源文件重建 / Partial source text corrupted; rebuild from source】","No text, no captions, no Chinese characters, no English letters, no labels, no arrows, no diagrams, no storyboard frame, no contact sheet, no sketch lines, no layout notes, no watermark. Avoid: 主角变脸、现代电话亭、科幻屏幕、换服装、电话亭位置改变; 主角变脸、电话亭位置漂移. Do not change scene layout, character identities, clothing, lighting direction, or camera axis. Do not leak wardrobe, dirt, injury, expression, or environment state from a later story stage into this panel.",小川从左侧黑暗靠近，电话亭暖白光，红领巾、浅绿书包边缘，旧电话亭材质 / Environment continuity lock,S6_CORRIDOR_PHONE_SHOCK,走廊电话惊惧阶段 / Corridor phone shock,角色焦点：小川/道具；连续性：小川从左侧黑暗靠近，电话亭暖白光，红领巾、浅绿书包边缘，旧电话亭材质 / Character focus: 小川/道具; continuity: 小川从左侧黑暗靠近，电话亭暖白光，红领巾、浅绿书包边缘，旧电话亭材质,角色焦点：小川/道具；连续性：小川从左侧黑暗靠近，电话亭暖白光，红领巾、浅绿书包边缘，旧电话亭材质 / Character focus: 小川/道具; continuity: 小川从左侧黑暗靠近，电话亭暖白光，红领巾、浅绿书包边缘，旧电话亭材质,身份锚点稳定 / Emotion state from panel plan,小川从左侧黑暗靠近，电话亭暖白光，红领巾、浅绿书包边缘，旧电话亭材质 / Environment continuity lock,whitebox_renders_v2/B05/WB2_PHONE_MSB149.png
MSB150,B05,16,靠近电话亭,SCN_PHONE,CAM_PHONE_02_APPROACH_CLOSE,storyboard,A,visual_assets/pure/micro_storyboard/B05/MSB150_v001.png,visual_assets/annotated/micro_storyboard/B05/MSB150_v001_annotated.png,"Create a pure cinematic image for AIGC video generation, 16:9 landscape, high-resolution film still quality, no visible text or annotations. 1990s small-town China, Chinese dreamcore realism, humid yellowed childhood memory, low light, subtle VHS grain, real old clothes and lived-in surfaces. Preserve character design v2 and scene spatial bible v1. Story-stage lock: S6_CORRIDOR_PHONE_SHOCK 【部分原文损坏，需从源文件重建 / Partial source text corrupted; rebuild from source】","No text, no captions, no Chinese characters, no English letters, no labels, no arrows, no diagrams, no storyboard frame, no contact sheet, no sketch lines, no layout notes, no watermark. Avoid: 主角变脸、现代电话亭、科幻屏幕、换服装、电话亭位置改变; 主角变脸、电话亭位置漂移. Do not change scene layout, character identities, clothing, lighting direction, or camera axis. Do not leak wardrobe, dirt, injury, expression, or environment state from a later story stage into this panel.",小川从左侧黑暗靠近，电话亭暖白光，红领巾、浅绿书包边缘，旧电话亭材质 / Environment continuity lock,S6_CORRIDOR_PHONE_SHOCK,走廊电话惊惧阶段 / Corridor phone shock,角色焦点：小川/电话；连续性：小川从左侧黑暗靠近，电话亭暖白光，红领巾、浅绿书包边缘，旧电话亭材质 / Character focus: 小川/电话; continuity: 小川从左侧黑暗靠近，电话亭暖白光，红领巾、浅绿书包边缘，旧电话亭材质,角色焦点：小川/电话；连续性：小川从左侧黑暗靠近，电话亭暖白光，红领巾、浅绿书包边缘，旧电话亭材质 / Character focus: 小川/电话; continuity: 小川从左侧黑暗靠近，电话亭暖白光，红领巾、浅绿书包边缘，旧电话亭材质,被听筒吸住 / Emotion state from panel plan,小川从左侧黑暗靠近，电话亭暖白光，红领巾、浅绿书包边缘，旧电话亭材质 / Environment continuity lock,whitebox_renders_v2/B05/WB2_PHONE_MSB150.png
MSB151,B05,16,靠近电话亭,SCN_PHONE,CAM_PHONE_02_APPROACH_CLOSE,storyboard,A,visual_assets/pure/micro_storyboard/B05/MSB151_v001.png,visual_assets/annotated/micro_storyboard/B05/MSB151_v001_annotated.png,"Create a pure cinematic image for AIGC video generation, 16:9 landscape, high-resolution film still quality, no visible text or annotations. 1990s small-town China, Chinese dreamcore realism, humid yellowed childhood memory, low light, subtle VHS grain, real old clothes and lived-in surfaces. Preserve character design v2 and scene spatial bible v1. Story-stage lock: S6_CORRIDOR_PHONE_SHOCK 【部分原文损坏，需从源文件重建 / Partial source text corrupted; rebuild from source】","No text, no captions, no Chinese characters, no English letters, no labels, no arrows, no diagrams, no storyboard frame, no contact sheet, no sketch lines, no layout notes, no watermark. Avoid: 主角变脸、现代电话亭、科幻屏幕、换服装、电话亭位置改变; 主角变脸、电话亭位置漂移. Do not change scene layout, character identities, clothing, lighting direction, or camera axis. Do not leak wardrobe, dirt, injury, expression, or environment state from a later story stage into this panel.",小川从左侧黑暗靠近，电话亭暖白光，红领巾、浅绿书包边缘，旧电话亭材质 / Environment continuity lock,S6_CORRIDOR_PHONE_SHOCK,走廊电话惊惧阶段 / Corridor phone shock,角色焦点：小川/道具；连续性：小川从左侧黑暗靠近，电话亭暖白光，红领巾、浅绿书包边缘，旧电话亭材质 / Character focus: 小川/道具; continuity: 小川从左侧黑暗靠近，电话亭暖白光，红领巾、浅绿书包边缘，旧电话亭材质,角色焦点：小川/道具；连续性：小川从左侧黑暗靠近，电话亭暖白光，红领巾、浅绿书包边缘，旧电话亭材质 / Character focus: 小川/道具; continuity: 小川从左侧黑暗靠近，电话亭暖白光，红领巾、浅绿书包边缘，旧电话亭材质,犹豫 / Emotion state from panel plan,小川从左侧黑暗靠近，电话亭暖白光，红领巾、浅绿书包边缘，旧电话亭材质 / Environment continuity lock,whitebox_renders_v2/B05/WB2_PHONE_MSB151.png
MSB152,B05,16,靠近电话亭,SCN_PHONE,CAM_PHONE_02_APPROACH_CLOSE,keyframe,A,visual_assets/pure/micro_storyboard/B05/MSB152_v001.png,visual_assets/annotated/micro_storyboard/B05/MSB152_v001_annotated.png,"Create a pure cinematic image for AIGC video generation, 16:9 landscape, high-resolution film still quality, no visible text or annotations. 1990s small-town China, Chinese dreamcore realism, humid yellowed childhood memory, low light, subtle VHS grain, real old clothes and lived-in surfaces. Preserve character design v2 and scene spatial bible v1. Story-stage lock: S6_CORRIDOR_PHONE_SHOCK 【部分原文损坏，需从源文件重建 / Partial source text corrupted; rebuild from source】","No text, no captions, no Chinese characters, no English letters, no labels, no arrows, no diagrams, no storyboard frame, no contact sheet, no sketch lines, no layout notes, no watermark. Avoid: 主角变脸、现代电话亭、科幻屏幕、换服装、电话亭位置改变; 主角变脸、电话亭位置漂移. Do not change scene layout, character identities, clothing, lighting direction, or camera axis. Do not leak wardrobe, dirt, injury, expression, or environment state from a later story stage into this panel.",小川从左侧黑暗靠近，电话亭暖白光，红领巾、浅绿书包边缘，旧电话亭材质 / Environment continuity lock,S6_CORRIDOR_PHONE_SHOCK,走廊电话惊惧阶段 / Corridor phone shock,角色焦点：小川/电话亭；连续性：小川从左侧黑暗靠近，电话亭暖白光，红领巾、浅绿书包边缘，旧电话亭材质 / Character focus: 小川/电话亭; continuity: 小川从左侧黑暗靠近，电话亭暖白光，红领巾、浅绿书包边缘，旧电话亭材质,角色焦点：小川/电话亭；连续性：小川从左侧黑暗靠近，电话亭暖白光，红领巾、浅绿书包边缘，旧电话亭材质 / Character focus: 小川/电话亭; continuity: 小川从左侧黑暗靠近，电话亭暖白光，红领巾、浅绿书包边缘，旧电话亭材质,无处可去后的安静 / Emotion state from panel plan,小川从左侧黑暗靠近，电话亭暖白光，红领巾、浅绿书包边缘，旧电话亭材质 / Environment continuity lock,whitebox_renders_v2/B05/WB2_PHONE_MSB152.png
MSB153,B05,16,靠近电话亭,SCN_PHONE,CAM_PHONE_02_APPROACH_CLOSE,storyboard,B,visual_assets/pure/micro_storyboard/B05/MSB153_v001.png,visual_assets/annotated/micro_storyboard/B05/MSB153_v001_annotated.png,"Create a pure cinematic image for AIGC video generation, 16:9 landscape, high-resolution film still quality, no visible text or annotations. 1990s small-town China, Chinese dreamcore realism, humid yellowed childhood memory, low light, subtle VHS grain, real old clothes and lived-in surfaces. Preserve character design v2 and scene spatial bible v1. Story-stage lock: S6_CORRIDOR_PHONE_SHOCK 【部分原文损坏，需从源文件重建 / Partial source text corrupted; rebuild from source】","No text, no captions, no Chinese characters, no English letters, no labels, no arrows, no diagrams, no storyboard frame, no contact sheet, no sketch lines, no layout notes, no watermark. Avoid: 主角变脸、现代电话亭、科幻屏幕、换服装、电话亭位置改变; 主角变脸、电话亭位置漂移. Do not change scene layout, character identities, clothing, lighting direction, or camera axis. Do not leak wardrobe, dirt, injury, expression, or environment state from a later story stage into this panel.",小川从左侧黑暗靠近，电话亭暖白光，红领巾、浅绿书包边缘，旧电话亭材质 / Environment continuity lock,S6_CORRIDOR_PHONE_SHOCK,走廊电话惊惧阶段 / Corridor phone shock,角色焦点：电话/道具；连续性：小川从左侧黑暗靠近，电话亭暖白光，红领巾、浅绿书包边缘，旧电话亭材质 / Character focus: 电话/道具; continuity: 小川从左侧黑暗靠近，电话亭暖白光，红领巾、浅绿书包边缘，旧电话亭材质,角色焦点：电话/道具；连续性：小川从左侧黑暗靠近，电话亭暖白光，红领巾、浅绿书包边缘，旧电话亭材质 / Character focus: 电话/道具; continuity: 小川从左侧黑暗靠近，电话亭暖白光，红领巾、浅绿书包边缘，旧电话亭材质,无人物，铃声逼近 / Emotion state from panel plan,小川从左侧黑暗靠近，电话亭暖白光，红领巾、浅绿书包边缘，旧电话亭材质 / Environment continuity lock,whitebox_renders_v2/B05/WB2_PHONE_MSB153.png
MSB154,B05,16,靠近电话亭,SCN_PHONE,CAM_PHONE_02_APPROACH_CLOSE,end_frame,A,visual_assets/pure/micro_storyboard/B05/MSB154_v001.png,visual_assets/annotated/micro_storyboard/B05/MSB154_v001_annotated.png,"Create a pure cinematic image for AIGC video generation, 16:9 landscape, high-resolution film still quality, no visible text or annotations. 1990s small-town China, Chinese dreamcore realism, humid yellowed childhood memory, low light, subtle VHS grain, real old clothes and lived-in surfaces. Preserve character design v2 and scene spatial bible v1. Story-stage lock: S6_CORRIDOR_PHONE_SHOCK 【部分原文损坏，需从源文件重建 / Partial source text corrupted; rebuild from source】","No text, no captions, no Chinese characters, no English letters, no labels, no arrows, no diagrams, no storyboard frame, no contact sheet, no sketch lines, no layout notes, no watermark. Avoid: 主角变脸、现代电话亭、科幻屏幕、换服装、电话亭位置改变; 主角变脸、电话亭位置漂移. Do not change scene layout, character identities, clothing, lighting direction, or camera axis. Do not leak wardrobe, dirt, injury, expression, or environment state from a later story stage into this panel.",小川从左侧黑暗靠近，电话亭暖白光，红领巾、浅绿书包边缘，旧电话亭材质 / Environment continuity lock,S6_CORRIDOR_PHONE_SHOCK,走廊电话惊惧阶段 / Corridor phone shock,角色焦点：小川/电话；连续性：小川从左侧黑暗靠近，电话亭暖白光，红领巾、浅绿书包边缘，旧电话亭材质 / Character focus: 小川/电话; continuity: 小川从左侧黑暗靠近，电话亭暖白光，红领巾、浅绿书包边缘，旧电话亭材质,角色焦点：小川/电话；连续性：小川从左侧黑暗靠近，电话亭暖白光，红领巾、浅绿书包边缘，旧电话亭材质 / Character focus: 小川/电话; continuity: 小川从左侧黑暗靠近，电话亭暖白光，红领巾、浅绿书包边缘，旧电话亭材质,决定不是勇敢，是被迫 / Emotion state from panel plan,小川从左侧黑暗靠近，电话亭暖白光，红领巾、浅绿书包边缘，旧电话亭材质 / Environment continuity lock,whitebox_renders_v2/B05/WB2_PHONE_MSB154.png
MSB155,B06,17,接起电话,SCN_PHONE,CAM_PHONE_03_RECEIVER_INSERT,start_frame,A,visual_assets/pure/micro_storyboard/B06/MSB155_v001.png,visual_assets/annotated/micro_storyboard/B06/MSB155_v001_annotated.png,"Create a pure cinematic image for AIGC video generation, 16:9 landscape, high-resolution film still quality, no visible text or annotations. 1990s small-town China, Chinese dreamcore realism, humid yellowed childhood memory, low light, subtle VHS grain, real old clothes and lived-in surfaces. Preserve character design v2 and scene spatial bible v1. Story-stage lock: S7_PHONE_ELECTRONICIZATION 【部分原文损坏，需从源文件重建 / Partial source text corrupted; rebuild from source】","No text, no captions, no Chinese characters, no English letters, no labels, no arrows, no diagrams, no storyboard frame, no contact sheet, no sketch lines, no layout notes, no watermark. Avoid: 智能手机、现代电缆、手指畸形、镜头漂移、突然科幻化; 手和听筒变形. Do not change scene layout, character identities, clothing, lighting direction, or camera axis. Do not leak wardrobe, dirt, injury, expression, or environment state from a later story stage into this panel.",旧电话听筒、暖白光、冷绿背景边缘、小川颤抖的手、电话线 / Environment continuity lock,S7_PHONE_ELECTRONICIZATION,电话电子化阶段 / Phone electronicization,角色焦点：电话；连续性：旧电话听筒、暖白光、冷绿背景边缘、小川颤抖的手、电话线 / Character focus: 电话; continuity: 旧电话听筒、暖白光、冷绿背景边缘、小川颤抖的手、电话线,角色焦点：电话；连续性：旧电话听筒、暖白光、冷绿背景边缘、小川颤抖的手、电话线 / Character focus: 电话; continuity: 旧电话听筒、暖白光、冷绿背景边缘、小川颤抖的手、电话线,无人物，物件压力 / Emotion state from panel plan,旧电话听筒、暖白光、冷绿背景边缘、小川颤抖的手、电话线 / Environment continuity lock,whitebox_renders_v2/B06/WB2_PHONE_MSB155.png
MSB156,B06,17,接起电话,SCN_PHONE,CAM_PHONE_03_RECEIVER_INSERT,storyboard,A,visual_assets/pure/micro_storyboard/B06/MSB156_v001.png,visual_assets/annotated/micro_storyboard/B06/MSB156_v001_annotated.png,"Create a pure cinematic image for AIGC video generation, 16:9 landscape, high-resolution film still quality, no visible text or annotations. 1990s small-town China, Chinese dreamcore realism, humid yellowed childhood memory, low light, subtle VHS grain, real old clothes and lived-in surfaces. Preserve character design v2 and scene spatial bible v1. Story-stage lock: S7_PHONE_ELECTRONICIZATION 【部分原文损坏，需从源文件重建 / Partial source text corrupted; rebuild from source】","No text, no captions, no Chinese characters, no English letters, no labels, no arrows, no diagrams, no storyboard frame, no contact sheet, no sketch lines, no layout notes, no watermark. Avoid: 智能手机、现代电缆、手指畸形、镜头漂移、突然科幻化; 手和听筒变形. Do not change scene layout, character identities, clothing, lighting direction, or camera axis. Do not leak wardrobe, dirt, injury, expression, or environment state from a later story stage into this panel.",旧电话听筒、暖白光、冷绿背景边缘、小川颤抖的手、电话线 / Environment continuity lock,S7_PHONE_ELECTRONICIZATION,电话电子化阶段 / Phone electronicization,角色焦点：小川/电话；连续性：旧电话听筒、暖白光、冷绿背景边缘、小川颤抖的手、电话线 / Character focus: 小川/电话; continuity: 旧电话听筒、暖白光、冷绿背景边缘、小川颤抖的手、电话线,角色焦点：小川/电话；连续性：旧电话听筒、暖白光、冷绿背景边缘、小川颤抖的手、电话线 / Character focus: 小川/电话; continuity: 旧电话听筒、暖白光、冷绿背景边缘、小川颤抖的手、电话线,紧张 / Emotion state from panel plan,旧电话听筒、暖白光、冷绿背景边缘、小川颤抖的手、电话线 / Environment continuity lock,whitebox_renders_v2/B06/WB2_PHONE_MSB156.png
MSB157,B06,17,接起电话,SCN_PHONE,CAM_PHONE_03_RECEIVER_INSERT,storyboard,A,visual_assets/pure/micro_storyboard/B06/MSB157_v001.png,visual_assets/annotated/micro_storyboard/B06/MSB157_v001_annotated.png,"Create a pure cinematic image for AIGC video generation, 16:9 landscape, high-resolution film still quality, no visible text or annotations. 1990s small-town China, Chinese dreamcore realism, humid yellowed childhood memory, low light, subtle VHS grain, real old clothes and lived-in surfaces. Preserve character design v2 and scene spatial bible v1. Story-stage lock: S7_PHONE_ELECTRONICIZATION 【部分原文损坏，需从源文件重建 / Partial source text corrupted; rebuild from source】","No text, no captions, no Chinese characters, no English letters, no labels, no arrows, no diagrams, no storyboard frame, no contact sheet, no sketch lines, no layout notes, no watermark. Avoid: 智能手机、现代电缆、手指畸形、镜头漂移、突然科幻化; 手和听筒变形. Do not change scene layout, character identities, clothing, lighting direction, or camera axis. Do not leak wardrobe, dirt, injury, expression, or environment state from a later story stage into this panel.",旧电话听筒、暖白光、冷绿背景边缘、小川颤抖的手、电话线 / Environment continuity lock,S7_PHONE_ELECTRONICIZATION,电话电子化阶段 / Phone electronicization,角色焦点：小川/电话；连续性：旧电话听筒、暖白光、冷绿背景边缘、小川颤抖的手、电话线 / Character focus: 小川/电话; continuity: 旧电话听筒、暖白光、冷绿背景边缘、小川颤抖的手、电话线,角色焦点：小川/电话；连续性：旧电话听筒、暖白光、冷绿背景边缘、小川颤抖的手、电话线 / Character focus: 小川/电话; continuity: 旧电话听筒、暖白光、冷绿背景边缘、小川颤抖的手、电话线,触碰恐惧 / Emotion state from panel plan,旧电话听筒、暖白光、冷绿背景边缘、小川颤抖的手、电话线 / Environment continuity lock,whitebox_renders_v2/B06/WB2_PHONE_MSB157.png
MSB158,B06,17,接起电话,SCN_PHONE,CAM_PHONE_03_RECEIVER_INSERT,keyframe,A,visual_assets/pure/micro_storyboard/B06/MSB158_v001.png,visual_assets/annotated/micro_storyboard/B06/MSB158_v001_annotated.png,"Create a pure cinematic image for AIGC video generation, 16:9 landscape, high-resolution film still quality, no visible text or annotations. 1990s small-town China, Chinese dreamcore realism, humid yellowed childhood memory, low light, subtle VHS grain, real old clothes and lived-in surfaces. Preserve character design v2 and scene spatial bible v1. Story-stage lock: S7_PHONE_ELECTRONICIZATION 【部分原文损坏，需从源文件重建 / Partial source text corrupted; rebuild from source】","No text, no captions, no Chinese characters, no English letters, no labels, no arrows, no diagrams, no storyboard frame, no contact sheet, no sketch lines, no layout notes, no watermark. Avoid: 智能手机、现代电缆、手指畸形、镜头漂移、突然科幻化; 手和听筒变形. Do not change scene layout, character identities, clothing, lighting direction, or camera axis. Do not leak wardrobe, dirt, injury, expression, or environment state from a later story stage into this panel.",旧电话听筒、暖白光、冷绿背景边缘、小川颤抖的手、电话线 / Environment continuity lock,S7_PHONE_ELECTRONICIZATION,电话电子化阶段 / Phone electronicization,角色焦点：电话/小川；连续性：旧电话听筒、暖白光、冷绿背景边缘、小川颤抖的手、电话线 / Character focus: 电话/小川; continuity: 旧电话听筒、暖白光、冷绿背景边缘、小川颤抖的手、电话线,角色焦点：电话/小川；连续性：旧电话听筒、暖白光、冷绿背景边缘、小川颤抖的手、电话线 / Character focus: 电话/小川; continuity: 旧电话听筒、暖白光、冷绿背景边缘、小川颤抖的手、电话线,动作小但不可逆 / Emotion state from panel plan,旧电话听筒、暖白光、冷绿背景边缘、小川颤抖的手、电话线 / Environment continuity lock,whitebox_renders_v2/B06/WB2_PHONE_MSB158.png
MSB159,B06,17,接起电话,SCN_PHONE,CAM_PHONE_03_RECEIVER_INSERT,storyboard,B,visual_assets/pure/micro_storyboard/B06/MSB159_v001.png,visual_assets/annotated/micro_storyboard/B06/MSB159_v001_annotated.png,"Create a pure cinematic image for AIGC video generation, 16:9 landscape, high-resolution film still quality, no visible text or annotations. 1990s small-town China, Chinese dreamcore realism, humid yellowed childhood memory, low light, subtle VHS grain, real old clothes and lived-in surfaces. Preserve character design v2 and scene spatial bible v1. Story-stage lock: S7_PHONE_ELECTRONICIZATION 【部分原文损坏，需从源文件重建 / Partial source text corrupted; rebuild from source】","No text, no captions, no Chinese characters, no English letters, no labels, no arrows, no diagrams, no storyboard frame, no contact sheet, no sketch lines, no layout notes, no watermark. Avoid: 智能手机、现代电缆、手指畸形、镜头漂移、突然科幻化; 手和听筒变形. Do not change scene layout, character identities, clothing, lighting direction, or camera axis. Do not leak wardrobe, dirt, injury, expression, or environment state from a later story stage into this panel.",旧电话听筒、暖白光、冷绿背景边缘、小川颤抖的手、电话线 / Environment continuity lock,S7_PHONE_ELECTRONICIZATION,电话电子化阶段 / Phone electronicization,角色焦点：电话线；连续性：旧电话听筒、暖白光、冷绿背景边缘、小川颤抖的手、电话线 / Character focus: 电话线; continuity: 旧电话听筒、暖白光、冷绿背景边缘、小川颤抖的手、电话线,角色焦点：电话线；连续性：旧电话听筒、暖白光、冷绿背景边缘、小川颤抖的手、电话线 / Character focus: 电话线; continuity: 旧电话听筒、暖白光、冷绿背景边缘、小川颤抖的手、电话线,无人物，转场预兆 / Emotion state from panel plan,旧电话听筒、暖白光、冷绿背景边缘、小川颤抖的手、电话线 / Environment continuity lock,whitebox_renders_v2/B06/WB2_PHONE_MSB159.png
MSB160,B06,17,接起电话,SCN_PHONE,CAM_PHONE_03_RECEIVER_INSERT,end_frame,A,visual_assets/pure/micro_storyboard/B06/MSB160_v001.png,visual_assets/annotated/micro_storyboard/B06/MSB160_v001_annotated.png,"Create a pure cinematic image for AIGC video generation, 16:9 landscape, high-resolution film still quality, no visible text or annotations. 1990s small-town China, Chinese dreamcore realism, humid yellowed childhood memory, low light, subtle VHS grain, real old clothes and lived-in surfaces. Preserve character design v2 and scene spatial bible v1. Story-stage lock: S7_PHONE_ELECTRONICIZATION 【部分原文损坏，需从源文件重建 / Partial source text corrupted; rebuild from source】","No text, no captions, no Chinese characters, no English letters, no labels, no arrows, no diagrams, no storyboard frame, no contact sheet, no sketch lines, no layout notes, no watermark. Avoid: 智能手机、现代电缆、手指畸形、镜头漂移、突然科幻化; 手和听筒变形. Do not change scene layout, character identities, clothing, lighting direction, or camera axis. Do not leak wardrobe, dirt, injury, expression, or environment state from a later story stage into this panel.",旧电话听筒、暖白光、冷绿背景边缘、小川颤抖的手、电话线 / Environment continuity lock,S7_PHONE_ELECTRONICIZATION,电话电子化阶段 / Phone electronicization,角色焦点：小川；连续性：旧电话听筒、暖白光、冷绿背景边缘、小川颤抖的手、电话线 / Character focus: 小川; continuity: 旧电话听筒、暖白光、冷绿背景边缘、小川颤抖的手、电话线,角色焦点：小川；连续性：旧电话听筒、暖白光、冷绿背景边缘、小川颤抖的手、电话线 / Character focus: 小川; continuity: 旧电话听筒、暖白光、冷绿背景边缘、小川颤抖的手、电话线,像听见不该听的东西 / Emotion state from panel plan,旧电话听筒、暖白光、冷绿背景边缘、小川颤抖的手、电话线 / Environment continuity lock,whitebox_renders_v2/B06/WB2_PHONE_MSB160.png
MSB161,B06,17,接起电话,SCN_PHONE,CAM_PHONE_03_RECEIVER_INSERT,keyframe,A,visual_assets/pure/micro_storyboard/B06/MSB161_v001.png,visual_assets/annotated/micro_storyboard/B06/MSB161_v001_annotated.png,"Create a pure cinematic image for AIGC video generation, 16:9 landscape, high-resolution film still quality, no visible text or annotations. 1990s small-town China, Chinese dreamcore realism, humid yellowed childhood memory, low light, subtle VHS grain, real old clothes and lived-in surfaces. Preserve character design v2 and scene spatial bible v1. Story-stage lock: S7_PHONE_ELECTRONICIZATION 【部分原文损坏，需从源文件重建 / Partial source text corrupted; rebuild from source】","No text, no captions, no Chinese characters, no English letters, no labels, no arrows, no diagrams, no storyboard frame, no contact sheet, no sketch lines, no layout notes, no watermark. Avoid: 智能手机、现代电缆、手指畸形、镜头漂移、突然科幻化; 手和听筒变形. Do not change scene layout, character identities, clothing, lighting direction, or camera axis. Do not leak wardrobe, dirt, injury, expression, or environment state from a later story stage into this panel.",旧电话听筒、暖白光、冷绿背景边缘、小川颤抖的手、电话线 / Environment continuity lock,S7_PHONE_ELECTRONICIZATION,电话电子化阶段 / Phone electronicization,角色焦点：小川；连续性：旧电话听筒、暖白光、冷绿背景边缘、小川颤抖的手、电话线 / Character focus: 小川; continuity: 旧电话听筒、暖白光、冷绿背景边缘、小川颤抖的手、电话线,角色焦点：小川；连续性：旧电话听筒、暖白光、冷绿背景边缘、小川颤抖的手、电话线 / Character focus: 小川; continuity: 旧电话听筒、暖白光、冷绿背景边缘、小川颤抖的手、电话线,被系统接入 / Emotion state from panel plan,旧电话听筒、暖白光、冷绿背景边缘、小川颤抖的手、电话线 / Environment continuity lock,whitebox_renders_v2/B06/WB2_PHONE_MSB161.png
MSB162,B06,18,电子化,SCN_PHONE,CAM_PHONE_02_APPROACH_CLOSE,start_frame,A,visual_assets/pure/micro_storyboard/B06/MSB162_v001.png,visual_assets/annotated/micro_storyboard/B06/MSB162_v001_annotated.png,"Create a pure cinematic image for AIGC video generation, 16:9 landscape, high-resolution film still quality, no visible text or annotations. 1990s small-town China, Chinese dreamcore realism, humid yellowed childhood memory, low light, subtle VHS grain, real old clothes and lived-in surfaces. Preserve character design v2 and scene spatial bible v1. Story-stage lock: S7_PHONE_ELECTRONICIZATION 【部分原文损坏，需从源文件重建 / Partial source text corrupted; rebuild from source】","No text, no captions, no Chinese characters, no English letters, no labels, no arrows, no diagrams, no storyboard frame, no contact sheet, no sketch lines, no layout notes, no watermark. Avoid: 绿色代码雨、未来城市、机器人化、突然换成3D游戏、主角离开电话亭; 绿色代码雨、未来城市. Do not change scene layout, character identities, clothing, lighting direction, or camera axis. Do not leak wardrobe, dirt, injury, expression, or environment state from a later story stage into this panel.",电话线、CRT 扫描线、主角身体轮廓、电话亭固定、走廊边缘像素化 / Environment continuity lock,S7_PHONE_ELECTRONICIZATION,电话电子化阶段 / Phone electronicization,角色焦点：电话线；连续性：电话线、CRT 扫描线、主角身体轮廓、电话亭固定、走廊边缘像素化 / Character focus: 电话线; continuity: 电话线、CRT 扫描线、主角身体轮廓、电话亭固定、走廊边缘像素化,角色焦点：电话线；连续性：电话线、CRT 扫描线、主角身体轮廓、电话亭固定、走廊边缘像素化 / Character focus: 电话线; continuity: 电话线、CRT 扫描线、主角身体轮廓、电话亭固定、走廊边缘像素化,无人物，变化起点 / Emotion state from panel plan,电话线、CRT 扫描线、主角身体轮廓、电话亭固定、走廊边缘像素化 / Environment continuity lock,whitebox_renders_v2/B06/WB2_PHONE_MSB162.png
MSB163,B06,18,电子化,SCN_PHONE,CAM_PHONE_02_APPROACH_CLOSE,storyboard,A,visual_assets/pure/micro_storyboard/B06/MSB163_v001.png,visual_assets/annotated/micro_storyboard/B06/MSB163_v001_annotated.png,"Create a pure cinematic image for AIGC video generation, 16:9 landscape, high-resolution film still quality, no visible text or annotations. 1990s small-town China, Chinese dreamcore realism, humid yellowed childhood memory, low light, subtle VHS grain, real old clothes and lived-in surfaces. Preserve character design v2 and scene spatial bible v1. Story-stage lock: S7_PHONE_ELECTRONICIZATION 【部分原文损坏，需从源文件重建 / Partial source text corrupted; rebuild from source】","No text, no captions, no Chinese characters, no English letters, no labels, no arrows, no diagrams, no storyboard frame, no contact sheet, no sketch lines, no layout notes, no watermark. Avoid: 绿色代码雨、未来城市、机器人化、突然换成3D游戏、主角离开电话亭; 绿色代码雨、未来城市. Do not change scene layout, character identities, clothing, lighting direction, or camera axis. Do not leak wardrobe, dirt, injury, expression, or environment state from a later story stage into this panel.",电话线、CRT 扫描线、主角身体轮廓、电话亭固定、走廊边缘像素化 / Environment continuity lock,S7_PHONE_ELECTRONICIZATION,电话电子化阶段 / Phone electronicization,角色焦点：小川/电话线；连续性：电话线、CRT 扫描线、主角身体轮廓、电话亭固定、走廊边缘像素化 / Character focus: 小川/电话线; continuity: 电话线、CRT 扫描线、主角身体轮廓、电话亭固定、走廊边缘像素化,角色焦点：小川/电话线；连续性：电话线、CRT 扫描线、主角身体轮廓、电话亭固定、走廊边缘像素化 / Character focus: 小川/电话线; continuity: 电话线、CRT 扫描线、主角身体轮廓、电话亭固定、走廊边缘像素化,惊住 / Emotion state from panel plan,电话线、CRT 扫描线、主角身体轮廓、电话亭固定、走廊边缘像素化 / Environment continuity lock,whitebox_renders_v2/B06/WB2_PHONE_MSB163.png
MSB164,B06,18,电子化,SCN_PHONE,CAM_PHONE_02_APPROACH_CLOSE,storyboard,A,visual_assets/pure/micro_storyboard/B06/MSB164_v001.png,visual_assets/annotated/micro_storyboard/B06/MSB164_v001_annotated.png,"Create a pure cinematic image for AIGC video generation, 16:9 landscape, high-resolution film still quality, no visible text or annotations. 1990s small-town China, Chinese dreamcore realism, humid yellowed childhood memory, low light, subtle VHS grain, real old clothes and lived-in surfaces. Preserve character design v2 and scene spatial bible v1. Story-stage lock: S7_PHONE_ELECTRONICIZATION 【部分原文损坏，需从源文件重建 / Partial source text corrupted; rebuild from source】","No text, no captions, no Chinese characters, no English letters, no labels, no arrows, no diagrams, no storyboard frame, no contact sheet, no sketch lines, no layout notes, no watermark. Avoid: 绿色代码雨、未来城市、机器人化、突然换成3D游戏、主角离开电话亭; 绿色代码雨、未来城市. Do not change scene layout, character identities, clothing, lighting direction, or camera axis. Do not leak wardrobe, dirt, injury, expression, or environment state from a later story stage into this panel.",电话线、CRT 扫描线、主角身体轮廓、电话亭固定、走廊边缘像素化 / Environment continuity lock,S7_PHONE_ELECTRONICIZATION,电话电子化阶段 / Phone electronicization,角色焦点：小川；连续性：电话线、CRT 扫描线、主角身体轮廓、电话亭固定、走廊边缘像素化 / Character focus: 小川; continuity: 电话线、CRT 扫描线、主角身体轮廓、电话亭固定、走廊边缘像素化,角色焦点：小川；连续性：电话线、CRT 扫描线、主角身体轮廓、电话亭固定、走廊边缘像素化 / Character focus: 小川; continuity: 电话线、CRT 扫描线、主角身体轮廓、电话亭固定、走廊边缘像素化,恐惧凝固 / Emotion state from panel plan,电话线、CRT 扫描线、主角身体轮廓、电话亭固定、走廊边缘像素化 / Environment continuity lock,whitebox_renders_v2/B06/WB2_PHONE_MSB164.png
MSB165,B06,18,电子化,SCN_PHONE,CAM_PHONE_02_APPROACH_CLOSE,storyboard,B,visual_assets/pure/micro_storyboard/B06/MSB165_v001.png,visual_assets/annotated/micro_storyboard/B06/MSB165_v001_annotated.png,"Create a pure cinematic image for AIGC video generation, 16:9 landscape, high-resolution film still quality, no visible text or annotations. 1990s small-town China, Chinese dreamcore realism, humid yellowed childhood memory, low light, subtle VHS grain, real old clothes and lived-in surfaces. Preserve character design v2 and scene spatial bible v1. Story-stage lock: S7_PHONE_ELECTRONICIZATION 【部分原文损坏，需从源文件重建 / Partial source text corrupted; rebuild from source】","No text, no captions, no Chinese characters, no English letters, no labels, no arrows, no diagrams, no storyboard frame, no contact sheet, no sketch lines, no layout notes, no watermark. Avoid: 绿色代码雨、未来城市、机器人化、突然换成3D游戏、主角离开电话亭; 绿色代码雨、未来城市. Do not change scene layout, character identities, clothing, lighting direction, or camera axis. Do not leak wardrobe, dirt, injury, expression, or environment state from a later story stage into this panel.",电话线、CRT 扫描线、主角身体轮廓、电话亭固定、走廊边缘像素化 / Environment continuity lock,S7_PHONE_ELECTRONICIZATION,电话电子化阶段 / Phone electronicization,角色焦点：小川/书包；连续性：电话线、CRT 扫描线、主角身体轮廓、电话亭固定、走廊边缘像素化 / Character focus: 小川/书包; continuity: 电话线、CRT 扫描线、主角身体轮廓、电话亭固定、走廊边缘像素化,角色焦点：小川/书包；连续性：电话线、CRT 扫描线、主角身体轮廓、电话亭固定、走廊边缘像素化 / Character focus: 小川/书包; continuity: 电话线、CRT 扫描线、主角身体轮廓、电话亭固定、走廊边缘像素化,不明所以 / Emotion state from panel plan,电话线、CRT 扫描线、主角身体轮廓、电话亭固定、走廊边缘像素化 / Environment continuity lock,whitebox_renders_v2/B06/WB2_PHONE_MSB165.png
MSB166,B06,18,电子化,SCN_PHONE,CAM_PHONE_02_APPROACH_CLOSE,keyframe,A,visual_assets/pure/micro_storyboard/B06/MSB166_v001.png,visual_assets/annotated/micro_storyboard/B06/MSB166_v001_annotated.png,"Create a pure cinematic image for AIGC video generation, 16:9 landscape, high-resolution film still quality, no visible text or annotations. 1990s small-town China, Chinese dreamcore realism, humid yellowed childhood memory, low light, subtle VHS grain, real old clothes and lived-in surfaces. Preserve character design v2 and scene spatial bible v1. Story-stage lock: S7_PHONE_ELECTRONICIZATION 【部分原文损坏，需从源文件重建 / Partial source text corrupted; rebuild from source】","No text, no captions, no Chinese characters, no English letters, no labels, no arrows, no diagrams, no storyboard frame, no contact sheet, no sketch lines, no layout notes, no watermark. Avoid: 绿色代码雨、未来城市、机器人化、突然换成3D游戏、主角离开电话亭; 绿色代码雨、未来城市. Do not change scene layout, character identities, clothing, lighting direction, or camera axis. Do not leak wardrobe, dirt, injury, expression, or environment state from a later story stage into this panel.",电话线、CRT 扫描线、主角身体轮廓、电话亭固定、走廊边缘像素化 / Environment continuity lock,S7_PHONE_ELECTRONICIZATION,电话电子化阶段 / Phone electronicization,角色焦点：环境；连续性：电话线、CRT 扫描线、主角身体轮廓、电话亭固定、走廊边缘像素化 / Character focus: 环境; continuity: 电话线、CRT 扫描线、主角身体轮廓、电话亭固定、走廊边缘像素化,角色焦点：环境；连续性：电话线、CRT 扫描线、主角身体轮廓、电话亭固定、走廊边缘像素化 / Character focus: 环境; continuity: 电话线、CRT 扫描线、主角身体轮廓、电话亭固定、走廊边缘像素化,空间被重写 / Emotion state from panel plan,电话线、CRT 扫描线、主角身体轮廓、电话亭固定、走廊边缘像素化 / Environment continuity lock,whitebox_renders_v2/B06/WB2_PHONE_MSB166.png
MSB167,B06,18,电子化,SCN_PHONE,CAM_PHONE_02_APPROACH_CLOSE,storyboard,A,visual_assets/pure/micro_storyboard/B06/MSB167_v001.png,visual_assets/annotated/micro_storyboard/B06/MSB167_v001_annotated.png,"Create a pure cinematic image for AIGC video generation, 16:9 landscape, high-resolution film still quality, no visible text or annotations. 1990s small-town China, Chinese dreamcore realism, humid yellowed childhood memory, low light, subtle VHS grain, real old clothes and lived-in surfaces. Preserve character design v2 and scene spatial bible v1. Story-stage lock: S7_PHONE_ELECTRONICIZATION 【部分原文损坏，需从源文件重建 / Partial source text corrupted; rebuild from source】","No text, no captions, no Chinese characters, no English letters, no labels, no arrows, no diagrams, no storyboard frame, no contact sheet, no sketch lines, no layout notes, no watermark. Avoid: 绿色代码雨、未来城市、机器人化、突然换成3D游戏、主角离开电话亭; 绿色代码雨、未来城市. Do not change scene layout, character identities, clothing, lighting direction, or camera axis. Do not leak wardrobe, dirt, injury, expression, or environment state from a later story stage into this panel.",电话线、CRT 扫描线、主角身体轮廓、电话亭固定、走廊边缘像素化 / Environment continuity lock,S7_PHONE_ELECTRONICIZATION,电话电子化阶段 / Phone electronicization,角色焦点：小川；连续性：电话线、CRT 扫描线、主角身体轮廓、电话亭固定、走廊边缘像素化 / Character focus: 小川; continuity: 电话线、CRT 扫描线、主角身体轮廓、电话亭固定、走廊边缘像素化,角色焦点：小川；连续性：电话线、CRT 扫描线、主角身体轮廓、电话亭固定、走廊边缘像素化 / Character focus: 小川; continuity: 电话线、CRT 扫描线、主角身体轮廓、电话亭固定、走廊边缘像素化,被吞没但仍是孩子 / Emotion state from panel plan,电话线、CRT 扫描线、主角身体轮廓、电话亭固定、走廊边缘像素化 / Environment continuity lock,whitebox_renders_v2/B06/WB2_PHONE_MSB167.png
MSB168,B06,18,电子化,SCN_PHONE,CAM_PHONE_02_APPROACH_CLOSE,end_frame,A,visual_assets/pure/micro_storyboard/B06/MSB168_v001.png,visual_assets/annotated/micro_storyboard/B06/MSB168_v001_annotated.png,"Create a pure cinematic image for AIGC video generation, 16:9 landscape, high-resolution film still quality, no visible text or annotations. 1990s small-town China, Chinese dreamcore realism, humid yellowed childhood memory, low light, subtle VHS grain, real old clothes and lived-in surfaces. Preserve character design v2 and scene spatial bible v1. Story-stage lock: S7_PHONE_ELECTRONICIZATION 【部分原文损坏，需从源文件重建 / Partial source text corrupted; rebuild from source】","No text, no captions, no Chinese characters, no English letters, no labels, no arrows, no diagrams, no storyboard frame, no contact sheet, no sketch lines, no layout notes, no watermark. Avoid: 绿色代码雨、未来城市、机器人化、突然换成3D游戏、主角离开电话亭; 绿色代码雨、未来城市. Do not change scene layout, character identities, clothing, lighting direction, or camera axis. Do not leak wardrobe, dirt, injury, expression, or environment state from a later story stage into this panel.",电话线、CRT 扫描线、主角身体轮廓、电话亭固定、走廊边缘像素化 / Environment continuity lock,S7_PHONE_ELECTRONICIZATION,电话电子化阶段 / Phone electronicization,角色焦点：环境/电话亭；连续性：电话线、CRT 扫描线、主角身体轮廓、电话亭固定、走廊边缘像素化 / Character focus: 环境/电话亭; continuity: 电话线、CRT 扫描线、主角身体轮廓、电话亭固定、走廊边缘像素化,角色焦点：环境/电话亭；连续性：电话线、CRT 扫描线、主角身体轮廓、电话亭固定、走廊边缘像素化 / Character focus: 环境/电话亭; continuity: 电话线、CRT 扫描线、主角身体轮廓、电话亭固定、走廊边缘像素化,临界转换 / Emotion state from panel plan,电话线、CRT 扫描线、主角身体轮廓、电话亭固定、走廊边缘像素化 / Environment continuity lock,whitebox_renders_v2/B06/WB2_PHONE_MSB168.png
MSB169,B06,18,电子化,SCN_PHONE,CAM_PHONE_02_APPROACH_CLOSE,keyframe,A,visual_assets/pure/micro_storyboard/B06/MSB169_v001.png,visual_assets/annotated/micro_storyboard/B06/MSB169_v001_annotated.png,"Create a pure cinematic image for AIGC video generation, 16:9 landscape, high-resolution film still quality, no visible text or annotations. 1990s small-town China, Chinese dreamcore realism, humid yellowed childhood memory, low light, subtle VHS grain, real old clothes and lived-in surfaces. Preserve character design v2 and scene spatial bible v1. Story-stage lock: S7_PHONE_ELECTRONICIZATION 【部分原文损坏，需从源文件重建 / Partial source text corrupted; rebuild from source】","No text, no captions, no Chinese characters, no English letters, no labels, no arrows, no diagrams, no storyboard frame, no contact sheet, no sketch lines, no layout notes, no watermark. Avoid: 绿色代码雨、未来城市、机器人化、突然换成3D游戏、主角离开电话亭; 绿色代码雨、未来城市. Do not change scene layout, character identities, clothing, lighting direction, or camera axis. Do not leak wardrobe, dirt, injury, expression, or environment state from a later story stage into this panel.",电话线、CRT 扫描线、主角身体轮廓、电话亭固定、走廊边缘像素化 / Environment continuity lock,S7_PHONE_ELECTRONICIZATION,电话电子化阶段 / Phone electronicization,角色焦点：环境/小川；连续性：电话线、CRT 扫描线、主角身体轮廓、电话亭固定、走廊边缘像素化 / Character focus: 环境/小川; continuity: 电话线、CRT 扫描线、主角身体轮廓、电话亭固定、走廊边缘像素化,角色焦点：环境/小川；连续性：电话线、CRT 扫描线、主角身体轮廓、电话亭固定、走廊边缘像素化 / Character focus: 环境/小川; continuity: 电话线、CRT 扫描线、主角身体轮廓、电话亭固定、走廊边缘像素化,不可逆转场 / Emotion state from panel plan,电话线、CRT 扫描线、主角身体轮廓、电话亭固定、走廊边缘像素化 / Environment continuity lock,whitebox_renders_v2/B06/WB2_PHONE_MSB169.png
MSB170,B06,19,进入8-bit关卡,SCN_8BIT,CAM_8BIT_01_STAGE_WIDE,keyframe,A,visual_assets/pure/micro_storyboard/B06/MSB170_v001.png,visual_assets/annotated/micro_storyboard/B06/MSB170_v001_annotated.png,"Create a pure cinematic image for AIGC video generation, 16:9 landscape, high-resolution film still quality, no visible text or annotations. 1990s small-town China, Chinese dreamcore realism, humid yellowed childhood memory, low light, subtle VHS grain, real old clothes and lived-in surfaces. Preserve character design v2 and scene spatial bible v1. Story-stage lock: S8_8BIT_TRANSLATED / 8-bit 【部分原文损坏，需从源文件重建 / Partial source text corrupted; rebuild from source】","No text, no captions, no Chinese characters, no English letters, no labels, no arrows, no diagrams, no storyboard frame, no contact sheet, no sketch lines, no layout notes, no watermark. Avoid: 现代手游UI、3D卡通、西方街景、高清动漫、完全换场景; 现代手游/3D卡通. Do not change scene layout, character identities, clothing, lighting direction, or camera axis. Do not leak wardrobe, dirt, injury, expression, or environment state from a later story stage into this panel.",废楼走廊展平成90年代横版清版街机，保留电话亭、墙砖、消防箱，小川像素色块 / Environment continuity lock,S8_8BIT_TRANSLATED,8-bit 转译阶段 / 8-bit translation,角色焦点：环境/电话亭；连续性：废楼走廊展平成90年代横版清版街机，保留电话亭、墙砖、消防箱，小川像素色块 / Character focus: 环境/电话亭; continuity: 废楼走廊展平成90年代横版清版街机，保留电话亭、墙砖、消防箱，小川像素色块,角色焦点：环境/电话亭；连续性：废楼走廊展平成90年代横版清版街机，保留电话亭、墙砖、消防箱，小川像素色块 / Character focus: 环境/电话亭; continuity: 废楼走廊展平成90年代横版清版街机，保留电话亭、墙砖、消防箱，小川像素色块,游戏规则建立 / Emotion state from panel plan,废楼走廊展平成90年代横版清版街机，保留电话亭、墙砖、消防箱，小川像素色块 / Environment continuity lock,whitebox_renders_v2/B06/WB2_8BIT_MSB170.png
MSB171,B06,19,进入8-bit关卡,SCN_8BIT,CAM_8BIT_01_STAGE_WIDE,start_frame,A,visual_assets/pure/micro_storyboard/B06/MSB171_v001.png,visual_assets/annotated/micro_storyboard/B06/MSB171_v001_annotated.png,"Create a pure cinematic image for AIGC video generation, 16:9 landscape, high-resolution film still quality, no visible text or annotations. 1990s small-town China, Chinese dreamcore realism, humid yellowed childhood memory, low light, subtle VHS grain, real old clothes and lived-in surfaces. Preserve character design v2 and scene spatial bible v1. Story-stage lock: S8_8BIT_TRANSLATED / 8-bit 【部分原文损坏，需从源文件重建 / Partial source text corrupted; rebuild from source】","No text, no captions, no Chinese characters, no English letters, no labels, no arrows, no diagrams, no storyboard frame, no contact sheet, no sketch lines, no layout notes, no watermark. Avoid: 现代手游UI、3D卡通、西方街景、高清动漫、完全换场景; 现代手游/3D卡通. Do not change scene layout, character identities, clothing, lighting direction, or camera axis. Do not leak wardrobe, dirt, injury, expression, or environment state from a later story stage into this panel.",废楼走廊展平成90年代横版清版街机，保留电话亭、墙砖、消防箱，小川像素色块 / Environment continuity lock,S8_8BIT_TRANSLATED,8-bit 转译阶段 / 8-bit translation,角色焦点：小川像素；连续性：废楼走廊展平成90年代横版清版街机，保留电话亭、墙砖、消防箱，小川像素色块 / Character focus: 小川像素; continuity: 废楼走廊展平成90年代横版清版街机，保留电话亭、墙砖、消防箱，小川像素色块,角色焦点：小川像素；连续性：废楼走廊展平成90年代横版清版街机，保留电话亭、墙砖、消防箱，小川像素色块 / Character focus: 小川像素; continuity: 废楼走廊展平成90年代横版清版街机，保留电话亭、墙砖、消防箱，小川像素色块,紧张待机，不庆祝 / Emotion state from panel plan,废楼走廊展平成90年代横版清版街机，保留电话亭、墙砖、消防箱，小川像素色块 / Environment continuity lock,whitebox_renders_v2/B06/WB2_8BIT_MSB171.png
MSB172,B06,19,进入8-bit关卡,SCN_8BIT,CAM_8BIT_01_STAGE_WIDE,storyboard,B,visual_assets/pure/micro_storyboard/B06/MSB172_v001.png,visual_assets/annotated/micro_storyboard/B06/MSB172_v001_annotated.png,"Create a pure cinematic image for AIGC video generation, 16:9 landscape, high-resolution film still quality, no visible text or annotations. 1990s small-town China, Chinese dreamcore realism, humid yellowed childhood memory, low light, subtle VHS grain, real old clothes and lived-in surfaces. Preserve character design v2 and scene spatial bible v1. Story-stage lock: S8_8BIT_TRANSLATED / 8-bit 【部分原文损坏，需从源文件重建 / Partial source text corrupted; rebuild from source】","No text, no captions, no Chinese characters, no English letters, no labels, no arrows, no diagrams, no storyboard frame, no contact sheet, no sketch lines, no layout notes, no watermark. Avoid: 现代手游UI、3D卡通、西方街景、高清动漫、完全换场景; 现代手游/3D卡通. Do not change scene layout, character identities, clothing, lighting direction, or camera axis. Do not leak wardrobe, dirt, injury, expression, or environment state from a later story stage into this panel.",废楼走廊展平成90年代横版清版街机，保留电话亭、墙砖、消防箱，小川像素色块 / Environment continuity lock,S8_8BIT_TRANSLATED,8-bit 转译阶段 / 8-bit translation,角色焦点：UI/环境；连续性：废楼走廊展平成90年代横版清版街机，保留电话亭、墙砖、消防箱，小川像素色块 / Character focus: UI/环境; continuity: 废楼走廊展平成90年代横版清版街机，保留电话亭、墙砖、消防箱，小川像素色块,角色焦点：UI/环境；连续性：废楼走廊展平成90年代横版清版街机，保留电话亭、墙砖、消防箱，小川像素色块 / Character focus: UI/环境; continuity: 废楼走廊展平成90年代横版清版街机，保留电话亭、墙砖、消防箱，小川像素色块,规则感 / Emotion state from panel plan,废楼走廊展平成90年代横版清版街机，保留电话亭、墙砖、消防箱，小川像素色块 / Environment continuity lock,whitebox_renders_v2/B06/WB2_8BIT_MSB172.png
MSB173,B06,19,进入8-bit关卡,SCN_8BIT,CAM_8BIT_01_STAGE_WIDE,storyboard,A,visual_assets/pure/micro_storyboard/B06/MSB173_v001.png,visual_assets/annotated/micro_storyboard/B06/MSB173_v001_annotated.png,"Create a pure cinematic image for AIGC video generation, 16:9 landscape, high-resolution film still quality, no visible text or annotations. 1990s small-town China, Chinese dreamcore realism, humid yellowed childhood memory, low light, subtle VHS grain, real old clothes and lived-in surfaces. Preserve character design v2 and scene spatial bible v1. Story-stage lock: S8_8BIT_TRANSLATED / 8-bit 【部分原文损坏，需从源文件重建 / Partial source text corrupted; rebuild from source】","No text, no captions, no Chinese characters, no English letters, no labels, no arrows, no diagrams, no storyboard frame, no contact sheet, no sketch lines, no layout notes, no watermark. Avoid: 现代手游UI、3D卡通、西方街景、高清动漫、完全换场景; 现代手游/3D卡通. Do not change scene layout, character identities, clothing, lighting direction, or camera axis. Do not leak wardrobe, dirt, injury, expression, or environment state from a later story stage into this panel.",废楼走廊展平成90年代横版清版街机，保留电话亭、墙砖、消防箱，小川像素色块 / Environment continuity lock,S8_8BIT_TRANSLATED,8-bit 转译阶段 / 8-bit translation,角色焦点：混混像素；连续性：废楼走廊展平成90年代横版清版街机，保留电话亭、墙砖、消防箱，小川像素色块 / Character focus: 混混像素; continuity: 废楼走廊展平成90年代横版清版街机，保留电话亭、墙砖、消防箱，小川像素色块,角色焦点：混混像素；连续性：废楼走廊展平成90年代横版清版街机，保留电话亭、墙砖、消防箱，小川像素色块 / Character focus: 混混像素; continuity: 废楼走廊展平成90年代横版清版街机，保留电话亭、墙砖、消防箱，小川像素色块,威胁回归 / Emotion state from panel plan,废楼走廊展平成90年代横版清版街机，保留电话亭、墙砖、消防箱，小川像素色块 / Environment continuity lock,whitebox_renders_v2/B06/WB2_8BIT_MSB173.png
MSB174,B06,19,进入8-bit关卡,SCN_8BIT,CAM_8BIT_01_STAGE_WIDE,keyframe,A,visual_assets/pure/micro_storyboard/B06/MSB174_v001.png,visual_assets/annotated/micro_storyboard/B06/MSB174_v001_annotated.png,"Create a pure cinematic image for AIGC video generation, 16:9 landscape, high-resolution film still quality, no visible text or annotations. 1990s small-town China, Chinese dreamcore realism, humid yellowed childhood memory, low light, subtle VHS grain, real old clothes and lived-in surfaces. Preserve character design v2 and scene spatial bible v1. Story-stage lock: S8_8BIT_TRANSLATED / 8-bit 【部分原文损坏，需从源文件重建 / Partial source text corrupted; rebuild from source】","No text, no captions, no Chinese characters, no English letters, no labels, no arrows, no diagrams, no storyboard frame, no contact sheet, no sketch lines, no layout notes, no watermark. Avoid: 现代手游UI、3D卡通、西方街景、高清动漫、完全换场景; 现代手游/3D卡通. Do not change scene layout, character identities, clothing, lighting direction, or camera axis. Do not leak wardrobe, dirt, injury, expression, or environment state from a later story stage into this panel.",废楼走廊展平成90年代横版清版街机，保留电话亭、墙砖、消防箱，小川像素色块 / Environment continuity lock,S8_8BIT_TRANSLATED,8-bit 转译阶段 / 8-bit translation,角色焦点：彬子像素；连续性：废楼走廊展平成90年代横版清版街机，保留电话亭、墙砖、消防箱，小川像素色块 / Character focus: 彬子像素; continuity: 废楼走廊展平成90年代横版清版街机，保留电话亭、墙砖、消防箱，小川像素色块,角色焦点：彬子像素；连续性：废楼走廊展平成90年代横版清版街机，保留电话亭、墙砖、消防箱，小川像素色块 / Character focus: 彬子像素; continuity: 废楼走廊展平成90年代横版清版街机，保留电话亭、墙砖、消防箱，小川像素色块,凶但游戏化 / Emotion state from panel plan,废楼走廊展平成90年代横版清版街机，保留电话亭、墙砖、消防箱，小川像素色块 / Environment continuity lock,whitebox_renders_v2/B06/WB2_8BIT_MSB174.png
MSB175,B06,19,进入8-bit关卡,SCN_8BIT,CAM_8BIT_01_STAGE_WIDE,storyboard,B,visual_assets/pure/micro_storyboard/B06/MSB175_v001.png,visual_assets/annotated/micro_storyboard/B06/MSB175_v001_annotated.png,"Create a pure cinematic image for AIGC video generation, 16:9 landscape, high-resolution film still quality, no visible text or annotations. 1990s small-town China, Chinese dreamcore realism, humid yellowed childhood memory, low light, subtle VHS grain, real old clothes and lived-in surfaces. Preserve character design v2 and scene spatial bible v1. Story-stage lock: S8_8BIT_TRANSLATED / 8-bit 【部分原文损坏，需从源文件重建 / Partial source text corrupted; rebuild from source】","No text, no captions, no Chinese characters, no English letters, no labels, no arrows, no diagrams, no storyboard frame, no contact sheet, no sketch lines, no layout notes, no watermark. Avoid: 现代手游UI、3D卡通、西方街景、高清动漫、完全换场景; 现代手游/3D卡通. Do not change scene layout, character identities, clothing, lighting direction, or camera axis. Do not leak wardrobe, dirt, injury, expression, or environment state from a later story stage into this panel.",废楼走廊展平成90年代横版清版街机，保留电话亭、墙砖、消防箱，小川像素色块 / Environment continuity lock,S8_8BIT_TRANSLATED,8-bit 转译阶段 / 8-bit translation,角色焦点：高杆像素；连续性：废楼走廊展平成90年代横版清版街机，保留电话亭、墙砖、消防箱，小川像素色块 / Character focus: 高杆像素; continuity: 废楼走廊展平成90年代横版清版街机，保留电话亭、墙砖、消防箱，小川像素色块,角色焦点：高杆像素；连续性：废楼走廊展平成90年代横版清版街机，保留电话亭、墙砖、消防箱，小川像素色块 / Character focus: 高杆像素; continuity: 废楼走廊展平成90年代横版清版街机，保留电话亭、墙砖、消防箱，小川像素色块,冷压迫 / Emotion state from panel plan,废楼走廊展平成90年代横版清版街机，保留电话亭、墙砖、消防箱，小川像素色块 / Environment continuity lock,whitebox_renders_v2/B06/WB2_8BIT_MSB175.png
MSB176,B06,19,进入8-bit关卡,SCN_8BIT,CAM_8BIT_01_STAGE_WIDE,storyboard,A,visual_assets/pure/micro_storyboard/B06/MSB176_v001.png,visual_assets/annotated/micro_storyboard/B06/MSB176_v001_annotated.png,"Create a pure cinematic image for AIGC video generation, 16:9 landscape, high-resolution film still quality, no visible text or annotations. 1990s small-town China, Chinese dreamcore realism, humid yellowed childhood memory, low light, subtle VHS grain, real old clothes and lived-in surfaces. Preserve character design v2 and scene spatial bible v1. Story-stage lock: S8_8BIT_TRANSLATED / 8-bit 【部分原文损坏，需从源文件重建 / Partial source text corrupted; rebuild from source】","No text, no captions, no Chinese characters, no English letters, no labels, no arrows, no diagrams, no storyboard frame, no contact sheet, no sketch lines, no layout notes, no watermark. Avoid: 现代手游UI、3D卡通、西方街景、高清动漫、完全换场景; 现代手游/3D卡通. Do not change scene layout, character identities, clothing, lighting direction, or camera axis. Do not leak wardrobe, dirt, injury, expression, or environment state from a later story stage into this panel.",废楼走廊展平成90年代横版清版街机，保留电话亭、墙砖、消防箱，小川像素色块 / Environment continuity lock,S8_8BIT_TRANSLATED,8-bit 转译阶段 / 8-bit translation,角色焦点：混混像素；连续性：废楼走廊展平成90年代横版清版街机，保留电话亭、墙砖、消防箱，小川像素色块 / Character focus: 混混像素; continuity: 废楼走廊展平成90年代横版清版街机，保留电话亭、墙砖、消防箱，小川像素色块,角色焦点：混混像素；连续性：废楼走廊展平成90年代横版清版街机，保留电话亭、墙砖、消防箱，小川像素色块 / Character focus: 混混像素; continuity: 废楼走廊展平成90年代横版清版街机，保留电话亭、墙砖、消防箱，小川像素色块,敌群完整 / Emotion state from panel plan,废楼走廊展平成90年代横版清版街机，保留电话亭、墙砖、消防箱，小川像素色块 / Environment continuity lock,whitebox_renders_v2/B06/WB2_8BIT_MSB176.png
MSB177,B06,19,进入8-bit关卡,SCN_8BIT,CAM_8BIT_01_STAGE_WIDE,end_frame,A,visual_assets/pure/micro_storyboard/B06/MSB177_v001.png,visual_assets/annotated/micro_storyboard/B06/MSB177_v001_annotated.png,"Create a pure cinematic image for AIGC video generation, 16:9 landscape, high-resolution film still quality, no visible text or annotations. 1990s small-town China, Chinese dreamcore realism, humid yellowed childhood memory, low light, subtle VHS grain, real old clothes and lived-in surfaces. Preserve character design v2 and scene spatial bible v1. Story-stage lock: S8_8BIT_TRANSLATED / 8-bit 【部分原文损坏，需从源文件重建 / Partial source text corrupted; rebuild from source】","No text, no captions, no Chinese characters, no English letters, no labels, no arrows, no diagrams, no storyboard frame, no contact sheet, no sketch lines, no layout notes, no watermark. Avoid: 现代手游UI、3D卡通、西方街景、高清动漫、完全换场景; 现代手游/3D卡通. Do not change scene layout, character identities, clothing, lighting direction, or camera axis. Do not leak wardrobe, dirt, injury, expression, or environment state from a later story stage into this panel.",废楼走廊展平成90年代横版清版街机，保留电话亭、墙砖、消防箱，小川像素色块 / Environment continuity lock,S8_8BIT_TRANSLATED,8-bit 转译阶段 / 8-bit translation,角色焦点：全体像素；连续性：废楼走廊展平成90年代横版清版街机，保留电话亭、墙砖、消防箱，小川像素色块 / Character focus: 全体像素; continuity: 废楼走廊展平成90年代横版清版街机，保留电话亭、墙砖、消防箱，小川像素色块,角色焦点：全体像素；连续性：废楼走廊展平成90年代横版清版街机，保留电话亭、墙砖、消防箱，小川像素色块 / Character focus: 全体像素; continuity: 废楼走廊展平成90年代横版清版街机，保留电话亭、墙砖、消防箱，小川像素色块,不安而非快乐 / Emotion state from panel plan,废楼走廊展平成90年代横版清版街机，保留电话亭、墙砖、消防箱，小川像素色块 / Environment continuity lock,whitebox_renders_v2/B06/WB2_8BIT_MSB177.png
MSB178,B06,20,WIN / INSERT COIN,SCN_8BIT,CAM_8BIT_02_WIN_SCREEN,storyboard,A,visual_assets/pure/micro_storyboard/B06/MSB178_v001.png,visual_assets/annotated/micro_storyboard/B06/MSB178_v001_annotated.png,"Create a pure cinematic image for AIGC video generation, 16:9 landscape, high-resolution film still quality, no visible text or annotations. 1990s small-town China, Chinese dreamcore realism, humid yellowed childhood memory, low light, subtle VHS grain, real old clothes and lived-in surfaces. Preserve character design v2 and scene spatial bible v1. Story-stage lock: S8_8BIT_TRANSLATED / 8-bit 【部分原文损坏，需从源文件重建 / Partial source text corrupted; rebuild from source】","No text, no captions, no Chinese characters, no English letters, no labels, no arrows, no diagrams, no storyboard frame, no contact sheet, no sketch lines, no layout notes, no watermark. Avoid: 复杂连招、写实血腥、欢乐庆祝、现代UI、改写文字、解释结局; 欢乐庆祝、现代UI. Do not change scene layout, character identities, clothing, lighting direction, or camera axis. Do not leak wardrobe, dirt, injury, expression, or environment state from a later story stage into this panel.",横版固定机位，像素小川，四个敌人，书包旋风、硬币冲击波，WIN 后一秒安静，再 INSERT COIN / Environment continuity lock,S8_8BIT_TRANSLATED,8-bit 转译阶段 / 8-bit translation,角色焦点：小川像素/敌人；连续性：横版固定机位，像素小川，四个敌人，书包旋风、硬币冲击波，WIN 后一秒安静，再 INSERT COIN / Character focus: 小川像素/敌人; continuity: 横版固定机位，像素小川，四个敌人，书包旋风、硬币冲击波，WIN 后一秒安静，再 INSERT COIN,角色焦点：小川像素/敌人；连续性：横版固定机位，像素小川，四个敌人，书包旋风、硬币冲击波，WIN 后一秒安静，再 INSERT COIN / Character focus: 小川像素/敌人; continuity: 横版固定机位，像素小川，四个敌人，书包旋风、硬币冲击波，WIN 后一秒安静，再 INSERT COIN,被迫反击，不是英雄炫技 / Emotion state from panel plan,横版固定机位，像素小川，四个敌人，书包旋风、硬币冲击波，WIN 后一秒安静，再 INSERT COIN / Environment continuity lock,whitebox_renders_v2/B06/WB2_8BIT_MSB178.png
MSB179,B06,20,WIN / INSERT COIN,SCN_8BIT,CAM_8BIT_02_WIN_SCREEN,storyboard,A,visual_assets/pure/micro_storyboard/B06/MSB179_v001.png,visual_assets/annotated/micro_storyboard/B06/MSB179_v001_annotated.png,"Create a pure cinematic image for AIGC video generation, 16:9 landscape, high-resolution film still quality, no visible text or annotations. 1990s small-town China, Chinese dreamcore realism, humid yellowed childhood memory, low light, subtle VHS grain, real old clothes and lived-in surfaces. Preserve character design v2 and scene spatial bible v1. Story-stage lock: S8_8BIT_TRANSLATED / 8-bit 【部分原文损坏，需从源文件重建 / Partial source text corrupted; rebuild from source】","No text, no captions, no Chinese characters, no English letters, no labels, no arrows, no diagrams, no storyboard frame, no contact sheet, no sketch lines, no layout notes, no watermark. Avoid: 复杂连招、写实血腥、欢乐庆祝、现代UI、改写文字、解释结局; 欢乐庆祝、现代UI. Do not change scene layout, character identities, clothing, lighting direction, or camera axis. Do not leak wardrobe, dirt, injury, expression, or environment state from a later story stage into this panel.",横版固定机位，像素小川，四个敌人，书包旋风、硬币冲击波，WIN 后一秒安静，再 INSERT COIN / Environment continuity lock,S8_8BIT_TRANSLATED,8-bit 转译阶段 / 8-bit translation,角色焦点：小川像素/道具；连续性：横版固定机位，像素小川，四个敌人，书包旋风、硬币冲击波，WIN 后一秒安静，再 INSERT COIN / Character focus: 小川像素/道具; continuity: 横版固定机位，像素小川，四个敌人，书包旋风、硬币冲击波，WIN 后一秒安静，再 INSERT COIN,角色焦点：小川像素/道具；连续性：横版固定机位，像素小川，四个敌人，书包旋风、硬币冲击波，WIN 后一秒安静，再 INSERT COIN / Character focus: 小川像素/道具; continuity: 横版固定机位，像素小川，四个敌人，书包旋风、硬币冲击波，WIN 后一秒安静，再 INSERT COIN,游戏规则接管现实 / Emotion state from panel plan,横版固定机位，像素小川，四个敌人，书包旋风、硬币冲击波，WIN 后一秒安静，再 INSERT COIN / Environment continuity lock,whitebox_renders_v2/B06/WB2_8BIT_MSB179.png
MSB180,B06,20,WIN / INSERT COIN,SCN_8BIT,CAM_8BIT_02_WIN_SCREEN,storyboard,B,visual_assets/pure/micro_storyboard/B06/MSB180_v001.png,visual_assets/annotated/micro_storyboard/B06/MSB180_v001_annotated.png,"Create a pure cinematic image for AIGC video generation, 16:9 landscape, high-resolution film still quality, no visible text or annotations. 1990s small-town China, Chinese dreamcore realism, humid yellowed childhood memory, low light, subtle VHS grain, real old clothes and lived-in surfaces. Preserve character design v2 and scene spatial bible v1. Story-stage lock: S8_8BIT_TRANSLATED / 8-bit 【部分原文损坏，需从源文件重建 / Partial source text corrupted; rebuild from source】","No text, no captions, no Chinese characters, no English letters, no labels, no arrows, no diagrams, no storyboard frame, no contact sheet, no sketch lines, no layout notes, no watermark. Avoid: 复杂连招、写实血腥、欢乐庆祝、现代UI、改写文字、解释结局; 欢乐庆祝、现代UI. Do not change scene layout, character identities, clothing, lighting direction, or camera axis. Do not leak wardrobe, dirt, injury, expression, or environment state from a later story stage into this panel.",横版固定机位，像素小川，四个敌人，书包旋风、硬币冲击波，WIN 后一秒安静，再 INSERT COIN / Environment continuity lock,S8_8BIT_TRANSLATED,8-bit 转译阶段 / 8-bit translation,角色焦点：高杆像素；连续性：横版固定机位，像素小川，四个敌人，书包旋风、硬币冲击波，WIN 后一秒安静，再 INSERT COIN / Character focus: 高杆像素; continuity: 横版固定机位，像素小川，四个敌人，书包旋风、硬币冲击波，WIN 后一秒安静，再 INSERT COIN,角色焦点：高杆像素；连续性：横版固定机位，像素小川，四个敌人，书包旋风、硬币冲击波，WIN 后一秒安静，再 INSERT COIN / Character focus: 高杆像素; continuity: 横版固定机位，像素小川，四个敌人，书包旋风、硬币冲击波，WIN 后一秒安静，再 INSERT COIN,功能被解除 / Emotion state from panel plan,横版固定机位，像素小川，四个敌人，书包旋风、硬币冲击波，WIN 后一秒安静，再 INSERT COIN / Environment continuity lock,whitebox_renders_v2/B06/WB2_8BIT_MSB180.png
MSB181,B06,20,WIN / INSERT COIN,SCN_8BIT,CAM_8BIT_02_WIN_SCREEN,storyboard,B,visual_assets/pure/micro_storyboard/B06/MSB181_v001.png,visual_assets/annotated/micro_storyboard/B06/MSB181_v001_annotated.png,"Create a pure cinematic image for AIGC video generation, 16:9 landscape, high-resolution film still quality, no visible text or annotations. 1990s small-town China, Chinese dreamcore realism, humid yellowed childhood memory, low light, subtle VHS grain, real old clothes and lived-in surfaces. Preserve character design v2 and scene spatial bible v1. Story-stage lock: S8_8BIT_TRANSLATED / 8-bit 【部分原文损坏，需从源文件重建 / Partial source text corrupted; rebuild from source】","No text, no captions, no Chinese characters, no English letters, no labels, no arrows, no diagrams, no storyboard frame, no contact sheet, no sketch lines, no layout notes, no watermark. Avoid: 复杂连招、写实血腥、欢乐庆祝、现代UI、改写文字、解释结局; 欢乐庆祝、现代UI. Do not change scene layout, character identities, clothing, lighting direction, or camera axis. Do not leak wardrobe, dirt, injury, expression, or environment state from a later story stage into this panel.",横版固定机位，像素小川，四个敌人，书包旋风、硬币冲击波，WIN 后一秒安静，再 INSERT COIN / Environment continuity lock,S8_8BIT_TRANSLATED,8-bit 转译阶段 / 8-bit translation,角色焦点：大海像素；连续性：横版固定机位，像素小川，四个敌人，书包旋风、硬币冲击波，WIN 后一秒安静，再 INSERT COIN / Character focus: 大海像素; continuity: 横版固定机位，像素小川，四个敌人，书包旋风、硬币冲击波，WIN 后一秒安静，再 INSERT COIN,角色焦点：大海像素；连续性：横版固定机位，像素小川，四个敌人，书包旋风、硬币冲击波，WIN 后一秒安静，再 INSERT COIN / Character focus: 大海像素; continuity: 横版固定机位，像素小川，四个敌人，书包旋风、硬币冲击波，WIN 后一秒安静，再 INSERT COIN,压迫减弱 / Emotion state from panel plan,横版固定机位，像素小川，四个敌人，书包旋风、硬币冲击波，WIN 后一秒安静，再 INSERT COIN / Environment continuity lock,whitebox_renders_v2/B06/WB2_8BIT_MSB181.png
MSB182,B06,20,WIN / INSERT COIN,SCN_8BIT,CAM_8BIT_02_WIN_SCREEN,storyboard,B,visual_assets/pure/micro_storyboard/B06/MSB182_v001.png,visual_assets/annotated/micro_storyboard/B06/MSB182_v001_annotated.png,"Create a pure cinematic image for AIGC video generation, 16:9 landscape, high-resolution film still quality, no visible text or annotations. 1990s small-town China, Chinese dreamcore realism, humid yellowed childhood memory, low light, subtle VHS grain, real old clothes and lived-in surfaces. Preserve character design v2 and scene spatial bible v1. Story-stage lock: S8_8BIT_TRANSLATED / 8-bit 【部分原文损坏，需从源文件重建 / Partial source text corrupted; rebuild from source】","No text, no captions, no Chinese characters, no English letters, no labels, no arrows, no diagrams, no storyboard frame, no contact sheet, no sketch lines, no layout notes, no watermark. Avoid: 复杂连招、写实血腥、欢乐庆祝、现代UI、改写文字、解释结局; 欢乐庆祝、现代UI. Do not change scene layout, character identities, clothing, lighting direction, or camera axis. Do not leak wardrobe, dirt, injury, expression, or environment state from a later story stage into this panel.",横版固定机位，像素小川，四个敌人，书包旋风、硬币冲击波，WIN 后一秒安静，再 INSERT COIN / Environment continuity lock,S8_8BIT_TRANSLATED,8-bit 转译阶段 / 8-bit translation,角色焦点：小齐像素；连续性：横版固定机位，像素小川，四个敌人，书包旋风、硬币冲击波，WIN 后一秒安静，再 INSERT COIN / Character focus: 小齐像素; continuity: 横版固定机位，像素小川，四个敌人，书包旋风、硬币冲击波，WIN 后一秒安静，再 INSERT COIN,角色焦点：小齐像素；连续性：横版固定机位，像素小川，四个敌人，书包旋风、硬币冲击波，WIN 后一秒安静，再 INSERT COIN / Character focus: 小齐像素; continuity: 横版固定机位，像素小川，四个敌人，书包旋风、硬币冲击波，WIN 后一秒安静，再 INSERT COIN,害怕暴露 / Emotion state from panel plan,横版固定机位，像素小川，四个敌人，书包旋风、硬币冲击波，WIN 后一秒安静，再 INSERT COIN / Environment continuity lock,whitebox_renders_v2/B06/WB2_8BIT_MSB182.png
MSB183,B06,20,WIN / INSERT COIN,SCN_8BIT,CAM_8BIT_02_WIN_SCREEN,keyframe,A,visual_assets/pure/micro_storyboard/B06/MSB183_v001.png,visual_assets/annotated/micro_storyboard/B06/MSB183_v001_annotated.png,"Create a pure cinematic image for AIGC video generation, 16:9 landscape, high-resolution film still quality, no visible text or annotations. 1990s small-town China, Chinese dreamcore realism, humid yellowed childhood memory, low light, subtle VHS grain, real old clothes and lived-in surfaces. Preserve character design v2 and scene spatial bible v1. Story-stage lock: S8_8BIT_TRANSLATED / 8-bit 【部分原文损坏，需从源文件重建 / Partial source text corrupted; rebuild from source】","No text, no captions, no Chinese characters, no English letters, no labels, no arrows, no diagrams, no storyboard frame, no contact sheet, no sketch lines, no layout notes, no watermark. Avoid: 复杂连招、写实血腥、欢乐庆祝、现代UI、改写文字、解释结局; 欢乐庆祝、现代UI. Do not change scene layout, character identities, clothing, lighting direction, or camera axis. Do not leak wardrobe, dirt, injury, expression, or environment state from a later story stage into this panel.",横版固定机位，像素小川，四个敌人，书包旋风、硬币冲击波，WIN 后一秒安静，再 INSERT COIN / Environment continuity lock,S8_8BIT_TRANSLATED,8-bit 转译阶段 / 8-bit translation,角色焦点：彬子像素；连续性：横版固定机位，像素小川，四个敌人，书包旋风、硬币冲击波，WIN 后一秒安静，再 INSERT COIN / Character focus: 彬子像素; continuity: 横版固定机位，像素小川，四个敌人，书包旋风、硬币冲击波，WIN 后一秒安静，再 INSERT COIN,角色焦点：彬子像素；连续性：横版固定机位，像素小川，四个敌人，书包旋风、硬币冲击波，WIN 后一秒安静，再 INSERT COIN / Character focus: 彬子像素; continuity: 横版固定机位，像素小川，四个敌人，书包旋风、硬币冲击波，WIN 后一秒安静，再 INSERT COIN,不可置信 / Emotion state from panel plan,横版固定机位，像素小川，四个敌人，书包旋风、硬币冲击波，WIN 后一秒安静，再 INSERT COIN / Environment continuity lock,whitebox_renders_v2/B06/WB2_8BIT_MSB183.png
MSB184,B06,20,WIN / INSERT COIN,SCN_8BIT,CAM_8BIT_02_WIN_SCREEN,end_frame,A,visual_assets/pure/micro_storyboard/B06/MSB184_v001.png,visual_assets/annotated/micro_storyboard/B06/MSB184_v001_annotated.png,"Create a pure cinematic image for AIGC video generation, 16:9 landscape, high-resolution film still quality, no visible text or annotations. 1990s small-town China, Chinese dreamcore realism, humid yellowed childhood memory, low light, subtle VHS grain, real old clothes and lived-in surfaces. Preserve character design v2 and scene spatial bible v1. Story-stage lock: S8_8BIT_TRANSLATED / 8-bit 【部分原文损坏，需从源文件重建 / Partial source text corrupted; rebuild from source】","No text, no captions, no Chinese characters, no English letters, no labels, no arrows, no diagrams, no storyboard frame, no contact sheet, no sketch lines, no layout notes, no watermark. Avoid: 复杂连招、写实血腥、欢乐庆祝、现代UI、改写文字、解释结局; 欢乐庆祝、现代UI. Do not change scene layout, character identities, clothing, lighting direction, or camera axis. Do not leak wardrobe, dirt, injury, expression, or environment state from a later story stage into this panel.",横版固定机位，像素小川，四个敌人，书包旋风、硬币冲击波，WIN 后一秒安静，再 INSERT COIN / Environment continuity lock,S8_8BIT_TRANSLATED,8-bit 转译阶段 / 8-bit translation,角色焦点：全体像素；连续性：横版固定机位，像素小川，四个敌人，书包旋风、硬币冲击波，WIN 后一秒安静，再 INSERT COIN / Character focus: 全体像素; continuity: 横版固定机位，像素小川，四个敌人，书包旋风、硬币冲击波，WIN 后一秒安静，再 INSERT COIN,角色焦点：全体像素；连续性：横版固定机位，像素小川，四个敌人，书包旋风、硬币冲击波，WIN 后一秒安静，再 INSERT COIN / Character focus: 全体像素; continuity: 横版固定机位，像素小川，四个敌人，书包旋风、硬币冲击波，WIN 后一秒安静，再 INSERT COIN,声音抽空式胜利 / Emotion state from panel plan,横版固定机位，像素小川，四个敌人，书包旋风、硬币冲击波，WIN 后一秒安静，再 INSERT COIN / Environment continuity lock,whitebox_renders_v2/B06/WB2_8BIT_MSB184.png
MSB185,B06,20,WIN / INSERT COIN,SCN_8BIT,CAM_8BIT_02_WIN_SCREEN,storyboard,A,visual_assets/pure/micro_storyboard/B06/MSB185_v001.png,visual_assets/annotated/micro_storyboard/B06/MSB185_v001_annotated.png,"Create a pure cinematic image for AIGC video generation, 16:9 landscape, high-resolution film still quality, no visible text or annotations. 1990s small-town China, Chinese dreamcore realism, humid yellowed childhood memory, low light, subtle VHS grain, real old clothes and lived-in surfaces. Preserve character design v2 and scene spatial bible v1. Story-stage lock: S8_8BIT_TRANSLATED / 8-bit 【部分原文损坏，需从源文件重建 / Partial source text corrupted; rebuild from source】","No text, no captions, no Chinese characters, no English letters, no labels, no arrows, no diagrams, no storyboard frame, no contact sheet, no sketch lines, no layout notes, no watermark. Avoid: 复杂连招、写实血腥、欢乐庆祝、现代UI、改写文字、解释结局; 欢乐庆祝、现代UI. Do not change scene layout, character identities, clothing, lighting direction, or camera axis. Do not leak wardrobe, dirt, injury, expression, or environment state from a later story stage into this panel.",横版固定机位，像素小川，四个敌人，书包旋风、硬币冲击波，WIN 后一秒安静，再 INSERT COIN / Environment continuity lock,S8_8BIT_TRANSLATED,8-bit 转译阶段 / 8-bit translation,角色焦点：小川像素；连续性：横版固定机位，像素小川，四个敌人，书包旋风、硬币冲击波，WIN 后一秒安静，再 INSERT COIN / Character focus: 小川像素; continuity: 横版固定机位，像素小川，四个敌人，书包旋风、硬币冲击波，WIN 后一秒安静，再 INSERT COIN,角色焦点：小川像素；连续性：横版固定机位，像素小川，四个敌人，书包旋风、硬币冲击波，WIN 后一秒安静，再 INSERT COIN / Character focus: 小川像素; continuity: 横版固定机位，像素小川，四个敌人，书包旋风、硬币冲击波，WIN 后一秒安静，再 INSERT COIN,空白，不明白胜利 / Emotion state from panel plan,横版固定机位，像素小川，四个敌人，书包旋风、硬币冲击波，WIN 后一秒安静，再 INSERT COIN / Environment continuity lock,whitebox_renders_v2/B06/WB2_8BIT_MSB185.png
MSB186,B06,20,WIN / INSERT COIN,SCN_8BIT,CAM_8BIT_02_WIN_SCREEN,keyframe,A,visual_assets/pure/micro_storyboard/B06/MSB186_v001.png,visual_assets/annotated/micro_storyboard/B06/MSB186_v001_annotated.png,"Create a pure cinematic image for AIGC video generation, 16:9 landscape, high-resolution film still quality, no visible text or annotations. 1990s small-town China, Chinese dreamcore realism, humid yellowed childhood memory, low light, subtle VHS grain, real old clothes and lived-in surfaces. Preserve character design v2 and scene spatial bible v1. Story-stage lock: S8_8BIT_TRANSLATED / 8-bit 【部分原文损坏，需从源文件重建 / Partial source text corrupted; rebuild from source】","No production annotations, no captions, no Chinese characters, no labels, no arrows, no diagrams, no storyboard frame, no contact sheet, no sketch lines, no layout notes, no watermark. Allow only story-required pixel arcade UI text such as WIN or INSERT COIN. Avoid: 复杂连招、写实血腥、欢乐庆祝、现代UI、改写文字、解释结局; 欢乐庆祝、现代UI. Do not change scene layout, character identities, clothing, lighting direction, or camera axis. Do not leak wardrobe, dirt, injury, expression, or environment state from a later story stage into this panel.",横版固定机位，像素小川，四个敌人，书包旋风、硬币冲击波，WIN 后一秒安静，再 INSERT COIN / Environment continuity lock,S8_8BIT_TRANSLATED,8-bit 转译阶段 / 8-bit translation,角色焦点：UI/小川；连续性：横版固定机位，像素小川，四个敌人，书包旋风、硬币冲击波，WIN 后一秒安静，再 INSERT COIN / Character focus: UI/小川; continuity: 横版固定机位，像素小川，四个敌人，书包旋风、硬币冲击波，WIN 后一秒安静，再 INSERT COIN,角色焦点：UI/小川；连续性：横版固定机位，像素小川，四个敌人，书包旋风、硬币冲击波，WIN 后一秒安静，再 INSERT COIN / Character focus: UI/小川; continuity: 横版固定机位，像素小川，四个敌人，书包旋风、硬币冲击波，WIN 后一秒安静，再 INSERT COIN,爽感被压住 / Emotion state from panel plan,横版固定机位，像素小川，四个敌人，书包旋风、硬币冲击波，WIN 后一秒安静，再 INSERT COIN / Environment continuity lock,whitebox_renders_v2/B06/WB2_8BIT_MSB186.png
MSB187,B06,20,WIN / INSERT COIN,SCN_8BIT,CAM_8BIT_02_WIN_SCREEN,storyboard,A,visual_assets/pure/micro_storyboard/B06/MSB187_v001.png,visual_assets/annotated/micro_storyboard/B06/MSB187_v001_annotated.png,"Create a pure cinematic image for AIGC video generation, 16:9 landscape, high-resolution film still quality, no visible text or annotations. 1990s small-town China, Chinese dreamcore realism, humid yellowed childhood memory, low light, subtle VHS grain, real old clothes and lived-in surfaces. Preserve character design v2 and scene spatial bible v1. Story-stage lock: S8_8BIT_TRANSLATED / 8-bit 【部分原文损坏，需从源文件重建 / Partial source text corrupted; rebuild from source】","No production annotations, no captions, no Chinese characters, no labels, no arrows, no diagrams, no storyboard frame, no contact sheet, no sketch lines, no layout notes, no watermark. Allow only story-required pixel arcade UI text such as WIN or INSERT COIN. Avoid: 复杂连招、写实血腥、欢乐庆祝、现代UI、改写文字、解释结局; 欢乐庆祝、现代UI. Do not change scene layout, character identities, clothing, lighting direction, or camera axis. Do not leak wardrobe, dirt, injury, expression, or environment state from a later story stage into this panel.",横版固定机位，像素小川，四个敌人，书包旋风、硬币冲击波，WIN 后一秒安静，再 INSERT COIN / Environment continuity lock,S8_8BIT_TRANSLATED,8-bit 转译阶段 / 8-bit translation,角色焦点：UI/环境；连续性：横版固定机位，像素小川，四个敌人，书包旋风、硬币冲击波，WIN 后一秒安静，再 INSERT COIN / Character focus: UI/环境; continuity: 横版固定机位，像素小川，四个敌人，书包旋风、硬币冲击波，WIN 后一秒安静，再 INSERT COIN,角色焦点：UI/环境；连续性：横版固定机位，像素小川，四个敌人，书包旋风、硬币冲击波，WIN 后一秒安静，再 INSERT COIN / Character focus: UI/环境; continuity: 横版固定机位，像素小川，四个敌人，书包旋风、硬币冲击波，WIN 后一秒安静，再 INSERT COIN,不安停顿 / Emotion state from panel plan,横版固定机位，像素小川，四个敌人，书包旋风、硬币冲击波，WIN 后一秒安静，再 INSERT COIN / Environment continuity lock,whitebox_renders_v2/B06/WB2_8BIT_MSB187.png
MSB188,B06,20,WIN / INSERT COIN,SCN_8BIT,CAM_8BIT_02_WIN_SCREEN,keyframe,A,visual_assets/pure/micro_storyboard/B06/MSB188_v001.png,visual_assets/annotated/micro_storyboard/B06/MSB188_v001_annotated.png,"Create a pure cinematic image for AIGC video generation, 16:9 landscape, high-resolution film still quality, no visible text or annotations. 1990s small-town China, Chinese dreamcore realism, humid yellowed childhood memory, low light, subtle VHS grain, real old clothes and lived-in surfaces. Preserve character design v2 and scene spatial bible v1. Story-stage lock: S8_8BIT_TRANSLATED / 8-bit 【部分原文损坏，需从源文件重建 / Partial source text corrupted; rebuild from source】","No production annotations, no captions, no Chinese characters, no labels, no arrows, no diagrams, no storyboard frame, no contact sheet, no sketch lines, no layout notes, no watermark. Allow only story-required pixel arcade UI text such as WIN or INSERT COIN. Avoid: 复杂连招、写实血腥、欢乐庆祝、现代UI、改写文字、解释结局; 欢乐庆祝、现代UI. Do not change scene layout, character identities, clothing, lighting direction, or camera axis. Do not leak wardrobe, dirt, injury, expression, or environment state from a later story stage into this panel.",横版固定机位，像素小川，四个敌人，书包旋风、硬币冲击波，WIN 后一秒安静，再 INSERT COIN / Environment continuity lock,S8_8BIT_TRANSLATED,8-bit 转译阶段 / 8-bit translation,角色焦点：UI/环境；连续性：横版固定机位，像素小川，四个敌人，书包旋风、硬币冲击波，WIN 后一秒安静，再 INSERT COIN / Character focus: UI/环境; continuity: 横版固定机位，像素小川，四个敌人，书包旋风、硬币冲击波，WIN 后一秒安静，再 INSERT COIN,角色焦点：UI/环境；连续性：横版固定机位，像素小川，四个敌人，书包旋风、硬币冲击波，WIN 后一秒安静，再 INSERT COIN / Character focus: UI/环境; continuity: 横版固定机位，像素小川，四个敌人，书包旋风、硬币冲击波，WIN 后一秒安静，再 INSERT COIN,胜利变成循环 / Emotion state from panel plan,横版固定机位，像素小川，四个敌人，书包旋风、硬币冲击波，WIN 后一秒安静，再 INSERT COIN / Environment continuity lock,whitebox_renders_v2/B06/WB2_8BIT_MSB188.png
