panel_id,batch,clip,clip_title,scene_id,camera,asset_type,priority,pure_path,annotated_path,pure_prompt,negative_prompt,spatial_lock,story_stage,stage_name,character_stage_lock,wardrobe_state,emotion_state,environment_stage_lock,whitebox_reference_path
MSB001,B01,01,老小区建立,SCN_COMPOUND,CAM_COMPOUND_01_ESTABLISH,storyboard,A,visual_assets/pure/micro_storyboard/B01/MSB001_v001.png,visual_assets/annotated/micro_storyboard/B01/MSB001_v001_annotated.png,"Create a pure cinematic film still for AIGC video generation, 16:9 landscape, high-resolution, photoreal Chinese dreamcore realism, 1990s small-town China, humid yellowed childhood memory, low light, restrained VHS grain, real old clothes, lived-in surfaces, no visible text or annotations. Use the whitebox reference for composition and spatial relationship: whitebox_renders_v2/B01/WB2_COMPOUND_MSB001.png. Panel MSB001, Clip 01 老小区建立, time 00:00. Scene lock: SCN_COMPOUND. Camera reference: CAM_COMPOUND_01_ESTABLISH. Shot size: 远景. Beat: 空镜压低视线. Visual focus: 潮湿地面和破自行车占前景，居民楼底层角落被压在画面右后方. Character focus: 环境. Expression: 无人物，只有潮湿和静默. Blocking and motion: locked-off，低机位，轻微前推. Continuity anchors: 老旧居民楼一楼偏僻角落、发黄水泥墙、晾衣绳、破自行车、潮湿地面、门内微弱 CRT 蓝绿光. Story stage: S0_START_CLEAN / opening clean state. Character stage lock: The three brothers are ordinary children, curious and only slightly tense; no fight damage yet.. Wardrobe state: Old 1990s school clothes, worn but clean; red scarf, green schoolbag, old shoes, no mud or injury.. Emotion state: Curious, cautious, attracted by the hidden arcade light.. Environment stage lock: Damp old residential compound, yellowed concrete, hidden ground-floor game room, children still clean.. Identity locks: A Lei is the tall older brother with old thin metal-frame glasses, a blue worn tracksuit, protective posture, and a habit of pushing his glasses. Xiao Chuan is the middle/protagonist boy with round eyes, a slightly protruding right ear, half-open mouth, red scarf, blue school jacket and green schoolbag, often gripping the bag straps. Xiao Man is the smallest younger brother with a round head, rounder body, timid downcast eyes, warm old vest or pale shirt, hands gripping his hem, toes turned inward. Binzi is the short bully boss with dyed yellow hair and a compact aggressive body. The other three bullies must have distinct tall-thin, heavy, and errand-runner silhouettes. The image must look like a final movie frame or clean keyframe, not a storyboard drawing.","No text, no captions, no Chinese characters, no English letters, no labels, no arrows, no diagrams, no storyboard frame, no contact sheet, no sketch lines, no watermark. Avoid modern phones, modern cars, LED shop signs, polished mall interiors, fashionable contemporary clothes, glossy advertisement lighting, heroic violence, gore, blood focus, glamorized fighting, or characters looking like adults. Avoid panel-specific problems: 现代商业街、明亮商铺、现代招牌、人群拥挤. Do not show dirty, muddy, injured, post-fight, post-escape, phone-booth, or 8-bit states.","Follow whitebox_renders_v2/B01/WB2_COMPOUND_MSB001.png; preserve axis, scale, foreground/midground/background, and subject blocking.",S0_START_CLEAN,opening clean state,"The three brothers are ordinary children, curious and only slightly tense; no fight damage yet.","Old 1990s school clothes, worn but clean; red scarf, green schoolbag, old shoes, no mud or injury.","Curious, cautious, attracted by the hidden arcade light.","Damp old residential compound, yellowed concrete, hidden ground-floor game room, children still clean.",whitebox_renders_v2/B01/WB2_COMPOUND_MSB001.png
MSB002,B01,01,老小区建立,SCN_COMPOUND,CAM_COMPOUND_01_ESTABLISH,storyboard,A,visual_assets/pure/micro_storyboard/B01/MSB002_v001.png,visual_assets/annotated/micro_storyboard/B01/MSB002_v001_annotated.png,"Create a pure cinematic film still for AIGC video generation, 16:9 landscape, high-resolution, photoreal Chinese dreamcore realism, 1990s small-town China, humid yellowed childhood memory, low light, restrained VHS grain, real old clothes, lived-in surfaces, no visible text or annotations. Use the whitebox reference for composition and spatial relationship: whitebox_renders_v2/B01/WB2_COMPOUND_MSB002.png. Panel MSB002, Clip 01 老小区建立, time 00:02. Scene lock: SCN_COMPOUND. Camera reference: CAM_COMPOUND_01_ESTABLISH. Shot size: 远景. Beat: 居民楼像迷宫. Visual focus: 发黄楼体、铁栏杆、晾衣绳形成遮挡，游戏机房入口几乎被墙角吞掉. Character focus: 环境. Expression: 无人物，空间有被遗忘感. Blocking and motion: 镜头保持低，建筑线条压迫. Continuity anchors: 老旧居民楼一楼偏僻角落、发黄水泥墙、晾衣绳、破自行车、潮湿地面、门内微弱 CRT 蓝绿光. Story stage: S0_START_CLEAN / opening clean state. Character stage lock: The three brothers are ordinary children, curious and only slightly tense; no fight damage yet.. Wardrobe state: Old 1990s school clothes, worn but clean; red scarf, green schoolbag, old shoes, no mud or injury.. Emotion state: Curious, cautious, attracted by the hidden arcade light.. Environment stage lock: Damp old residential compound, yellowed concrete, hidden ground-floor game room, children still clean.. Identity locks: A Lei is the tall older brother with old thin metal-frame glasses, a blue worn tracksuit, protective posture, and a habit of pushing his glasses. Xiao Chuan is the middle/protagonist boy with round eyes, a slightly protruding right ear, half-open mouth, red scarf, blue school jacket and green schoolbag, often gripping the bag straps. Xiao Man is the smallest younger brother with a round head, rounder body, timid downcast eyes, warm old vest or pale shirt, hands gripping his hem, toes turned inward. Binzi is the short bully boss with dyed yellow hair and a compact aggressive body. The other three bullies must have distinct tall-thin, heavy, and errand-runner silhouettes. The image must look like a final movie frame or clean keyframe, not a storyboard drawing.","No text, no captions, no Chinese characters, no English letters, no labels, no arrows, no diagrams, no storyboard frame, no contact sheet, no sketch lines, no watermark. Avoid modern phones, modern cars, LED shop signs, polished mall interiors, fashionable contemporary clothes, glossy advertisement lighting, heroic violence, gore, blood focus, glamorized fighting, or characters looking like adults. Avoid panel-specific problems: 现代商业街、明亮商铺、现代招牌、人群拥挤. Do not show dirty, muddy, injured, post-fight, post-escape, phone-booth, or 8-bit states.","Follow whitebox_renders_v2/B01/WB2_COMPOUND_MSB002.png; preserve axis, scale, foreground/midground/background, and subject blocking.",S0_START_CLEAN,opening clean state,"The three brothers are ordinary children, curious and only slightly tense; no fight damage yet.","Old 1990s school clothes, worn but clean; red scarf, green schoolbag, old shoes, no mud or injury.","Curious, cautious, attracted by the hidden arcade light.","Damp old residential compound, yellowed concrete, hidden ground-floor game room, children still clean.",whitebox_renders_v2/B01/WB2_COMPOUND_MSB002.png
MSB003,B01,01,老小区建立,SCN_COMPOUND,CAM_COMPOUND_01_ESTABLISH,keyframe,A,visual_assets/pure/micro_storyboard/B01/MSB003_v001.png,visual_assets/annotated/micro_storyboard/B01/MSB003_v001_annotated.png,"Create a pure cinematic film still for AIGC video generation, 16:9 landscape, high-resolution, photoreal Chinese dreamcore realism, 1990s small-town China, humid yellowed childhood memory, low light, restrained VHS grain, real old clothes, lived-in surfaces, no visible text or annotations. Use the whitebox reference for composition and spatial relationship: whitebox_renders_v2/B01/WB2_COMPOUND_MSB003.png. Panel MSB003, Clip 01 老小区建立, time 00:04. Scene lock: SCN_COMPOUND. Camera reference: CAM_COMPOUND_01_ESTABLISH. Shot size: 中远景. Beat: 门缝 CRT 光. Visual focus: 一扇不起眼的门里漏出蓝绿 CRT 光，门口杂草和水渍清楚. Character focus: 环境. Expression: 无人物，光像诱饵. Blocking and motion: 只允许光轻闪. Continuity anchors: 老旧居民楼一楼偏僻角落、发黄水泥墙、晾衣绳、破自行车、潮湿地面、门内微弱 CRT 蓝绿光. Story stage: S0_START_CLEAN / opening clean state. Character stage lock: The three brothers are ordinary children, curious and only slightly tense; no fight damage yet.. Wardrobe state: Old 1990s school clothes, worn but clean; red scarf, green schoolbag, old shoes, no mud or injury.. Emotion state: Curious, cautious, attracted by the hidden arcade light.. Environment stage lock: Damp old residential compound, yellowed concrete, hidden ground-floor game room, children still clean.. Identity locks: A Lei is the tall older brother with old thin metal-frame glasses, a blue worn tracksuit, protective posture, and a habit of pushing his glasses. Xiao Chuan is the middle/protagonist boy with round eyes, a slightly protruding right ear, half-open mouth, red scarf, blue school jacket and green schoolbag, often gripping the bag straps. Xiao Man is the smallest younger brother with a round head, rounder body, timid downcast eyes, warm old vest or pale shirt, hands gripping his hem, toes turned inward. Binzi is the short bully boss with dyed yellow hair and a compact aggressive body. The other three bullies must have distinct tall-thin, heavy, and errand-runner silhouettes. The image must look like a final movie frame or clean keyframe, not a storyboard drawing.","No text, no captions, no Chinese characters, no English letters, no labels, no arrows, no diagrams, no storyboard frame, no contact sheet, no sketch lines, no watermark. Avoid modern phones, modern cars, LED shop signs, polished mall interiors, fashionable contemporary clothes, glossy advertisement lighting, heroic violence, gore, blood focus, glamorized fighting, or characters looking like adults. Avoid panel-specific problems: 现代商业街、明亮商铺、现代招牌、人群拥挤. Do not show dirty, muddy, injured, post-fight, post-escape, phone-booth, or 8-bit states.","Follow whitebox_renders_v2/B01/WB2_COMPOUND_MSB003.png; preserve axis, scale, foreground/midground/background, and subject blocking.",S0_START_CLEAN,opening clean state,"The three brothers are ordinary children, curious and only slightly tense; no fight damage yet.","Old 1990s school clothes, worn but clean; red scarf, green schoolbag, old shoes, no mud or injury.","Curious, cautious, attracted by the hidden arcade light.","Damp old residential compound, yellowed concrete, hidden ground-floor game room, children still clean.",whitebox_renders_v2/B01/WB2_COMPOUND_MSB003.png
MSB004,B01,01,老小区建立,SCN_COMPOUND,CAM_COMPOUND_01_ESTABLISH,storyboard,B,visual_assets/pure/micro_storyboard/B01/MSB004_v001.png,visual_assets/annotated/micro_storyboard/B01/MSB004_v001_annotated.png,"Create a pure cinematic film still for AIGC video generation, 16:9 landscape, high-resolution, photoreal Chinese dreamcore realism, 1990s small-town China, humid yellowed childhood memory, low light, restrained VHS grain, real old clothes, lived-in surfaces, no visible text or annotations. Use the whitebox reference for composition and spatial relationship: whitebox_renders_v2/B01/WB2_COMPOUND_MSB004.png. Panel MSB004, Clip 01 老小区建立, time 00:06. Scene lock: SCN_COMPOUND. Camera reference: CAM_COMPOUND_01_ESTABLISH. Shot size: 中景. Beat: 旧招牌细节. Visual focus: 旧门头、卷帘门边缘、贴坏的游戏贴纸和墙皮脱落. Character focus: 环境. Expression: 无人物，怀旧但不漂亮. Blocking and motion: 固定构图，细节可读. Continuity anchors: 老旧居民楼一楼偏僻角落、发黄水泥墙、晾衣绳、破自行车、潮湿地面、门内微弱 CRT 蓝绿光. Story stage: S0_START_CLEAN / opening clean state. Character stage lock: The three brothers are ordinary children, curious and only slightly tense; no fight damage yet.. Wardrobe state: Old 1990s school clothes, worn but clean; red scarf, green schoolbag, old shoes, no mud or injury.. Emotion state: Curious, cautious, attracted by the hidden arcade light.. Environment stage lock: Damp old residential compound, yellowed concrete, hidden ground-floor game room, children still clean.. Identity locks: A Lei is the tall older brother with old thin metal-frame glasses, a blue worn tracksuit, protective posture, and a habit of pushing his glasses. Xiao Chuan is the middle/protagonist boy with round eyes, a slightly protruding right ear, half-open mouth, red scarf, blue school jacket and green schoolbag, often gripping the bag straps. Xiao Man is the smallest younger brother with a round head, rounder body, timid downcast eyes, warm old vest or pale shirt, hands gripping his hem, toes turned inward. Binzi is the short bully boss with dyed yellow hair and a compact aggressive body. The other three bullies must have distinct tall-thin, heavy, and errand-runner silhouettes. The image must look like a final movie frame or clean keyframe, not a storyboard drawing.","No text, no captions, no Chinese characters, no English letters, no labels, no arrows, no diagrams, no storyboard frame, no contact sheet, no sketch lines, no watermark. Avoid modern phones, modern cars, LED shop signs, polished mall interiors, fashionable contemporary clothes, glossy advertisement lighting, heroic violence, gore, blood focus, glamorized fighting, or characters looking like adults. Avoid panel-specific problems: 现代商业街、明亮商铺、现代招牌、人群拥挤. Do not show dirty, muddy, injured, post-fight, post-escape, phone-booth, or 8-bit states.","Follow whitebox_renders_v2/B01/WB2_COMPOUND_MSB004.png; preserve axis, scale, foreground/midground/background, and subject blocking.",S0_START_CLEAN,opening clean state,"The three brothers are ordinary children, curious and only slightly tense; no fight damage yet.","Old 1990s school clothes, worn but clean; red scarf, green schoolbag, old shoes, no mud or injury.","Curious, cautious, attracted by the hidden arcade light.","Damp old residential compound, yellowed concrete, hidden ground-floor game room, children still clean.",whitebox_renders_v2/B01/WB2_COMPOUND_MSB004.png
MSB005,B01,01,老小区建立,SCN_COMPOUND,CAM_COMPOUND_01_ESTABLISH,storyboard,B,visual_assets/pure/micro_storyboard/B01/MSB005_v001.png,visual_assets/annotated/micro_storyboard/B01/MSB005_v001_annotated.png,"Create a pure cinematic film still for AIGC video generation, 16:9 landscape, high-resolution, photoreal Chinese dreamcore realism, 1990s small-town China, humid yellowed childhood memory, low light, restrained VHS grain, real old clothes, lived-in surfaces, no visible text or annotations. Use the whitebox reference for composition and spatial relationship: whitebox_renders_v2/B01/WB2_COMPOUND_MSB005.png. Panel MSB005, Clip 01 老小区建立, time 00:08. Scene lock: SCN_COMPOUND. Camera reference: CAM_COMPOUND_01_ESTABLISH. Shot size: 中远景. Beat: 楼道暗处. Visual focus: 楼道黑洞和游戏机房门口形成两个入口，观众不确定哪个更危险. Character focus: 环境. Expression: 无人物，安静偏僻. Blocking and motion: 微 push-in. Continuity anchors: 老旧居民楼一楼偏僻角落、发黄水泥墙、晾衣绳、破自行车、潮湿地面、门内微弱 CRT 蓝绿光. Story stage: S0_START_CLEAN / opening clean state. Character stage lock: The three brothers are ordinary children, curious and only slightly tense; no fight damage yet.. Wardrobe state: Old 1990s school clothes, worn but clean; red scarf, green schoolbag, old shoes, no mud or injury.. Emotion state: Curious, cautious, attracted by the hidden arcade light.. Environment stage lock: Damp old residential compound, yellowed concrete, hidden ground-floor game room, children still clean.. Identity locks: A Lei is the tall older brother with old thin metal-frame glasses, a blue worn tracksuit, protective posture, and a habit of pushing his glasses. Xiao Chuan is the middle/protagonist boy with round eyes, a slightly protruding right ear, half-open mouth, red scarf, blue school jacket and green schoolbag, often gripping the bag straps. Xiao Man is the smallest younger brother with a round head, rounder body, timid downcast eyes, warm old vest or pale shirt, hands gripping his hem, toes turned inward. Binzi is the short bully boss with dyed yellow hair and a compact aggressive body. The other three bullies must have distinct tall-thin, heavy, and errand-runner silhouettes. The image must look like a final movie frame or clean keyframe, not a storyboard drawing.","No text, no captions, no Chinese characters, no English letters, no labels, no arrows, no diagrams, no storyboard frame, no contact sheet, no sketch lines, no watermark. Avoid modern phones, modern cars, LED shop signs, polished mall interiors, fashionable contemporary clothes, glossy advertisement lighting, heroic violence, gore, blood focus, glamorized fighting, or characters looking like adults. Avoid panel-specific problems: 现代商业街、明亮商铺、现代招牌、人群拥挤. Do not show dirty, muddy, injured, post-fight, post-escape, phone-booth, or 8-bit states.","Follow whitebox_renders_v2/B01/WB2_COMPOUND_MSB005.png; preserve axis, scale, foreground/midground/background, and subject blocking.",S0_START_CLEAN,opening clean state,"The three brothers are ordinary children, curious and only slightly tense; no fight damage yet.","Old 1990s school clothes, worn but clean; red scarf, green schoolbag, old shoes, no mud or injury.","Curious, cautious, attracted by the hidden arcade light.","Damp old residential compound, yellowed concrete, hidden ground-floor game room, children still clean.",whitebox_renders_v2/B01/WB2_COMPOUND_MSB005.png
MSB006,B01,01,老小区建立,SCN_COMPOUND,CAM_COMPOUND_01_ESTABLISH,storyboard,B,visual_assets/pure/micro_storyboard/B01/MSB006_v001.png,visual_assets/annotated/micro_storyboard/B01/MSB006_v001_annotated.png,"Create a pure cinematic film still for AIGC video generation, 16:9 landscape, high-resolution, photoreal Chinese dreamcore realism, 1990s small-town China, humid yellowed childhood memory, low light, restrained VHS grain, real old clothes, lived-in surfaces, no visible text or annotations. Use the whitebox reference for composition and spatial relationship: whitebox_renders_v2/B01/WB2_COMPOUND_MSB006.png. Panel MSB006, Clip 01 老小区建立, time 00:10. Scene lock: SCN_COMPOUND. Camera reference: CAM_COMPOUND_01_ESTABLISH. Shot size: 特写. Beat: CRT 反光到水面. Visual focus: 潮湿地面水洼反射出微弱 CRT 色块，旁边有碎石和烟头. Character focus: 环境/道具. Expression: 无人物，现实细节. Blocking and motion: 低角度近景. Continuity anchors: 老旧居民楼一楼偏僻角落、发黄水泥墙、晾衣绳、破自行车、潮湿地面、门内微弱 CRT 蓝绿光. Story stage: S0_START_CLEAN / opening clean state. Character stage lock: The three brothers are ordinary children, curious and only slightly tense; no fight damage yet.. Wardrobe state: Old 1990s school clothes, worn but clean; red scarf, green schoolbag, old shoes, no mud or injury.. Emotion state: Curious, cautious, attracted by the hidden arcade light.. Environment stage lock: Damp old residential compound, yellowed concrete, hidden ground-floor game room, children still clean.. Identity locks: A Lei is the tall older brother with old thin metal-frame glasses, a blue worn tracksuit, protective posture, and a habit of pushing his glasses. Xiao Chuan is the middle/protagonist boy with round eyes, a slightly protruding right ear, half-open mouth, red scarf, blue school jacket and green schoolbag, often gripping the bag straps. Xiao Man is the smallest younger brother with a round head, rounder body, timid downcast eyes, warm old vest or pale shirt, hands gripping his hem, toes turned inward. Binzi is the short bully boss with dyed yellow hair and a compact aggressive body. The other three bullies must have distinct tall-thin, heavy, and errand-runner silhouettes. The image must look like a final movie frame or clean keyframe, not a storyboard drawing.","No text, no captions, no Chinese characters, no English letters, no labels, no arrows, no diagrams, no storyboard frame, no contact sheet, no sketch lines, no watermark. Avoid modern phones, modern cars, LED shop signs, polished mall interiors, fashionable contemporary clothes, glossy advertisement lighting, heroic violence, gore, blood focus, glamorized fighting, or characters looking like adults. Avoid panel-specific problems: 现代商业街、明亮商铺、现代招牌、人群拥挤. Do not show dirty, muddy, injured, post-fight, post-escape, phone-booth, or 8-bit states.","Follow whitebox_renders_v2/B01/WB2_COMPOUND_MSB006.png; preserve axis, scale, foreground/midground/background, and subject blocking.",S0_START_CLEAN,opening clean state,"The three brothers are ordinary children, curious and only slightly tense; no fight damage yet.","Old 1990s school clothes, worn but clean; red scarf, green schoolbag, old shoes, no mud or injury.","Curious, cautious, attracted by the hidden arcade light.","Damp old residential compound, yellowed concrete, hidden ground-floor game room, children still clean.",whitebox_renders_v2/B01/WB2_COMPOUND_MSB006.png
MSB007,B01,01,老小区建立,SCN_COMPOUND,CAM_COMPOUND_01_ESTABLISH,start_frame,A,visual_assets/pure/micro_storyboard/B01/MSB007_v001.png,visual_assets/annotated/micro_storyboard/B01/MSB007_v001_annotated.png,"Create a pure cinematic film still for AIGC video generation, 16:9 landscape, high-resolution, photoreal Chinese dreamcore realism, 1990s small-town China, humid yellowed childhood memory, low light, restrained VHS grain, real old clothes, lived-in surfaces, no visible text or annotations. Use the whitebox reference for composition and spatial relationship: whitebox_renders_v2/B01/WB2_COMPOUND_MSB007.png. Panel MSB007, Clip 01 老小区建立, time 00:12. Scene lock: SCN_COMPOUND. Camera reference: CAM_COMPOUND_01_ESTABLISH. Shot size: 远景. Beat: 空间方向确认. Visual focus: 从院子深处看向游戏机房角落，给出三兄弟稍后进入的路线. Character focus: 环境. Expression: 无人物，路径清楚. Blocking and motion: 低位广角. Continuity anchors: 老旧居民楼一楼偏僻角落、发黄水泥墙、晾衣绳、破自行车、潮湿地面、门内微弱 CRT 蓝绿光. Story stage: S0_START_CLEAN / opening clean state. Character stage lock: The three brothers are ordinary children, curious and only slightly tense; no fight damage yet.. Wardrobe state: Old 1990s school clothes, worn but clean; red scarf, green schoolbag, old shoes, no mud or injury.. Emotion state: Curious, cautious, attracted by the hidden arcade light.. Environment stage lock: Damp old residential compound, yellowed concrete, hidden ground-floor game room, children still clean.. Identity locks: A Lei is the tall older brother with old thin metal-frame glasses, a blue worn tracksuit, protective posture, and a habit of pushing his glasses. Xiao Chuan is the middle/protagonist boy with round eyes, a slightly protruding right ear, half-open mouth, red scarf, blue school jacket and green schoolbag, often gripping the bag straps. Xiao Man is the smallest younger brother with a round head, rounder body, timid downcast eyes, warm old vest or pale shirt, hands gripping his hem, toes turned inward. Binzi is the short bully boss with dyed yellow hair and a compact aggressive body. The other three bullies must have distinct tall-thin, heavy, and errand-runner silhouettes. The image must look like a final movie frame or clean keyframe, not a storyboard drawing.","No text, no captions, no Chinese characters, no English letters, no labels, no arrows, no diagrams, no storyboard frame, no contact sheet, no sketch lines, no watermark. Avoid modern phones, modern cars, LED shop signs, polished mall interiors, fashionable contemporary clothes, glossy advertisement lighting, heroic violence, gore, blood focus, glamorized fighting, or characters looking like adults. Avoid panel-specific problems: 现代商业街、明亮商铺、现代招牌、人群拥挤. Do not show dirty, muddy, injured, post-fight, post-escape, phone-booth, or 8-bit states.","Follow whitebox_renders_v2/B01/WB2_COMPOUND_MSB007.png; preserve axis, scale, foreground/midground/background, and subject blocking.",S0_START_CLEAN,opening clean state,"The three brothers are ordinary children, curious and only slightly tense; no fight damage yet.","Old 1990s school clothes, worn but clean; red scarf, green schoolbag, old shoes, no mud or injury.","Curious, cautious, attracted by the hidden arcade light.","Damp old residential compound, yellowed concrete, hidden ground-floor game room, children still clean.",whitebox_renders_v2/B01/WB2_COMPOUND_MSB007.png
MSB008,B01,01,老小区建立,SCN_COMPOUND,CAM_COMPOUND_01_ESTABLISH,end_frame,A,visual_assets/pure/micro_storyboard/B01/MSB008_v001.png,visual_assets/annotated/micro_storyboard/B01/MSB008_v001_annotated.png,"Create a pure cinematic film still for AIGC video generation, 16:9 landscape, high-resolution, photoreal Chinese dreamcore realism, 1990s small-town China, humid yellowed childhood memory, low light, restrained VHS grain, real old clothes, lived-in surfaces, no visible text or annotations. Use the whitebox reference for composition and spatial relationship: whitebox_renders_v2/B01/WB2_COMPOUND_MSB008.png. Panel MSB008, Clip 01 老小区建立, time 00:14. Scene lock: SCN_COMPOUND. Camera reference: CAM_COMPOUND_01_ESTABLISH. Shot size: 远景. Beat: 等待人物进入. Visual focus: 画面左后方留出空位，门口 CRT 光稳定，像在等待孩子靠近. Character focus: 环境. Expression: 无人物，悬念. Blocking and motion: locked-off. Continuity anchors: 老旧居民楼一楼偏僻角落、发黄水泥墙、晾衣绳、破自行车、潮湿地面、门内微弱 CRT 蓝绿光. Story stage: S0_START_CLEAN / opening clean state. Character stage lock: The three brothers are ordinary children, curious and only slightly tense; no fight damage yet.. Wardrobe state: Old 1990s school clothes, worn but clean; red scarf, green schoolbag, old shoes, no mud or injury.. Emotion state: Curious, cautious, attracted by the hidden arcade light.. Environment stage lock: Damp old residential compound, yellowed concrete, hidden ground-floor game room, children still clean.. Identity locks: A Lei is the tall older brother with old thin metal-frame glasses, a blue worn tracksuit, protective posture, and a habit of pushing his glasses. Xiao Chuan is the middle/protagonist boy with round eyes, a slightly protruding right ear, half-open mouth, red scarf, blue school jacket and green schoolbag, often gripping the bag straps. Xiao Man is the smallest younger brother with a round head, rounder body, timid downcast eyes, warm old vest or pale shirt, hands gripping his hem, toes turned inward. Binzi is the short bully boss with dyed yellow hair and a compact aggressive body. The other three bullies must have distinct tall-thin, heavy, and errand-runner silhouettes. The image must look like a final movie frame or clean keyframe, not a storyboard drawing.","No text, no captions, no Chinese characters, no English letters, no labels, no arrows, no diagrams, no storyboard frame, no contact sheet, no sketch lines, no watermark. Avoid modern phones, modern cars, LED shop signs, polished mall interiors, fashionable contemporary clothes, glossy advertisement lighting, heroic violence, gore, blood focus, glamorized fighting, or characters looking like adults. Avoid panel-specific problems: 现代商业街、明亮商铺、现代招牌、人群拥挤. Do not show dirty, muddy, injured, post-fight, post-escape, phone-booth, or 8-bit states.","Follow whitebox_renders_v2/B01/WB2_COMPOUND_MSB008.png; preserve axis, scale, foreground/midground/background, and subject blocking.",S0_START_CLEAN,opening clean state,"The three brothers are ordinary children, curious and only slightly tense; no fight damage yet.","Old 1990s school clothes, worn but clean; red scarf, green schoolbag, old shoes, no mud or injury.","Curious, cautious, attracted by the hidden arcade light.","Damp old residential compound, yellowed concrete, hidden ground-floor game room, children still clean.",whitebox_renders_v2/B01/WB2_COMPOUND_MSB008.png
MSB009,B01,02,三兄弟靠近,SCN_COMPOUND,CAM_COMPOUND_02_BROTHERS_APPROACH,storyboard,A,visual_assets/pure/micro_storyboard/B01/MSB009_v001.png,visual_assets/annotated/micro_storyboard/B01/MSB009_v001_annotated.png,"Create a pure cinematic film still for AIGC video generation, 16:9 landscape, high-resolution, photoreal Chinese dreamcore realism, 1990s small-town China, humid yellowed childhood memory, low light, restrained VHS grain, real old clothes, lived-in surfaces, no visible text or annotations. Use the whitebox reference for composition and spatial relationship: whitebox_renders_v2/B01/WB2_COMPOUND_MSB009.png. Panel MSB009, Clip 02 三兄弟靠近, time 00:16. Scene lock: SCN_COMPOUND. Camera reference: CAM_COMPOUND_02_BROTHERS_APPROACH. Shot size: 全景. Beat: 阿磊先进画. Visual focus: 阿磊从画面左后方先出现，双手插兜，装作熟门熟路. Character focus: 阿磊. Expression: 假装镇定，下巴微扬. Blocking and motion: 步子比弟弟大半拍. Continuity anchors: 阿磊海军蓝外套红白斜条，小川蓝白外套红领巾浅绿书包，小满浅色大衬衫，三人从院内走向角落. Story stage: S0_START_CLEAN / opening clean state. Character stage lock: The three brothers are ordinary children, curious and only slightly tense; no fight damage yet.. Wardrobe state: Old 1990s school clothes, worn but clean; red scarf, green schoolbag, old shoes, no mud or injury.. Emotion state: Curious, cautious, attracted by the hidden arcade light.. Environment stage lock: Damp old residential compound, yellowed concrete, hidden ground-floor game room, children still clean.. Identity locks: A Lei is the tall older brother with old thin metal-frame glasses, a blue worn tracksuit, protective posture, and a habit of pushing his glasses. Xiao Chuan is the middle/protagonist boy with round eyes, a slightly protruding right ear, half-open mouth, red scarf, blue school jacket and green schoolbag, often gripping the bag straps. Xiao Man is the smallest younger brother with a round head, rounder body, timid downcast eyes, warm old vest or pale shirt, hands gripping his hem, toes turned inward. Binzi is the short bully boss with dyed yellow hair and a compact aggressive body. The other three bullies must have distinct tall-thin, heavy, and errand-runner silhouettes. The image must look like a final movie frame or clean keyframe, not a storyboard drawing.","No text, no captions, no Chinese characters, no English letters, no labels, no arrows, no diagrams, no storyboard frame, no contact sheet, no sketch lines, no watermark. Avoid modern phones, modern cars, LED shop signs, polished mall interiors, fashionable contemporary clothes, glossy advertisement lighting, heroic violence, gore, blood focus, glamorized fighting, or characters looking like adults. Avoid panel-specific problems: 三个孩子同款脸、同款发型、女生、学生队伍、现代校服. Do not show dirty, muddy, injured, post-fight, post-escape, phone-booth, or 8-bit states.","Follow whitebox_renders_v2/B01/WB2_COMPOUND_MSB009.png; preserve axis, scale, foreground/midground/background, and subject blocking.",S0_START_CLEAN,opening clean state,"The three brothers are ordinary children, curious and only slightly tense; no fight damage yet.","Old 1990s school clothes, worn but clean; red scarf, green schoolbag, old shoes, no mud or injury.","Curious, cautious, attracted by the hidden arcade light.","Damp old residential compound, yellowed concrete, hidden ground-floor game room, children still clean.",whitebox_renders_v2/B01/WB2_COMPOUND_MSB009.png
MSB010,B01,02,三兄弟靠近,SCN_COMPOUND,CAM_COMPOUND_02_BROTHERS_APPROACH,storyboard,A,visual_assets/pure/micro_storyboard/B01/MSB010_v001.png,visual_assets/annotated/micro_storyboard/B01/MSB010_v001_annotated.png,"Create a pure cinematic film still for AIGC video generation, 16:9 landscape, high-resolution, photoreal Chinese dreamcore realism, 1990s small-town China, humid yellowed childhood memory, low light, restrained VHS grain, real old clothes, lived-in surfaces, no visible text or annotations. Use the whitebox reference for composition and spatial relationship: whitebox_renders_v2/B01/WB2_COMPOUND_MSB010.png. Panel MSB010, Clip 02 三兄弟靠近, time 00:17. Scene lock: SCN_COMPOUND. Camera reference: CAM_COMPOUND_02_BROTHERS_APPROACH. Shot size: 全景. Beat: 小川跟半步. Visual focus: 小川背浅绿色塌书包跟在半步后，两手攥书包带. Character focus: 小川. Expression: 紧张又好奇，眼睛看阿磊后背. Blocking and motion: 肩膀缩，步子短. Continuity anchors: 阿磊海军蓝外套红白斜条，小川蓝白外套红领巾浅绿书包，小满浅色大衬衫，三人从院内走向角落. Story stage: S0_START_CLEAN / opening clean state. Character stage lock: The three brothers are ordinary children, curious and only slightly tense; no fight damage yet.. Wardrobe state: Old 1990s school clothes, worn but clean; red scarf, green schoolbag, old shoes, no mud or injury.. Emotion state: Curious, cautious, attracted by the hidden arcade light.. Environment stage lock: Damp old residential compound, yellowed concrete, hidden ground-floor game room, children still clean.. Identity locks: A Lei is the tall older brother with old thin metal-frame glasses, a blue worn tracksuit, protective posture, and a habit of pushing his glasses. Xiao Chuan is the middle/protagonist boy with round eyes, a slightly protruding right ear, half-open mouth, red scarf, blue school jacket and green schoolbag, often gripping the bag straps. Xiao Man is the smallest younger brother with a round head, rounder body, timid downcast eyes, warm old vest or pale shirt, hands gripping his hem, toes turned inward. Binzi is the short bully boss with dyed yellow hair and a compact aggressive body. The other three bullies must have distinct tall-thin, heavy, and errand-runner silhouettes. The image must look like a final movie frame or clean keyframe, not a storyboard drawing.","No text, no captions, no Chinese characters, no English letters, no labels, no arrows, no diagrams, no storyboard frame, no contact sheet, no sketch lines, no watermark. Avoid modern phones, modern cars, LED shop signs, polished mall interiors, fashionable contemporary clothes, glossy advertisement lighting, heroic violence, gore, blood focus, glamorized fighting, or characters looking like adults. Avoid panel-specific problems: 三个孩子同款脸、同款发型、女生、学生队伍、现代校服. Do not show dirty, muddy, injured, post-fight, post-escape, phone-booth, or 8-bit states.","Follow whitebox_renders_v2/B01/WB2_COMPOUND_MSB010.png; preserve axis, scale, foreground/midground/background, and subject blocking.",S0_START_CLEAN,opening clean state,"The three brothers are ordinary children, curious and only slightly tense; no fight damage yet.","Old 1990s school clothes, worn but clean; red scarf, green schoolbag, old shoes, no mud or injury.","Curious, cautious, attracted by the hidden arcade light.","Damp old residential compound, yellowed concrete, hidden ground-floor game room, children still clean.",whitebox_renders_v2/B01/WB2_COMPOUND_MSB010.png
MSB011,B01,02,三兄弟靠近,SCN_COMPOUND,CAM_COMPOUND_02_BROTHERS_APPROACH,storyboard,A,visual_assets/pure/micro_storyboard/B01/MSB011_v001.png,visual_assets/annotated/micro_storyboard/B01/MSB011_v001_annotated.png,"Create a pure cinematic film still for AIGC video generation, 16:9 landscape, high-resolution, photoreal Chinese dreamcore realism, 1990s small-town China, humid yellowed childhood memory, low light, restrained VHS grain, real old clothes, lived-in surfaces, no visible text or annotations. Use the whitebox reference for composition and spatial relationship: whitebox_renders_v2/B01/WB2_COMPOUND_MSB011.png. Panel MSB011, Clip 02 三兄弟靠近, time 00:19. Scene lock: SCN_COMPOUND. Camera reference: CAM_COMPOUND_02_BROTHERS_APPROACH. Shot size: 全景. Beat: 小满贴最后. Visual focus: 小满更小，浅色大衬衫，抓衣角，脚尖内扣地跟上. Character focus: 小满. Expression: 茫然，慢半拍. Blocking and motion: 贴着小川的路线走. Continuity anchors: 阿磊海军蓝外套红白斜条，小川蓝白外套红领巾浅绿书包，小满浅色大衬衫，三人从院内走向角落. Story stage: S0_START_CLEAN / opening clean state. Character stage lock: The three brothers are ordinary children, curious and only slightly tense; no fight damage yet.. Wardrobe state: Old 1990s school clothes, worn but clean; red scarf, green schoolbag, old shoes, no mud or injury.. Emotion state: Curious, cautious, attracted by the hidden arcade light.. Environment stage lock: Damp old residential compound, yellowed concrete, hidden ground-floor game room, children still clean.. Identity locks: A Lei is the tall older brother with old thin metal-frame glasses, a blue worn tracksuit, protective posture, and a habit of pushing his glasses. Xiao Chuan is the middle/protagonist boy with round eyes, a slightly protruding right ear, half-open mouth, red scarf, blue school jacket and green schoolbag, often gripping the bag straps. Xiao Man is the smallest younger brother with a round head, rounder body, timid downcast eyes, warm old vest or pale shirt, hands gripping his hem, toes turned inward. Binzi is the short bully boss with dyed yellow hair and a compact aggressive body. The other three bullies must have distinct tall-thin, heavy, and errand-runner silhouettes. The image must look like a final movie frame or clean keyframe, not a storyboard drawing.","No text, no captions, no Chinese characters, no English letters, no labels, no arrows, no diagrams, no storyboard frame, no contact sheet, no sketch lines, no watermark. Avoid modern phones, modern cars, LED shop signs, polished mall interiors, fashionable contemporary clothes, glossy advertisement lighting, heroic violence, gore, blood focus, glamorized fighting, or characters looking like adults. Avoid panel-specific problems: 三个孩子同款脸、同款发型、女生、学生队伍、现代校服. Do not show dirty, muddy, injured, post-fight, post-escape, phone-booth, or 8-bit states.","Follow whitebox_renders_v2/B01/WB2_COMPOUND_MSB011.png; preserve axis, scale, foreground/midground/background, and subject blocking.",S0_START_CLEAN,opening clean state,"The three brothers are ordinary children, curious and only slightly tense; no fight damage yet.","Old 1990s school clothes, worn but clean; red scarf, green schoolbag, old shoes, no mud or injury.","Curious, cautious, attracted by the hidden arcade light.","Damp old residential compound, yellowed concrete, hidden ground-floor game room, children still clean.",whitebox_renders_v2/B01/WB2_COMPOUND_MSB011.png
MSB012,B01,02,三兄弟靠近,SCN_COMPOUND,CAM_COMPOUND_02_BROTHERS_APPROACH,keyframe,A,visual_assets/pure/micro_storyboard/B01/MSB012_v001.png,visual_assets/annotated/micro_storyboard/B01/MSB012_v001_annotated.png,"Create a pure cinematic film still for AIGC video generation, 16:9 landscape, high-resolution, photoreal Chinese dreamcore realism, 1990s small-town China, humid yellowed childhood memory, low light, restrained VHS grain, real old clothes, lived-in surfaces, no visible text or annotations. Use the whitebox reference for composition and spatial relationship: whitebox_renders_v2/B01/WB2_COMPOUND_MSB012.png. Panel MSB012, Clip 02 三兄弟靠近, time 00:21. Scene lock: SCN_COMPOUND. Camera reference: CAM_COMPOUND_02_BROTHERS_APPROACH. Shot size: 中远景. Beat: 三人身高差. Visual focus: 三兄弟同框，阿磊高一头，小川中间，小满明显更小. Character focus: 三兄弟. Expression: 三种不同反应：逞强、紧张、茫然. Blocking and motion: 三角形站位建立. Continuity anchors: 阿磊海军蓝外套红白斜条，小川蓝白外套红领巾浅绿书包，小满浅色大衬衫，三人从院内走向角落. Story stage: S0_START_CLEAN / opening clean state. Character stage lock: The three brothers are ordinary children, curious and only slightly tense; no fight damage yet.. Wardrobe state: Old 1990s school clothes, worn but clean; red scarf, green schoolbag, old shoes, no mud or injury.. Emotion state: Curious, cautious, attracted by the hidden arcade light.. Environment stage lock: Damp old residential compound, yellowed concrete, hidden ground-floor game room, children still clean.. Identity locks: A Lei is the tall older brother with old thin metal-frame glasses, a blue worn tracksuit, protective posture, and a habit of pushing his glasses. Xiao Chuan is the middle/protagonist boy with round eyes, a slightly protruding right ear, half-open mouth, red scarf, blue school jacket and green schoolbag, often gripping the bag straps. Xiao Man is the smallest younger brother with a round head, rounder body, timid downcast eyes, warm old vest or pale shirt, hands gripping his hem, toes turned inward. Binzi is the short bully boss with dyed yellow hair and a compact aggressive body. The other three bullies must have distinct tall-thin, heavy, and errand-runner silhouettes. The image must look like a final movie frame or clean keyframe, not a storyboard drawing.","No text, no captions, no Chinese characters, no English letters, no labels, no arrows, no diagrams, no storyboard frame, no contact sheet, no sketch lines, no watermark. Avoid modern phones, modern cars, LED shop signs, polished mall interiors, fashionable contemporary clothes, glossy advertisement lighting, heroic violence, gore, blood focus, glamorized fighting, or characters looking like adults. Avoid panel-specific problems: 三个孩子同款脸、同款发型、女生、学生队伍、现代校服. Do not show dirty, muddy, injured, post-fight, post-escape, phone-booth, or 8-bit states.","Follow whitebox_renders_v2/B01/WB2_COMPOUND_MSB012.png; preserve axis, scale, foreground/midground/background, and subject blocking.",S0_START_CLEAN,opening clean state,"The three brothers are ordinary children, curious and only slightly tense; no fight damage yet.","Old 1990s school clothes, worn but clean; red scarf, green schoolbag, old shoes, no mud or injury.","Curious, cautious, attracted by the hidden arcade light.","Damp old residential compound, yellowed concrete, hidden ground-floor game room, children still clean.",whitebox_renders_v2/B01/WB2_COMPOUND_MSB012.png
MSB013,B01,02,三兄弟靠近,SCN_COMPOUND,CAM_COMPOUND_02_BROTHERS_APPROACH,storyboard,B,visual_assets/pure/micro_storyboard/B01/MSB013_v001.png,visual_assets/annotated/micro_storyboard/B01/MSB013_v001_annotated.png,"Create a pure cinematic film still for AIGC video generation, 16:9 landscape, high-resolution, photoreal Chinese dreamcore realism, 1990s small-town China, humid yellowed childhood memory, low light, restrained VHS grain, real old clothes, lived-in surfaces, no visible text or annotations. Use the whitebox reference for composition and spatial relationship: whitebox_renders_v2/B01/WB2_COMPOUND_MSB013.png. Panel MSB013, Clip 02 三兄弟靠近, time 00:23. Scene lock: SCN_COMPOUND. Camera reference: CAM_COMPOUND_02_BROTHERS_APPROACH. Shot size: 中景. Beat: 阿磊回头催. Visual focus: 阿磊半回头催弟弟，手背蹭鼻尖，小川抬眼看他. Character focus: 阿磊/小川. Expression: 阿磊不耐烦，小川确认哥哥表情. Blocking and motion: 轻微回头，不改变路线. Continuity anchors: 阿磊海军蓝外套红白斜条，小川蓝白外套红领巾浅绿书包，小满浅色大衬衫，三人从院内走向角落. Story stage: S0_START_CLEAN / opening clean state. Character stage lock: The three brothers are ordinary children, curious and only slightly tense; no fight damage yet.. Wardrobe state: Old 1990s school clothes, worn but clean; red scarf, green schoolbag, old shoes, no mud or injury.. Emotion state: Curious, cautious, attracted by the hidden arcade light.. Environment stage lock: Damp old residential compound, yellowed concrete, hidden ground-floor game room, children still clean.. Identity locks: A Lei is the tall older brother with old thin metal-frame glasses, a blue worn tracksuit, protective posture, and a habit of pushing his glasses. Xiao Chuan is the middle/protagonist boy with round eyes, a slightly protruding right ear, half-open mouth, red scarf, blue school jacket and green schoolbag, often gripping the bag straps. Xiao Man is the smallest younger brother with a round head, rounder body, timid downcast eyes, warm old vest or pale shirt, hands gripping his hem, toes turned inward. Binzi is the short bully boss with dyed yellow hair and a compact aggressive body. The other three bullies must have distinct tall-thin, heavy, and errand-runner silhouettes. The image must look like a final movie frame or clean keyframe, not a storyboard drawing.","No text, no captions, no Chinese characters, no English letters, no labels, no arrows, no diagrams, no storyboard frame, no contact sheet, no sketch lines, no watermark. Avoid modern phones, modern cars, LED shop signs, polished mall interiors, fashionable contemporary clothes, glossy advertisement lighting, heroic violence, gore, blood focus, glamorized fighting, or characters looking like adults. Avoid panel-specific problems: 三个孩子同款脸、同款发型、女生、学生队伍、现代校服. Do not show dirty, muddy, injured, post-fight, post-escape, phone-booth, or 8-bit states.","Follow whitebox_renders_v2/B01/WB2_COMPOUND_MSB013.png; preserve axis, scale, foreground/midground/background, and subject blocking.",S0_START_CLEAN,opening clean state,"The three brothers are ordinary children, curious and only slightly tense; no fight damage yet.","Old 1990s school clothes, worn but clean; red scarf, green schoolbag, old shoes, no mud or injury.","Curious, cautious, attracted by the hidden arcade light.","Damp old residential compound, yellowed concrete, hidden ground-floor game room, children still clean.",whitebox_renders_v2/B01/WB2_COMPOUND_MSB013.png
MSB014,B01,02,三兄弟靠近,SCN_COMPOUND,CAM_COMPOUND_02_BROTHERS_APPROACH,storyboard,A,visual_assets/pure/micro_storyboard/B01/MSB014_v001.png,visual_assets/annotated/micro_storyboard/B01/MSB014_v001_annotated.png,"Create a pure cinematic film still for AIGC video generation, 16:9 landscape, high-resolution, photoreal Chinese dreamcore realism, 1990s small-town China, humid yellowed childhood memory, low light, restrained VHS grain, real old clothes, lived-in surfaces, no visible text or annotations. Use the whitebox reference for composition and spatial relationship: whitebox_renders_v2/B01/WB2_COMPOUND_MSB014.png. Panel MSB014, Clip 02 三兄弟靠近, time 00:25. Scene lock: SCN_COMPOUND. Camera reference: CAM_COMPOUND_02_BROTHERS_APPROACH. Shot size: 中景. Beat: 门口吸引小川. Visual focus: CRT 光照到小川眼睛和红领巾，小川嘴微张. Character focus: 小川. Expression: 被光吸引，怕但想看. Blocking and motion: 手仍攥书包带. Continuity anchors: 阿磊海军蓝外套红白斜条，小川蓝白外套红领巾浅绿书包，小满浅色大衬衫，三人从院内走向角落. Story stage: S0_START_CLEAN / opening clean state. Character stage lock: The three brothers are ordinary children, curious and only slightly tense; no fight damage yet.. Wardrobe state: Old 1990s school clothes, worn but clean; red scarf, green schoolbag, old shoes, no mud or injury.. Emotion state: Curious, cautious, attracted by the hidden arcade light.. Environment stage lock: Damp old residential compound, yellowed concrete, hidden ground-floor game room, children still clean.. Identity locks: A Lei is the tall older brother with old thin metal-frame glasses, a blue worn tracksuit, protective posture, and a habit of pushing his glasses. Xiao Chuan is the middle/protagonist boy with round eyes, a slightly protruding right ear, half-open mouth, red scarf, blue school jacket and green schoolbag, often gripping the bag straps. Xiao Man is the smallest younger brother with a round head, rounder body, timid downcast eyes, warm old vest or pale shirt, hands gripping his hem, toes turned inward. Binzi is the short bully boss with dyed yellow hair and a compact aggressive body. The other three bullies must have distinct tall-thin, heavy, and errand-runner silhouettes. The image must look like a final movie frame or clean keyframe, not a storyboard drawing.","No text, no captions, no Chinese characters, no English letters, no labels, no arrows, no diagrams, no storyboard frame, no contact sheet, no sketch lines, no watermark. Avoid modern phones, modern cars, LED shop signs, polished mall interiors, fashionable contemporary clothes, glossy advertisement lighting, heroic violence, gore, blood focus, glamorized fighting, or characters looking like adults. Avoid panel-specific problems: 三个孩子同款脸、同款发型、女生、学生队伍、现代校服. Do not show dirty, muddy, injured, post-fight, post-escape, phone-booth, or 8-bit states.","Follow whitebox_renders_v2/B01/WB2_COMPOUND_MSB014.png; preserve axis, scale, foreground/midground/background, and subject blocking.",S0_START_CLEAN,opening clean state,"The three brothers are ordinary children, curious and only slightly tense; no fight damage yet.","Old 1990s school clothes, worn but clean; red scarf, green schoolbag, old shoes, no mud or injury.","Curious, cautious, attracted by the hidden arcade light.","Damp old residential compound, yellowed concrete, hidden ground-floor game room, children still clean.",whitebox_renders_v2/B01/WB2_COMPOUND_MSB014.png
MSB015,B01,02,三兄弟靠近,SCN_COMPOUND,CAM_COMPOUND_02_BROTHERS_APPROACH,storyboard,B,visual_assets/pure/micro_storyboard/B01/MSB015_v001.png,visual_assets/annotated/micro_storyboard/B01/MSB015_v001_annotated.png,"Create a pure cinematic film still for AIGC video generation, 16:9 landscape, high-resolution, photoreal Chinese dreamcore realism, 1990s small-town China, humid yellowed childhood memory, low light, restrained VHS grain, real old clothes, lived-in surfaces, no visible text or annotations. Use the whitebox reference for composition and spatial relationship: whitebox_renders_v2/B01/WB2_COMPOUND_MSB015.png. Panel MSB015, Clip 02 三兄弟靠近, time 00:26. Scene lock: SCN_COMPOUND. Camera reference: CAM_COMPOUND_02_BROTHERS_APPROACH. Shot size: 中景. Beat: 小满被光吓到. Visual focus: 小满在后面眨眼，抓衣角更紧，身体往小川背后缩. Character focus: 小满. Expression: 被亮光吓到又好奇. Blocking and motion: 脚尖内扣停一下. Continuity anchors: 阿磊海军蓝外套红白斜条，小川蓝白外套红领巾浅绿书包，小满浅色大衬衫，三人从院内走向角落. Story stage: S0_START_CLEAN / opening clean state. Character stage lock: The three brothers are ordinary children, curious and only slightly tense; no fight damage yet.. Wardrobe state: Old 1990s school clothes, worn but clean; red scarf, green schoolbag, old shoes, no mud or injury.. Emotion state: Curious, cautious, attracted by the hidden arcade light.. Environment stage lock: Damp old residential compound, yellowed concrete, hidden ground-floor game room, children still clean.. Identity locks: A Lei is the tall older brother with old thin metal-frame glasses, a blue worn tracksuit, protective posture, and a habit of pushing his glasses. Xiao Chuan is the middle/protagonist boy with round eyes, a slightly protruding right ear, half-open mouth, red scarf, blue school jacket and green schoolbag, often gripping the bag straps. Xiao Man is the smallest younger brother with a round head, rounder body, timid downcast eyes, warm old vest or pale shirt, hands gripping his hem, toes turned inward. Binzi is the short bully boss with dyed yellow hair and a compact aggressive body. The other three bullies must have distinct tall-thin, heavy, and errand-runner silhouettes. The image must look like a final movie frame or clean keyframe, not a storyboard drawing.","No text, no captions, no Chinese characters, no English letters, no labels, no arrows, no diagrams, no storyboard frame, no contact sheet, no sketch lines, no watermark. Avoid modern phones, modern cars, LED shop signs, polished mall interiors, fashionable contemporary clothes, glossy advertisement lighting, heroic violence, gore, blood focus, glamorized fighting, or characters looking like adults. Avoid panel-specific problems: 三个孩子同款脸、同款发型、女生、学生队伍、现代校服. Do not show dirty, muddy, injured, post-fight, post-escape, phone-booth, or 8-bit states.","Follow whitebox_renders_v2/B01/WB2_COMPOUND_MSB015.png; preserve axis, scale, foreground/midground/background, and subject blocking.",S0_START_CLEAN,opening clean state,"The three brothers are ordinary children, curious and only slightly tense; no fight damage yet.","Old 1990s school clothes, worn but clean; red scarf, green schoolbag, old shoes, no mud or injury.","Curious, cautious, attracted by the hidden arcade light.","Damp old residential compound, yellowed concrete, hidden ground-floor game room, children still clean.",whitebox_renders_v2/B01/WB2_COMPOUND_MSB015.png
MSB016,B01,02,三兄弟靠近,SCN_COMPOUND,CAM_COMPOUND_02_BROTHERS_APPROACH,end_frame,A,visual_assets/pure/micro_storyboard/B01/MSB016_v001.png,visual_assets/annotated/micro_storyboard/B01/MSB016_v001_annotated.png,"Create a pure cinematic film still for AIGC video generation, 16:9 landscape, high-resolution, photoreal Chinese dreamcore realism, 1990s small-town China, humid yellowed childhood memory, low light, restrained VHS grain, real old clothes, lived-in surfaces, no visible text or annotations. Use the whitebox reference for composition and spatial relationship: whitebox_renders_v2/B01/WB2_COMPOUND_MSB016.png. Panel MSB016, Clip 02 三兄弟靠近, time 00:28. Scene lock: SCN_COMPOUND. Camera reference: CAM_COMPOUND_02_BROTHERS_APPROACH. Shot size: 中远景. Beat: 三人到门前. Visual focus: 三兄弟停在门口，门缝光打到鞋尖，阿磊站最前. Character focus: 三兄弟. Expression: 阿磊撑住，小川犹豫，小满躲后. Blocking and motion: 队形稳定. Continuity anchors: 阿磊海军蓝外套红白斜条，小川蓝白外套红领巾浅绿书包，小满浅色大衬衫，三人从院内走向角落. Story stage: S0_START_CLEAN / opening clean state. Character stage lock: The three brothers are ordinary children, curious and only slightly tense; no fight damage yet.. Wardrobe state: Old 1990s school clothes, worn but clean; red scarf, green schoolbag, old shoes, no mud or injury.. Emotion state: Curious, cautious, attracted by the hidden arcade light.. Environment stage lock: Damp old residential compound, yellowed concrete, hidden ground-floor game room, children still clean.. Identity locks: A Lei is the tall older brother with old thin metal-frame glasses, a blue worn tracksuit, protective posture, and a habit of pushing his glasses. Xiao Chuan is the middle/protagonist boy with round eyes, a slightly protruding right ear, half-open mouth, red scarf, blue school jacket and green schoolbag, often gripping the bag straps. Xiao Man is the smallest younger brother with a round head, rounder body, timid downcast eyes, warm old vest or pale shirt, hands gripping his hem, toes turned inward. Binzi is the short bully boss with dyed yellow hair and a compact aggressive body. The other three bullies must have distinct tall-thin, heavy, and errand-runner silhouettes. The image must look like a final movie frame or clean keyframe, not a storyboard drawing.","No text, no captions, no Chinese characters, no English letters, no labels, no arrows, no diagrams, no storyboard frame, no contact sheet, no sketch lines, no watermark. Avoid modern phones, modern cars, LED shop signs, polished mall interiors, fashionable contemporary clothes, glossy advertisement lighting, heroic violence, gore, blood focus, glamorized fighting, or characters looking like adults. Avoid panel-specific problems: 三个孩子同款脸、同款发型、女生、学生队伍、现代校服. Do not show dirty, muddy, injured, post-fight, post-escape, phone-booth, or 8-bit states.","Follow whitebox_renders_v2/B01/WB2_COMPOUND_MSB016.png; preserve axis, scale, foreground/midground/background, and subject blocking.",S0_START_CLEAN,opening clean state,"The three brothers are ordinary children, curious and only slightly tense; no fight damage yet.","Old 1990s school clothes, worn but clean; red scarf, green schoolbag, old shoes, no mud or injury.","Curious, cautious, attracted by the hidden arcade light.","Damp old residential compound, yellowed concrete, hidden ground-floor game room, children still clean.",whitebox_renders_v2/B01/WB2_COMPOUND_MSB016.png
MSB017,B01,02,三兄弟靠近,SCN_COMPOUND,CAM_COMPOUND_02_BROTHERS_APPROACH,storyboard,B,visual_assets/pure/micro_storyboard/B01/MSB017_v001.png,visual_assets/annotated/micro_storyboard/B01/MSB017_v001_annotated.png,"Create a pure cinematic film still for AIGC video generation, 16:9 landscape, high-resolution, photoreal Chinese dreamcore realism, 1990s small-town China, humid yellowed childhood memory, low light, restrained VHS grain, real old clothes, lived-in surfaces, no visible text or annotations. Use the whitebox reference for composition and spatial relationship: whitebox_renders_v2/B01/WB2_COMPOUND_MSB017.png. Panel MSB017, Clip 02 三兄弟靠近, time 00:30. Scene lock: SCN_COMPOUND. Camera reference: CAM_COMPOUND_02_BROTHERS_APPROACH. Shot size: 近景. Beat: 阿磊伸手. Visual focus: 阿磊的手伸向脏门帘或门边，袖口磨毛清楚. Character focus: 阿磊/道具. Expression: 手势故作自然. Blocking and motion: 手从口袋抽出. Continuity anchors: 阿磊海军蓝外套红白斜条，小川蓝白外套红领巾浅绿书包，小满浅色大衬衫，三人从院内走向角落. Story stage: S0_START_CLEAN / opening clean state. Character stage lock: The three brothers are ordinary children, curious and only slightly tense; no fight damage yet.. Wardrobe state: Old 1990s school clothes, worn but clean; red scarf, green schoolbag, old shoes, no mud or injury.. Emotion state: Curious, cautious, attracted by the hidden arcade light.. Environment stage lock: Damp old residential compound, yellowed concrete, hidden ground-floor game room, children still clean.. Identity locks: A Lei is the tall older brother with old thin metal-frame glasses, a blue worn tracksuit, protective posture, and a habit of pushing his glasses. Xiao Chuan is the middle/protagonist boy with round eyes, a slightly protruding right ear, half-open mouth, red scarf, blue school jacket and green schoolbag, often gripping the bag straps. Xiao Man is the smallest younger brother with a round head, rounder body, timid downcast eyes, warm old vest or pale shirt, hands gripping his hem, toes turned inward. Binzi is the short bully boss with dyed yellow hair and a compact aggressive body. The other three bullies must have distinct tall-thin, heavy, and errand-runner silhouettes. The image must look like a final movie frame or clean keyframe, not a storyboard drawing.","No text, no captions, no Chinese characters, no English letters, no labels, no arrows, no diagrams, no storyboard frame, no contact sheet, no sketch lines, no watermark. Avoid modern phones, modern cars, LED shop signs, polished mall interiors, fashionable contemporary clothes, glossy advertisement lighting, heroic violence, gore, blood focus, glamorized fighting, or characters looking like adults. Avoid panel-specific problems: 三个孩子同款脸、同款发型、女生、学生队伍、现代校服. Do not show dirty, muddy, injured, post-fight, post-escape, phone-booth, or 8-bit states.","Follow whitebox_renders_v2/B01/WB2_COMPOUND_MSB017.png; preserve axis, scale, foreground/midground/background, and subject blocking.",S0_START_CLEAN,opening clean state,"The three brothers are ordinary children, curious and only slightly tense; no fight damage yet.","Old 1990s school clothes, worn but clean; red scarf, green schoolbag, old shoes, no mud or injury.","Curious, cautious, attracted by the hidden arcade light.","Damp old residential compound, yellowed concrete, hidden ground-floor game room, children still clean.",whitebox_renders_v2/B01/WB2_COMPOUND_MSB017.png
MSB018,B01,02,三兄弟靠近,SCN_COMPOUND,CAM_COMPOUND_02_BROTHERS_APPROACH,keyframe,A,visual_assets/pure/micro_storyboard/B01/MSB018_v001.png,visual_assets/annotated/micro_storyboard/B01/MSB018_v001_annotated.png,"Create a pure cinematic film still for AIGC video generation, 16:9 landscape, high-resolution, photoreal Chinese dreamcore realism, 1990s small-town China, humid yellowed childhood memory, low light, restrained VHS grain, real old clothes, lived-in surfaces, no visible text or annotations. Use the whitebox reference for composition and spatial relationship: whitebox_renders_v2/B01/WB2_COMPOUND_MSB018.png. Panel MSB018, Clip 02 三兄弟靠近, time 00:32. Scene lock: SCN_COMPOUND. Camera reference: CAM_COMPOUND_02_BROTHERS_APPROACH. Shot size: 中景. Beat: 门帘前停顿. Visual focus: 门帘在三兄弟面前轻晃，三张不同年龄的脸被 CRT 光分层照亮. Character focus: 三兄弟. Expression: 期待、紧张、害怕同时出现. Blocking and motion: 静止一拍. Continuity anchors: 阿磊海军蓝外套红白斜条，小川蓝白外套红领巾浅绿书包，小满浅色大衬衫，三人从院内走向角落. Story stage: S0_START_CLEAN / opening clean state. Character stage lock: The three brothers are ordinary children, curious and only slightly tense; no fight damage yet.. Wardrobe state: Old 1990s school clothes, worn but clean; red scarf, green schoolbag, old shoes, no mud or injury.. Emotion state: Curious, cautious, attracted by the hidden arcade light.. Environment stage lock: Damp old residential compound, yellowed concrete, hidden ground-floor game room, children still clean.. Identity locks: A Lei is the tall older brother with old thin metal-frame glasses, a blue worn tracksuit, protective posture, and a habit of pushing his glasses. Xiao Chuan is the middle/protagonist boy with round eyes, a slightly protruding right ear, half-open mouth, red scarf, blue school jacket and green schoolbag, often gripping the bag straps. Xiao Man is the smallest younger brother with a round head, rounder body, timid downcast eyes, warm old vest or pale shirt, hands gripping his hem, toes turned inward. Binzi is the short bully boss with dyed yellow hair and a compact aggressive body. The other three bullies must have distinct tall-thin, heavy, and errand-runner silhouettes. The image must look like a final movie frame or clean keyframe, not a storyboard drawing.","No text, no captions, no Chinese characters, no English letters, no labels, no arrows, no diagrams, no storyboard frame, no contact sheet, no sketch lines, no watermark. Avoid modern phones, modern cars, LED shop signs, polished mall interiors, fashionable contemporary clothes, glossy advertisement lighting, heroic violence, gore, blood focus, glamorized fighting, or characters looking like adults. Avoid panel-specific problems: 三个孩子同款脸、同款发型、女生、学生队伍、现代校服. Do not show dirty, muddy, injured, post-fight, post-escape, phone-booth, or 8-bit states.","Follow whitebox_renders_v2/B01/WB2_COMPOUND_MSB018.png; preserve axis, scale, foreground/midground/background, and subject blocking.",S0_START_CLEAN,opening clean state,"The three brothers are ordinary children, curious and only slightly tense; no fight damage yet.","Old 1990s school clothes, worn but clean; red scarf, green schoolbag, old shoes, no mud or injury.","Curious, cautious, attracted by the hidden arcade light.","Damp old residential compound, yellowed concrete, hidden ground-floor game room, children still clean.",whitebox_renders_v2/B01/WB2_COMPOUND_MSB018.png
MSB019,B01,03,游戏厅入口,SCN_ARCADE,CAM_ARCADE_01_ENTRANCE_WIDE,storyboard,A,visual_assets/pure/micro_storyboard/B01/MSB019_v001.png,visual_assets/annotated/micro_storyboard/B01/MSB019_v001_annotated.png,"Create a pure cinematic film still for AIGC video generation, 16:9 landscape, high-resolution, photoreal Chinese dreamcore realism, 1990s small-town China, humid yellowed childhood memory, low light, restrained VHS grain, real old clothes, lived-in surfaces, no visible text or annotations. Use the whitebox reference for composition and spatial relationship: whitebox_renders_v2/B01/WB2_ARCADE_MSB019.png. Panel MSB019, Clip 03 游戏厅入口, time 00:34. Scene lock: SCN_ARCADE. Camera reference: CAM_ARCADE_01_ENTRANCE_WIDE. Shot size: 近景. Beat: 门帘擦镜. Visual focus: 脏塑料门帘贴着镜头擦过，后面露出旧街机彩光. Character focus: 环境/道具. Expression: 无人物，进入感. Blocking and motion: 门帘晃动作为隐藏剪辑. Continuity anchors: 低天花旧游戏机房、两侧街机、CRT 红蓝绿光、烟雾、脏塑料门帘. Story stage: S1_ARCADE_PLAY / arcade play and humiliation. Character stage lock: The brothers are absorbed by the arcade; Binzi shifts from swagger to humiliation.. Wardrobe state: Children remain clean; CRT light changes color on clothes; bully clothes can be sweaty, not muddy.. Emotion state: Excited play turning into status pressure and embarrassment.. Environment stage lock: Low-ceiling hidden arcade, CRT glow, smoke haze, plastic curtain, cramped machine rows.. Identity locks: A Lei is the tall older brother with old thin metal-frame glasses, a blue worn tracksuit, protective posture, and a habit of pushing his glasses. Xiao Chuan is the middle/protagonist boy with round eyes, a slightly protruding right ear, half-open mouth, red scarf, blue school jacket and green schoolbag, often gripping the bag straps. Xiao Man is the smallest younger brother with a round head, rounder body, timid downcast eyes, warm old vest or pale shirt, hands gripping his hem, toes turned inward. Binzi is the short bully boss with dyed yellow hair and a compact aggressive body. The other three bullies must have distinct tall-thin, heavy, and errand-runner silhouettes. The image must look like a final movie frame or clean keyframe, not a storyboard drawing.","No text, no captions, no Chinese characters, no English letters, no labels, no arrows, no diagrams, no storyboard frame, no contact sheet, no sketch lines, no watermark. Avoid modern phones, modern cars, LED shop signs, polished mall interiors, fashionable contemporary clothes, glossy advertisement lighting, heroic violence, gore, blood focus, glamorized fighting, or characters looking like adults. Avoid panel-specific problems: 现代电玩城、液晶屏、抓娃娃机、明亮商业空间、额外女生. Do not add alley mud, fight injury, corridor lighting, phone booth glow, or 8-bit pixels.","Follow whitebox_renders_v2/B01/WB2_ARCADE_MSB019.png; preserve axis, scale, foreground/midground/background, and subject blocking.",S1_ARCADE_PLAY,arcade play and humiliation,The brothers are absorbed by the arcade; Binzi shifts from swagger to humiliation.,"Children remain clean; CRT light changes color on clothes; bully clothes can be sweaty, not muddy.",Excited play turning into status pressure and embarrassment.,"Low-ceiling hidden arcade, CRT glow, smoke haze, plastic curtain, cramped machine rows.",whitebox_renders_v2/B01/WB2_ARCADE_MSB019.png
MSB020,B01,03,游戏厅入口,SCN_ARCADE,CAM_ARCADE_01_ENTRANCE_WIDE,start_frame,A,visual_assets/pure/micro_storyboard/B01/MSB020_v001.png,visual_assets/annotated/micro_storyboard/B01/MSB020_v001_annotated.png,"Create a pure cinematic film still for AIGC video generation, 16:9 landscape, high-resolution, photoreal Chinese dreamcore realism, 1990s small-town China, humid yellowed childhood memory, low light, restrained VHS grain, real old clothes, lived-in surfaces, no visible text or annotations. Use the whitebox reference for composition and spatial relationship: whitebox_renders_v2/B01/WB2_ARCADE_MSB020.png. Panel MSB020, Clip 03 游戏厅入口, time 00:35. Scene lock: SCN_ARCADE. Camera reference: CAM_ARCADE_01_ENTRANCE_WIDE. Shot size: 全景. Beat: 三兄弟入口剪影. Visual focus: 三兄弟站在入口下方，室内低天花和两侧街机压住他们. Character focus: 三兄弟. Expression: 被空间吞进去的惊讶. Blocking and motion: 站位保持阿磊前、小川中、小满后. Continuity anchors: 低天花旧游戏机房、两侧街机、CRT 红蓝绿光、烟雾、脏塑料门帘. Story stage: S1_ARCADE_PLAY / arcade play and humiliation. Character stage lock: The brothers are absorbed by the arcade; Binzi shifts from swagger to humiliation.. Wardrobe state: Children remain clean; CRT light changes color on clothes; bully clothes can be sweaty, not muddy.. Emotion state: Excited play turning into status pressure and embarrassment.. Environment stage lock: Low-ceiling hidden arcade, CRT glow, smoke haze, plastic curtain, cramped machine rows.. Identity locks: A Lei is the tall older brother with old thin metal-frame glasses, a blue worn tracksuit, protective posture, and a habit of pushing his glasses. Xiao Chuan is the middle/protagonist boy with round eyes, a slightly protruding right ear, half-open mouth, red scarf, blue school jacket and green schoolbag, often gripping the bag straps. Xiao Man is the smallest younger brother with a round head, rounder body, timid downcast eyes, warm old vest or pale shirt, hands gripping his hem, toes turned inward. Binzi is the short bully boss with dyed yellow hair and a compact aggressive body. The other three bullies must have distinct tall-thin, heavy, and errand-runner silhouettes. The image must look like a final movie frame or clean keyframe, not a storyboard drawing.","No text, no captions, no Chinese characters, no English letters, no labels, no arrows, no diagrams, no storyboard frame, no contact sheet, no sketch lines, no watermark. Avoid modern phones, modern cars, LED shop signs, polished mall interiors, fashionable contemporary clothes, glossy advertisement lighting, heroic violence, gore, blood focus, glamorized fighting, or characters looking like adults. Avoid panel-specific problems: 现代电玩城、液晶屏、抓娃娃机、明亮商业空间、额外女生. Do not add alley mud, fight injury, corridor lighting, phone booth glow, or 8-bit pixels.","Follow whitebox_renders_v2/B01/WB2_ARCADE_MSB020.png; preserve axis, scale, foreground/midground/background, and subject blocking.",S1_ARCADE_PLAY,arcade play and humiliation,The brothers are absorbed by the arcade; Binzi shifts from swagger to humiliation.,"Children remain clean; CRT light changes color on clothes; bully clothes can be sweaty, not muddy.",Excited play turning into status pressure and embarrassment.,"Low-ceiling hidden arcade, CRT glow, smoke haze, plastic curtain, cramped machine rows.",whitebox_renders_v2/B01/WB2_ARCADE_MSB020.png
MSB021,B01,03,游戏厅入口,SCN_ARCADE,CAM_ARCADE_01_ENTRANCE_WIDE,storyboard,A,visual_assets/pure/micro_storyboard/B01/MSB021_v001.png,visual_assets/annotated/micro_storyboard/B01/MSB021_v001_annotated.png,"Create a pure cinematic film still for AIGC video generation, 16:9 landscape, high-resolution, photoreal Chinese dreamcore realism, 1990s small-town China, humid yellowed childhood memory, low light, restrained VHS grain, real old clothes, lived-in surfaces, no visible text or annotations. Use the whitebox reference for composition and spatial relationship: whitebox_renders_v2/B01/WB2_ARCADE_MSB021.png. Panel MSB021, Clip 03 游戏厅入口, time 00:37. Scene lock: SCN_ARCADE. Camera reference: CAM_ARCADE_01_ENTRANCE_WIDE. Shot size: 中景. Beat: 阿磊先迈入. Visual focus: 阿磊向前迈一步，肩膀故意撑开，小川和小满还在门口. Character focus: 阿磊. Expression: 装作熟悉，其实眼睛快速扫动. Blocking and motion: 向前一步后停. Continuity anchors: 低天花旧游戏机房、两侧街机、CRT 红蓝绿光、烟雾、脏塑料门帘. Story stage: S1_ARCADE_PLAY / arcade play and humiliation. Character stage lock: The brothers are absorbed by the arcade; Binzi shifts from swagger to humiliation.. Wardrobe state: Children remain clean; CRT light changes color on clothes; bully clothes can be sweaty, not muddy.. Emotion state: Excited play turning into status pressure and embarrassment.. Environment stage lock: Low-ceiling hidden arcade, CRT glow, smoke haze, plastic curtain, cramped machine rows.. Identity locks: A Lei is the tall older brother with old thin metal-frame glasses, a blue worn tracksuit, protective posture, and a habit of pushing his glasses. Xiao Chuan is the middle/protagonist boy with round eyes, a slightly protruding right ear, half-open mouth, red scarf, blue school jacket and green schoolbag, often gripping the bag straps. Xiao Man is the smallest younger brother with a round head, rounder body, timid downcast eyes, warm old vest or pale shirt, hands gripping his hem, toes turned inward. Binzi is the short bully boss with dyed yellow hair and a compact aggressive body. The other three bullies must have distinct tall-thin, heavy, and errand-runner silhouettes. The image must look like a final movie frame or clean keyframe, not a storyboard drawing.","No text, no captions, no Chinese characters, no English letters, no labels, no arrows, no diagrams, no storyboard frame, no contact sheet, no sketch lines, no watermark. Avoid modern phones, modern cars, LED shop signs, polished mall interiors, fashionable contemporary clothes, glossy advertisement lighting, heroic violence, gore, blood focus, glamorized fighting, or characters looking like adults. Avoid panel-specific problems: 现代电玩城、液晶屏、抓娃娃机、明亮商业空间、额外女生. Do not add alley mud, fight injury, corridor lighting, phone booth glow, or 8-bit pixels.","Follow whitebox_renders_v2/B01/WB2_ARCADE_MSB021.png; preserve axis, scale, foreground/midground/background, and subject blocking.",S1_ARCADE_PLAY,arcade play and humiliation,The brothers are absorbed by the arcade; Binzi shifts from swagger to humiliation.,"Children remain clean; CRT light changes color on clothes; bully clothes can be sweaty, not muddy.",Excited play turning into status pressure and embarrassment.,"Low-ceiling hidden arcade, CRT glow, smoke haze, plastic curtain, cramped machine rows.",whitebox_renders_v2/B01/WB2_ARCADE_MSB021.png
MSB022,B01,03,游戏厅入口,SCN_ARCADE,CAM_ARCADE_01_ENTRANCE_WIDE,storyboard,A,visual_assets/pure/micro_storyboard/B01/MSB022_v001.png,visual_assets/annotated/micro_storyboard/B01/MSB022_v001_annotated.png,"Create a pure cinematic film still for AIGC video generation, 16:9 landscape, high-resolution, photoreal Chinese dreamcore realism, 1990s small-town China, humid yellowed childhood memory, low light, restrained VHS grain, real old clothes, lived-in surfaces, no visible text or annotations. Use the whitebox reference for composition and spatial relationship: whitebox_renders_v2/B01/WB2_ARCADE_MSB022.png. Panel MSB022, Clip 03 游戏厅入口, time 00:38. Scene lock: SCN_ARCADE. Camera reference: CAM_ARCADE_01_ENTRANCE_WIDE. Shot size: 中景. Beat: 小川看屏幕. Visual focus: 小川侧脸被蓝绿屏幕光照亮，红领巾和书包边缘清楚. Character focus: 小川. Expression: 好奇压过害怕. Blocking and motion: 头部小幅转向街机. Continuity anchors: 低天花旧游戏机房、两侧街机、CRT 红蓝绿光、烟雾、脏塑料门帘. Story stage: S1_ARCADE_PLAY / arcade play and humiliation. Character stage lock: The brothers are absorbed by the arcade; Binzi shifts from swagger to humiliation.. Wardrobe state: Children remain clean; CRT light changes color on clothes; bully clothes can be sweaty, not muddy.. Emotion state: Excited play turning into status pressure and embarrassment.. Environment stage lock: Low-ceiling hidden arcade, CRT glow, smoke haze, plastic curtain, cramped machine rows.. Identity locks: A Lei is the tall older brother with old thin metal-frame glasses, a blue worn tracksuit, protective posture, and a habit of pushing his glasses. Xiao Chuan is the middle/protagonist boy with round eyes, a slightly protruding right ear, half-open mouth, red scarf, blue school jacket and green schoolbag, often gripping the bag straps. Xiao Man is the smallest younger brother with a round head, rounder body, timid downcast eyes, warm old vest or pale shirt, hands gripping his hem, toes turned inward. Binzi is the short bully boss with dyed yellow hair and a compact aggressive body. The other three bullies must have distinct tall-thin, heavy, and errand-runner silhouettes. The image must look like a final movie frame or clean keyframe, not a storyboard drawing.","No text, no captions, no Chinese characters, no English letters, no labels, no arrows, no diagrams, no storyboard frame, no contact sheet, no sketch lines, no watermark. Avoid modern phones, modern cars, LED shop signs, polished mall interiors, fashionable contemporary clothes, glossy advertisement lighting, heroic violence, gore, blood focus, glamorized fighting, or characters looking like adults. Avoid panel-specific problems: 现代电玩城、液晶屏、抓娃娃机、明亮商业空间、额外女生. Do not add alley mud, fight injury, corridor lighting, phone booth glow, or 8-bit pixels.","Follow whitebox_renders_v2/B01/WB2_ARCADE_MSB022.png; preserve axis, scale, foreground/midground/background, and subject blocking.",S1_ARCADE_PLAY,arcade play and humiliation,The brothers are absorbed by the arcade; Binzi shifts from swagger to humiliation.,"Children remain clean; CRT light changes color on clothes; bully clothes can be sweaty, not muddy.",Excited play turning into status pressure and embarrassment.,"Low-ceiling hidden arcade, CRT glow, smoke haze, plastic curtain, cramped machine rows.",whitebox_renders_v2/B01/WB2_ARCADE_MSB022.png
MSB023,B01,03,游戏厅入口,SCN_ARCADE,CAM_ARCADE_01_ENTRANCE_WIDE,storyboard,B,visual_assets/pure/micro_storyboard/B01/MSB023_v001.png,visual_assets/annotated/micro_storyboard/B01/MSB023_v001_annotated.png,"Create a pure cinematic film still for AIGC video generation, 16:9 landscape, high-resolution, photoreal Chinese dreamcore realism, 1990s small-town China, humid yellowed childhood memory, low light, restrained VHS grain, real old clothes, lived-in surfaces, no visible text or annotations. Use the whitebox reference for composition and spatial relationship: whitebox_renders_v2/B01/WB2_ARCADE_MSB023.png. Panel MSB023, Clip 03 游戏厅入口, time 00:40. Scene lock: SCN_ARCADE. Camera reference: CAM_ARCADE_01_ENTRANCE_WIDE. Shot size: 中景. Beat: 小满贴近. Visual focus: 小满靠近小川身后，只露半个身体，看向发光屏幕. Character focus: 小满. Expression: 迟疑，眨眼快. Blocking and motion: 抓衣角，跟半步. Continuity anchors: 低天花旧游戏机房、两侧街机、CRT 红蓝绿光、烟雾、脏塑料门帘. Story stage: S1_ARCADE_PLAY / arcade play and humiliation. Character stage lock: The brothers are absorbed by the arcade; Binzi shifts from swagger to humiliation.. Wardrobe state: Children remain clean; CRT light changes color on clothes; bully clothes can be sweaty, not muddy.. Emotion state: Excited play turning into status pressure and embarrassment.. Environment stage lock: Low-ceiling hidden arcade, CRT glow, smoke haze, plastic curtain, cramped machine rows.. Identity locks: A Lei is the tall older brother with old thin metal-frame glasses, a blue worn tracksuit, protective posture, and a habit of pushing his glasses. Xiao Chuan is the middle/protagonist boy with round eyes, a slightly protruding right ear, half-open mouth, red scarf, blue school jacket and green schoolbag, often gripping the bag straps. Xiao Man is the smallest younger brother with a round head, rounder body, timid downcast eyes, warm old vest or pale shirt, hands gripping his hem, toes turned inward. Binzi is the short bully boss with dyed yellow hair and a compact aggressive body. The other three bullies must have distinct tall-thin, heavy, and errand-runner silhouettes. The image must look like a final movie frame or clean keyframe, not a storyboard drawing.","No text, no captions, no Chinese characters, no English letters, no labels, no arrows, no diagrams, no storyboard frame, no contact sheet, no sketch lines, no watermark. Avoid modern phones, modern cars, LED shop signs, polished mall interiors, fashionable contemporary clothes, glossy advertisement lighting, heroic violence, gore, blood focus, glamorized fighting, or characters looking like adults. Avoid panel-specific problems: 现代电玩城、液晶屏、抓娃娃机、明亮商业空间、额外女生. Do not add alley mud, fight injury, corridor lighting, phone booth glow, or 8-bit pixels.","Follow whitebox_renders_v2/B01/WB2_ARCADE_MSB023.png; preserve axis, scale, foreground/midground/background, and subject blocking.",S1_ARCADE_PLAY,arcade play and humiliation,The brothers are absorbed by the arcade; Binzi shifts from swagger to humiliation.,"Children remain clean; CRT light changes color on clothes; bully clothes can be sweaty, not muddy.",Excited play turning into status pressure and embarrassment.,"Low-ceiling hidden arcade, CRT glow, smoke haze, plastic curtain, cramped machine rows.",whitebox_renders_v2/B01/WB2_ARCADE_MSB023.png
MSB024,B01,03,游戏厅入口,SCN_ARCADE,CAM_ARCADE_01_ENTRANCE_WIDE,keyframe,A,visual_assets/pure/micro_storyboard/B01/MSB024_v001.png,visual_assets/annotated/micro_storyboard/B01/MSB024_v001_annotated.png,"Create a pure cinematic film still for AIGC video generation, 16:9 landscape, high-resolution, photoreal Chinese dreamcore realism, 1990s small-town China, humid yellowed childhood memory, low light, restrained VHS grain, real old clothes, lived-in surfaces, no visible text or annotations. Use the whitebox reference for composition and spatial relationship: whitebox_renders_v2/B01/WB2_ARCADE_MSB024.png. Panel MSB024, Clip 03 游戏厅入口, time 00:42. Scene lock: SCN_ARCADE. Camera reference: CAM_ARCADE_01_ENTRANCE_WIDE. Shot size: 广角. Beat: 街机排布. Visual focus: 两排旧街机形成狭窄通道，远处有人影但不抢主体. Character focus: 环境. Expression: 压迫、热闹但脏旧. Blocking and motion: slow dolly in. Continuity anchors: 低天花旧游戏机房、两侧街机、CRT 红蓝绿光、烟雾、脏塑料门帘. Story stage: S1_ARCADE_PLAY / arcade play and humiliation. Character stage lock: The brothers are absorbed by the arcade; Binzi shifts from swagger to humiliation.. Wardrobe state: Children remain clean; CRT light changes color on clothes; bully clothes can be sweaty, not muddy.. Emotion state: Excited play turning into status pressure and embarrassment.. Environment stage lock: Low-ceiling hidden arcade, CRT glow, smoke haze, plastic curtain, cramped machine rows.. Identity locks: A Lei is the tall older brother with old thin metal-frame glasses, a blue worn tracksuit, protective posture, and a habit of pushing his glasses. Xiao Chuan is the middle/protagonist boy with round eyes, a slightly protruding right ear, half-open mouth, red scarf, blue school jacket and green schoolbag, often gripping the bag straps. Xiao Man is the smallest younger brother with a round head, rounder body, timid downcast eyes, warm old vest or pale shirt, hands gripping his hem, toes turned inward. Binzi is the short bully boss with dyed yellow hair and a compact aggressive body. The other three bullies must have distinct tall-thin, heavy, and errand-runner silhouettes. The image must look like a final movie frame or clean keyframe, not a storyboard drawing.","No text, no captions, no Chinese characters, no English letters, no labels, no arrows, no diagrams, no storyboard frame, no contact sheet, no sketch lines, no watermark. Avoid modern phones, modern cars, LED shop signs, polished mall interiors, fashionable contemporary clothes, glossy advertisement lighting, heroic violence, gore, blood focus, glamorized fighting, or characters looking like adults. Avoid panel-specific problems: 现代电玩城、液晶屏、抓娃娃机、明亮商业空间、额外女生. Do not add alley mud, fight injury, corridor lighting, phone booth glow, or 8-bit pixels.","Follow whitebox_renders_v2/B01/WB2_ARCADE_MSB024.png; preserve axis, scale, foreground/midground/background, and subject blocking.",S1_ARCADE_PLAY,arcade play and humiliation,The brothers are absorbed by the arcade; Binzi shifts from swagger to humiliation.,"Children remain clean; CRT light changes color on clothes; bully clothes can be sweaty, not muddy.",Excited play turning into status pressure and embarrassment.,"Low-ceiling hidden arcade, CRT glow, smoke haze, plastic curtain, cramped machine rows.",whitebox_renders_v2/B01/WB2_ARCADE_MSB024.png
MSB025,B01,03,游戏厅入口,SCN_ARCADE,CAM_ARCADE_01_ENTRANCE_WIDE,storyboard,B,visual_assets/pure/micro_storyboard/B01/MSB025_v001.png,visual_assets/annotated/micro_storyboard/B01/MSB025_v001_annotated.png,"Create a pure cinematic film still for AIGC video generation, 16:9 landscape, high-resolution, photoreal Chinese dreamcore realism, 1990s small-town China, humid yellowed childhood memory, low light, restrained VHS grain, real old clothes, lived-in surfaces, no visible text or annotations. Use the whitebox reference for composition and spatial relationship: whitebox_renders_v2/B01/WB2_ARCADE_MSB025.png. Panel MSB025, Clip 03 游戏厅入口, time 00:43. Scene lock: SCN_ARCADE. Camera reference: CAM_ARCADE_01_ENTRANCE_WIDE. Shot size: 特写. Beat: 摇杆按钮前景. Visual focus: 磨损摇杆、彩色按钮、硬币槽，孩子的手和旧机器比例对比. Character focus: 道具. Expression: 无表情，物件记忆. Blocking and motion: 固定近景. Continuity anchors: 低天花旧游戏机房、两侧街机、CRT 红蓝绿光、烟雾、脏塑料门帘. Story stage: S1_ARCADE_PLAY / arcade play and humiliation. Character stage lock: The brothers are absorbed by the arcade; Binzi shifts from swagger to humiliation.. Wardrobe state: Children remain clean; CRT light changes color on clothes; bully clothes can be sweaty, not muddy.. Emotion state: Excited play turning into status pressure and embarrassment.. Environment stage lock: Low-ceiling hidden arcade, CRT glow, smoke haze, plastic curtain, cramped machine rows.. Identity locks: A Lei is the tall older brother with old thin metal-frame glasses, a blue worn tracksuit, protective posture, and a habit of pushing his glasses. Xiao Chuan is the middle/protagonist boy with round eyes, a slightly protruding right ear, half-open mouth, red scarf, blue school jacket and green schoolbag, often gripping the bag straps. Xiao Man is the smallest younger brother with a round head, rounder body, timid downcast eyes, warm old vest or pale shirt, hands gripping his hem, toes turned inward. Binzi is the short bully boss with dyed yellow hair and a compact aggressive body. The other three bullies must have distinct tall-thin, heavy, and errand-runner silhouettes. The image must look like a final movie frame or clean keyframe, not a storyboard drawing.","No text, no captions, no Chinese characters, no English letters, no labels, no arrows, no diagrams, no storyboard frame, no contact sheet, no sketch lines, no watermark. Avoid modern phones, modern cars, LED shop signs, polished mall interiors, fashionable contemporary clothes, glossy advertisement lighting, heroic violence, gore, blood focus, glamorized fighting, or characters looking like adults. Avoid panel-specific problems: 现代电玩城、液晶屏、抓娃娃机、明亮商业空间、额外女生. Do not add alley mud, fight injury, corridor lighting, phone booth glow, or 8-bit pixels.","Follow whitebox_renders_v2/B01/WB2_ARCADE_MSB025.png; preserve axis, scale, foreground/midground/background, and subject blocking.",S1_ARCADE_PLAY,arcade play and humiliation,The brothers are absorbed by the arcade; Binzi shifts from swagger to humiliation.,"Children remain clean; CRT light changes color on clothes; bully clothes can be sweaty, not muddy.",Excited play turning into status pressure and embarrassment.,"Low-ceiling hidden arcade, CRT glow, smoke haze, plastic curtain, cramped machine rows.",whitebox_renders_v2/B01/WB2_ARCADE_MSB025.png
MSB026,B01,03,游戏厅入口,SCN_ARCADE,CAM_ARCADE_01_ENTRANCE_WIDE,storyboard,C,visual_assets/pure/micro_storyboard/B01/MSB026_v001.png,visual_assets/annotated/micro_storyboard/B01/MSB026_v001_annotated.png,"Create a pure cinematic film still for AIGC video generation, 16:9 landscape, high-resolution, photoreal Chinese dreamcore realism, 1990s small-town China, humid yellowed childhood memory, low light, restrained VHS grain, real old clothes, lived-in surfaces, no visible text or annotations. Use the whitebox reference for composition and spatial relationship: whitebox_renders_v2/B01/WB2_ARCADE_MSB026.png. Panel MSB026, Clip 03 游戏厅入口, time 00:45. Scene lock: SCN_ARCADE. Camera reference: CAM_ARCADE_01_ENTRANCE_WIDE. Shot size: 中远景. Beat: 烟雾和顶灯. Visual focus: 昏暗顶灯、烟雾、墙上海报和老旧天花板形成密闭感. Character focus: 环境. Expression: 不安的兴奋. Blocking and motion: 只允许烟雾轻动. Continuity anchors: 低天花旧游戏机房、两侧街机、CRT 红蓝绿光、烟雾、脏塑料门帘. Story stage: S1_ARCADE_PLAY / arcade play and humiliation. Character stage lock: The brothers are absorbed by the arcade; Binzi shifts from swagger to humiliation.. Wardrobe state: Children remain clean; CRT light changes color on clothes; bully clothes can be sweaty, not muddy.. Emotion state: Excited play turning into status pressure and embarrassment.. Environment stage lock: Low-ceiling hidden arcade, CRT glow, smoke haze, plastic curtain, cramped machine rows.. Identity locks: A Lei is the tall older brother with old thin metal-frame glasses, a blue worn tracksuit, protective posture, and a habit of pushing his glasses. Xiao Chuan is the middle/protagonist boy with round eyes, a slightly protruding right ear, half-open mouth, red scarf, blue school jacket and green schoolbag, often gripping the bag straps. Xiao Man is the smallest younger brother with a round head, rounder body, timid downcast eyes, warm old vest or pale shirt, hands gripping his hem, toes turned inward. Binzi is the short bully boss with dyed yellow hair and a compact aggressive body. The other three bullies must have distinct tall-thin, heavy, and errand-runner silhouettes. The image must look like a final movie frame or clean keyframe, not a storyboard drawing.","No text, no captions, no Chinese characters, no English letters, no labels, no arrows, no diagrams, no storyboard frame, no contact sheet, no sketch lines, no watermark. Avoid modern phones, modern cars, LED shop signs, polished mall interiors, fashionable contemporary clothes, glossy advertisement lighting, heroic violence, gore, blood focus, glamorized fighting, or characters looking like adults. Avoid panel-specific problems: 现代电玩城、液晶屏、抓娃娃机、明亮商业空间、额外女生. Do not add alley mud, fight injury, corridor lighting, phone booth glow, or 8-bit pixels.","Follow whitebox_renders_v2/B01/WB2_ARCADE_MSB026.png; preserve axis, scale, foreground/midground/background, and subject blocking.",S1_ARCADE_PLAY,arcade play and humiliation,The brothers are absorbed by the arcade; Binzi shifts from swagger to humiliation.,"Children remain clean; CRT light changes color on clothes; bully clothes can be sweaty, not muddy.",Excited play turning into status pressure and embarrassment.,"Low-ceiling hidden arcade, CRT glow, smoke haze, plastic curtain, cramped machine rows.",whitebox_renders_v2/B01/WB2_ARCADE_MSB026.png
MSB027,B01,03,游戏厅入口,SCN_ARCADE,CAM_ARCADE_01_ENTRANCE_WIDE,storyboard,A,visual_assets/pure/micro_storyboard/B01/MSB027_v001.png,visual_assets/annotated/micro_storyboard/B01/MSB027_v001_annotated.png,"Create a pure cinematic film still for AIGC video generation, 16:9 landscape, high-resolution, photoreal Chinese dreamcore realism, 1990s small-town China, humid yellowed childhood memory, low light, restrained VHS grain, real old clothes, lived-in surfaces, no visible text or annotations. Use the whitebox reference for composition and spatial relationship: whitebox_renders_v2/B01/WB2_ARCADE_MSB027.png. Panel MSB027, Clip 03 游戏厅入口, time 00:46. Scene lock: SCN_ARCADE. Camera reference: CAM_ARCADE_01_ENTRANCE_WIDE. Shot size: 全景. Beat: 三兄弟深入. Visual focus: 三人沿街机通道向里走，阿磊被机器吸引，小川跟着看，小满被拉着走. Character focus: 三兄弟. Expression: 兴奋、跟随、被动. Blocking and motion: 前进方向清楚. Continuity anchors: 低天花旧游戏机房、两侧街机、CRT 红蓝绿光、烟雾、脏塑料门帘. Story stage: S1_ARCADE_PLAY / arcade play and humiliation. Character stage lock: The brothers are absorbed by the arcade; Binzi shifts from swagger to humiliation.. Wardrobe state: Children remain clean; CRT light changes color on clothes; bully clothes can be sweaty, not muddy.. Emotion state: Excited play turning into status pressure and embarrassment.. Environment stage lock: Low-ceiling hidden arcade, CRT glow, smoke haze, plastic curtain, cramped machine rows.. Identity locks: A Lei is the tall older brother with old thin metal-frame glasses, a blue worn tracksuit, protective posture, and a habit of pushing his glasses. Xiao Chuan is the middle/protagonist boy with round eyes, a slightly protruding right ear, half-open mouth, red scarf, blue school jacket and green schoolbag, often gripping the bag straps. Xiao Man is the smallest younger brother with a round head, rounder body, timid downcast eyes, warm old vest or pale shirt, hands gripping his hem, toes turned inward. Binzi is the short bully boss with dyed yellow hair and a compact aggressive body. The other three bullies must have distinct tall-thin, heavy, and errand-runner silhouettes. The image must look like a final movie frame or clean keyframe, not a storyboard drawing.","No text, no captions, no Chinese characters, no English letters, no labels, no arrows, no diagrams, no storyboard frame, no contact sheet, no sketch lines, no watermark. Avoid modern phones, modern cars, LED shop signs, polished mall interiors, fashionable contemporary clothes, glossy advertisement lighting, heroic violence, gore, blood focus, glamorized fighting, or characters looking like adults. Avoid panel-specific problems: 现代电玩城、液晶屏、抓娃娃机、明亮商业空间、额外女生. Do not add alley mud, fight injury, corridor lighting, phone booth glow, or 8-bit pixels.","Follow whitebox_renders_v2/B01/WB2_ARCADE_MSB027.png; preserve axis, scale, foreground/midground/background, and subject blocking.",S1_ARCADE_PLAY,arcade play and humiliation,The brothers are absorbed by the arcade; Binzi shifts from swagger to humiliation.,"Children remain clean; CRT light changes color on clothes; bully clothes can be sweaty, not muddy.",Excited play turning into status pressure and embarrassment.,"Low-ceiling hidden arcade, CRT glow, smoke haze, plastic curtain, cramped machine rows.",whitebox_renders_v2/B01/WB2_ARCADE_MSB027.png
MSB028,B01,03,游戏厅入口,SCN_ARCADE,CAM_ARCADE_01_ENTRANCE_WIDE,end_frame,A,visual_assets/pure/micro_storyboard/B01/MSB028_v001.png,visual_assets/annotated/micro_storyboard/B01/MSB028_v001_annotated.png,"Create a pure cinematic film still for AIGC video generation, 16:9 landscape, high-resolution, photoreal Chinese dreamcore realism, 1990s small-town China, humid yellowed childhood memory, low light, restrained VHS grain, real old clothes, lived-in surfaces, no visible text or annotations. Use the whitebox reference for composition and spatial relationship: whitebox_renders_v2/B01/WB2_ARCADE_MSB028.png. Panel MSB028, Clip 03 游戏厅入口, time 00:48. Scene lock: SCN_ARCADE. Camera reference: CAM_ARCADE_01_ENTRANCE_WIDE. Shot size: 中远景. Beat: 街霸机远处出现. Visual focus: 远处一台街头霸王机器的屏幕更亮，像目标点. Character focus: 环境/道具. Expression: 无人物表情，目标明确. Blocking and motion: 镜头停在机器方向. Continuity anchors: 低天花旧游戏机房、两侧街机、CRT 红蓝绿光、烟雾、脏塑料门帘. Story stage: S1_ARCADE_PLAY / arcade play and humiliation. Character stage lock: The brothers are absorbed by the arcade; Binzi shifts from swagger to humiliation.. Wardrobe state: Children remain clean; CRT light changes color on clothes; bully clothes can be sweaty, not muddy.. Emotion state: Excited play turning into status pressure and embarrassment.. Environment stage lock: Low-ceiling hidden arcade, CRT glow, smoke haze, plastic curtain, cramped machine rows.. Identity locks: A Lei is the tall older brother with old thin metal-frame glasses, a blue worn tracksuit, protective posture, and a habit of pushing his glasses. Xiao Chuan is the middle/protagonist boy with round eyes, a slightly protruding right ear, half-open mouth, red scarf, blue school jacket and green schoolbag, often gripping the bag straps. Xiao Man is the smallest younger brother with a round head, rounder body, timid downcast eyes, warm old vest or pale shirt, hands gripping his hem, toes turned inward. Binzi is the short bully boss with dyed yellow hair and a compact aggressive body. The other three bullies must have distinct tall-thin, heavy, and errand-runner silhouettes. The image must look like a final movie frame or clean keyframe, not a storyboard drawing.","No text, no captions, no Chinese characters, no English letters, no labels, no arrows, no diagrams, no storyboard frame, no contact sheet, no sketch lines, no watermark. Avoid modern phones, modern cars, LED shop signs, polished mall interiors, fashionable contemporary clothes, glossy advertisement lighting, heroic violence, gore, blood focus, glamorized fighting, or characters looking like adults. Avoid panel-specific problems: 现代电玩城、液晶屏、抓娃娃机、明亮商业空间、额外女生. Do not add alley mud, fight injury, corridor lighting, phone booth glow, or 8-bit pixels.","Follow whitebox_renders_v2/B01/WB2_ARCADE_MSB028.png; preserve axis, scale, foreground/midground/background, and subject blocking.",S1_ARCADE_PLAY,arcade play and humiliation,The brothers are absorbed by the arcade; Binzi shifts from swagger to humiliation.,"Children remain clean; CRT light changes color on clothes; bully clothes can be sweaty, not muddy.",Excited play turning into status pressure and embarrassment.,"Low-ceiling hidden arcade, CRT glow, smoke haze, plastic curtain, cramped machine rows.",whitebox_renders_v2/B01/WB2_ARCADE_MSB028.png
MSB029,B02,04,找到街霸,SCN_ARCADE,CAM_ARCADE_02_STREET_FIGHTER_CABINET,keyframe,A,visual_assets/pure/micro_storyboard/B02/MSB029_v001.png,visual_assets/annotated/micro_storyboard/B02/MSB029_v001_annotated.png,"Create a pure cinematic film still for AIGC video generation, 16:9 landscape, high-resolution, photoreal Chinese dreamcore realism, 1990s small-town China, humid yellowed childhood memory, low light, restrained VHS grain, real old clothes, lived-in surfaces, no visible text or annotations. Use the whitebox reference for composition and spatial relationship: whitebox_renders_v2/B02/WB2_ARCADE_MSB029.png. Panel MSB029, Clip 04 找到街霸, time 00:50. Scene lock: SCN_ARCADE. Camera reference: CAM_ARCADE_02_STREET_FIGHTER_CABINET. Shot size: 中景. Beat: 街霸机正面. Visual focus: 街头霸王街机占画面中心，屏幕和操作台磨损清楚. Character focus: 街机. Expression: 无人物，机器作为冲突种子. Blocking and motion: 固定构图. Continuity anchors: 街头霸王街机、磨损摇杆、哥哥站操作位、主角旁观、小弟弟躲后、CRT 光. Story stage: S1_ARCADE_PLAY / arcade play and humiliation. Character stage lock: The brothers are absorbed by the arcade; Binzi shifts from swagger to humiliation.. Wardrobe state: Children remain clean; CRT light changes color on clothes; bully clothes can be sweaty, not muddy.. Emotion state: Excited play turning into status pressure and embarrassment.. Environment stage lock: Low-ceiling hidden arcade, CRT glow, smoke haze, plastic curtain, cramped machine rows.. Identity locks: A Lei is the tall older brother with old thin metal-frame glasses, a blue worn tracksuit, protective posture, and a habit of pushing his glasses. Xiao Chuan is the middle/protagonist boy with round eyes, a slightly protruding right ear, half-open mouth, red scarf, blue school jacket and green schoolbag, often gripping the bag straps. Xiao Man is the smallest younger brother with a round head, rounder body, timid downcast eyes, warm old vest or pale shirt, hands gripping his hem, toes turned inward. Binzi is the short bully boss with dyed yellow hair and a compact aggressive body. The other three bullies must have distinct tall-thin, heavy, and errand-runner silhouettes. The image must look like a final movie frame or clean keyframe, not a storyboard drawing.","No text, no captions, no Chinese characters, no English letters, no labels, no arrows, no diagrams, no storyboard frame, no contact sheet, no sketch lines, no watermark. Avoid modern phones, modern cars, LED shop signs, polished mall interiors, fashionable contemporary clothes, glossy advertisement lighting, heroic violence, gore, blood focus, glamorized fighting, or characters looking like adults. Avoid panel-specific problems: 现代格斗游戏、哥哥和老大现实打斗、主角参与对战、多人混乱. Do not add alley mud, fight injury, corridor lighting, phone booth glow, or 8-bit pixels.","Follow whitebox_renders_v2/B02/WB2_ARCADE_MSB029.png; preserve axis, scale, foreground/midground/background, and subject blocking.",S1_ARCADE_PLAY,arcade play and humiliation,The brothers are absorbed by the arcade; Binzi shifts from swagger to humiliation.,"Children remain clean; CRT light changes color on clothes; bully clothes can be sweaty, not muddy.",Excited play turning into status pressure and embarrassment.,"Low-ceiling hidden arcade, CRT glow, smoke haze, plastic curtain, cramped machine rows.",whitebox_renders_v2/B02/WB2_ARCADE_MSB029.png
MSB030,B02,04,找到街霸,SCN_ARCADE,CAM_ARCADE_02_STREET_FIGHTER_CABINET,storyboard,A,visual_assets/pure/micro_storyboard/B02/MSB030_v001.png,visual_assets/annotated/micro_storyboard/B02/MSB030_v001_annotated.png,"Create a pure cinematic film still for AIGC video generation, 16:9 landscape, high-resolution, photoreal Chinese dreamcore realism, 1990s small-town China, humid yellowed childhood memory, low light, restrained VHS grain, real old clothes, lived-in surfaces, no visible text or annotations. Use the whitebox reference for composition and spatial relationship: whitebox_renders_v2/B02/WB2_ARCADE_MSB030.png. Panel MSB030, Clip 04 找到街霸, time 00:51. Scene lock: SCN_ARCADE. Camera reference: CAM_ARCADE_02_STREET_FIGHTER_CABINET. Shot size: 中景. Beat: 阿磊抢到操作位. Visual focus: 阿磊站到操作位，手放在摇杆旁，下巴微扬. Character focus: 阿磊. Expression: 兴奋但故作淡定. Blocking and motion: 身体前倾，肩膀撑开. Continuity anchors: 街头霸王街机、磨损摇杆、哥哥站操作位、主角旁观、小弟弟躲后、CRT 光. Story stage: S1_ARCADE_PLAY / arcade play and humiliation. Character stage lock: The brothers are absorbed by the arcade; Binzi shifts from swagger to humiliation.. Wardrobe state: Children remain clean; CRT light changes color on clothes; bully clothes can be sweaty, not muddy.. Emotion state: Excited play turning into status pressure and embarrassment.. Environment stage lock: Low-ceiling hidden arcade, CRT glow, smoke haze, plastic curtain, cramped machine rows.. Identity locks: A Lei is the tall older brother with old thin metal-frame glasses, a blue worn tracksuit, protective posture, and a habit of pushing his glasses. Xiao Chuan is the middle/protagonist boy with round eyes, a slightly protruding right ear, half-open mouth, red scarf, blue school jacket and green schoolbag, often gripping the bag straps. Xiao Man is the smallest younger brother with a round head, rounder body, timid downcast eyes, warm old vest or pale shirt, hands gripping his hem, toes turned inward. Binzi is the short bully boss with dyed yellow hair and a compact aggressive body. The other three bullies must have distinct tall-thin, heavy, and errand-runner silhouettes. The image must look like a final movie frame or clean keyframe, not a storyboard drawing.","No text, no captions, no Chinese characters, no English letters, no labels, no arrows, no diagrams, no storyboard frame, no contact sheet, no sketch lines, no watermark. Avoid modern phones, modern cars, LED shop signs, polished mall interiors, fashionable contemporary clothes, glossy advertisement lighting, heroic violence, gore, blood focus, glamorized fighting, or characters looking like adults. Avoid panel-specific problems: 现代格斗游戏、哥哥和老大现实打斗、主角参与对战、多人混乱. Do not add alley mud, fight injury, corridor lighting, phone booth glow, or 8-bit pixels.","Follow whitebox_renders_v2/B02/WB2_ARCADE_MSB030.png; preserve axis, scale, foreground/midground/background, and subject blocking.",S1_ARCADE_PLAY,arcade play and humiliation,The brothers are absorbed by the arcade; Binzi shifts from swagger to humiliation.,"Children remain clean; CRT light changes color on clothes; bully clothes can be sweaty, not muddy.",Excited play turning into status pressure and embarrassment.,"Low-ceiling hidden arcade, CRT glow, smoke haze, plastic curtain, cramped machine rows.",whitebox_renders_v2/B02/WB2_ARCADE_MSB030.png
MSB031,B02,04,找到街霸,SCN_ARCADE,CAM_ARCADE_02_STREET_FIGHTER_CABINET,storyboard,A,visual_assets/pure/micro_storyboard/B02/MSB031_v001.png,visual_assets/annotated/micro_storyboard/B02/MSB031_v001_annotated.png,"Create a pure cinematic film still for AIGC video generation, 16:9 landscape, high-resolution, photoreal Chinese dreamcore realism, 1990s small-town China, humid yellowed childhood memory, low light, restrained VHS grain, real old clothes, lived-in surfaces, no visible text or annotations. Use the whitebox reference for composition and spatial relationship: whitebox_renders_v2/B02/WB2_ARCADE_MSB031.png. Panel MSB031, Clip 04 找到街霸, time 00:53. Scene lock: SCN_ARCADE. Camera reference: CAM_ARCADE_02_STREET_FIGHTER_CABINET. Shot size: 中景. Beat: 小川靠旁边看. Visual focus: 小川站在阿磊侧后，红领巾被屏幕光照亮，手还抓书包带. Character focus: 小川. Expression: 羡慕和紧张混合. Blocking and motion: 不碰机器，只看. Continuity anchors: 街头霸王街机、磨损摇杆、哥哥站操作位、主角旁观、小弟弟躲后、CRT 光. Story stage: S1_ARCADE_PLAY / arcade play and humiliation. Character stage lock: The brothers are absorbed by the arcade; Binzi shifts from swagger to humiliation.. Wardrobe state: Children remain clean; CRT light changes color on clothes; bully clothes can be sweaty, not muddy.. Emotion state: Excited play turning into status pressure and embarrassment.. Environment stage lock: Low-ceiling hidden arcade, CRT glow, smoke haze, plastic curtain, cramped machine rows.. Identity locks: A Lei is the tall older brother with old thin metal-frame glasses, a blue worn tracksuit, protective posture, and a habit of pushing his glasses. Xiao Chuan is the middle/protagonist boy with round eyes, a slightly protruding right ear, half-open mouth, red scarf, blue school jacket and green schoolbag, often gripping the bag straps. Xiao Man is the smallest younger brother with a round head, rounder body, timid downcast eyes, warm old vest or pale shirt, hands gripping his hem, toes turned inward. Binzi is the short bully boss with dyed yellow hair and a compact aggressive body. The other three bullies must have distinct tall-thin, heavy, and errand-runner silhouettes. The image must look like a final movie frame or clean keyframe, not a storyboard drawing.","No text, no captions, no Chinese characters, no English letters, no labels, no arrows, no diagrams, no storyboard frame, no contact sheet, no sketch lines, no watermark. Avoid modern phones, modern cars, LED shop signs, polished mall interiors, fashionable contemporary clothes, glossy advertisement lighting, heroic violence, gore, blood focus, glamorized fighting, or characters looking like adults. Avoid panel-specific problems: 现代格斗游戏、哥哥和老大现实打斗、主角参与对战、多人混乱. Do not add alley mud, fight injury, corridor lighting, phone booth glow, or 8-bit pixels.","Follow whitebox_renders_v2/B02/WB2_ARCADE_MSB031.png; preserve axis, scale, foreground/midground/background, and subject blocking.",S1_ARCADE_PLAY,arcade play and humiliation,The brothers are absorbed by the arcade; Binzi shifts from swagger to humiliation.,"Children remain clean; CRT light changes color on clothes; bully clothes can be sweaty, not muddy.",Excited play turning into status pressure and embarrassment.,"Low-ceiling hidden arcade, CRT glow, smoke haze, plastic curtain, cramped machine rows.",whitebox_renders_v2/B02/WB2_ARCADE_MSB031.png
MSB032,B02,04,找到街霸,SCN_ARCADE,CAM_ARCADE_02_STREET_FIGHTER_CABINET,storyboard,B,visual_assets/pure/micro_storyboard/B02/MSB032_v001.png,visual_assets/annotated/micro_storyboard/B02/MSB032_v001_annotated.png,"Create a pure cinematic film still for AIGC video generation, 16:9 landscape, high-resolution, photoreal Chinese dreamcore realism, 1990s small-town China, humid yellowed childhood memory, low light, restrained VHS grain, real old clothes, lived-in surfaces, no visible text or annotations. Use the whitebox reference for composition and spatial relationship: whitebox_renders_v2/B02/WB2_ARCADE_MSB032.png. Panel MSB032, Clip 04 找到街霸, time 00:55. Scene lock: SCN_ARCADE. Camera reference: CAM_ARCADE_02_STREET_FIGHTER_CABINET. Shot size: 中景. Beat: 小满躲机器后. Visual focus: 小满只露出半张脸和浅色衬衫，躲在小川身后看屏幕. Character focus: 小满. Expression: 好奇但怕人群. Blocking and motion: 贴近小川. Continuity anchors: 街头霸王街机、磨损摇杆、哥哥站操作位、主角旁观、小弟弟躲后、CRT 光. Story stage: S1_ARCADE_PLAY / arcade play and humiliation. Character stage lock: The brothers are absorbed by the arcade; Binzi shifts from swagger to humiliation.. Wardrobe state: Children remain clean; CRT light changes color on clothes; bully clothes can be sweaty, not muddy.. Emotion state: Excited play turning into status pressure and embarrassment.. Environment stage lock: Low-ceiling hidden arcade, CRT glow, smoke haze, plastic curtain, cramped machine rows.. Identity locks: A Lei is the tall older brother with old thin metal-frame glasses, a blue worn tracksuit, protective posture, and a habit of pushing his glasses. Xiao Chuan is the middle/protagonist boy with round eyes, a slightly protruding right ear, half-open mouth, red scarf, blue school jacket and green schoolbag, often gripping the bag straps. Xiao Man is the smallest younger brother with a round head, rounder body, timid downcast eyes, warm old vest or pale shirt, hands gripping his hem, toes turned inward. Binzi is the short bully boss with dyed yellow hair and a compact aggressive body. The other three bullies must have distinct tall-thin, heavy, and errand-runner silhouettes. The image must look like a final movie frame or clean keyframe, not a storyboard drawing.","No text, no captions, no Chinese characters, no English letters, no labels, no arrows, no diagrams, no storyboard frame, no contact sheet, no sketch lines, no watermark. Avoid modern phones, modern cars, LED shop signs, polished mall interiors, fashionable contemporary clothes, glossy advertisement lighting, heroic violence, gore, blood focus, glamorized fighting, or characters looking like adults. Avoid panel-specific problems: 现代格斗游戏、哥哥和老大现实打斗、主角参与对战、多人混乱. Do not add alley mud, fight injury, corridor lighting, phone booth glow, or 8-bit pixels.","Follow whitebox_renders_v2/B02/WB2_ARCADE_MSB032.png; preserve axis, scale, foreground/midground/background, and subject blocking.",S1_ARCADE_PLAY,arcade play and humiliation,The brothers are absorbed by the arcade; Binzi shifts from swagger to humiliation.,"Children remain clean; CRT light changes color on clothes; bully clothes can be sweaty, not muddy.",Excited play turning into status pressure and embarrassment.,"Low-ceiling hidden arcade, CRT glow, smoke haze, plastic curtain, cramped machine rows.",whitebox_renders_v2/B02/WB2_ARCADE_MSB032.png
MSB033,B02,04,找到街霸,SCN_ARCADE,CAM_ARCADE_02_STREET_FIGHTER_CABINET,storyboard,B,visual_assets/pure/micro_storyboard/B02/MSB033_v001.png,visual_assets/annotated/micro_storyboard/B02/MSB033_v001_annotated.png,"Create a pure cinematic film still for AIGC video generation, 16:9 landscape, high-resolution, photoreal Chinese dreamcore realism, 1990s small-town China, humid yellowed childhood memory, low light, restrained VHS grain, real old clothes, lived-in surfaces, no visible text or annotations. Use the whitebox reference for composition and spatial relationship: whitebox_renders_v2/B02/WB2_ARCADE_MSB033.png. Panel MSB033, Clip 04 找到街霸, time 00:57. Scene lock: SCN_ARCADE. Camera reference: CAM_ARCADE_02_STREET_FIGHTER_CABINET. Shot size: 特写. Beat: 按钮手部. Visual focus: 阿磊的儿童手指放到彩色按钮上，袖口磨毛和按钮划痕同框. Character focus: 阿磊/道具. Expression: 专注. Blocking and motion: 手开始操作前的准备. Continuity anchors: 街头霸王街机、磨损摇杆、哥哥站操作位、主角旁观、小弟弟躲后、CRT 光. Story stage: S1_ARCADE_PLAY / arcade play and humiliation. Character stage lock: The brothers are absorbed by the arcade; Binzi shifts from swagger to humiliation.. Wardrobe state: Children remain clean; CRT light changes color on clothes; bully clothes can be sweaty, not muddy.. Emotion state: Excited play turning into status pressure and embarrassment.. Environment stage lock: Low-ceiling hidden arcade, CRT glow, smoke haze, plastic curtain, cramped machine rows.. Identity locks: A Lei is the tall older brother with old thin metal-frame glasses, a blue worn tracksuit, protective posture, and a habit of pushing his glasses. Xiao Chuan is the middle/protagonist boy with round eyes, a slightly protruding right ear, half-open mouth, red scarf, blue school jacket and green schoolbag, often gripping the bag straps. Xiao Man is the smallest younger brother with a round head, rounder body, timid downcast eyes, warm old vest or pale shirt, hands gripping his hem, toes turned inward. Binzi is the short bully boss with dyed yellow hair and a compact aggressive body. The other three bullies must have distinct tall-thin, heavy, and errand-runner silhouettes. The image must look like a final movie frame or clean keyframe, not a storyboard drawing.","No text, no captions, no Chinese characters, no English letters, no labels, no arrows, no diagrams, no storyboard frame, no contact sheet, no sketch lines, no watermark. Avoid modern phones, modern cars, LED shop signs, polished mall interiors, fashionable contemporary clothes, glossy advertisement lighting, heroic violence, gore, blood focus, glamorized fighting, or characters looking like adults. Avoid panel-specific problems: 现代格斗游戏、哥哥和老大现实打斗、主角参与对战、多人混乱. Do not add alley mud, fight injury, corridor lighting, phone booth glow, or 8-bit pixels.","Follow whitebox_renders_v2/B02/WB2_ARCADE_MSB033.png; preserve axis, scale, foreground/midground/background, and subject blocking.",S1_ARCADE_PLAY,arcade play and humiliation,The brothers are absorbed by the arcade; Binzi shifts from swagger to humiliation.,"Children remain clean; CRT light changes color on clothes; bully clothes can be sweaty, not muddy.",Excited play turning into status pressure and embarrassment.,"Low-ceiling hidden arcade, CRT glow, smoke haze, plastic curtain, cramped machine rows.",whitebox_renders_v2/B02/WB2_ARCADE_MSB033.png
MSB034,B02,04,找到街霸,SCN_ARCADE,CAM_ARCADE_02_STREET_FIGHTER_CABINET,storyboard,A,visual_assets/pure/micro_storyboard/B02/MSB034_v001.png,visual_assets/annotated/micro_storyboard/B02/MSB034_v001_annotated.png,"Create a pure cinematic film still for AIGC video generation, 16:9 landscape, high-resolution, photoreal Chinese dreamcore realism, 1990s small-town China, humid yellowed childhood memory, low light, restrained VHS grain, real old clothes, lived-in surfaces, no visible text or annotations. Use the whitebox reference for composition and spatial relationship: whitebox_renders_v2/B02/WB2_ARCADE_MSB034.png. Panel MSB034, Clip 04 找到街霸, time 00:58. Scene lock: SCN_ARCADE. Camera reference: CAM_ARCADE_02_STREET_FIGHTER_CABINET. Shot size: 中景. Beat: 彬子进入边缘. Visual focus: 彬子从机器另一侧进入画面，黄发梢和黑夹克先被看见. Character focus: 彬子. Expression: 挑衅假笑. Blocking and motion: 下巴前顶，靠近机器. Continuity anchors: 街头霸王街机、磨损摇杆、哥哥站操作位、主角旁观、小弟弟躲后、CRT 光. Story stage: S1_ARCADE_PLAY / arcade play and humiliation. Character stage lock: The brothers are absorbed by the arcade; Binzi shifts from swagger to humiliation.. Wardrobe state: Children remain clean; CRT light changes color on clothes; bully clothes can be sweaty, not muddy.. Emotion state: Excited play turning into status pressure and embarrassment.. Environment stage lock: Low-ceiling hidden arcade, CRT glow, smoke haze, plastic curtain, cramped machine rows.. Identity locks: A Lei is the tall older brother with old thin metal-frame glasses, a blue worn tracksuit, protective posture, and a habit of pushing his glasses. Xiao Chuan is the middle/protagonist boy with round eyes, a slightly protruding right ear, half-open mouth, red scarf, blue school jacket and green schoolbag, often gripping the bag straps. Xiao Man is the smallest younger brother with a round head, rounder body, timid downcast eyes, warm old vest or pale shirt, hands gripping his hem, toes turned inward. Binzi is the short bully boss with dyed yellow hair and a compact aggressive body. The other three bullies must have distinct tall-thin, heavy, and errand-runner silhouettes. The image must look like a final movie frame or clean keyframe, not a storyboard drawing.","No text, no captions, no Chinese characters, no English letters, no labels, no arrows, no diagrams, no storyboard frame, no contact sheet, no sketch lines, no watermark. Avoid modern phones, modern cars, LED shop signs, polished mall interiors, fashionable contemporary clothes, glossy advertisement lighting, heroic violence, gore, blood focus, glamorized fighting, or characters looking like adults. Avoid panel-specific problems: 现代格斗游戏、哥哥和老大现实打斗、主角参与对战、多人混乱. Do not add alley mud, fight injury, corridor lighting, phone booth glow, or 8-bit pixels.","Follow whitebox_renders_v2/B02/WB2_ARCADE_MSB034.png; preserve axis, scale, foreground/midground/background, and subject blocking.",S1_ARCADE_PLAY,arcade play and humiliation,The brothers are absorbed by the arcade; Binzi shifts from swagger to humiliation.,"Children remain clean; CRT light changes color on clothes; bully clothes can be sweaty, not muddy.",Excited play turning into status pressure and embarrassment.,"Low-ceiling hidden arcade, CRT glow, smoke haze, plastic curtain, cramped machine rows.",whitebox_renders_v2/B02/WB2_ARCADE_MSB034.png
MSB035,B02,04,找到街霸,SCN_ARCADE,CAM_ARCADE_02_STREET_FIGHTER_CABINET,start_frame,A,visual_assets/pure/micro_storyboard/B02/MSB035_v001.png,visual_assets/annotated/micro_storyboard/B02/MSB035_v001_annotated.png,"Create a pure cinematic film still for AIGC video generation, 16:9 landscape, high-resolution, photoreal Chinese dreamcore realism, 1990s small-town China, humid yellowed childhood memory, low light, restrained VHS grain, real old clothes, lived-in surfaces, no visible text or annotations. Use the whitebox reference for composition and spatial relationship: whitebox_renders_v2/B02/WB2_ARCADE_MSB035.png. Panel MSB035, Clip 04 找到街霸, time 01:00. Scene lock: SCN_ARCADE. Camera reference: CAM_ARCADE_02_STREET_FIGHTER_CABINET. Shot size: 中景. Beat: 两侧对位. Visual focus: 阿磊和彬子分别站在机器两侧，屏幕在中间，身高差和气势差清楚. Character focus: 阿磊/彬子. Expression: 阿磊装稳，彬子轻蔑. Blocking and motion: 对战站位锁定. Continuity anchors: 街头霸王街机、磨损摇杆、哥哥站操作位、主角旁观、小弟弟躲后、CRT 光. Story stage: S1_ARCADE_PLAY / arcade play and humiliation. Character stage lock: The brothers are absorbed by the arcade; Binzi shifts from swagger to humiliation.. Wardrobe state: Children remain clean; CRT light changes color on clothes; bully clothes can be sweaty, not muddy.. Emotion state: Excited play turning into status pressure and embarrassment.. Environment stage lock: Low-ceiling hidden arcade, CRT glow, smoke haze, plastic curtain, cramped machine rows.. Identity locks: A Lei is the tall older brother with old thin metal-frame glasses, a blue worn tracksuit, protective posture, and a habit of pushing his glasses. Xiao Chuan is the middle/protagonist boy with round eyes, a slightly protruding right ear, half-open mouth, red scarf, blue school jacket and green schoolbag, often gripping the bag straps. Xiao Man is the smallest younger brother with a round head, rounder body, timid downcast eyes, warm old vest or pale shirt, hands gripping his hem, toes turned inward. Binzi is the short bully boss with dyed yellow hair and a compact aggressive body. The other three bullies must have distinct tall-thin, heavy, and errand-runner silhouettes. The image must look like a final movie frame or clean keyframe, not a storyboard drawing.","No text, no captions, no Chinese characters, no English letters, no labels, no arrows, no diagrams, no storyboard frame, no contact sheet, no sketch lines, no watermark. Avoid modern phones, modern cars, LED shop signs, polished mall interiors, fashionable contemporary clothes, glossy advertisement lighting, heroic violence, gore, blood focus, glamorized fighting, or characters looking like adults. Avoid panel-specific problems: 现代格斗游戏、哥哥和老大现实打斗、主角参与对战、多人混乱. Do not add alley mud, fight injury, corridor lighting, phone booth glow, or 8-bit pixels.","Follow whitebox_renders_v2/B02/WB2_ARCADE_MSB035.png; preserve axis, scale, foreground/midground/background, and subject blocking.",S1_ARCADE_PLAY,arcade play and humiliation,The brothers are absorbed by the arcade; Binzi shifts from swagger to humiliation.,"Children remain clean; CRT light changes color on clothes; bully clothes can be sweaty, not muddy.",Excited play turning into status pressure and embarrassment.,"Low-ceiling hidden arcade, CRT glow, smoke haze, plastic curtain, cramped machine rows.",whitebox_renders_v2/B02/WB2_ARCADE_MSB035.png
MSB036,B02,04,找到街霸,SCN_ARCADE,CAM_ARCADE_02_STREET_FIGHTER_CABINET,storyboard,B,visual_assets/pure/micro_storyboard/B02/MSB036_v001.png,visual_assets/annotated/micro_storyboard/B02/MSB036_v001_annotated.png,"Create a pure cinematic film still for AIGC video generation, 16:9 landscape, high-resolution, photoreal Chinese dreamcore realism, 1990s small-town China, humid yellowed childhood memory, low light, restrained VHS grain, real old clothes, lived-in surfaces, no visible text or annotations. Use the whitebox reference for composition and spatial relationship: whitebox_renders_v2/B02/WB2_ARCADE_MSB036.png. Panel MSB036, Clip 04 找到街霸, time 01:02. Scene lock: SCN_ARCADE. Camera reference: CAM_ARCADE_02_STREET_FIGHTER_CABINET. Shot size: 近景. Beat: 小川反应. Visual focus: 小川看见彬子，笑意收住，眼睛从屏幕移到彬子脸上. Character focus: 小川. Expression: 警觉但不懂危险. Blocking and motion: 头部小幅转移. Continuity anchors: 街头霸王街机、磨损摇杆、哥哥站操作位、主角旁观、小弟弟躲后、CRT 光. Story stage: S1_ARCADE_PLAY / arcade play and humiliation. Character stage lock: The brothers are absorbed by the arcade; Binzi shifts from swagger to humiliation.. Wardrobe state: Children remain clean; CRT light changes color on clothes; bully clothes can be sweaty, not muddy.. Emotion state: Excited play turning into status pressure and embarrassment.. Environment stage lock: Low-ceiling hidden arcade, CRT glow, smoke haze, plastic curtain, cramped machine rows.. Identity locks: A Lei is the tall older brother with old thin metal-frame glasses, a blue worn tracksuit, protective posture, and a habit of pushing his glasses. Xiao Chuan is the middle/protagonist boy with round eyes, a slightly protruding right ear, half-open mouth, red scarf, blue school jacket and green schoolbag, often gripping the bag straps. Xiao Man is the smallest younger brother with a round head, rounder body, timid downcast eyes, warm old vest or pale shirt, hands gripping his hem, toes turned inward. Binzi is the short bully boss with dyed yellow hair and a compact aggressive body. The other three bullies must have distinct tall-thin, heavy, and errand-runner silhouettes. The image must look like a final movie frame or clean keyframe, not a storyboard drawing.","No text, no captions, no Chinese characters, no English letters, no labels, no arrows, no diagrams, no storyboard frame, no contact sheet, no sketch lines, no watermark. Avoid modern phones, modern cars, LED shop signs, polished mall interiors, fashionable contemporary clothes, glossy advertisement lighting, heroic violence, gore, blood focus, glamorized fighting, or characters looking like adults. Avoid panel-specific problems: 现代格斗游戏、哥哥和老大现实打斗、主角参与对战、多人混乱. Do not add alley mud, fight injury, corridor lighting, phone booth glow, or 8-bit pixels.","Follow whitebox_renders_v2/B02/WB2_ARCADE_MSB036.png; preserve axis, scale, foreground/midground/background, and subject blocking.",S1_ARCADE_PLAY,arcade play and humiliation,The brothers are absorbed by the arcade; Binzi shifts from swagger to humiliation.,"Children remain clean; CRT light changes color on clothes; bully clothes can be sweaty, not muddy.",Excited play turning into status pressure and embarrassment.,"Low-ceiling hidden arcade, CRT glow, smoke haze, plastic curtain, cramped machine rows.",whitebox_renders_v2/B02/WB2_ARCADE_MSB036.png
MSB037,B02,04,找到街霸,SCN_ARCADE,CAM_ARCADE_02_STREET_FIGHTER_CABINET,end_frame,B,visual_assets/pure/micro_storyboard/B02/MSB037_v001.png,visual_assets/annotated/micro_storyboard/B02/MSB037_v001_annotated.png,"Create a pure cinematic film still for AIGC video generation, 16:9 landscape, high-resolution, photoreal Chinese dreamcore realism, 1990s small-town China, humid yellowed childhood memory, low light, restrained VHS grain, real old clothes, lived-in surfaces, no visible text or annotations. Use the whitebox reference for composition and spatial relationship: whitebox_renders_v2/B02/WB2_ARCADE_MSB037.png. Panel MSB037, Clip 04 找到街霸, time 01:04. Scene lock: SCN_ARCADE. Camera reference: CAM_ARCADE_02_STREET_FIGHTER_CABINET. Shot size: 特写. Beat: 硬币入槽. Visual focus: 硬币投入街机槽，金属声和 CRT 光形成对战开始点. Character focus: 道具. Expression: 无人物，仪式感. Blocking and motion: 手离开硬币槽. Continuity anchors: 街头霸王街机、磨损摇杆、哥哥站操作位、主角旁观、小弟弟躲后、CRT 光. Story stage: S1_ARCADE_PLAY / arcade play and humiliation. Character stage lock: The brothers are absorbed by the arcade; Binzi shifts from swagger to humiliation.. Wardrobe state: Children remain clean; CRT light changes color on clothes; bully clothes can be sweaty, not muddy.. Emotion state: Excited play turning into status pressure and embarrassment.. Environment stage lock: Low-ceiling hidden arcade, CRT glow, smoke haze, plastic curtain, cramped machine rows.. Identity locks: A Lei is the tall older brother with old thin metal-frame glasses, a blue worn tracksuit, protective posture, and a habit of pushing his glasses. Xiao Chuan is the middle/protagonist boy with round eyes, a slightly protruding right ear, half-open mouth, red scarf, blue school jacket and green schoolbag, often gripping the bag straps. Xiao Man is the smallest younger brother with a round head, rounder body, timid downcast eyes, warm old vest or pale shirt, hands gripping his hem, toes turned inward. Binzi is the short bully boss with dyed yellow hair and a compact aggressive body. The other three bullies must have distinct tall-thin, heavy, and errand-runner silhouettes. The image must look like a final movie frame or clean keyframe, not a storyboard drawing.","No text, no captions, no Chinese characters, no English letters, no labels, no arrows, no diagrams, no storyboard frame, no contact sheet, no sketch lines, no watermark. Avoid modern phones, modern cars, LED shop signs, polished mall interiors, fashionable contemporary clothes, glossy advertisement lighting, heroic violence, gore, blood focus, glamorized fighting, or characters looking like adults. Avoid panel-specific problems: 现代格斗游戏、哥哥和老大现实打斗、主角参与对战、多人混乱. Do not add alley mud, fight injury, corridor lighting, phone booth glow, or 8-bit pixels.","Follow whitebox_renders_v2/B02/WB2_ARCADE_MSB037.png; preserve axis, scale, foreground/midground/background, and subject blocking.",S1_ARCADE_PLAY,arcade play and humiliation,The brothers are absorbed by the arcade; Binzi shifts from swagger to humiliation.,"Children remain clean; CRT light changes color on clothes; bully clothes can be sweaty, not muddy.",Excited play turning into status pressure and embarrassment.,"Low-ceiling hidden arcade, CRT glow, smoke haze, plastic curtain, cramped machine rows.",whitebox_renders_v2/B02/WB2_ARCADE_MSB037.png
MSB038,B02,05,哥哥打赢老大,SCN_ARCADE,CAM_ARCADE_03_DUEL_OVER_SHOULDER,start_frame,A,visual_assets/pure/micro_storyboard/B02/MSB038_v001.png,visual_assets/annotated/micro_storyboard/B02/MSB038_v001_annotated.png,"Create a pure cinematic film still for AIGC video generation, 16:9 landscape, high-resolution, photoreal Chinese dreamcore realism, 1990s small-town China, humid yellowed childhood memory, low light, restrained VHS grain, real old clothes, lived-in surfaces, no visible text or annotations. Use the whitebox reference for composition and spatial relationship: whitebox_renders_v2/B02/WB2_ARCADE_MSB038.png. Panel MSB038, Clip 05 哥哥打赢老大, time 01:06. Scene lock: SCN_ARCADE. Camera reference: CAM_ARCADE_03_DUEL_OVER_SHOULDER. Shot size: 过肩中景. Beat: 对战开局肩背. Visual focus: 阿磊左前景肩背、彬子右侧，街霸屏幕夹在中间. Character focus: 阿磊/彬子. Expression: 双方专注，彬子假笑. Blocking and motion: 镜头固定在屏幕和肩背之间. Continuity anchors: 哥哥左侧，彬子右侧，街霸屏幕居中，CRT 胜利红光，主角旁观. Story stage: S1_ARCADE_PLAY / arcade play and humiliation. Character stage lock: The brothers are absorbed by the arcade; Binzi shifts from swagger to humiliation.. Wardrobe state: Children remain clean; CRT light changes color on clothes; bully clothes can be sweaty, not muddy.. Emotion state: Excited play turning into status pressure and embarrassment.. Environment stage lock: Low-ceiling hidden arcade, CRT glow, smoke haze, plastic curtain, cramped machine rows.. Identity locks: A Lei is the tall older brother with old thin metal-frame glasses, a blue worn tracksuit, protective posture, and a habit of pushing his glasses. Xiao Chuan is the middle/protagonist boy with round eyes, a slightly protruding right ear, half-open mouth, red scarf, blue school jacket and green schoolbag, often gripping the bag straps. Xiao Man is the smallest younger brother with a round head, rounder body, timid downcast eyes, warm old vest or pale shirt, hands gripping his hem, toes turned inward. Binzi is the short bully boss with dyed yellow hair and a compact aggressive body. The other three bullies must have distinct tall-thin, heavy, and errand-runner silhouettes. The image must look like a final movie frame or clean keyframe, not a storyboard drawing.","No text, no captions, no Chinese characters, no English letters, no labels, no arrows, no diagrams, no storyboard frame, no contact sheet, no sketch lines, no watermark. Avoid modern phones, modern cars, LED shop signs, polished mall interiors, fashionable contemporary clothes, glossy advertisement lighting, heroic violence, gore, blood focus, glamorized fighting, or characters looking like adults. Avoid panel-specific problems: 现实拳脚打斗、主角参与对战、屏幕变现代游戏、胜利过度欢乐. Do not add alley mud, fight injury, corridor lighting, phone booth glow, or 8-bit pixels.","Follow whitebox_renders_v2/B02/WB2_ARCADE_MSB038.png; preserve axis, scale, foreground/midground/background, and subject blocking.",S1_ARCADE_PLAY,arcade play and humiliation,The brothers are absorbed by the arcade; Binzi shifts from swagger to humiliation.,"Children remain clean; CRT light changes color on clothes; bully clothes can be sweaty, not muddy.",Excited play turning into status pressure and embarrassment.,"Low-ceiling hidden arcade, CRT glow, smoke haze, plastic curtain, cramped machine rows.",whitebox_renders_v2/B02/WB2_ARCADE_MSB038.png
MSB039,B02,05,哥哥打赢老大,SCN_ARCADE,CAM_ARCADE_03_DUEL_OVER_SHOULDER,storyboard,B,visual_assets/pure/micro_storyboard/B02/MSB039_v001.png,visual_assets/annotated/micro_storyboard/B02/MSB039_v001_annotated.png,"Create a pure cinematic film still for AIGC video generation, 16:9 landscape, high-resolution, photoreal Chinese dreamcore realism, 1990s small-town China, humid yellowed childhood memory, low light, restrained VHS grain, real old clothes, lived-in surfaces, no visible text or annotations. Use the whitebox reference for composition and spatial relationship: whitebox_renders_v2/B02/WB2_ARCADE_MSB039.png. Panel MSB039, Clip 05 哥哥打赢老大, time 01:07. Scene lock: SCN_ARCADE. Camera reference: CAM_ARCADE_03_DUEL_OVER_SHOULDER. Shot size: 特写. Beat: 阿磊快速按键. Visual focus: 阿磊手指在彩色按钮上快速动作，袖口磨毛明显. Character focus: 阿磊/道具. Expression: 手部紧张兴奋. Blocking and motion: 只拍手和按钮. Continuity anchors: 哥哥左侧，彬子右侧，街霸屏幕居中，CRT 胜利红光，主角旁观. Story stage: S1_ARCADE_PLAY / arcade play and humiliation. Character stage lock: The brothers are absorbed by the arcade; Binzi shifts from swagger to humiliation.. Wardrobe state: Children remain clean; CRT light changes color on clothes; bully clothes can be sweaty, not muddy.. Emotion state: Excited play turning into status pressure and embarrassment.. Environment stage lock: Low-ceiling hidden arcade, CRT glow, smoke haze, plastic curtain, cramped machine rows.. Identity locks: A Lei is the tall older brother with old thin metal-frame glasses, a blue worn tracksuit, protective posture, and a habit of pushing his glasses. Xiao Chuan is the middle/protagonist boy with round eyes, a slightly protruding right ear, half-open mouth, red scarf, blue school jacket and green schoolbag, often gripping the bag straps. Xiao Man is the smallest younger brother with a round head, rounder body, timid downcast eyes, warm old vest or pale shirt, hands gripping his hem, toes turned inward. Binzi is the short bully boss with dyed yellow hair and a compact aggressive body. The other three bullies must have distinct tall-thin, heavy, and errand-runner silhouettes. The image must look like a final movie frame or clean keyframe, not a storyboard drawing.","No text, no captions, no Chinese characters, no English letters, no labels, no arrows, no diagrams, no storyboard frame, no contact sheet, no sketch lines, no watermark. Avoid modern phones, modern cars, LED shop signs, polished mall interiors, fashionable contemporary clothes, glossy advertisement lighting, heroic violence, gore, blood focus, glamorized fighting, or characters looking like adults. Avoid panel-specific problems: 现实拳脚打斗、主角参与对战、屏幕变现代游戏、胜利过度欢乐. Do not add alley mud, fight injury, corridor lighting, phone booth glow, or 8-bit pixels.","Follow whitebox_renders_v2/B02/WB2_ARCADE_MSB039.png; preserve axis, scale, foreground/midground/background, and subject blocking.",S1_ARCADE_PLAY,arcade play and humiliation,The brothers are absorbed by the arcade; Binzi shifts from swagger to humiliation.,"Children remain clean; CRT light changes color on clothes; bully clothes can be sweaty, not muddy.",Excited play turning into status pressure and embarrassment.,"Low-ceiling hidden arcade, CRT glow, smoke haze, plastic curtain, cramped machine rows.",whitebox_renders_v2/B02/WB2_ARCADE_MSB039.png
MSB040,B02,05,哥哥打赢老大,SCN_ARCADE,CAM_ARCADE_03_DUEL_OVER_SHOULDER,storyboard,A,visual_assets/pure/micro_storyboard/B02/MSB040_v001.png,visual_assets/annotated/micro_storyboard/B02/MSB040_v001_annotated.png,"Create a pure cinematic film still for AIGC video generation, 16:9 landscape, high-resolution, photoreal Chinese dreamcore realism, 1990s small-town China, humid yellowed childhood memory, low light, restrained VHS grain, real old clothes, lived-in surfaces, no visible text or annotations. Use the whitebox reference for composition and spatial relationship: whitebox_renders_v2/B02/WB2_ARCADE_MSB040.png. Panel MSB040, Clip 05 哥哥打赢老大, time 01:09. Scene lock: SCN_ARCADE. Camera reference: CAM_ARCADE_03_DUEL_OVER_SHOULDER. Shot size: 近景. Beat: 彬子挑衅侧脸. Visual focus: 彬子侧脸被 CRT 光照亮，嘴角歪，眼睛从下往上瞪. Character focus: 彬子. Expression: 挑衅，觉得必赢. Blocking and motion: 下巴前顶. Continuity anchors: 哥哥左侧，彬子右侧，街霸屏幕居中，CRT 胜利红光，主角旁观. Story stage: S1_ARCADE_PLAY / arcade play and humiliation. Character stage lock: The brothers are absorbed by the arcade; Binzi shifts from swagger to humiliation.. Wardrobe state: Children remain clean; CRT light changes color on clothes; bully clothes can be sweaty, not muddy.. Emotion state: Excited play turning into status pressure and embarrassment.. Environment stage lock: Low-ceiling hidden arcade, CRT glow, smoke haze, plastic curtain, cramped machine rows.. Identity locks: A Lei is the tall older brother with old thin metal-frame glasses, a blue worn tracksuit, protective posture, and a habit of pushing his glasses. Xiao Chuan is the middle/protagonist boy with round eyes, a slightly protruding right ear, half-open mouth, red scarf, blue school jacket and green schoolbag, often gripping the bag straps. Xiao Man is the smallest younger brother with a round head, rounder body, timid downcast eyes, warm old vest or pale shirt, hands gripping his hem, toes turned inward. Binzi is the short bully boss with dyed yellow hair and a compact aggressive body. The other three bullies must have distinct tall-thin, heavy, and errand-runner silhouettes. The image must look like a final movie frame or clean keyframe, not a storyboard drawing.","No text, no captions, no Chinese characters, no English letters, no labels, no arrows, no diagrams, no storyboard frame, no contact sheet, no sketch lines, no watermark. Avoid modern phones, modern cars, LED shop signs, polished mall interiors, fashionable contemporary clothes, glossy advertisement lighting, heroic violence, gore, blood focus, glamorized fighting, or characters looking like adults. Avoid panel-specific problems: 现实拳脚打斗、主角参与对战、屏幕变现代游戏、胜利过度欢乐. Do not add alley mud, fight injury, corridor lighting, phone booth glow, or 8-bit pixels.","Follow whitebox_renders_v2/B02/WB2_ARCADE_MSB040.png; preserve axis, scale, foreground/midground/background, and subject blocking.",S1_ARCADE_PLAY,arcade play and humiliation,The brothers are absorbed by the arcade; Binzi shifts from swagger to humiliation.,"Children remain clean; CRT light changes color on clothes; bully clothes can be sweaty, not muddy.",Excited play turning into status pressure and embarrassment.,"Low-ceiling hidden arcade, CRT glow, smoke haze, plastic curtain, cramped machine rows.",whitebox_renders_v2/B02/WB2_ARCADE_MSB040.png
MSB041,B02,05,哥哥打赢老大,SCN_ARCADE,CAM_ARCADE_03_DUEL_OVER_SHOULDER,storyboard,B,visual_assets/pure/micro_storyboard/B02/MSB041_v001.png,visual_assets/annotated/micro_storyboard/B02/MSB041_v001_annotated.png,"Create a pure cinematic film still for AIGC video generation, 16:9 landscape, high-resolution, photoreal Chinese dreamcore realism, 1990s small-town China, humid yellowed childhood memory, low light, restrained VHS grain, real old clothes, lived-in surfaces, no visible text or annotations. Use the whitebox reference for composition and spatial relationship: whitebox_renders_v2/B02/WB2_ARCADE_MSB041.png. Panel MSB041, Clip 05 哥哥打赢老大, time 01:11. Scene lock: SCN_ARCADE. Camera reference: CAM_ARCADE_03_DUEL_OVER_SHOULDER. Shot size: 近景. Beat: 小川看哥哥. Visual focus: 小川不看屏幕，先看阿磊脸色，试图判断能不能高兴. Character focus: 小川. Expression: 期待但谨慎. Blocking and motion: 攥书包带更紧. Continuity anchors: 哥哥左侧，彬子右侧，街霸屏幕居中，CRT 胜利红光，主角旁观. Story stage: S1_ARCADE_PLAY / arcade play and humiliation. Character stage lock: The brothers are absorbed by the arcade; Binzi shifts from swagger to humiliation.. Wardrobe state: Children remain clean; CRT light changes color on clothes; bully clothes can be sweaty, not muddy.. Emotion state: Excited play turning into status pressure and embarrassment.. Environment stage lock: Low-ceiling hidden arcade, CRT glow, smoke haze, plastic curtain, cramped machine rows.. Identity locks: A Lei is the tall older brother with old thin metal-frame glasses, a blue worn tracksuit, protective posture, and a habit of pushing his glasses. Xiao Chuan is the middle/protagonist boy with round eyes, a slightly protruding right ear, half-open mouth, red scarf, blue school jacket and green schoolbag, often gripping the bag straps. Xiao Man is the smallest younger brother with a round head, rounder body, timid downcast eyes, warm old vest or pale shirt, hands gripping his hem, toes turned inward. Binzi is the short bully boss with dyed yellow hair and a compact aggressive body. The other three bullies must have distinct tall-thin, heavy, and errand-runner silhouettes. The image must look like a final movie frame or clean keyframe, not a storyboard drawing.","No text, no captions, no Chinese characters, no English letters, no labels, no arrows, no diagrams, no storyboard frame, no contact sheet, no sketch lines, no watermark. Avoid modern phones, modern cars, LED shop signs, polished mall interiors, fashionable contemporary clothes, glossy advertisement lighting, heroic violence, gore, blood focus, glamorized fighting, or characters looking like adults. Avoid panel-specific problems: 现实拳脚打斗、主角参与对战、屏幕变现代游戏、胜利过度欢乐. Do not add alley mud, fight injury, corridor lighting, phone booth glow, or 8-bit pixels.","Follow whitebox_renders_v2/B02/WB2_ARCADE_MSB041.png; preserve axis, scale, foreground/midground/background, and subject blocking.",S1_ARCADE_PLAY,arcade play and humiliation,The brothers are absorbed by the arcade; Binzi shifts from swagger to humiliation.,"Children remain clean; CRT light changes color on clothes; bully clothes can be sweaty, not muddy.",Excited play turning into status pressure and embarrassment.,"Low-ceiling hidden arcade, CRT glow, smoke haze, plastic curtain, cramped machine rows.",whitebox_renders_v2/B02/WB2_ARCADE_MSB041.png
MSB042,B02,05,哥哥打赢老大,SCN_ARCADE,CAM_ARCADE_03_DUEL_OVER_SHOULDER,storyboard,B,visual_assets/pure/micro_storyboard/B02/MSB042_v001.png,visual_assets/annotated/micro_storyboard/B02/MSB042_v001_annotated.png,"Create a pure cinematic film still for AIGC video generation, 16:9 landscape, high-resolution, photoreal Chinese dreamcore realism, 1990s small-town China, humid yellowed childhood memory, low light, restrained VHS grain, real old clothes, lived-in surfaces, no visible text or annotations. Use the whitebox reference for composition and spatial relationship: whitebox_renders_v2/B02/WB2_ARCADE_MSB042.png. Panel MSB042, Clip 05 哥哥打赢老大, time 01:13. Scene lock: SCN_ARCADE. Camera reference: CAM_ARCADE_03_DUEL_OVER_SHOULDER. Shot size: 特写. Beat: 屏幕战斗闪白. Visual focus: 街霸屏幕出现强烈攻击闪光，不需要真实游戏版权细节. Character focus: 街机屏幕. Expression: 激烈但仍在游戏内. Blocking and motion: CRT 闪烁. Continuity anchors: 哥哥左侧，彬子右侧，街霸屏幕居中，CRT 胜利红光，主角旁观. Story stage: S1_ARCADE_PLAY / arcade play and humiliation. Character stage lock: The brothers are absorbed by the arcade; Binzi shifts from swagger to humiliation.. Wardrobe state: Children remain clean; CRT light changes color on clothes; bully clothes can be sweaty, not muddy.. Emotion state: Excited play turning into status pressure and embarrassment.. Environment stage lock: Low-ceiling hidden arcade, CRT glow, smoke haze, plastic curtain, cramped machine rows.. Identity locks: A Lei is the tall older brother with old thin metal-frame glasses, a blue worn tracksuit, protective posture, and a habit of pushing his glasses. Xiao Chuan is the middle/protagonist boy with round eyes, a slightly protruding right ear, half-open mouth, red scarf, blue school jacket and green schoolbag, often gripping the bag straps. Xiao Man is the smallest younger brother with a round head, rounder body, timid downcast eyes, warm old vest or pale shirt, hands gripping his hem, toes turned inward. Binzi is the short bully boss with dyed yellow hair and a compact aggressive body. The other three bullies must have distinct tall-thin, heavy, and errand-runner silhouettes. The image must look like a final movie frame or clean keyframe, not a storyboard drawing.","No text, no captions, no Chinese characters, no English letters, no labels, no arrows, no diagrams, no storyboard frame, no contact sheet, no sketch lines, no watermark. Avoid modern phones, modern cars, LED shop signs, polished mall interiors, fashionable contemporary clothes, glossy advertisement lighting, heroic violence, gore, blood focus, glamorized fighting, or characters looking like adults. Avoid panel-specific problems: 现实拳脚打斗、主角参与对战、屏幕变现代游戏、胜利过度欢乐. Do not add alley mud, fight injury, corridor lighting, phone booth glow, or 8-bit pixels.","Follow whitebox_renders_v2/B02/WB2_ARCADE_MSB042.png; preserve axis, scale, foreground/midground/background, and subject blocking.",S1_ARCADE_PLAY,arcade play and humiliation,The brothers are absorbed by the arcade; Binzi shifts from swagger to humiliation.,"Children remain clean; CRT light changes color on clothes; bully clothes can be sweaty, not muddy.",Excited play turning into status pressure and embarrassment.,"Low-ceiling hidden arcade, CRT glow, smoke haze, plastic curtain, cramped machine rows.",whitebox_renders_v2/B02/WB2_ARCADE_MSB042.png
MSB043,B02,05,哥哥打赢老大,SCN_ARCADE,CAM_ARCADE_03_DUEL_OVER_SHOULDER,storyboard,A,visual_assets/pure/micro_storyboard/B02/MSB043_v001.png,visual_assets/annotated/micro_storyboard/B02/MSB043_v001_annotated.png,"Create a pure cinematic film still for AIGC video generation, 16:9 landscape, high-resolution, photoreal Chinese dreamcore realism, 1990s small-town China, humid yellowed childhood memory, low light, restrained VHS grain, real old clothes, lived-in surfaces, no visible text or annotations. Use the whitebox reference for composition and spatial relationship: whitebox_renders_v2/B02/WB2_ARCADE_MSB043.png. Panel MSB043, Clip 05 哥哥打赢老大, time 01:15. Scene lock: SCN_ARCADE. Camera reference: CAM_ARCADE_03_DUEL_OVER_SHOULDER. Shot size: 中近景. Beat: 阿磊嘴角压不住. Visual focus: 阿磊嘴角轻微上扬但不敢太明显，肩膀一抖. Character focus: 阿磊. Expression: 快赢的得意. Blocking and motion: 手继续操作. Continuity anchors: 哥哥左侧，彬子右侧，街霸屏幕居中，CRT 胜利红光，主角旁观. Story stage: S1_ARCADE_PLAY / arcade play and humiliation. Character stage lock: The brothers are absorbed by the arcade; Binzi shifts from swagger to humiliation.. Wardrobe state: Children remain clean; CRT light changes color on clothes; bully clothes can be sweaty, not muddy.. Emotion state: Excited play turning into status pressure and embarrassment.. Environment stage lock: Low-ceiling hidden arcade, CRT glow, smoke haze, plastic curtain, cramped machine rows.. Identity locks: A Lei is the tall older brother with old thin metal-frame glasses, a blue worn tracksuit, protective posture, and a habit of pushing his glasses. Xiao Chuan is the middle/protagonist boy with round eyes, a slightly protruding right ear, half-open mouth, red scarf, blue school jacket and green schoolbag, often gripping the bag straps. Xiao Man is the smallest younger brother with a round head, rounder body, timid downcast eyes, warm old vest or pale shirt, hands gripping his hem, toes turned inward. Binzi is the short bully boss with dyed yellow hair and a compact aggressive body. The other three bullies must have distinct tall-thin, heavy, and errand-runner silhouettes. The image must look like a final movie frame or clean keyframe, not a storyboard drawing.","No text, no captions, no Chinese characters, no English letters, no labels, no arrows, no diagrams, no storyboard frame, no contact sheet, no sketch lines, no watermark. Avoid modern phones, modern cars, LED shop signs, polished mall interiors, fashionable contemporary clothes, glossy advertisement lighting, heroic violence, gore, blood focus, glamorized fighting, or characters looking like adults. Avoid panel-specific problems: 现实拳脚打斗、主角参与对战、屏幕变现代游戏、胜利过度欢乐. Do not add alley mud, fight injury, corridor lighting, phone booth glow, or 8-bit pixels.","Follow whitebox_renders_v2/B02/WB2_ARCADE_MSB043.png; preserve axis, scale, foreground/midground/background, and subject blocking.",S1_ARCADE_PLAY,arcade play and humiliation,The brothers are absorbed by the arcade; Binzi shifts from swagger to humiliation.,"Children remain clean; CRT light changes color on clothes; bully clothes can be sweaty, not muddy.",Excited play turning into status pressure and embarrassment.,"Low-ceiling hidden arcade, CRT glow, smoke haze, plastic curtain, cramped machine rows.",whitebox_renders_v2/B02/WB2_ARCADE_MSB043.png
MSB044,B02,05,哥哥打赢老大,SCN_ARCADE,CAM_ARCADE_03_DUEL_OVER_SHOULDER,storyboard,A,visual_assets/pure/micro_storyboard/B02/MSB044_v001.png,visual_assets/annotated/micro_storyboard/B02/MSB044_v001_annotated.png,"Create a pure cinematic film still for AIGC video generation, 16:9 landscape, high-resolution, photoreal Chinese dreamcore realism, 1990s small-town China, humid yellowed childhood memory, low light, restrained VHS grain, real old clothes, lived-in surfaces, no visible text or annotations. Use the whitebox reference for composition and spatial relationship: whitebox_renders_v2/B02/WB2_ARCADE_MSB044.png. Panel MSB044, Clip 05 哥哥打赢老大, time 01:17. Scene lock: SCN_ARCADE. Camera reference: CAM_ARCADE_03_DUEL_OVER_SHOULDER. Shot size: 中近景. Beat: 彬子表情变僵. Visual focus: 彬子笑意消失，眨眼变少，鼻翼绷紧. Character focus: 彬子. Expression: 从轻蔑转为不信. Blocking and motion: 身体僵住. Continuity anchors: 哥哥左侧，彬子右侧，街霸屏幕居中，CRT 胜利红光，主角旁观. Story stage: S1_ARCADE_PLAY / arcade play and humiliation. Character stage lock: The brothers are absorbed by the arcade; Binzi shifts from swagger to humiliation.. Wardrobe state: Children remain clean; CRT light changes color on clothes; bully clothes can be sweaty, not muddy.. Emotion state: Excited play turning into status pressure and embarrassment.. Environment stage lock: Low-ceiling hidden arcade, CRT glow, smoke haze, plastic curtain, cramped machine rows.. Identity locks: A Lei is the tall older brother with old thin metal-frame glasses, a blue worn tracksuit, protective posture, and a habit of pushing his glasses. Xiao Chuan is the middle/protagonist boy with round eyes, a slightly protruding right ear, half-open mouth, red scarf, blue school jacket and green schoolbag, often gripping the bag straps. Xiao Man is the smallest younger brother with a round head, rounder body, timid downcast eyes, warm old vest or pale shirt, hands gripping his hem, toes turned inward. Binzi is the short bully boss with dyed yellow hair and a compact aggressive body. The other three bullies must have distinct tall-thin, heavy, and errand-runner silhouettes. The image must look like a final movie frame or clean keyframe, not a storyboard drawing.","No text, no captions, no Chinese characters, no English letters, no labels, no arrows, no diagrams, no storyboard frame, no contact sheet, no sketch lines, no watermark. Avoid modern phones, modern cars, LED shop signs, polished mall interiors, fashionable contemporary clothes, glossy advertisement lighting, heroic violence, gore, blood focus, glamorized fighting, or characters looking like adults. Avoid panel-specific problems: 现实拳脚打斗、主角参与对战、屏幕变现代游戏、胜利过度欢乐. Do not add alley mud, fight injury, corridor lighting, phone booth glow, or 8-bit pixels.","Follow whitebox_renders_v2/B02/WB2_ARCADE_MSB044.png; preserve axis, scale, foreground/midground/background, and subject blocking.",S1_ARCADE_PLAY,arcade play and humiliation,The brothers are absorbed by the arcade; Binzi shifts from swagger to humiliation.,"Children remain clean; CRT light changes color on clothes; bully clothes can be sweaty, not muddy.",Excited play turning into status pressure and embarrassment.,"Low-ceiling hidden arcade, CRT glow, smoke haze, plastic curtain, cramped machine rows.",whitebox_renders_v2/B02/WB2_ARCADE_MSB044.png
MSB045,B02,05,哥哥打赢老大,SCN_ARCADE,CAM_ARCADE_03_DUEL_OVER_SHOULDER,keyframe,A,visual_assets/pure/micro_storyboard/B02/MSB045_v001.png,visual_assets/annotated/micro_storyboard/B02/MSB045_v001_annotated.png,"Create a pure cinematic film still for AIGC video generation, 16:9 landscape, high-resolution, photoreal Chinese dreamcore realism, 1990s small-town China, humid yellowed childhood memory, low light, restrained VHS grain, real old clothes, lived-in surfaces, no visible text or annotations. Use the whitebox reference for composition and spatial relationship: whitebox_renders_v2/B02/WB2_ARCADE_MSB045.png. Panel MSB045, Clip 05 哥哥打赢老大, time 01:18. Scene lock: SCN_ARCADE. Camera reference: CAM_ARCADE_03_DUEL_OVER_SHOULDER. Shot size: 特写. Beat: 胜利画面亮起. Visual focus: CRT 胜利画面红光爆亮，屏幕边缘反射在机身上. Character focus: 街机屏幕. Expression: 无人物，胜负确定. Blocking and motion: 画面闪红. Continuity anchors: 哥哥左侧，彬子右侧，街霸屏幕居中，CRT 胜利红光，主角旁观. Story stage: S1_ARCADE_PLAY / arcade play and humiliation. Character stage lock: The brothers are absorbed by the arcade; Binzi shifts from swagger to humiliation.. Wardrobe state: Children remain clean; CRT light changes color on clothes; bully clothes can be sweaty, not muddy.. Emotion state: Excited play turning into status pressure and embarrassment.. Environment stage lock: Low-ceiling hidden arcade, CRT glow, smoke haze, plastic curtain, cramped machine rows.. Identity locks: A Lei is the tall older brother with old thin metal-frame glasses, a blue worn tracksuit, protective posture, and a habit of pushing his glasses. Xiao Chuan is the middle/protagonist boy with round eyes, a slightly protruding right ear, half-open mouth, red scarf, blue school jacket and green schoolbag, often gripping the bag straps. Xiao Man is the smallest younger brother with a round head, rounder body, timid downcast eyes, warm old vest or pale shirt, hands gripping his hem, toes turned inward. Binzi is the short bully boss with dyed yellow hair and a compact aggressive body. The other three bullies must have distinct tall-thin, heavy, and errand-runner silhouettes. The image must look like a final movie frame or clean keyframe, not a storyboard drawing.","No text, no captions, no Chinese characters, no English letters, no labels, no arrows, no diagrams, no storyboard frame, no contact sheet, no sketch lines, no watermark. Avoid modern phones, modern cars, LED shop signs, polished mall interiors, fashionable contemporary clothes, glossy advertisement lighting, heroic violence, gore, blood focus, glamorized fighting, or characters looking like adults. Avoid panel-specific problems: 现实拳脚打斗、主角参与对战、屏幕变现代游戏、胜利过度欢乐. Do not add alley mud, fight injury, corridor lighting, phone booth glow, or 8-bit pixels.","Follow whitebox_renders_v2/B02/WB2_ARCADE_MSB045.png; preserve axis, scale, foreground/midground/background, and subject blocking.",S1_ARCADE_PLAY,arcade play and humiliation,The brothers are absorbed by the arcade; Binzi shifts from swagger to humiliation.,"Children remain clean; CRT light changes color on clothes; bully clothes can be sweaty, not muddy.",Excited play turning into status pressure and embarrassment.,"Low-ceiling hidden arcade, CRT glow, smoke haze, plastic curtain, cramped machine rows.",whitebox_renders_v2/B02/WB2_ARCADE_MSB045.png
MSB046,B02,05,哥哥打赢老大,SCN_ARCADE,CAM_ARCADE_03_DUEL_OVER_SHOULDER,keyframe,A,visual_assets/pure/micro_storyboard/B02/MSB046_v001.png,visual_assets/annotated/micro_storyboard/B02/MSB046_v001_annotated.png,"Create a pure cinematic film still for AIGC video generation, 16:9 landscape, high-resolution, photoreal Chinese dreamcore realism, 1990s small-town China, humid yellowed childhood memory, low light, restrained VHS grain, real old clothes, lived-in surfaces, no visible text or annotations. Use the whitebox reference for composition and spatial relationship: whitebox_renders_v2/B02/WB2_ARCADE_MSB046.png. Panel MSB046, Clip 05 哥哥打赢老大, time 01:20. Scene lock: SCN_ARCADE. Camera reference: CAM_ARCADE_03_DUEL_OVER_SHOULDER. Shot size: 近景. Beat: 红光照彬子. Visual focus: 胜利红光照到彬子脸，黄发梢和嘴角小痣清楚. Character focus: 彬子. Expression: 受辱后僵住. Blocking and motion: 完全停住一拍. Continuity anchors: 哥哥左侧，彬子右侧，街霸屏幕居中，CRT 胜利红光，主角旁观. Story stage: S1_ARCADE_PLAY / arcade play and humiliation. Character stage lock: The brothers are absorbed by the arcade; Binzi shifts from swagger to humiliation.. Wardrobe state: Children remain clean; CRT light changes color on clothes; bully clothes can be sweaty, not muddy.. Emotion state: Excited play turning into status pressure and embarrassment.. Environment stage lock: Low-ceiling hidden arcade, CRT glow, smoke haze, plastic curtain, cramped machine rows.. Identity locks: A Lei is the tall older brother with old thin metal-frame glasses, a blue worn tracksuit, protective posture, and a habit of pushing his glasses. Xiao Chuan is the middle/protagonist boy with round eyes, a slightly protruding right ear, half-open mouth, red scarf, blue school jacket and green schoolbag, often gripping the bag straps. Xiao Man is the smallest younger brother with a round head, rounder body, timid downcast eyes, warm old vest or pale shirt, hands gripping his hem, toes turned inward. Binzi is the short bully boss with dyed yellow hair and a compact aggressive body. The other three bullies must have distinct tall-thin, heavy, and errand-runner silhouettes. The image must look like a final movie frame or clean keyframe, not a storyboard drawing.","No text, no captions, no Chinese characters, no English letters, no labels, no arrows, no diagrams, no storyboard frame, no contact sheet, no sketch lines, no watermark. Avoid modern phones, modern cars, LED shop signs, polished mall interiors, fashionable contemporary clothes, glossy advertisement lighting, heroic violence, gore, blood focus, glamorized fighting, or characters looking like adults. Avoid panel-specific problems: 现实拳脚打斗、主角参与对战、屏幕变现代游戏、胜利过度欢乐. Do not add alley mud, fight injury, corridor lighting, phone booth glow, or 8-bit pixels.","Follow whitebox_renders_v2/B02/WB2_ARCADE_MSB046.png; preserve axis, scale, foreground/midground/background, and subject blocking.",S1_ARCADE_PLAY,arcade play and humiliation,The brothers are absorbed by the arcade; Binzi shifts from swagger to humiliation.,"Children remain clean; CRT light changes color on clothes; bully clothes can be sweaty, not muddy.",Excited play turning into status pressure and embarrassment.,"Low-ceiling hidden arcade, CRT glow, smoke haze, plastic curtain, cramped machine rows.",whitebox_renders_v2/B02/WB2_ARCADE_MSB046.png
MSB047,B02,05,哥哥打赢老大,SCN_ARCADE,CAM_ARCADE_03_DUEL_OVER_SHOULDER,storyboard,A,visual_assets/pure/micro_storyboard/B02/MSB047_v001.png,visual_assets/annotated/micro_storyboard/B02/MSB047_v001_annotated.png,"Create a pure cinematic film still for AIGC video generation, 16:9 landscape, high-resolution, photoreal Chinese dreamcore realism, 1990s small-town China, humid yellowed childhood memory, low light, restrained VHS grain, real old clothes, lived-in surfaces, no visible text or annotations. Use the whitebox reference for composition and spatial relationship: whitebox_renders_v2/B02/WB2_ARCADE_MSB047.png. Panel MSB047, Clip 05 哥哥打赢老大, time 01:22. Scene lock: SCN_ARCADE. Camera reference: CAM_ARCADE_03_DUEL_OVER_SHOULDER. Shot size: 中景. Beat: 阿磊装不在乎. Visual focus: 阿磊想笑又忍住，手从按钮上离开，下巴更高. Character focus: 阿磊. Expression: 得意但装成熟. Blocking and motion: 肩膀轻抖. Continuity anchors: 哥哥左侧，彬子右侧，街霸屏幕居中，CRT 胜利红光，主角旁观. Story stage: S1_ARCADE_PLAY / arcade play and humiliation. Character stage lock: The brothers are absorbed by the arcade; Binzi shifts from swagger to humiliation.. Wardrobe state: Children remain clean; CRT light changes color on clothes; bully clothes can be sweaty, not muddy.. Emotion state: Excited play turning into status pressure and embarrassment.. Environment stage lock: Low-ceiling hidden arcade, CRT glow, smoke haze, plastic curtain, cramped machine rows.. Identity locks: A Lei is the tall older brother with old thin metal-frame glasses, a blue worn tracksuit, protective posture, and a habit of pushing his glasses. Xiao Chuan is the middle/protagonist boy with round eyes, a slightly protruding right ear, half-open mouth, red scarf, blue school jacket and green schoolbag, often gripping the bag straps. Xiao Man is the smallest younger brother with a round head, rounder body, timid downcast eyes, warm old vest or pale shirt, hands gripping his hem, toes turned inward. Binzi is the short bully boss with dyed yellow hair and a compact aggressive body. The other three bullies must have distinct tall-thin, heavy, and errand-runner silhouettes. The image must look like a final movie frame or clean keyframe, not a storyboard drawing.","No text, no captions, no Chinese characters, no English letters, no labels, no arrows, no diagrams, no storyboard frame, no contact sheet, no sketch lines, no watermark. Avoid modern phones, modern cars, LED shop signs, polished mall interiors, fashionable contemporary clothes, glossy advertisement lighting, heroic violence, gore, blood focus, glamorized fighting, or characters looking like adults. Avoid panel-specific problems: 现实拳脚打斗、主角参与对战、屏幕变现代游戏、胜利过度欢乐. Do not add alley mud, fight injury, corridor lighting, phone booth glow, or 8-bit pixels.","Follow whitebox_renders_v2/B02/WB2_ARCADE_MSB047.png; preserve axis, scale, foreground/midground/background, and subject blocking.",S1_ARCADE_PLAY,arcade play and humiliation,The brothers are absorbed by the arcade; Binzi shifts from swagger to humiliation.,"Children remain clean; CRT light changes color on clothes; bully clothes can be sweaty, not muddy.",Excited play turning into status pressure and embarrassment.,"Low-ceiling hidden arcade, CRT glow, smoke haze, plastic curtain, cramped machine rows.",whitebox_renders_v2/B02/WB2_ARCADE_MSB047.png
MSB048,B02,05,哥哥打赢老大,SCN_ARCADE,CAM_ARCADE_03_DUEL_OVER_SHOULDER,storyboard,B,visual_assets/pure/micro_storyboard/B02/MSB048_v001.png,visual_assets/annotated/micro_storyboard/B02/MSB048_v001_annotated.png,"Create a pure cinematic film still for AIGC video generation, 16:9 landscape, high-resolution, photoreal Chinese dreamcore realism, 1990s small-town China, humid yellowed childhood memory, low light, restrained VHS grain, real old clothes, lived-in surfaces, no visible text or annotations. Use the whitebox reference for composition and spatial relationship: whitebox_renders_v2/B02/WB2_ARCADE_MSB048.png. Panel MSB048, Clip 05 哥哥打赢老大, time 01:24. Scene lock: SCN_ARCADE. Camera reference: CAM_ARCADE_03_DUEL_OVER_SHOULDER. Shot size: 近景. Beat: 小川半笑. Visual focus: 小川看到哥哥赢，嘴角刚要笑，眼睛还看彬子反应. Character focus: 小川. Expression: 半笑半怕. Blocking and motion: 身体没有靠前. Continuity anchors: 哥哥左侧，彬子右侧，街霸屏幕居中，CRT 胜利红光，主角旁观. Story stage: S1_ARCADE_PLAY / arcade play and humiliation. Character stage lock: The brothers are absorbed by the arcade; Binzi shifts from swagger to humiliation.. Wardrobe state: Children remain clean; CRT light changes color on clothes; bully clothes can be sweaty, not muddy.. Emotion state: Excited play turning into status pressure and embarrassment.. Environment stage lock: Low-ceiling hidden arcade, CRT glow, smoke haze, plastic curtain, cramped machine rows.. Identity locks: A Lei is the tall older brother with old thin metal-frame glasses, a blue worn tracksuit, protective posture, and a habit of pushing his glasses. Xiao Chuan is the middle/protagonist boy with round eyes, a slightly protruding right ear, half-open mouth, red scarf, blue school jacket and green schoolbag, often gripping the bag straps. Xiao Man is the smallest younger brother with a round head, rounder body, timid downcast eyes, warm old vest or pale shirt, hands gripping his hem, toes turned inward. Binzi is the short bully boss with dyed yellow hair and a compact aggressive body. The other three bullies must have distinct tall-thin, heavy, and errand-runner silhouettes. The image must look like a final movie frame or clean keyframe, not a storyboard drawing.","No text, no captions, no Chinese characters, no English letters, no labels, no arrows, no diagrams, no storyboard frame, no contact sheet, no sketch lines, no watermark. Avoid modern phones, modern cars, LED shop signs, polished mall interiors, fashionable contemporary clothes, glossy advertisement lighting, heroic violence, gore, blood focus, glamorized fighting, or characters looking like adults. Avoid panel-specific problems: 现实拳脚打斗、主角参与对战、屏幕变现代游戏、胜利过度欢乐. Do not add alley mud, fight injury, corridor lighting, phone booth glow, or 8-bit pixels.","Follow whitebox_renders_v2/B02/WB2_ARCADE_MSB048.png; preserve axis, scale, foreground/midground/background, and subject blocking.",S1_ARCADE_PLAY,arcade play and humiliation,The brothers are absorbed by the arcade; Binzi shifts from swagger to humiliation.,"Children remain clean; CRT light changes color on clothes; bully clothes can be sweaty, not muddy.",Excited play turning into status pressure and embarrassment.,"Low-ceiling hidden arcade, CRT glow, smoke haze, plastic curtain, cramped machine rows.",whitebox_renders_v2/B02/WB2_ARCADE_MSB048.png
MSB049,B02,05,哥哥打赢老大,SCN_ARCADE,CAM_ARCADE_03_DUEL_OVER_SHOULDER,end_frame,A,visual_assets/pure/micro_storyboard/B02/MSB049_v001.png,visual_assets/annotated/micro_storyboard/B02/MSB049_v001_annotated.png,"Create a pure cinematic film still for AIGC video generation, 16:9 landscape, high-resolution, photoreal Chinese dreamcore realism, 1990s small-town China, humid yellowed childhood memory, low light, restrained VHS grain, real old clothes, lived-in surfaces, no visible text or annotations. Use the whitebox reference for composition and spatial relationship: whitebox_renders_v2/B02/WB2_ARCADE_MSB049.png. Panel MSB049, Clip 05 哥哥打赢老大, time 01:26. Scene lock: SCN_ARCADE. Camera reference: CAM_ARCADE_03_DUEL_OVER_SHOULDER. Shot size: 中景. Beat: 彬子视线钉住阿磊. Visual focus: 彬子越过街机盯住阿磊，背景三同伙模糊出现. Character focus: 彬子/阿磊. Expression: 羞辱转为报复. Blocking and motion: 彬子不动，只看. Continuity anchors: 哥哥左侧，彬子右侧，街霸屏幕居中，CRT 胜利红光，主角旁观. Story stage: S1_ARCADE_PLAY / arcade play and humiliation. Character stage lock: The brothers are absorbed by the arcade; Binzi shifts from swagger to humiliation.. Wardrobe state: Children remain clean; CRT light changes color on clothes; bully clothes can be sweaty, not muddy.. Emotion state: Excited play turning into status pressure and embarrassment.. Environment stage lock: Low-ceiling hidden arcade, CRT glow, smoke haze, plastic curtain, cramped machine rows.. Identity locks: A Lei is the tall older brother with old thin metal-frame glasses, a blue worn tracksuit, protective posture, and a habit of pushing his glasses. Xiao Chuan is the middle/protagonist boy with round eyes, a slightly protruding right ear, half-open mouth, red scarf, blue school jacket and green schoolbag, often gripping the bag straps. Xiao Man is the smallest younger brother with a round head, rounder body, timid downcast eyes, warm old vest or pale shirt, hands gripping his hem, toes turned inward. Binzi is the short bully boss with dyed yellow hair and a compact aggressive body. The other three bullies must have distinct tall-thin, heavy, and errand-runner silhouettes. The image must look like a final movie frame or clean keyframe, not a storyboard drawing.","No text, no captions, no Chinese characters, no English letters, no labels, no arrows, no diagrams, no storyboard frame, no contact sheet, no sketch lines, no watermark. Avoid modern phones, modern cars, LED shop signs, polished mall interiors, fashionable contemporary clothes, glossy advertisement lighting, heroic violence, gore, blood focus, glamorized fighting, or characters looking like adults. Avoid panel-specific problems: 现实拳脚打斗、主角参与对战、屏幕变现代游戏、胜利过度欢乐. Do not add alley mud, fight injury, corridor lighting, phone booth glow, or 8-bit pixels.","Follow whitebox_renders_v2/B02/WB2_ARCADE_MSB049.png; preserve axis, scale, foreground/midground/background, and subject blocking.",S1_ARCADE_PLAY,arcade play and humiliation,The brothers are absorbed by the arcade; Binzi shifts from swagger to humiliation.,"Children remain clean; CRT light changes color on clothes; bully clothes can be sweaty, not muddy.",Excited play turning into status pressure and embarrassment.,"Low-ceiling hidden arcade, CRT glow, smoke haze, plastic curtain, cramped machine rows.",whitebox_renders_v2/B02/WB2_ARCADE_MSB049.png
MSB050,B02,06,老大记仇,SCN_ARCADE,CAM_ARCADE_04_BOSS_LOSES_REACTION,keyframe,A,visual_assets/pure/micro_storyboard/B02/MSB050_v001.png,visual_assets/annotated/micro_storyboard/B02/MSB050_v001_annotated.png,"Create a pure cinematic film still for AIGC video generation, 16:9 landscape, high-resolution, photoreal Chinese dreamcore realism, 1990s small-town China, humid yellowed childhood memory, low light, restrained VHS grain, real old clothes, lived-in surfaces, no visible text or annotations. Use the whitebox reference for composition and spatial relationship: whitebox_renders_v2/B02/WB2_ARCADE_MSB050.png. Panel MSB050, Clip 06 老大记仇, time 01:28. Scene lock: SCN_ARCADE. Camera reference: CAM_ARCADE_04_BOSS_LOSES_REACTION. Shot size: 近景. Beat: 彬子脸色沉下. Visual focus: 彬子脸在红光里僵住，嘴角歪笑消失，下颌咬紧. Character focus: 彬子. Expression: 受辱憋怒. Blocking and motion: 只允许眼神变化. Continuity anchors: 彬子中右前景，高杆、大海、小齐聚到身后，CRT 红光和暗黄顶灯. Story stage: S1_ARCADE_PLAY / arcade play and humiliation. Character stage lock: The brothers are absorbed by the arcade; Binzi shifts from swagger to humiliation.. Wardrobe state: Children remain clean; CRT light changes color on clothes; bully clothes can be sweaty, not muddy.. Emotion state: Excited play turning into status pressure and embarrassment.. Environment stage lock: Low-ceiling hidden arcade, CRT glow, smoke haze, plastic curtain, cramped machine rows.. Identity locks: A Lei is the tall older brother with old thin metal-frame glasses, a blue worn tracksuit, protective posture, and a habit of pushing his glasses. Xiao Chuan is the middle/protagonist boy with round eyes, a slightly protruding right ear, half-open mouth, red scarf, blue school jacket and green schoolbag, often gripping the bag straps. Xiao Man is the smallest younger brother with a round head, rounder body, timid downcast eyes, warm old vest or pale shirt, hands gripping his hem, toes turned inward. Binzi is the short bully boss with dyed yellow hair and a compact aggressive body. The other three bullies must have distinct tall-thin, heavy, and errand-runner silhouettes. The image must look like a final movie frame or clean keyframe, not a storyboard drawing.","No text, no captions, no Chinese characters, no English letters, no labels, no arrows, no diagrams, no storyboard frame, no contact sheet, no sketch lines, no watermark. Avoid modern phones, modern cars, LED shop signs, polished mall interiors, fashionable contemporary clothes, glossy advertisement lighting, heroic violence, gore, blood focus, glamorized fighting, or characters looking like adults. Avoid panel-specific problems: 立刻动手、四人统一脸、成年人黑帮、西装化、夸张武器. Do not add alley mud, fight injury, corridor lighting, phone booth glow, or 8-bit pixels.","Follow whitebox_renders_v2/B02/WB2_ARCADE_MSB050.png; preserve axis, scale, foreground/midground/background, and subject blocking.",S1_ARCADE_PLAY,arcade play and humiliation,The brothers are absorbed by the arcade; Binzi shifts from swagger to humiliation.,"Children remain clean; CRT light changes color on clothes; bully clothes can be sweaty, not muddy.",Excited play turning into status pressure and embarrassment.,"Low-ceiling hidden arcade, CRT glow, smoke haze, plastic curtain, cramped machine rows.",whitebox_renders_v2/B02/WB2_ARCADE_MSB050.png
MSB051,B02,06,老大记仇,SCN_ARCADE,CAM_ARCADE_04_BOSS_LOSES_REACTION,storyboard,A,visual_assets/pure/micro_storyboard/B02/MSB051_v001.png,visual_assets/annotated/micro_storyboard/B02/MSB051_v001_annotated.png,"Create a pure cinematic film still for AIGC video generation, 16:9 landscape, high-resolution, photoreal Chinese dreamcore realism, 1990s small-town China, humid yellowed childhood memory, low light, restrained VHS grain, real old clothes, lived-in surfaces, no visible text or annotations. Use the whitebox reference for composition and spatial relationship: whitebox_renders_v2/B02/WB2_ARCADE_MSB051.png. Panel MSB051, Clip 06 老大记仇, time 01:29. Scene lock: SCN_ARCADE. Camera reference: CAM_ARCADE_04_BOSS_LOSES_REACTION. Shot size: 中景. Beat: 高杆入背景. Visual focus: 高杆从背景一侧靠近，灰白夹克和长手臂先形成剪影. Character focus: 高杆. Expression: 半垂眼，无聊但压迫. Blocking and motion: 慢慢站到边缘. Continuity anchors: 彬子中右前景，高杆、大海、小齐聚到身后，CRT 红光和暗黄顶灯. Story stage: S1_ARCADE_PLAY / arcade play and humiliation. Character stage lock: The brothers are absorbed by the arcade; Binzi shifts from swagger to humiliation.. Wardrobe state: Children remain clean; CRT light changes color on clothes; bully clothes can be sweaty, not muddy.. Emotion state: Excited play turning into status pressure and embarrassment.. Environment stage lock: Low-ceiling hidden arcade, CRT glow, smoke haze, plastic curtain, cramped machine rows.. Identity locks: A Lei is the tall older brother with old thin metal-frame glasses, a blue worn tracksuit, protective posture, and a habit of pushing his glasses. Xiao Chuan is the middle/protagonist boy with round eyes, a slightly protruding right ear, half-open mouth, red scarf, blue school jacket and green schoolbag, often gripping the bag straps. Xiao Man is the smallest younger brother with a round head, rounder body, timid downcast eyes, warm old vest or pale shirt, hands gripping his hem, toes turned inward. Binzi is the short bully boss with dyed yellow hair and a compact aggressive body. The other three bullies must have distinct tall-thin, heavy, and errand-runner silhouettes. The image must look like a final movie frame or clean keyframe, not a storyboard drawing.","No text, no captions, no Chinese characters, no English letters, no labels, no arrows, no diagrams, no storyboard frame, no contact sheet, no sketch lines, no watermark. Avoid modern phones, modern cars, LED shop signs, polished mall interiors, fashionable contemporary clothes, glossy advertisement lighting, heroic violence, gore, blood focus, glamorized fighting, or characters looking like adults. Avoid panel-specific problems: 立刻动手、四人统一脸、成年人黑帮、西装化、夸张武器. Do not add alley mud, fight injury, corridor lighting, phone booth glow, or 8-bit pixels.","Follow whitebox_renders_v2/B02/WB2_ARCADE_MSB051.png; preserve axis, scale, foreground/midground/background, and subject blocking.",S1_ARCADE_PLAY,arcade play and humiliation,The brothers are absorbed by the arcade; Binzi shifts from swagger to humiliation.,"Children remain clean; CRT light changes color on clothes; bully clothes can be sweaty, not muddy.",Excited play turning into status pressure and embarrassment.,"Low-ceiling hidden arcade, CRT glow, smoke haze, plastic curtain, cramped machine rows.",whitebox_renders_v2/B02/WB2_ARCADE_MSB051.png
MSB052,B02,06,老大记仇,SCN_ARCADE,CAM_ARCADE_04_BOSS_LOSES_REACTION,storyboard,B,visual_assets/pure/micro_storyboard/B02/MSB052_v001.png,visual_assets/annotated/micro_storyboard/B02/MSB052_v001_annotated.png,"Create a pure cinematic film still for AIGC video generation, 16:9 landscape, high-resolution, photoreal Chinese dreamcore realism, 1990s small-town China, humid yellowed childhood memory, low light, restrained VHS grain, real old clothes, lived-in surfaces, no visible text or annotations. Use the whitebox reference for composition and spatial relationship: whitebox_renders_v2/B02/WB2_ARCADE_MSB052.png. Panel MSB052, Clip 06 老大记仇, time 01:31. Scene lock: SCN_ARCADE. Camera reference: CAM_ARCADE_04_BOSS_LOSES_REACTION. Shot size: 中景. Beat: 大海堵住后方. Visual focus: 大海宽身体进入背景，褪色 T 恤和宽站姿把空间堵住. Character focus: 大海. Expression: 看彬子脸色. Blocking and motion: 脚站宽，抹汗. Continuity anchors: 彬子中右前景，高杆、大海、小齐聚到身后，CRT 红光和暗黄顶灯. Story stage: S1_ARCADE_PLAY / arcade play and humiliation. Character stage lock: The brothers are absorbed by the arcade; Binzi shifts from swagger to humiliation.. Wardrobe state: Children remain clean; CRT light changes color on clothes; bully clothes can be sweaty, not muddy.. Emotion state: Excited play turning into status pressure and embarrassment.. Environment stage lock: Low-ceiling hidden arcade, CRT glow, smoke haze, plastic curtain, cramped machine rows.. Identity locks: A Lei is the tall older brother with old thin metal-frame glasses, a blue worn tracksuit, protective posture, and a habit of pushing his glasses. Xiao Chuan is the middle/protagonist boy with round eyes, a slightly protruding right ear, half-open mouth, red scarf, blue school jacket and green schoolbag, often gripping the bag straps. Xiao Man is the smallest younger brother with a round head, rounder body, timid downcast eyes, warm old vest or pale shirt, hands gripping his hem, toes turned inward. Binzi is the short bully boss with dyed yellow hair and a compact aggressive body. The other three bullies must have distinct tall-thin, heavy, and errand-runner silhouettes. The image must look like a final movie frame or clean keyframe, not a storyboard drawing.","No text, no captions, no Chinese characters, no English letters, no labels, no arrows, no diagrams, no storyboard frame, no contact sheet, no sketch lines, no watermark. Avoid modern phones, modern cars, LED shop signs, polished mall interiors, fashionable contemporary clothes, glossy advertisement lighting, heroic violence, gore, blood focus, glamorized fighting, or characters looking like adults. Avoid panel-specific problems: 立刻动手、四人统一脸、成年人黑帮、西装化、夸张武器. Do not add alley mud, fight injury, corridor lighting, phone booth glow, or 8-bit pixels.","Follow whitebox_renders_v2/B02/WB2_ARCADE_MSB052.png; preserve axis, scale, foreground/midground/background, and subject blocking.",S1_ARCADE_PLAY,arcade play and humiliation,The brothers are absorbed by the arcade; Binzi shifts from swagger to humiliation.,"Children remain clean; CRT light changes color on clothes; bully clothes can be sweaty, not muddy.",Excited play turning into status pressure and embarrassment.,"Low-ceiling hidden arcade, CRT glow, smoke haze, plastic curtain, cramped machine rows.",whitebox_renders_v2/B02/WB2_ARCADE_MSB052.png
MSB053,B02,06,老大记仇,SCN_ARCADE,CAM_ARCADE_04_BOSS_LOSES_REACTION,storyboard,B,visual_assets/pure/micro_storyboard/B02/MSB053_v001.png,visual_assets/annotated/micro_storyboard/B02/MSB053_v001_annotated.png,"Create a pure cinematic film still for AIGC video generation, 16:9 landscape, high-resolution, photoreal Chinese dreamcore realism, 1990s small-town China, humid yellowed childhood memory, low light, restrained VHS grain, real old clothes, lived-in surfaces, no visible text or annotations. Use the whitebox reference for composition and spatial relationship: whitebox_renders_v2/B02/WB2_ARCADE_MSB053.png. Panel MSB053, Clip 06 老大记仇, time 01:33. Scene lock: SCN_ARCADE. Camera reference: CAM_ARCADE_04_BOSS_LOSES_REACTION. Shot size: 中景. Beat: 小齐起哄收声. Visual focus: 小齐本来想笑，看到彬子脸色后笑收住，手抠袖口. Character focus: 小齐. Expression: 讨好转紧张. Blocking and motion: 身体前探又缩回. Continuity anchors: 彬子中右前景，高杆、大海、小齐聚到身后，CRT 红光和暗黄顶灯. Story stage: S1_ARCADE_PLAY / arcade play and humiliation. Character stage lock: The brothers are absorbed by the arcade; Binzi shifts from swagger to humiliation.. Wardrobe state: Children remain clean; CRT light changes color on clothes; bully clothes can be sweaty, not muddy.. Emotion state: Excited play turning into status pressure and embarrassment.. Environment stage lock: Low-ceiling hidden arcade, CRT glow, smoke haze, plastic curtain, cramped machine rows.. Identity locks: A Lei is the tall older brother with old thin metal-frame glasses, a blue worn tracksuit, protective posture, and a habit of pushing his glasses. Xiao Chuan is the middle/protagonist boy with round eyes, a slightly protruding right ear, half-open mouth, red scarf, blue school jacket and green schoolbag, often gripping the bag straps. Xiao Man is the smallest younger brother with a round head, rounder body, timid downcast eyes, warm old vest or pale shirt, hands gripping his hem, toes turned inward. Binzi is the short bully boss with dyed yellow hair and a compact aggressive body. The other three bullies must have distinct tall-thin, heavy, and errand-runner silhouettes. The image must look like a final movie frame or clean keyframe, not a storyboard drawing.","No text, no captions, no Chinese characters, no English letters, no labels, no arrows, no diagrams, no storyboard frame, no contact sheet, no sketch lines, no watermark. Avoid modern phones, modern cars, LED shop signs, polished mall interiors, fashionable contemporary clothes, glossy advertisement lighting, heroic violence, gore, blood focus, glamorized fighting, or characters looking like adults. Avoid panel-specific problems: 立刻动手、四人统一脸、成年人黑帮、西装化、夸张武器. Do not add alley mud, fight injury, corridor lighting, phone booth glow, or 8-bit pixels.","Follow whitebox_renders_v2/B02/WB2_ARCADE_MSB053.png; preserve axis, scale, foreground/midground/background, and subject blocking.",S1_ARCADE_PLAY,arcade play and humiliation,The brothers are absorbed by the arcade; Binzi shifts from swagger to humiliation.,"Children remain clean; CRT light changes color on clothes; bully clothes can be sweaty, not muddy.",Excited play turning into status pressure and embarrassment.,"Low-ceiling hidden arcade, CRT glow, smoke haze, plastic curtain, cramped machine rows.",whitebox_renders_v2/B02/WB2_ARCADE_MSB053.png
MSB054,B02,06,老大记仇,SCN_ARCADE,CAM_ARCADE_04_BOSS_LOSES_REACTION,keyframe,A,visual_assets/pure/micro_storyboard/B02/MSB054_v001.png,visual_assets/annotated/micro_storyboard/B02/MSB054_v001_annotated.png,"Create a pure cinematic film still for AIGC video generation, 16:9 landscape, high-resolution, photoreal Chinese dreamcore realism, 1990s small-town China, humid yellowed childhood memory, low light, restrained VHS grain, real old clothes, lived-in surfaces, no visible text or annotations. Use the whitebox reference for composition and spatial relationship: whitebox_renders_v2/B02/WB2_ARCADE_MSB054.png. Panel MSB054, Clip 06 老大记仇, time 01:35. Scene lock: SCN_ARCADE. Camera reference: CAM_ARCADE_04_BOSS_LOSES_REACTION. Shot size: 中景. Beat: 四人轮廓成组. Visual focus: 彬子矮在前，高杆高瘦、大海宽、小齐飘在边缘，轮廓差异清楚. Character focus: 混混四人. Expression: 不同情绪：憋怒、冷、等命令、慌兴奋. Blocking and motion: slow push-in. Continuity anchors: 彬子中右前景，高杆、大海、小齐聚到身后，CRT 红光和暗黄顶灯. Story stage: S1_ARCADE_PLAY / arcade play and humiliation. Character stage lock: The brothers are absorbed by the arcade; Binzi shifts from swagger to humiliation.. Wardrobe state: Children remain clean; CRT light changes color on clothes; bully clothes can be sweaty, not muddy.. Emotion state: Excited play turning into status pressure and embarrassment.. Environment stage lock: Low-ceiling hidden arcade, CRT glow, smoke haze, plastic curtain, cramped machine rows.. Identity locks: A Lei is the tall older brother with old thin metal-frame glasses, a blue worn tracksuit, protective posture, and a habit of pushing his glasses. Xiao Chuan is the middle/protagonist boy with round eyes, a slightly protruding right ear, half-open mouth, red scarf, blue school jacket and green schoolbag, often gripping the bag straps. Xiao Man is the smallest younger brother with a round head, rounder body, timid downcast eyes, warm old vest or pale shirt, hands gripping his hem, toes turned inward. Binzi is the short bully boss with dyed yellow hair and a compact aggressive body. The other three bullies must have distinct tall-thin, heavy, and errand-runner silhouettes. The image must look like a final movie frame or clean keyframe, not a storyboard drawing.","No text, no captions, no Chinese characters, no English letters, no labels, no arrows, no diagrams, no storyboard frame, no contact sheet, no sketch lines, no watermark. Avoid modern phones, modern cars, LED shop signs, polished mall interiors, fashionable contemporary clothes, glossy advertisement lighting, heroic violence, gore, blood focus, glamorized fighting, or characters looking like adults. Avoid panel-specific problems: 立刻动手、四人统一脸、成年人黑帮、西装化、夸张武器. Do not add alley mud, fight injury, corridor lighting, phone booth glow, or 8-bit pixels.","Follow whitebox_renders_v2/B02/WB2_ARCADE_MSB054.png; preserve axis, scale, foreground/midground/background, and subject blocking.",S1_ARCADE_PLAY,arcade play and humiliation,The brothers are absorbed by the arcade; Binzi shifts from swagger to humiliation.,"Children remain clean; CRT light changes color on clothes; bully clothes can be sweaty, not muddy.",Excited play turning into status pressure and embarrassment.,"Low-ceiling hidden arcade, CRT glow, smoke haze, plastic curtain, cramped machine rows.",whitebox_renders_v2/B02/WB2_ARCADE_MSB054.png
MSB055,B02,06,老大记仇,SCN_ARCADE,CAM_ARCADE_04_BOSS_LOSES_REACTION,storyboard,A,visual_assets/pure/micro_storyboard/B02/MSB055_v001.png,visual_assets/annotated/micro_storyboard/B02/MSB055_v001_annotated.png,"Create a pure cinematic film still for AIGC video generation, 16:9 landscape, high-resolution, photoreal Chinese dreamcore realism, 1990s small-town China, humid yellowed childhood memory, low light, restrained VHS grain, real old clothes, lived-in surfaces, no visible text or annotations. Use the whitebox reference for composition and spatial relationship: whitebox_renders_v2/B02/WB2_ARCADE_MSB055.png. Panel MSB055, Clip 06 老大记仇, time 01:36. Scene lock: SCN_ARCADE. Camera reference: CAM_ARCADE_04_BOSS_LOSES_REACTION. Shot size: 反打中景. Beat: 阿磊没察觉后果. Visual focus: 阿磊带着弟弟准备离开，还在压住笑意. Character focus: 阿磊/三兄弟. Expression: 阿磊得意，小川不安，小满跟随. Blocking and motion: 向门口方向转身. Continuity anchors: 彬子中右前景，高杆、大海、小齐聚到身后，CRT 红光和暗黄顶灯. Story stage: S1_ARCADE_PLAY / arcade play and humiliation. Character stage lock: The brothers are absorbed by the arcade; Binzi shifts from swagger to humiliation.. Wardrobe state: Children remain clean; CRT light changes color on clothes; bully clothes can be sweaty, not muddy.. Emotion state: Excited play turning into status pressure and embarrassment.. Environment stage lock: Low-ceiling hidden arcade, CRT glow, smoke haze, plastic curtain, cramped machine rows.. Identity locks: A Lei is the tall older brother with old thin metal-frame glasses, a blue worn tracksuit, protective posture, and a habit of pushing his glasses. Xiao Chuan is the middle/protagonist boy with round eyes, a slightly protruding right ear, half-open mouth, red scarf, blue school jacket and green schoolbag, often gripping the bag straps. Xiao Man is the smallest younger brother with a round head, rounder body, timid downcast eyes, warm old vest or pale shirt, hands gripping his hem, toes turned inward. Binzi is the short bully boss with dyed yellow hair and a compact aggressive body. The other three bullies must have distinct tall-thin, heavy, and errand-runner silhouettes. The image must look like a final movie frame or clean keyframe, not a storyboard drawing.","No text, no captions, no Chinese characters, no English letters, no labels, no arrows, no diagrams, no storyboard frame, no contact sheet, no sketch lines, no watermark. Avoid modern phones, modern cars, LED shop signs, polished mall interiors, fashionable contemporary clothes, glossy advertisement lighting, heroic violence, gore, blood focus, glamorized fighting, or characters looking like adults. Avoid panel-specific problems: 立刻动手、四人统一脸、成年人黑帮、西装化、夸张武器. Do not add alley mud, fight injury, corridor lighting, phone booth glow, or 8-bit pixels.","Follow whitebox_renders_v2/B02/WB2_ARCADE_MSB055.png; preserve axis, scale, foreground/midground/background, and subject blocking.",S1_ARCADE_PLAY,arcade play and humiliation,The brothers are absorbed by the arcade; Binzi shifts from swagger to humiliation.,"Children remain clean; CRT light changes color on clothes; bully clothes can be sweaty, not muddy.",Excited play turning into status pressure and embarrassment.,"Low-ceiling hidden arcade, CRT glow, smoke haze, plastic curtain, cramped machine rows.",whitebox_renders_v2/B02/WB2_ARCADE_MSB055.png
MSB056,B02,06,老大记仇,SCN_ARCADE,CAM_ARCADE_04_BOSS_LOSES_REACTION,storyboard,A,visual_assets/pure/micro_storyboard/B02/MSB056_v001.png,visual_assets/annotated/micro_storyboard/B02/MSB056_v001_annotated.png,"Create a pure cinematic film still for AIGC video generation, 16:9 landscape, high-resolution, photoreal Chinese dreamcore realism, 1990s small-town China, humid yellowed childhood memory, low light, restrained VHS grain, real old clothes, lived-in surfaces, no visible text or annotations. Use the whitebox reference for composition and spatial relationship: whitebox_renders_v2/B02/WB2_ARCADE_MSB056.png. Panel MSB056, Clip 06 老大记仇, time 01:38. Scene lock: SCN_ARCADE. Camera reference: CAM_ARCADE_04_BOSS_LOSES_REACTION. Shot size: 中近景. Beat: 彬子看背影. Visual focus: 彬子盯着阿磊背影，手把腰包往上一拽. Character focus: 彬子. Expression: 决定报复. Blocking and motion: 手部动作短促. Continuity anchors: 彬子中右前景，高杆、大海、小齐聚到身后，CRT 红光和暗黄顶灯. Story stage: S1_ARCADE_PLAY / arcade play and humiliation. Character stage lock: The brothers are absorbed by the arcade; Binzi shifts from swagger to humiliation.. Wardrobe state: Children remain clean; CRT light changes color on clothes; bully clothes can be sweaty, not muddy.. Emotion state: Excited play turning into status pressure and embarrassment.. Environment stage lock: Low-ceiling hidden arcade, CRT glow, smoke haze, plastic curtain, cramped machine rows.. Identity locks: A Lei is the tall older brother with old thin metal-frame glasses, a blue worn tracksuit, protective posture, and a habit of pushing his glasses. Xiao Chuan is the middle/protagonist boy with round eyes, a slightly protruding right ear, half-open mouth, red scarf, blue school jacket and green schoolbag, often gripping the bag straps. Xiao Man is the smallest younger brother with a round head, rounder body, timid downcast eyes, warm old vest or pale shirt, hands gripping his hem, toes turned inward. Binzi is the short bully boss with dyed yellow hair and a compact aggressive body. The other three bullies must have distinct tall-thin, heavy, and errand-runner silhouettes. The image must look like a final movie frame or clean keyframe, not a storyboard drawing.","No text, no captions, no Chinese characters, no English letters, no labels, no arrows, no diagrams, no storyboard frame, no contact sheet, no sketch lines, no watermark. Avoid modern phones, modern cars, LED shop signs, polished mall interiors, fashionable contemporary clothes, glossy advertisement lighting, heroic violence, gore, blood focus, glamorized fighting, or characters looking like adults. Avoid panel-specific problems: 立刻动手、四人统一脸、成年人黑帮、西装化、夸张武器. Do not add alley mud, fight injury, corridor lighting, phone booth glow, or 8-bit pixels.","Follow whitebox_renders_v2/B02/WB2_ARCADE_MSB056.png; preserve axis, scale, foreground/midground/background, and subject blocking.",S1_ARCADE_PLAY,arcade play and humiliation,The brothers are absorbed by the arcade; Binzi shifts from swagger to humiliation.,"Children remain clean; CRT light changes color on clothes; bully clothes can be sweaty, not muddy.",Excited play turning into status pressure and embarrassment.,"Low-ceiling hidden arcade, CRT glow, smoke haze, plastic curtain, cramped machine rows.",whitebox_renders_v2/B02/WB2_ARCADE_MSB056.png
MSB057,B02,06,老大记仇,SCN_ARCADE,CAM_ARCADE_04_BOSS_LOSES_REACTION,end_frame,B,visual_assets/pure/micro_storyboard/B02/MSB057_v001.png,visual_assets/annotated/micro_storyboard/B02/MSB057_v001_annotated.png,"Create a pure cinematic film still for AIGC video generation, 16:9 landscape, high-resolution, photoreal Chinese dreamcore realism, 1990s small-town China, humid yellowed childhood memory, low light, restrained VHS grain, real old clothes, lived-in surfaces, no visible text or annotations. Use the whitebox reference for composition and spatial relationship: whitebox_renders_v2/B02/WB2_ARCADE_MSB057.png. Panel MSB057, Clip 06 老大记仇, time 01:40. Scene lock: SCN_ARCADE. Camera reference: CAM_ARCADE_04_BOSS_LOSES_REACTION. Shot size: 中远景. Beat: 街机声变闷. Visual focus: 游戏厅仍热闹，但四人组所在区域像被声音抽空. Character focus: 混混四人/环境. Expression: 压住的怒气. Blocking and motion: 背景人模糊不抢主体. Continuity anchors: 彬子中右前景，高杆、大海、小齐聚到身后，CRT 红光和暗黄顶灯. Story stage: S1_ARCADE_PLAY / arcade play and humiliation. Character stage lock: The brothers are absorbed by the arcade; Binzi shifts from swagger to humiliation.. Wardrobe state: Children remain clean; CRT light changes color on clothes; bully clothes can be sweaty, not muddy.. Emotion state: Excited play turning into status pressure and embarrassment.. Environment stage lock: Low-ceiling hidden arcade, CRT glow, smoke haze, plastic curtain, cramped machine rows.. Identity locks: A Lei is the tall older brother with old thin metal-frame glasses, a blue worn tracksuit, protective posture, and a habit of pushing his glasses. Xiao Chuan is the middle/protagonist boy with round eyes, a slightly protruding right ear, half-open mouth, red scarf, blue school jacket and green schoolbag, often gripping the bag straps. Xiao Man is the smallest younger brother with a round head, rounder body, timid downcast eyes, warm old vest or pale shirt, hands gripping his hem, toes turned inward. Binzi is the short bully boss with dyed yellow hair and a compact aggressive body. The other three bullies must have distinct tall-thin, heavy, and errand-runner silhouettes. The image must look like a final movie frame or clean keyframe, not a storyboard drawing.","No text, no captions, no Chinese characters, no English letters, no labels, no arrows, no diagrams, no storyboard frame, no contact sheet, no sketch lines, no watermark. Avoid modern phones, modern cars, LED shop signs, polished mall interiors, fashionable contemporary clothes, glossy advertisement lighting, heroic violence, gore, blood focus, glamorized fighting, or characters looking like adults. Avoid panel-specific problems: 立刻动手、四人统一脸、成年人黑帮、西装化、夸张武器. Do not add alley mud, fight injury, corridor lighting, phone booth glow, or 8-bit pixels.","Follow whitebox_renders_v2/B02/WB2_ARCADE_MSB057.png; preserve axis, scale, foreground/midground/background, and subject blocking.",S1_ARCADE_PLAY,arcade play and humiliation,The brothers are absorbed by the arcade; Binzi shifts from swagger to humiliation.,"Children remain clean; CRT light changes color on clothes; bully clothes can be sweaty, not muddy.",Excited play turning into status pressure and embarrassment.,"Low-ceiling hidden arcade, CRT glow, smoke haze, plastic curtain, cramped machine rows.",whitebox_renders_v2/B02/WB2_ARCADE_MSB057.png
MSB058,B03,07,志得意满离开,SCN_ARCADE_EXIT,CAM_ARCADE_EXIT_01_LEAVING,start_frame,A,visual_assets/pure/micro_storyboard/B03/MSB058_v001.png,visual_assets/annotated/micro_storyboard/B03/MSB058_v001_annotated.png,"Create a pure cinematic film still for AIGC video generation, 16:9 landscape, high-resolution, photoreal Chinese dreamcore realism, 1990s small-town China, humid yellowed childhood memory, low light, restrained VHS grain, real old clothes, lived-in surfaces, no visible text or annotations. Use the whitebox reference for composition and spatial relationship: whitebox_renders_v2/B03/WB2_EXIT_MSB058.png. Panel MSB058, Clip 07 志得意满离开, time 01:42. Scene lock: SCN_ARCADE_EXIT. Camera reference: CAM_ARCADE_EXIT_01_LEAVING. Shot size: 中远景. Beat: 门内到门外. Visual focus: 三兄弟从门内 CRT 彩光走进门外黄路灯，色温切换清楚. Character focus: 三兄弟. Expression: 兴奋后松一口气. Blocking and motion: 从室内到门口. Continuity anchors: 游戏机房门口、旧卷帘门、昏黄路灯、门内 CRT 漏光、三兄弟全男孩. Story stage: S2_EXIT_TO_STANDOFF / exit and danger premonition. Character stage lock: Happy afterglow drains away; the brothers sense danger before the alley blockade.. Wardrobe state: The brothers are still mostly clean; clothes can wrinkle and bags can swing, but no fight dirt.. Emotion state: The mood shifts from pride to alertness and unease.. Environment stage lock: Arcade exit to damp secluded path; warm door light falls behind them, shadows begin to appear.. Identity locks: A Lei is the tall older brother with old thin metal-frame glasses, a blue worn tracksuit, protective posture, and a habit of pushing his glasses. Xiao Chuan is the middle/protagonist boy with round eyes, a slightly protruding right ear, half-open mouth, red scarf, blue school jacket and green schoolbag, often gripping the bag straps. Xiao Man is the smallest younger brother with a round head, rounder body, timid downcast eyes, warm old vest or pale shirt, hands gripping his hem, toes turned inward. Binzi is the short bully boss with dyed yellow hair and a compact aggressive body. The other three bullies must have distinct tall-thin, heavy, and errand-runner silhouettes. The image must look like a final movie frame or clean keyframe, not a storyboard drawing.","No text, no captions, no Chinese characters, no English letters, no labels, no arrows, no diagrams, no storyboard frame, no contact sheet, no sketch lines, no watermark. Avoid modern phones, modern cars, LED shop signs, polished mall interiors, fashionable contemporary clothes, glossy advertisement lighting, heroic violence, gore, blood focus, glamorized fighting, or characters looking like adults. Avoid panel-specific problems: 混混立刻追逐、门口开打、现代商业街、女生. Do not make the brothers already beaten, muddy, heroic, or inside the abandoned corridor.","Follow whitebox_renders_v2/B03/WB2_EXIT_MSB058.png; preserve axis, scale, foreground/midground/background, and subject blocking.",S2_EXIT_TO_STANDOFF,exit and danger premonition,Happy afterglow drains away; the brothers sense danger before the alley blockade.,"The brothers are still mostly clean; clothes can wrinkle and bags can swing, but no fight dirt.",The mood shifts from pride to alertness and unease.,"Arcade exit to damp secluded path; warm door light falls behind them, shadows begin to appear.",whitebox_renders_v2/B03/WB2_EXIT_MSB058.png
MSB059,B03,07,志得意满离开,SCN_ARCADE_EXIT,CAM_ARCADE_EXIT_01_LEAVING,storyboard,A,visual_assets/pure/micro_storyboard/B03/MSB059_v001.png,visual_assets/annotated/micro_storyboard/B03/MSB059_v001_annotated.png,"Create a pure cinematic film still for AIGC video generation, 16:9 landscape, high-resolution, photoreal Chinese dreamcore realism, 1990s small-town China, humid yellowed childhood memory, low light, restrained VHS grain, real old clothes, lived-in surfaces, no visible text or annotations. Use the whitebox reference for composition and spatial relationship: whitebox_renders_v2/B03/WB2_EXIT_MSB059.png. Panel MSB059, Clip 07 志得意满离开, time 01:43. Scene lock: SCN_ARCADE_EXIT. Camera reference: CAM_ARCADE_EXIT_01_LEAVING. Shot size: 中景. Beat: 阿磊比划胜利. Visual focus: 阿磊边走边用手模仿刚才的操作，肩膀抖一下. Character focus: 阿磊. Expression: 得意但装酷. Blocking and motion: 手部比划小幅. Continuity anchors: 游戏机房门口、旧卷帘门、昏黄路灯、门内 CRT 漏光、三兄弟全男孩. Story stage: S2_EXIT_TO_STANDOFF / exit and danger premonition. Character stage lock: Happy afterglow drains away; the brothers sense danger before the alley blockade.. Wardrobe state: The brothers are still mostly clean; clothes can wrinkle and bags can swing, but no fight dirt.. Emotion state: The mood shifts from pride to alertness and unease.. Environment stage lock: Arcade exit to damp secluded path; warm door light falls behind them, shadows begin to appear.. Identity locks: A Lei is the tall older brother with old thin metal-frame glasses, a blue worn tracksuit, protective posture, and a habit of pushing his glasses. Xiao Chuan is the middle/protagonist boy with round eyes, a slightly protruding right ear, half-open mouth, red scarf, blue school jacket and green schoolbag, often gripping the bag straps. Xiao Man is the smallest younger brother with a round head, rounder body, timid downcast eyes, warm old vest or pale shirt, hands gripping his hem, toes turned inward. Binzi is the short bully boss with dyed yellow hair and a compact aggressive body. The other three bullies must have distinct tall-thin, heavy, and errand-runner silhouettes. The image must look like a final movie frame or clean keyframe, not a storyboard drawing.","No text, no captions, no Chinese characters, no English letters, no labels, no arrows, no diagrams, no storyboard frame, no contact sheet, no sketch lines, no watermark. Avoid modern phones, modern cars, LED shop signs, polished mall interiors, fashionable contemporary clothes, glossy advertisement lighting, heroic violence, gore, blood focus, glamorized fighting, or characters looking like adults. Avoid panel-specific problems: 混混立刻追逐、门口开打、现代商业街、女生. Do not make the brothers already beaten, muddy, heroic, or inside the abandoned corridor.","Follow whitebox_renders_v2/B03/WB2_EXIT_MSB059.png; preserve axis, scale, foreground/midground/background, and subject blocking.",S2_EXIT_TO_STANDOFF,exit and danger premonition,Happy afterglow drains away; the brothers sense danger before the alley blockade.,"The brothers are still mostly clean; clothes can wrinkle and bags can swing, but no fight dirt.",The mood shifts from pride to alertness and unease.,"Arcade exit to damp secluded path; warm door light falls behind them, shadows begin to appear.",whitebox_renders_v2/B03/WB2_EXIT_MSB059.png
MSB060,B03,07,志得意满离开,SCN_ARCADE_EXIT,CAM_ARCADE_EXIT_01_LEAVING,storyboard,B,visual_assets/pure/micro_storyboard/B03/MSB060_v001.png,visual_assets/annotated/micro_storyboard/B03/MSB060_v001_annotated.png,"Create a pure cinematic film still for AIGC video generation, 16:9 landscape, high-resolution, photoreal Chinese dreamcore realism, 1990s small-town China, humid yellowed childhood memory, low light, restrained VHS grain, real old clothes, lived-in surfaces, no visible text or annotations. Use the whitebox reference for composition and spatial relationship: whitebox_renders_v2/B03/WB2_EXIT_MSB060.png. Panel MSB060, Clip 07 志得意满离开, time 01:45. Scene lock: SCN_ARCADE_EXIT. Camera reference: CAM_ARCADE_EXIT_01_LEAVING. Shot size: 中景. Beat: 小川学了一下. Visual focus: 小川偷偷学阿磊按键动作，马上又攥回书包带. Character focus: 小川. Expression: 想加入哥哥的得意. Blocking and motion: 动作小而短. Continuity anchors: 游戏机房门口、旧卷帘门、昏黄路灯、门内 CRT 漏光、三兄弟全男孩. Story stage: S2_EXIT_TO_STANDOFF / exit and danger premonition. Character stage lock: Happy afterglow drains away; the brothers sense danger before the alley blockade.. Wardrobe state: The brothers are still mostly clean; clothes can wrinkle and bags can swing, but no fight dirt.. Emotion state: The mood shifts from pride to alertness and unease.. Environment stage lock: Arcade exit to damp secluded path; warm door light falls behind them, shadows begin to appear.. Identity locks: A Lei is the tall older brother with old thin metal-frame glasses, a blue worn tracksuit, protective posture, and a habit of pushing his glasses. Xiao Chuan is the middle/protagonist boy with round eyes, a slightly protruding right ear, half-open mouth, red scarf, blue school jacket and green schoolbag, often gripping the bag straps. Xiao Man is the smallest younger brother with a round head, rounder body, timid downcast eyes, warm old vest or pale shirt, hands gripping his hem, toes turned inward. Binzi is the short bully boss with dyed yellow hair and a compact aggressive body. The other three bullies must have distinct tall-thin, heavy, and errand-runner silhouettes. The image must look like a final movie frame or clean keyframe, not a storyboard drawing.","No text, no captions, no Chinese characters, no English letters, no labels, no arrows, no diagrams, no storyboard frame, no contact sheet, no sketch lines, no watermark. Avoid modern phones, modern cars, LED shop signs, polished mall interiors, fashionable contemporary clothes, glossy advertisement lighting, heroic violence, gore, blood focus, glamorized fighting, or characters looking like adults. Avoid panel-specific problems: 混混立刻追逐、门口开打、现代商业街、女生. Do not make the brothers already beaten, muddy, heroic, or inside the abandoned corridor.","Follow whitebox_renders_v2/B03/WB2_EXIT_MSB060.png; preserve axis, scale, foreground/midground/background, and subject blocking.",S2_EXIT_TO_STANDOFF,exit and danger premonition,Happy afterglow drains away; the brothers sense danger before the alley blockade.,"The brothers are still mostly clean; clothes can wrinkle and bags can swing, but no fight dirt.",The mood shifts from pride to alertness and unease.,"Arcade exit to damp secluded path; warm door light falls behind them, shadows begin to appear.",whitebox_renders_v2/B03/WB2_EXIT_MSB060.png
MSB061,B03,07,志得意满离开,SCN_ARCADE_EXIT,CAM_ARCADE_EXIT_01_LEAVING,storyboard,B,visual_assets/pure/micro_storyboard/B03/MSB061_v001.png,visual_assets/annotated/micro_storyboard/B03/MSB061_v001_annotated.png,"Create a pure cinematic film still for AIGC video generation, 16:9 landscape, high-resolution, photoreal Chinese dreamcore realism, 1990s small-town China, humid yellowed childhood memory, low light, restrained VHS grain, real old clothes, lived-in surfaces, no visible text or annotations. Use the whitebox reference for composition and spatial relationship: whitebox_renders_v2/B03/WB2_EXIT_MSB061.png. Panel MSB061, Clip 07 志得意满离开, time 01:47. Scene lock: SCN_ARCADE_EXIT. Camera reference: CAM_ARCADE_EXIT_01_LEAVING. Shot size: 中景. Beat: 小满跟着笑. Visual focus: 小满看小川笑才跟着笑，衣角还攥在手里. Character focus: 小满. Expression: 跟随式开心. Blocking and motion: 脚步慢半拍. Continuity anchors: 游戏机房门口、旧卷帘门、昏黄路灯、门内 CRT 漏光、三兄弟全男孩. Story stage: S2_EXIT_TO_STANDOFF / exit and danger premonition. Character stage lock: Happy afterglow drains away; the brothers sense danger before the alley blockade.. Wardrobe state: The brothers are still mostly clean; clothes can wrinkle and bags can swing, but no fight dirt.. Emotion state: The mood shifts from pride to alertness and unease.. Environment stage lock: Arcade exit to damp secluded path; warm door light falls behind them, shadows begin to appear.. Identity locks: A Lei is the tall older brother with old thin metal-frame glasses, a blue worn tracksuit, protective posture, and a habit of pushing his glasses. Xiao Chuan is the middle/protagonist boy with round eyes, a slightly protruding right ear, half-open mouth, red scarf, blue school jacket and green schoolbag, often gripping the bag straps. Xiao Man is the smallest younger brother with a round head, rounder body, timid downcast eyes, warm old vest or pale shirt, hands gripping his hem, toes turned inward. Binzi is the short bully boss with dyed yellow hair and a compact aggressive body. The other three bullies must have distinct tall-thin, heavy, and errand-runner silhouettes. The image must look like a final movie frame or clean keyframe, not a storyboard drawing.","No text, no captions, no Chinese characters, no English letters, no labels, no arrows, no diagrams, no storyboard frame, no contact sheet, no sketch lines, no watermark. Avoid modern phones, modern cars, LED shop signs, polished mall interiors, fashionable contemporary clothes, glossy advertisement lighting, heroic violence, gore, blood focus, glamorized fighting, or characters looking like adults. Avoid panel-specific problems: 混混立刻追逐、门口开打、现代商业街、女生. Do not make the brothers already beaten, muddy, heroic, or inside the abandoned corridor.","Follow whitebox_renders_v2/B03/WB2_EXIT_MSB061.png; preserve axis, scale, foreground/midground/background, and subject blocking.",S2_EXIT_TO_STANDOFF,exit and danger premonition,Happy afterglow drains away; the brothers sense danger before the alley blockade.,"The brothers are still mostly clean; clothes can wrinkle and bags can swing, but no fight dirt.",The mood shifts from pride to alertness and unease.,"Arcade exit to damp secluded path; warm door light falls behind them, shadows begin to appear.",whitebox_renders_v2/B03/WB2_EXIT_MSB061.png
MSB062,B03,07,志得意满离开,SCN_ARCADE_EXIT,CAM_ARCADE_EXIT_01_LEAVING,keyframe,A,visual_assets/pure/micro_storyboard/B03/MSB062_v001.png,visual_assets/annotated/micro_storyboard/B03/MSB062_v001_annotated.png,"Create a pure cinematic film still for AIGC video generation, 16:9 landscape, high-resolution, photoreal Chinese dreamcore realism, 1990s small-town China, humid yellowed childhood memory, low light, restrained VHS grain, real old clothes, lived-in surfaces, no visible text or annotations. Use the whitebox reference for composition and spatial relationship: whitebox_renders_v2/B03/WB2_EXIT_MSB062.png. Panel MSB062, Clip 07 志得意满离开, time 01:49. Scene lock: SCN_ARCADE_EXIT. Camera reference: CAM_ARCADE_EXIT_01_LEAVING. Shot size: 远景. Beat: 门口空间回看. Visual focus: 游戏机房门口缩在老楼角落里，三兄弟走向小路方向. Character focus: 环境/三兄弟. Expression: 兴奋开始变远. Blocking and motion: 低机位跟拍. Continuity anchors: 游戏机房门口、旧卷帘门、昏黄路灯、门内 CRT 漏光、三兄弟全男孩. Story stage: S2_EXIT_TO_STANDOFF / exit and danger premonition. Character stage lock: Happy afterglow drains away; the brothers sense danger before the alley blockade.. Wardrobe state: The brothers are still mostly clean; clothes can wrinkle and bags can swing, but no fight dirt.. Emotion state: The mood shifts from pride to alertness and unease.. Environment stage lock: Arcade exit to damp secluded path; warm door light falls behind them, shadows begin to appear.. Identity locks: A Lei is the tall older brother with old thin metal-frame glasses, a blue worn tracksuit, protective posture, and a habit of pushing his glasses. Xiao Chuan is the middle/protagonist boy with round eyes, a slightly protruding right ear, half-open mouth, red scarf, blue school jacket and green schoolbag, often gripping the bag straps. Xiao Man is the smallest younger brother with a round head, rounder body, timid downcast eyes, warm old vest or pale shirt, hands gripping his hem, toes turned inward. Binzi is the short bully boss with dyed yellow hair and a compact aggressive body. The other three bullies must have distinct tall-thin, heavy, and errand-runner silhouettes. The image must look like a final movie frame or clean keyframe, not a storyboard drawing.","No text, no captions, no Chinese characters, no English letters, no labels, no arrows, no diagrams, no storyboard frame, no contact sheet, no sketch lines, no watermark. Avoid modern phones, modern cars, LED shop signs, polished mall interiors, fashionable contemporary clothes, glossy advertisement lighting, heroic violence, gore, blood focus, glamorized fighting, or characters looking like adults. Avoid panel-specific problems: 混混立刻追逐、门口开打、现代商业街、女生. Do not make the brothers already beaten, muddy, heroic, or inside the abandoned corridor.","Follow whitebox_renders_v2/B03/WB2_EXIT_MSB062.png; preserve axis, scale, foreground/midground/background, and subject blocking.",S2_EXIT_TO_STANDOFF,exit and danger premonition,Happy afterglow drains away; the brothers sense danger before the alley blockade.,"The brothers are still mostly clean; clothes can wrinkle and bags can swing, but no fight dirt.",The mood shifts from pride to alertness and unease.,"Arcade exit to damp secluded path; warm door light falls behind them, shadows begin to appear.",whitebox_renders_v2/B03/WB2_EXIT_MSB062.png
MSB063,B03,07,志得意满离开,SCN_ARCADE_EXIT,CAM_ARCADE_EXIT_01_LEAVING,storyboard,C,visual_assets/pure/micro_storyboard/B03/MSB063_v001.png,visual_assets/annotated/micro_storyboard/B03/MSB063_v001_annotated.png,"Create a pure cinematic film still for AIGC video generation, 16:9 landscape, high-resolution, photoreal Chinese dreamcore realism, 1990s small-town China, humid yellowed childhood memory, low light, restrained VHS grain, real old clothes, lived-in surfaces, no visible text or annotations. Use the whitebox reference for composition and spatial relationship: whitebox_renders_v2/B03/WB2_EXIT_MSB063.png. Panel MSB063, Clip 07 志得意满离开, time 01:50. Scene lock: SCN_ARCADE_EXIT. Camera reference: CAM_ARCADE_EXIT_01_LEAVING. Shot size: 特写. Beat: CRT 声远去. Visual focus: 门口旧招牌和漏出的彩光逐渐留在后景，街机声远去. Character focus: 环境. Expression: 无人物，过渡. Blocking and motion: 镜头被暗处遮挡. Continuity anchors: 游戏机房门口、旧卷帘门、昏黄路灯、门内 CRT 漏光、三兄弟全男孩. Story stage: S2_EXIT_TO_STANDOFF / exit and danger premonition. Character stage lock: Happy afterglow drains away; the brothers sense danger before the alley blockade.. Wardrobe state: The brothers are still mostly clean; clothes can wrinkle and bags can swing, but no fight dirt.. Emotion state: The mood shifts from pride to alertness and unease.. Environment stage lock: Arcade exit to damp secluded path; warm door light falls behind them, shadows begin to appear.. Identity locks: A Lei is the tall older brother with old thin metal-frame glasses, a blue worn tracksuit, protective posture, and a habit of pushing his glasses. Xiao Chuan is the middle/protagonist boy with round eyes, a slightly protruding right ear, half-open mouth, red scarf, blue school jacket and green schoolbag, often gripping the bag straps. Xiao Man is the smallest younger brother with a round head, rounder body, timid downcast eyes, warm old vest or pale shirt, hands gripping his hem, toes turned inward. Binzi is the short bully boss with dyed yellow hair and a compact aggressive body. The other three bullies must have distinct tall-thin, heavy, and errand-runner silhouettes. The image must look like a final movie frame or clean keyframe, not a storyboard drawing.","No text, no captions, no Chinese characters, no English letters, no labels, no arrows, no diagrams, no storyboard frame, no contact sheet, no sketch lines, no watermark. Avoid modern phones, modern cars, LED shop signs, polished mall interiors, fashionable contemporary clothes, glossy advertisement lighting, heroic violence, gore, blood focus, glamorized fighting, or characters looking like adults. Avoid panel-specific problems: 混混立刻追逐、门口开打、现代商业街、女生. Do not make the brothers already beaten, muddy, heroic, or inside the abandoned corridor.","Follow whitebox_renders_v2/B03/WB2_EXIT_MSB063.png; preserve axis, scale, foreground/midground/background, and subject blocking.",S2_EXIT_TO_STANDOFF,exit and danger premonition,Happy afterglow drains away; the brothers sense danger before the alley blockade.,"The brothers are still mostly clean; clothes can wrinkle and bags can swing, but no fight dirt.",The mood shifts from pride to alertness and unease.,"Arcade exit to damp secluded path; warm door light falls behind them, shadows begin to appear.",whitebox_renders_v2/B03/WB2_EXIT_MSB063.png
MSB064,B03,07,志得意满离开,SCN_ARCADE_EXIT,CAM_ARCADE_EXIT_01_LEAVING,storyboard,A,visual_assets/pure/micro_storyboard/B03/MSB064_v001.png,visual_assets/annotated/micro_storyboard/B03/MSB064_v001_annotated.png,"Create a pure cinematic film still for AIGC video generation, 16:9 landscape, high-resolution, photoreal Chinese dreamcore realism, 1990s small-town China, humid yellowed childhood memory, low light, restrained VHS grain, real old clothes, lived-in surfaces, no visible text or annotations. Use the whitebox reference for composition and spatial relationship: whitebox_renders_v2/B03/WB2_EXIT_MSB064.png. Panel MSB064, Clip 07 志得意满离开, time 01:52. Scene lock: SCN_ARCADE_EXIT. Camera reference: CAM_ARCADE_EXIT_01_LEAVING. Shot size: 全景. Beat: 阿磊走在最前. Visual focus: 阿磊保持前方，小川半步后，小满最后，队形回到初始但更放松. Character focus: 三兄弟. Expression: 阿磊得意，小川亮眼，小满放松. Blocking and motion: 向小路方向走. Continuity anchors: 游戏机房门口、旧卷帘门、昏黄路灯、门内 CRT 漏光、三兄弟全男孩. Story stage: S2_EXIT_TO_STANDOFF / exit and danger premonition. Character stage lock: Happy afterglow drains away; the brothers sense danger before the alley blockade.. Wardrobe state: The brothers are still mostly clean; clothes can wrinkle and bags can swing, but no fight dirt.. Emotion state: The mood shifts from pride to alertness and unease.. Environment stage lock: Arcade exit to damp secluded path; warm door light falls behind them, shadows begin to appear.. Identity locks: A Lei is the tall older brother with old thin metal-frame glasses, a blue worn tracksuit, protective posture, and a habit of pushing his glasses. Xiao Chuan is the middle/protagonist boy with round eyes, a slightly protruding right ear, half-open mouth, red scarf, blue school jacket and green schoolbag, often gripping the bag straps. Xiao Man is the smallest younger brother with a round head, rounder body, timid downcast eyes, warm old vest or pale shirt, hands gripping his hem, toes turned inward. Binzi is the short bully boss with dyed yellow hair and a compact aggressive body. The other three bullies must have distinct tall-thin, heavy, and errand-runner silhouettes. The image must look like a final movie frame or clean keyframe, not a storyboard drawing.","No text, no captions, no Chinese characters, no English letters, no labels, no arrows, no diagrams, no storyboard frame, no contact sheet, no sketch lines, no watermark. Avoid modern phones, modern cars, LED shop signs, polished mall interiors, fashionable contemporary clothes, glossy advertisement lighting, heroic violence, gore, blood focus, glamorized fighting, or characters looking like adults. Avoid panel-specific problems: 混混立刻追逐、门口开打、现代商业街、女生. Do not make the brothers already beaten, muddy, heroic, or inside the abandoned corridor.","Follow whitebox_renders_v2/B03/WB2_EXIT_MSB064.png; preserve axis, scale, foreground/midground/background, and subject blocking.",S2_EXIT_TO_STANDOFF,exit and danger premonition,Happy afterglow drains away; the brothers sense danger before the alley blockade.,"The brothers are still mostly clean; clothes can wrinkle and bags can swing, but no fight dirt.",The mood shifts from pride to alertness and unease.,"Arcade exit to damp secluded path; warm door light falls behind them, shadows begin to appear.",whitebox_renders_v2/B03/WB2_EXIT_MSB064.png
MSB065,B03,07,志得意满离开,SCN_ARCADE_EXIT,CAM_ARCADE_EXIT_01_LEAVING,end_frame,A,visual_assets/pure/micro_storyboard/B03/MSB065_v001.png,visual_assets/annotated/micro_storyboard/B03/MSB065_v001_annotated.png,"Create a pure cinematic film still for AIGC video generation, 16:9 landscape, high-resolution, photoreal Chinese dreamcore realism, 1990s small-town China, humid yellowed childhood memory, low light, restrained VHS grain, real old clothes, lived-in surfaces, no visible text or annotations. Use the whitebox reference for composition and spatial relationship: whitebox_renders_v2/B03/WB2_EXIT_MSB065.png. Panel MSB065, Clip 07 志得意满离开, time 01:54. Scene lock: SCN_ARCADE_EXIT. Camera reference: CAM_ARCADE_EXIT_01_LEAVING. Shot size: 中远景. Beat: 暗巷入口. Visual focus: 三兄弟走进老小区背后的暗巷入口，黄路灯把影子拉长. Character focus: 三兄弟/环境. Expression: 开心边缘出现不安. Blocking and motion: 影子变长. Continuity anchors: 游戏机房门口、旧卷帘门、昏黄路灯、门内 CRT 漏光、三兄弟全男孩. Story stage: S2_EXIT_TO_STANDOFF / exit and danger premonition. Character stage lock: Happy afterglow drains away; the brothers sense danger before the alley blockade.. Wardrobe state: The brothers are still mostly clean; clothes can wrinkle and bags can swing, but no fight dirt.. Emotion state: The mood shifts from pride to alertness and unease.. Environment stage lock: Arcade exit to damp secluded path; warm door light falls behind them, shadows begin to appear.. Identity locks: A Lei is the tall older brother with old thin metal-frame glasses, a blue worn tracksuit, protective posture, and a habit of pushing his glasses. Xiao Chuan is the middle/protagonist boy with round eyes, a slightly protruding right ear, half-open mouth, red scarf, blue school jacket and green schoolbag, often gripping the bag straps. Xiao Man is the smallest younger brother with a round head, rounder body, timid downcast eyes, warm old vest or pale shirt, hands gripping his hem, toes turned inward. Binzi is the short bully boss with dyed yellow hair and a compact aggressive body. The other three bullies must have distinct tall-thin, heavy, and errand-runner silhouettes. The image must look like a final movie frame or clean keyframe, not a storyboard drawing.","No text, no captions, no Chinese characters, no English letters, no labels, no arrows, no diagrams, no storyboard frame, no contact sheet, no sketch lines, no watermark. Avoid modern phones, modern cars, LED shop signs, polished mall interiors, fashionable contemporary clothes, glossy advertisement lighting, heroic violence, gore, blood focus, glamorized fighting, or characters looking like adults. Avoid panel-specific problems: 混混立刻追逐、门口开打、现代商业街、女生. Do not make the brothers already beaten, muddy, heroic, or inside the abandoned corridor.","Follow whitebox_renders_v2/B03/WB2_EXIT_MSB065.png; preserve axis, scale, foreground/midground/background, and subject blocking.",S2_EXIT_TO_STANDOFF,exit and danger premonition,Happy afterglow drains away; the brothers sense danger before the alley blockade.,"The brothers are still mostly clean; clothes can wrinkle and bags can swing, but no fight dirt.",The mood shifts from pride to alertness and unease.,"Arcade exit to damp secluded path; warm door light falls behind them, shadows begin to appear.",whitebox_renders_v2/B03/WB2_EXIT_MSB065.png
MSB066,B03,08,偏僻小路,SCN_ALLEY,CAM_ALLEY_01_WALK_HOME,keyframe,A,visual_assets/pure/micro_storyboard/B03/MSB066_v001.png,visual_assets/annotated/micro_storyboard/B03/MSB066_v001_annotated.png,"Create a pure cinematic film still for AIGC video generation, 16:9 landscape, high-resolution, photoreal Chinese dreamcore realism, 1990s small-town China, humid yellowed childhood memory, low light, restrained VHS grain, real old clothes, lived-in surfaces, no visible text or annotations. Use the whitebox reference for composition and spatial relationship: whitebox_renders_v2/B03/WB2_ALLEY_MSB066.png. Panel MSB066, Clip 08 偏僻小路, time 01:56. Scene lock: SCN_ALLEY. Camera reference: CAM_ALLEY_01_WALK_HOME. Shot size: 远景. Beat: 小路全貌. Visual focus: 狭窄小路两侧围墙和杂草，远处旧路灯，路面湿而空. Character focus: 环境. Expression: 无人物，偏僻感. Blocking and motion: locked-off. Continuity anchors: 老小区背后偏僻小路、围墙、杂草、碎砖石、潮湿地面、旧路灯，三兄弟从游戏机房回家. Story stage: S2_EXIT_TO_STANDOFF / exit and danger premonition. Character stage lock: Happy afterglow drains away; the brothers sense danger before the alley blockade.. Wardrobe state: The brothers are still mostly clean; clothes can wrinkle and bags can swing, but no fight dirt.. Emotion state: The mood shifts from pride to alertness and unease.. Environment stage lock: Arcade exit to damp secluded path; warm door light falls behind them, shadows begin to appear.. Identity locks: A Lei is the tall older brother with old thin metal-frame glasses, a blue worn tracksuit, protective posture, and a habit of pushing his glasses. Xiao Chuan is the middle/protagonist boy with round eyes, a slightly protruding right ear, half-open mouth, red scarf, blue school jacket and green schoolbag, often gripping the bag straps. Xiao Man is the smallest younger brother with a round head, rounder body, timid downcast eyes, warm old vest or pale shirt, hands gripping his hem, toes turned inward. Binzi is the short bully boss with dyed yellow hair and a compact aggressive body. The other three bullies must have distinct tall-thin, heavy, and errand-runner silhouettes. The image must look like a final movie frame or clean keyframe, not a storyboard drawing.","No text, no captions, no Chinese characters, no English letters, no labels, no arrows, no diagrams, no storyboard frame, no contact sheet, no sketch lines, no watermark. Avoid modern phones, modern cars, LED shop signs, polished mall interiors, fashionable contemporary clothes, glossy advertisement lighting, heroic violence, gore, blood focus, glamorized fighting, or characters looking like adults. Avoid panel-specific problems: 大街、车流、现代路灯、人群、追逐提前开始. Do not make the brothers already beaten, muddy, heroic, or inside the abandoned corridor.","Follow whitebox_renders_v2/B03/WB2_ALLEY_MSB066.png; preserve axis, scale, foreground/midground/background, and subject blocking.",S2_EXIT_TO_STANDOFF,exit and danger premonition,Happy afterglow drains away; the brothers sense danger before the alley blockade.,"The brothers are still mostly clean; clothes can wrinkle and bags can swing, but no fight dirt.",The mood shifts from pride to alertness and unease.,"Arcade exit to damp secluded path; warm door light falls behind them, shadows begin to appear.",whitebox_renders_v2/B03/WB2_ALLEY_MSB066.png
MSB067,B03,08,偏僻小路,SCN_ALLEY,CAM_ALLEY_01_WALK_HOME,start_frame,A,visual_assets/pure/micro_storyboard/B03/MSB067_v001.png,visual_assets/annotated/micro_storyboard/B03/MSB067_v001_annotated.png,"Create a pure cinematic film still for AIGC video generation, 16:9 landscape, high-resolution, photoreal Chinese dreamcore realism, 1990s small-town China, humid yellowed childhood memory, low light, restrained VHS grain, real old clothes, lived-in surfaces, no visible text or annotations. Use the whitebox reference for composition and spatial relationship: whitebox_renders_v2/B03/WB2_ALLEY_MSB067.png. Panel MSB067, Clip 08 偏僻小路, time 01:57. Scene lock: SCN_ALLEY. Camera reference: CAM_ALLEY_01_WALK_HOME. Shot size: 全景. Beat: 三兄弟进入小路. Visual focus: 三兄弟从画面左侧进入，小路深处留出危险空间. Character focus: 三兄弟. Expression: 还在兴奋. Blocking and motion: 低机位 tracking. Continuity anchors: 老小区背后偏僻小路、围墙、杂草、碎砖石、潮湿地面、旧路灯，三兄弟从游戏机房回家. Story stage: S2_EXIT_TO_STANDOFF / exit and danger premonition. Character stage lock: Happy afterglow drains away; the brothers sense danger before the alley blockade.. Wardrobe state: The brothers are still mostly clean; clothes can wrinkle and bags can swing, but no fight dirt.. Emotion state: The mood shifts from pride to alertness and unease.. Environment stage lock: Arcade exit to damp secluded path; warm door light falls behind them, shadows begin to appear.. Identity locks: A Lei is the tall older brother with old thin metal-frame glasses, a blue worn tracksuit, protective posture, and a habit of pushing his glasses. Xiao Chuan is the middle/protagonist boy with round eyes, a slightly protruding right ear, half-open mouth, red scarf, blue school jacket and green schoolbag, often gripping the bag straps. Xiao Man is the smallest younger brother with a round head, rounder body, timid downcast eyes, warm old vest or pale shirt, hands gripping his hem, toes turned inward. Binzi is the short bully boss with dyed yellow hair and a compact aggressive body. The other three bullies must have distinct tall-thin, heavy, and errand-runner silhouettes. The image must look like a final movie frame or clean keyframe, not a storyboard drawing.","No text, no captions, no Chinese characters, no English letters, no labels, no arrows, no diagrams, no storyboard frame, no contact sheet, no sketch lines, no watermark. Avoid modern phones, modern cars, LED shop signs, polished mall interiors, fashionable contemporary clothes, glossy advertisement lighting, heroic violence, gore, blood focus, glamorized fighting, or characters looking like adults. Avoid panel-specific problems: 大街、车流、现代路灯、人群、追逐提前开始. Do not make the brothers already beaten, muddy, heroic, or inside the abandoned corridor.","Follow whitebox_renders_v2/B03/WB2_ALLEY_MSB067.png; preserve axis, scale, foreground/midground/background, and subject blocking.",S2_EXIT_TO_STANDOFF,exit and danger premonition,Happy afterglow drains away; the brothers sense danger before the alley blockade.,"The brothers are still mostly clean; clothes can wrinkle and bags can swing, but no fight dirt.",The mood shifts from pride to alertness and unease.,"Arcade exit to damp secluded path; warm door light falls behind them, shadows begin to appear.",whitebox_renders_v2/B03/WB2_ALLEY_MSB067.png
MSB068,B03,08,偏僻小路,SCN_ALLEY,CAM_ALLEY_01_WALK_HOME,storyboard,B,visual_assets/pure/micro_storyboard/B03/MSB068_v001.png,visual_assets/annotated/micro_storyboard/B03/MSB068_v001_annotated.png,"Create a pure cinematic film still for AIGC video generation, 16:9 landscape, high-resolution, photoreal Chinese dreamcore realism, 1990s small-town China, humid yellowed childhood memory, low light, restrained VHS grain, real old clothes, lived-in surfaces, no visible text or annotations. Use the whitebox reference for composition and spatial relationship: whitebox_renders_v2/B03/WB2_ALLEY_MSB068.png. Panel MSB068, Clip 08 偏僻小路, time 01:59. Scene lock: SCN_ALLEY. Camera reference: CAM_ALLEY_01_WALK_HOME. Shot size: 中景. Beat: 阿磊继续讲赢法. Visual focus: 阿磊边走边比划摇杆，小川抬头认真听. Character focus: 阿磊/小川. Expression: 阿磊得意，小川崇拜. Blocking and motion: 向前走，手比划. Continuity anchors: 老小区背后偏僻小路、围墙、杂草、碎砖石、潮湿地面、旧路灯，三兄弟从游戏机房回家. Story stage: S2_EXIT_TO_STANDOFF / exit and danger premonition. Character stage lock: Happy afterglow drains away; the brothers sense danger before the alley blockade.. Wardrobe state: The brothers are still mostly clean; clothes can wrinkle and bags can swing, but no fight dirt.. Emotion state: The mood shifts from pride to alertness and unease.. Environment stage lock: Arcade exit to damp secluded path; warm door light falls behind them, shadows begin to appear.. Identity locks: A Lei is the tall older brother with old thin metal-frame glasses, a blue worn tracksuit, protective posture, and a habit of pushing his glasses. Xiao Chuan is the middle/protagonist boy with round eyes, a slightly protruding right ear, half-open mouth, red scarf, blue school jacket and green schoolbag, often gripping the bag straps. Xiao Man is the smallest younger brother with a round head, rounder body, timid downcast eyes, warm old vest or pale shirt, hands gripping his hem, toes turned inward. Binzi is the short bully boss with dyed yellow hair and a compact aggressive body. The other three bullies must have distinct tall-thin, heavy, and errand-runner silhouettes. The image must look like a final movie frame or clean keyframe, not a storyboard drawing.","No text, no captions, no Chinese characters, no English letters, no labels, no arrows, no diagrams, no storyboard frame, no contact sheet, no sketch lines, no watermark. Avoid modern phones, modern cars, LED shop signs, polished mall interiors, fashionable contemporary clothes, glossy advertisement lighting, heroic violence, gore, blood focus, glamorized fighting, or characters looking like adults. Avoid panel-specific problems: 大街、车流、现代路灯、人群、追逐提前开始. Do not make the brothers already beaten, muddy, heroic, or inside the abandoned corridor.","Follow whitebox_renders_v2/B03/WB2_ALLEY_MSB068.png; preserve axis, scale, foreground/midground/background, and subject blocking.",S2_EXIT_TO_STANDOFF,exit and danger premonition,Happy afterglow drains away; the brothers sense danger before the alley blockade.,"The brothers are still mostly clean; clothes can wrinkle and bags can swing, but no fight dirt.",The mood shifts from pride to alertness and unease.,"Arcade exit to damp secluded path; warm door light falls behind them, shadows begin to appear.",whitebox_renders_v2/B03/WB2_ALLEY_MSB068.png
MSB069,B03,08,偏僻小路,SCN_ALLEY,CAM_ALLEY_01_WALK_HOME,storyboard,C,visual_assets/pure/micro_storyboard/B03/MSB069_v001.png,visual_assets/annotated/micro_storyboard/B03/MSB069_v001_annotated.png,"Create a pure cinematic film still for AIGC video generation, 16:9 landscape, high-resolution, photoreal Chinese dreamcore realism, 1990s small-town China, humid yellowed childhood memory, low light, restrained VHS grain, real old clothes, lived-in surfaces, no visible text or annotations. Use the whitebox reference for composition and spatial relationship: whitebox_renders_v2/B03/WB2_ALLEY_MSB069.png. Panel MSB069, Clip 08 偏僻小路, time 02:01. Scene lock: SCN_ALLEY. Camera reference: CAM_ALLEY_01_WALK_HOME. Shot size: 中景. Beat: 小满跟不上. Visual focus: 小满落后半步，脚尖内扣，努力跟上哥哥节奏. Character focus: 小满. Expression: 放松但迟缓. Blocking and motion: 小跑两步追上. Continuity anchors: 老小区背后偏僻小路、围墙、杂草、碎砖石、潮湿地面、旧路灯，三兄弟从游戏机房回家. Story stage: S2_EXIT_TO_STANDOFF / exit and danger premonition. Character stage lock: Happy afterglow drains away; the brothers sense danger before the alley blockade.. Wardrobe state: The brothers are still mostly clean; clothes can wrinkle and bags can swing, but no fight dirt.. Emotion state: The mood shifts from pride to alertness and unease.. Environment stage lock: Arcade exit to damp secluded path; warm door light falls behind them, shadows begin to appear.. Identity locks: A Lei is the tall older brother with old thin metal-frame glasses, a blue worn tracksuit, protective posture, and a habit of pushing his glasses. Xiao Chuan is the middle/protagonist boy with round eyes, a slightly protruding right ear, half-open mouth, red scarf, blue school jacket and green schoolbag, often gripping the bag straps. Xiao Man is the smallest younger brother with a round head, rounder body, timid downcast eyes, warm old vest or pale shirt, hands gripping his hem, toes turned inward. Binzi is the short bully boss with dyed yellow hair and a compact aggressive body. The other three bullies must have distinct tall-thin, heavy, and errand-runner silhouettes. The image must look like a final movie frame or clean keyframe, not a storyboard drawing.","No text, no captions, no Chinese characters, no English letters, no labels, no arrows, no diagrams, no storyboard frame, no contact sheet, no sketch lines, no watermark. Avoid modern phones, modern cars, LED shop signs, polished mall interiors, fashionable contemporary clothes, glossy advertisement lighting, heroic violence, gore, blood focus, glamorized fighting, or characters looking like adults. Avoid panel-specific problems: 大街、车流、现代路灯、人群、追逐提前开始. Do not make the brothers already beaten, muddy, heroic, or inside the abandoned corridor.","Follow whitebox_renders_v2/B03/WB2_ALLEY_MSB069.png; preserve axis, scale, foreground/midground/background, and subject blocking.",S2_EXIT_TO_STANDOFF,exit and danger premonition,Happy afterglow drains away; the brothers sense danger before the alley blockade.,"The brothers are still mostly clean; clothes can wrinkle and bags can swing, but no fight dirt.",The mood shifts from pride to alertness and unease.,"Arcade exit to damp secluded path; warm door light falls behind them, shadows begin to appear.",whitebox_renders_v2/B03/WB2_ALLEY_MSB069.png
MSB070,B03,08,偏僻小路,SCN_ALLEY,CAM_ALLEY_01_WALK_HOME,prop,A,visual_assets/pure/micro_storyboard/B03/MSB070_v001.png,visual_assets/annotated/micro_storyboard/B03/MSB070_v001_annotated.png,"Create a pure cinematic film still for AIGC video generation, 16:9 landscape, high-resolution, photoreal Chinese dreamcore realism, 1990s small-town China, humid yellowed childhood memory, low light, restrained VHS grain, real old clothes, lived-in surfaces, no visible text or annotations. Use the whitebox reference for composition and spatial relationship: whitebox_renders_v2/B03/WB2_ALLEY_MSB070.png. Panel MSB070, Clip 08 偏僻小路, time 02:03. Scene lock: SCN_ALLEY. Camera reference: CAM_ALLEY_01_WALK_HOME. Shot size: 特写. Beat: 路边碎石第一次出现. Visual focus: 路边碎砖石和一块普通石块在画面角落出现，不被强调成武器. Character focus: 道具/环境. Expression: 无人物. Blocking and motion: 固定低角度. Continuity anchors: 老小区背后偏僻小路、围墙、杂草、碎砖石、潮湿地面、旧路灯，三兄弟从游戏机房回家. Story stage: S2_EXIT_TO_STANDOFF / exit and danger premonition. Character stage lock: Happy afterglow drains away; the brothers sense danger before the alley blockade.. Wardrobe state: The brothers are still mostly clean; clothes can wrinkle and bags can swing, but no fight dirt.. Emotion state: The mood shifts from pride to alertness and unease.. Environment stage lock: Arcade exit to damp secluded path; warm door light falls behind them, shadows begin to appear.. Identity locks: A Lei is the tall older brother with old thin metal-frame glasses, a blue worn tracksuit, protective posture, and a habit of pushing his glasses. Xiao Chuan is the middle/protagonist boy with round eyes, a slightly protruding right ear, half-open mouth, red scarf, blue school jacket and green schoolbag, often gripping the bag straps. Xiao Man is the smallest younger brother with a round head, rounder body, timid downcast eyes, warm old vest or pale shirt, hands gripping his hem, toes turned inward. Binzi is the short bully boss with dyed yellow hair and a compact aggressive body. The other three bullies must have distinct tall-thin, heavy, and errand-runner silhouettes. The image must look like a final movie frame or clean keyframe, not a storyboard drawing.","No text, no captions, no Chinese characters, no English letters, no labels, no arrows, no diagrams, no storyboard frame, no contact sheet, no sketch lines, no watermark. Avoid modern phones, modern cars, LED shop signs, polished mall interiors, fashionable contemporary clothes, glossy advertisement lighting, heroic violence, gore, blood focus, glamorized fighting, or characters looking like adults. Avoid panel-specific problems: 大街、车流、现代路灯、人群、追逐提前开始. Do not make the brothers already beaten, muddy, heroic, or inside the abandoned corridor.","Follow whitebox_renders_v2/B03/WB2_ALLEY_MSB070.png; preserve axis, scale, foreground/midground/background, and subject blocking.",S2_EXIT_TO_STANDOFF,exit and danger premonition,Happy afterglow drains away; the brothers sense danger before the alley blockade.,"The brothers are still mostly clean; clothes can wrinkle and bags can swing, but no fight dirt.",The mood shifts from pride to alertness and unease.,"Arcade exit to damp secluded path; warm door light falls behind them, shadows begin to appear.",whitebox_renders_v2/B03/WB2_ALLEY_MSB070.png
MSB071,B03,08,偏僻小路,SCN_ALLEY,CAM_ALLEY_01_WALK_HOME,storyboard,A,visual_assets/pure/micro_storyboard/B03/MSB071_v001.png,visual_assets/annotated/micro_storyboard/B03/MSB071_v001_annotated.png,"Create a pure cinematic film still for AIGC video generation, 16:9 landscape, high-resolution, photoreal Chinese dreamcore realism, 1990s small-town China, humid yellowed childhood memory, low light, restrained VHS grain, real old clothes, lived-in surfaces, no visible text or annotations. Use the whitebox reference for composition and spatial relationship: whitebox_renders_v2/B03/WB2_ALLEY_MSB071.png. Panel MSB071, Clip 08 偏僻小路, time 02:05. Scene lock: SCN_ALLEY. Camera reference: CAM_ALLEY_01_WALK_HOME. Shot size: 中景. Beat: 小川经过石块. Visual focus: 小川从石块旁走过，完全没注意，书包甩过前景. Character focus: 小川/道具. Expression: 开心余波. Blocking and motion: 石块作为环境锚点. Continuity anchors: 老小区背后偏僻小路、围墙、杂草、碎砖石、潮湿地面、旧路灯，三兄弟从游戏机房回家. Story stage: S2_EXIT_TO_STANDOFF / exit and danger premonition. Character stage lock: Happy afterglow drains away; the brothers sense danger before the alley blockade.. Wardrobe state: The brothers are still mostly clean; clothes can wrinkle and bags can swing, but no fight dirt.. Emotion state: The mood shifts from pride to alertness and unease.. Environment stage lock: Arcade exit to damp secluded path; warm door light falls behind them, shadows begin to appear.. Identity locks: A Lei is the tall older brother with old thin metal-frame glasses, a blue worn tracksuit, protective posture, and a habit of pushing his glasses. Xiao Chuan is the middle/protagonist boy with round eyes, a slightly protruding right ear, half-open mouth, red scarf, blue school jacket and green schoolbag, often gripping the bag straps. Xiao Man is the smallest younger brother with a round head, rounder body, timid downcast eyes, warm old vest or pale shirt, hands gripping his hem, toes turned inward. Binzi is the short bully boss with dyed yellow hair and a compact aggressive body. The other three bullies must have distinct tall-thin, heavy, and errand-runner silhouettes. The image must look like a final movie frame or clean keyframe, not a storyboard drawing.","No text, no captions, no Chinese characters, no English letters, no labels, no arrows, no diagrams, no storyboard frame, no contact sheet, no sketch lines, no watermark. Avoid modern phones, modern cars, LED shop signs, polished mall interiors, fashionable contemporary clothes, glossy advertisement lighting, heroic violence, gore, blood focus, glamorized fighting, or characters looking like adults. Avoid panel-specific problems: 大街、车流、现代路灯、人群、追逐提前开始. Do not make the brothers already beaten, muddy, heroic, or inside the abandoned corridor.","Follow whitebox_renders_v2/B03/WB2_ALLEY_MSB071.png; preserve axis, scale, foreground/midground/background, and subject blocking.",S2_EXIT_TO_STANDOFF,exit and danger premonition,Happy afterglow drains away; the brothers sense danger before the alley blockade.,"The brothers are still mostly clean; clothes can wrinkle and bags can swing, but no fight dirt.",The mood shifts from pride to alertness and unease.,"Arcade exit to damp secluded path; warm door light falls behind them, shadows begin to appear.",whitebox_renders_v2/B03/WB2_ALLEY_MSB071.png
MSB072,B03,08,偏僻小路,SCN_ALLEY,CAM_ALLEY_01_WALK_HOME,storyboard,A,visual_assets/pure/micro_storyboard/B03/MSB072_v001.png,visual_assets/annotated/micro_storyboard/B03/MSB072_v001_annotated.png,"Create a pure cinematic film still for AIGC video generation, 16:9 landscape, high-resolution, photoreal Chinese dreamcore realism, 1990s small-town China, humid yellowed childhood memory, low light, restrained VHS grain, real old clothes, lived-in surfaces, no visible text or annotations. Use the whitebox reference for composition and spatial relationship: whitebox_renders_v2/B03/WB2_ALLEY_MSB072.png. Panel MSB072, Clip 08 偏僻小路, time 02:06. Scene lock: SCN_ALLEY. Camera reference: CAM_ALLEY_01_WALK_HOME. Shot size: 远景. Beat: 远处阴影. Visual focus: 小路前方灯下出现几个人影，三兄弟还未完全意识到. Character focus: 混混远影/三兄弟. Expression: 危险初现. Blocking and motion: 人物在远处不清晰. Continuity anchors: 老小区背后偏僻小路、围墙、杂草、碎砖石、潮湿地面、旧路灯，三兄弟从游戏机房回家. Story stage: S2_EXIT_TO_STANDOFF / exit and danger premonition. Character stage lock: Happy afterglow drains away; the brothers sense danger before the alley blockade.. Wardrobe state: The brothers are still mostly clean; clothes can wrinkle and bags can swing, but no fight dirt.. Emotion state: The mood shifts from pride to alertness and unease.. Environment stage lock: Arcade exit to damp secluded path; warm door light falls behind them, shadows begin to appear.. Identity locks: A Lei is the tall older brother with old thin metal-frame glasses, a blue worn tracksuit, protective posture, and a habit of pushing his glasses. Xiao Chuan is the middle/protagonist boy with round eyes, a slightly protruding right ear, half-open mouth, red scarf, blue school jacket and green schoolbag, often gripping the bag straps. Xiao Man is the smallest younger brother with a round head, rounder body, timid downcast eyes, warm old vest or pale shirt, hands gripping his hem, toes turned inward. Binzi is the short bully boss with dyed yellow hair and a compact aggressive body. The other three bullies must have distinct tall-thin, heavy, and errand-runner silhouettes. The image must look like a final movie frame or clean keyframe, not a storyboard drawing.","No text, no captions, no Chinese characters, no English letters, no labels, no arrows, no diagrams, no storyboard frame, no contact sheet, no sketch lines, no watermark. Avoid modern phones, modern cars, LED shop signs, polished mall interiors, fashionable contemporary clothes, glossy advertisement lighting, heroic violence, gore, blood focus, glamorized fighting, or characters looking like adults. Avoid panel-specific problems: 大街、车流、现代路灯、人群、追逐提前开始. Do not make the brothers already beaten, muddy, heroic, or inside the abandoned corridor.","Follow whitebox_renders_v2/B03/WB2_ALLEY_MSB072.png; preserve axis, scale, foreground/midground/background, and subject blocking.",S2_EXIT_TO_STANDOFF,exit and danger premonition,Happy afterglow drains away; the brothers sense danger before the alley blockade.,"The brothers are still mostly clean; clothes can wrinkle and bags can swing, but no fight dirt.",The mood shifts from pride to alertness and unease.,"Arcade exit to damp secluded path; warm door light falls behind them, shadows begin to appear.",whitebox_renders_v2/B03/WB2_ALLEY_MSB072.png
MSB073,B03,08,偏僻小路,SCN_ALLEY,CAM_ALLEY_01_WALK_HOME,storyboard,A,visual_assets/pure/micro_storyboard/B03/MSB073_v001.png,visual_assets/annotated/micro_storyboard/B03/MSB073_v001_annotated.png,"Create a pure cinematic film still for AIGC video generation, 16:9 landscape, high-resolution, photoreal Chinese dreamcore realism, 1990s small-town China, humid yellowed childhood memory, low light, restrained VHS grain, real old clothes, lived-in surfaces, no visible text or annotations. Use the whitebox reference for composition and spatial relationship: whitebox_renders_v2/B03/WB2_ALLEY_MSB073.png. Panel MSB073, Clip 08 偏僻小路, time 02:08. Scene lock: SCN_ALLEY. Camera reference: CAM_ALLEY_01_WALK_HOME. Shot size: 中景. Beat: 阿磊脚步变慢. Visual focus: 阿磊的比划停住，身体略挡到小川前面. Character focus: 阿磊. Expression: 从得意转警觉. Blocking and motion: 步子慢下来. Continuity anchors: 老小区背后偏僻小路、围墙、杂草、碎砖石、潮湿地面、旧路灯，三兄弟从游戏机房回家. Story stage: S2_EXIT_TO_STANDOFF / exit and danger premonition. Character stage lock: Happy afterglow drains away; the brothers sense danger before the alley blockade.. Wardrobe state: The brothers are still mostly clean; clothes can wrinkle and bags can swing, but no fight dirt.. Emotion state: The mood shifts from pride to alertness and unease.. Environment stage lock: Arcade exit to damp secluded path; warm door light falls behind them, shadows begin to appear.. Identity locks: A Lei is the tall older brother with old thin metal-frame glasses, a blue worn tracksuit, protective posture, and a habit of pushing his glasses. Xiao Chuan is the middle/protagonist boy with round eyes, a slightly protruding right ear, half-open mouth, red scarf, blue school jacket and green schoolbag, often gripping the bag straps. Xiao Man is the smallest younger brother with a round head, rounder body, timid downcast eyes, warm old vest or pale shirt, hands gripping his hem, toes turned inward. Binzi is the short bully boss with dyed yellow hair and a compact aggressive body. The other three bullies must have distinct tall-thin, heavy, and errand-runner silhouettes. The image must look like a final movie frame or clean keyframe, not a storyboard drawing.","No text, no captions, no Chinese characters, no English letters, no labels, no arrows, no diagrams, no storyboard frame, no contact sheet, no sketch lines, no watermark. Avoid modern phones, modern cars, LED shop signs, polished mall interiors, fashionable contemporary clothes, glossy advertisement lighting, heroic violence, gore, blood focus, glamorized fighting, or characters looking like adults. Avoid panel-specific problems: 大街、车流、现代路灯、人群、追逐提前开始. Do not make the brothers already beaten, muddy, heroic, or inside the abandoned corridor.","Follow whitebox_renders_v2/B03/WB2_ALLEY_MSB073.png; preserve axis, scale, foreground/midground/background, and subject blocking.",S2_EXIT_TO_STANDOFF,exit and danger premonition,Happy afterglow drains away; the brothers sense danger before the alley blockade.,"The brothers are still mostly clean; clothes can wrinkle and bags can swing, but no fight dirt.",The mood shifts from pride to alertness and unease.,"Arcade exit to damp secluded path; warm door light falls behind them, shadows begin to appear.",whitebox_renders_v2/B03/WB2_ALLEY_MSB073.png
MSB074,B03,08,偏僻小路,SCN_ALLEY,CAM_ALLEY_01_WALK_HOME,storyboard,B,visual_assets/pure/micro_storyboard/B03/MSB074_v001.png,visual_assets/annotated/micro_storyboard/B03/MSB074_v001_annotated.png,"Create a pure cinematic film still for AIGC video generation, 16:9 landscape, high-resolution, photoreal Chinese dreamcore realism, 1990s small-town China, humid yellowed childhood memory, low light, restrained VHS grain, real old clothes, lived-in surfaces, no visible text or annotations. Use the whitebox reference for composition and spatial relationship: whitebox_renders_v2/B03/WB2_ALLEY_MSB074.png. Panel MSB074, Clip 08 偏僻小路, time 02:10. Scene lock: SCN_ALLEY. Camera reference: CAM_ALLEY_01_WALK_HOME. Shot size: 近景. Beat: 小川看哥哥表情. Visual focus: 小川不看前方，先看阿磊脸色，笑收住. Character focus: 小川. Expression: 不明所以的紧张. Blocking and motion: 头转向阿磊. Continuity anchors: 老小区背后偏僻小路、围墙、杂草、碎砖石、潮湿地面、旧路灯，三兄弟从游戏机房回家. Story stage: S2_EXIT_TO_STANDOFF / exit and danger premonition. Character stage lock: Happy afterglow drains away; the brothers sense danger before the alley blockade.. Wardrobe state: The brothers are still mostly clean; clothes can wrinkle and bags can swing, but no fight dirt.. Emotion state: The mood shifts from pride to alertness and unease.. Environment stage lock: Arcade exit to damp secluded path; warm door light falls behind them, shadows begin to appear.. Identity locks: A Lei is the tall older brother with old thin metal-frame glasses, a blue worn tracksuit, protective posture, and a habit of pushing his glasses. Xiao Chuan is the middle/protagonist boy with round eyes, a slightly protruding right ear, half-open mouth, red scarf, blue school jacket and green schoolbag, often gripping the bag straps. Xiao Man is the smallest younger brother with a round head, rounder body, timid downcast eyes, warm old vest or pale shirt, hands gripping his hem, toes turned inward. Binzi is the short bully boss with dyed yellow hair and a compact aggressive body. The other three bullies must have distinct tall-thin, heavy, and errand-runner silhouettes. The image must look like a final movie frame or clean keyframe, not a storyboard drawing.","No text, no captions, no Chinese characters, no English letters, no labels, no arrows, no diagrams, no storyboard frame, no contact sheet, no sketch lines, no watermark. Avoid modern phones, modern cars, LED shop signs, polished mall interiors, fashionable contemporary clothes, glossy advertisement lighting, heroic violence, gore, blood focus, glamorized fighting, or characters looking like adults. Avoid panel-specific problems: 大街、车流、现代路灯、人群、追逐提前开始. Do not make the brothers already beaten, muddy, heroic, or inside the abandoned corridor.","Follow whitebox_renders_v2/B03/WB2_ALLEY_MSB074.png; preserve axis, scale, foreground/midground/background, and subject blocking.",S2_EXIT_TO_STANDOFF,exit and danger premonition,Happy afterglow drains away; the brothers sense danger before the alley blockade.,"The brothers are still mostly clean; clothes can wrinkle and bags can swing, but no fight dirt.",The mood shifts from pride to alertness and unease.,"Arcade exit to damp secluded path; warm door light falls behind them, shadows begin to appear.",whitebox_renders_v2/B03/WB2_ALLEY_MSB074.png
MSB075,B03,08,偏僻小路,SCN_ALLEY,CAM_ALLEY_01_WALK_HOME,end_frame,A,visual_assets/pure/micro_storyboard/B03/MSB075_v001.png,visual_assets/annotated/micro_storyboard/B03/MSB075_v001_annotated.png,"Create a pure cinematic film still for AIGC video generation, 16:9 landscape, high-resolution, photoreal Chinese dreamcore realism, 1990s small-town China, humid yellowed childhood memory, low light, restrained VHS grain, real old clothes, lived-in surfaces, no visible text or annotations. Use the whitebox reference for composition and spatial relationship: whitebox_renders_v2/B03/WB2_ALLEY_MSB075.png. Panel MSB075, Clip 08 偏僻小路, time 02:12. Scene lock: SCN_ALLEY. Camera reference: CAM_ALLEY_01_WALK_HOME. Shot size: 全景. Beat: 三人停在小路中段. Visual focus: 三兄弟停住，前方阴影更清楚，后方路变暗. Character focus: 三兄弟/环境. Expression: 兴奋完全消失. Blocking and motion: 左右空间锁定. Continuity anchors: 老小区背后偏僻小路、围墙、杂草、碎砖石、潮湿地面、旧路灯，三兄弟从游戏机房回家. Story stage: S2_EXIT_TO_STANDOFF / exit and danger premonition. Character stage lock: Happy afterglow drains away; the brothers sense danger before the alley blockade.. Wardrobe state: The brothers are still mostly clean; clothes can wrinkle and bags can swing, but no fight dirt.. Emotion state: The mood shifts from pride to alertness and unease.. Environment stage lock: Arcade exit to damp secluded path; warm door light falls behind them, shadows begin to appear.. Identity locks: A Lei is the tall older brother with old thin metal-frame glasses, a blue worn tracksuit, protective posture, and a habit of pushing his glasses. Xiao Chuan is the middle/protagonist boy with round eyes, a slightly protruding right ear, half-open mouth, red scarf, blue school jacket and green schoolbag, often gripping the bag straps. Xiao Man is the smallest younger brother with a round head, rounder body, timid downcast eyes, warm old vest or pale shirt, hands gripping his hem, toes turned inward. Binzi is the short bully boss with dyed yellow hair and a compact aggressive body. The other three bullies must have distinct tall-thin, heavy, and errand-runner silhouettes. The image must look like a final movie frame or clean keyframe, not a storyboard drawing.","No text, no captions, no Chinese characters, no English letters, no labels, no arrows, no diagrams, no storyboard frame, no contact sheet, no sketch lines, no watermark. Avoid modern phones, modern cars, LED shop signs, polished mall interiors, fashionable contemporary clothes, glossy advertisement lighting, heroic violence, gore, blood focus, glamorized fighting, or characters looking like adults. Avoid panel-specific problems: 大街、车流、现代路灯、人群、追逐提前开始. Do not make the brothers already beaten, muddy, heroic, or inside the abandoned corridor.","Follow whitebox_renders_v2/B03/WB2_ALLEY_MSB075.png; preserve axis, scale, foreground/midground/background, and subject blocking.",S2_EXIT_TO_STANDOFF,exit and danger premonition,Happy afterglow drains away; the brothers sense danger before the alley blockade.,"The brothers are still mostly clean; clothes can wrinkle and bags can swing, but no fight dirt.",The mood shifts from pride to alertness and unease.,"Arcade exit to damp secluded path; warm door light falls behind them, shadows begin to appear.",whitebox_renders_v2/B03/WB2_ALLEY_MSB075.png
MSB076,B03,09,四人堵路,SCN_ALLEY,CAM_ALLEY_02_BLOCKED,keyframe,A,visual_assets/pure/micro_storyboard/B03/MSB076_v001.png,visual_assets/annotated/micro_storyboard/B03/MSB076_v001_annotated.png,"Create a pure cinematic film still for AIGC video generation, 16:9 landscape, high-resolution, photoreal Chinese dreamcore realism, 1990s small-town China, humid yellowed childhood memory, low light, restrained VHS grain, real old clothes, lived-in surfaces, no visible text or annotations. Use the whitebox reference for composition and spatial relationship: whitebox_renders_v2/B03/WB2_ALLEY_MSB076.png. Panel MSB076, Clip 09 四人堵路, time 02:14. Scene lock: SCN_ALLEY. Camera reference: CAM_ALLEY_02_BLOCKED. Shot size: 全景. Beat: 混混四人亮相. Visual focus: 彬子带三人从小路前方堵住去路，四人剪影差异明显. Character focus: 混混四人. Expression: 彬子凶，高杆冷，大海等命令，小齐兴奋. Blocking and motion: locked-off. Continuity anchors: 三兄弟左/近侧，四个混混右/远侧，彬子中心前压，高杆封边，大海堵中线，小齐边缘起哄. Story stage: S2_EXIT_TO_STANDOFF / exit and danger premonition. Character stage lock: Happy afterglow drains away; the brothers sense danger before the alley blockade.. Wardrobe state: The brothers are still mostly clean; clothes can wrinkle and bags can swing, but no fight dirt.. Emotion state: The mood shifts from pride to alertness and unease.. Environment stage lock: Arcade exit to damp secluded path; warm door light falls behind them, shadows begin to appear.. Identity locks: A Lei is the tall older brother with old thin metal-frame glasses, a blue worn tracksuit, protective posture, and a habit of pushing his glasses. Xiao Chuan is the middle/protagonist boy with round eyes, a slightly protruding right ear, half-open mouth, red scarf, blue school jacket and green schoolbag, often gripping the bag straps. Xiao Man is the smallest younger brother with a round head, rounder body, timid downcast eyes, warm old vest or pale shirt, hands gripping his hem, toes turned inward. Binzi is the short bully boss with dyed yellow hair and a compact aggressive body. The other three bullies must have distinct tall-thin, heavy, and errand-runner silhouettes. The image must look like a final movie frame or clean keyframe, not a storyboard drawing.","No text, no captions, no Chinese characters, no English letters, no labels, no arrows, no diagrams, no storyboard frame, no contact sheet, no sketch lines, no watermark. Avoid modern phones, modern cars, LED shop signs, polished mall interiors, fashionable contemporary clothes, glossy advertisement lighting, heroic violence, gore, blood focus, glamorized fighting, or characters looking like adults. Avoid panel-specific problems: 站位混乱、翻轴、立刻开打、额外人群、女生. Do not make the brothers already beaten, muddy, heroic, or inside the abandoned corridor.","Follow whitebox_renders_v2/B03/WB2_ALLEY_MSB076.png; preserve axis, scale, foreground/midground/background, and subject blocking.",S2_EXIT_TO_STANDOFF,exit and danger premonition,Happy afterglow drains away; the brothers sense danger before the alley blockade.,"The brothers are still mostly clean; clothes can wrinkle and bags can swing, but no fight dirt.",The mood shifts from pride to alertness and unease.,"Arcade exit to damp secluded path; warm door light falls behind them, shadows begin to appear.",whitebox_renders_v2/B03/WB2_ALLEY_MSB076.png
MSB077,B03,09,四人堵路,SCN_ALLEY,CAM_ALLEY_02_BLOCKED,storyboard,A,visual_assets/pure/micro_storyboard/B03/MSB077_v001.png,visual_assets/annotated/micro_storyboard/B03/MSB077_v001_annotated.png,"Create a pure cinematic film still for AIGC video generation, 16:9 landscape, high-resolution, photoreal Chinese dreamcore realism, 1990s small-town China, humid yellowed childhood memory, low light, restrained VHS grain, real old clothes, lived-in surfaces, no visible text or annotations. Use the whitebox reference for composition and spatial relationship: whitebox_renders_v2/B03/WB2_ALLEY_MSB077.png. Panel MSB077, Clip 09 四人堵路, time 02:15. Scene lock: SCN_ALLEY. Camera reference: CAM_ALLEY_02_BLOCKED. Shot size: 中景. Beat: 彬子向前半步. Visual focus: 彬子短小身形向前压，下巴顶出，手拽腰包. Character focus: 彬子. Expression: 受辱后的凶. Blocking and motion: 向前半步后停. Continuity anchors: 三兄弟左/近侧，四个混混右/远侧，彬子中心前压，高杆封边，大海堵中线，小齐边缘起哄. Story stage: S2_EXIT_TO_STANDOFF / exit and danger premonition. Character stage lock: Happy afterglow drains away; the brothers sense danger before the alley blockade.. Wardrobe state: The brothers are still mostly clean; clothes can wrinkle and bags can swing, but no fight dirt.. Emotion state: The mood shifts from pride to alertness and unease.. Environment stage lock: Arcade exit to damp secluded path; warm door light falls behind them, shadows begin to appear.. Identity locks: A Lei is the tall older brother with old thin metal-frame glasses, a blue worn tracksuit, protective posture, and a habit of pushing his glasses. Xiao Chuan is the middle/protagonist boy with round eyes, a slightly protruding right ear, half-open mouth, red scarf, blue school jacket and green schoolbag, often gripping the bag straps. Xiao Man is the smallest younger brother with a round head, rounder body, timid downcast eyes, warm old vest or pale shirt, hands gripping his hem, toes turned inward. Binzi is the short bully boss with dyed yellow hair and a compact aggressive body. The other three bullies must have distinct tall-thin, heavy, and errand-runner silhouettes. The image must look like a final movie frame or clean keyframe, not a storyboard drawing.","No text, no captions, no Chinese characters, no English letters, no labels, no arrows, no diagrams, no storyboard frame, no contact sheet, no sketch lines, no watermark. Avoid modern phones, modern cars, LED shop signs, polished mall interiors, fashionable contemporary clothes, glossy advertisement lighting, heroic violence, gore, blood focus, glamorized fighting, or characters looking like adults. Avoid panel-specific problems: 站位混乱、翻轴、立刻开打、额外人群、女生. Do not make the brothers already beaten, muddy, heroic, or inside the abandoned corridor.","Follow whitebox_renders_v2/B03/WB2_ALLEY_MSB077.png; preserve axis, scale, foreground/midground/background, and subject blocking.",S2_EXIT_TO_STANDOFF,exit and danger premonition,Happy afterglow drains away; the brothers sense danger before the alley blockade.,"The brothers are still mostly clean; clothes can wrinkle and bags can swing, but no fight dirt.",The mood shifts from pride to alertness and unease.,"Arcade exit to damp secluded path; warm door light falls behind them, shadows begin to appear.",whitebox_renders_v2/B03/WB2_ALLEY_MSB077.png
MSB078,B03,09,四人堵路,SCN_ALLEY,CAM_ALLEY_02_BLOCKED,storyboard,A,visual_assets/pure/micro_storyboard/B03/MSB078_v001.png,visual_assets/annotated/micro_storyboard/B03/MSB078_v001_annotated.png,"Create a pure cinematic film still for AIGC video generation, 16:9 landscape, high-resolution, photoreal Chinese dreamcore realism, 1990s small-town China, humid yellowed childhood memory, low light, restrained VHS grain, real old clothes, lived-in surfaces, no visible text or annotations. Use the whitebox reference for composition and spatial relationship: whitebox_renders_v2/B03/WB2_ALLEY_MSB078.png. Panel MSB078, Clip 09 四人堵路, time 02:17. Scene lock: SCN_ALLEY. Camera reference: CAM_ALLEY_02_BLOCKED. Shot size: 中景. Beat: 高杆封侧路. Visual focus: 高杆站在路边，长手臂横住墙边空隙. Character focus: 高杆. Expression: 半垂眼，不说话. Blocking and motion: 横臂封路. Continuity anchors: 三兄弟左/近侧，四个混混右/远侧，彬子中心前压，高杆封边，大海堵中线，小齐边缘起哄. Story stage: S2_EXIT_TO_STANDOFF / exit and danger premonition. Character stage lock: Happy afterglow drains away; the brothers sense danger before the alley blockade.. Wardrobe state: The brothers are still mostly clean; clothes can wrinkle and bags can swing, but no fight dirt.. Emotion state: The mood shifts from pride to alertness and unease.. Environment stage lock: Arcade exit to damp secluded path; warm door light falls behind them, shadows begin to appear.. Identity locks: A Lei is the tall older brother with old thin metal-frame glasses, a blue worn tracksuit, protective posture, and a habit of pushing his glasses. Xiao Chuan is the middle/protagonist boy with round eyes, a slightly protruding right ear, half-open mouth, red scarf, blue school jacket and green schoolbag, often gripping the bag straps. Xiao Man is the smallest younger brother with a round head, rounder body, timid downcast eyes, warm old vest or pale shirt, hands gripping his hem, toes turned inward. Binzi is the short bully boss with dyed yellow hair and a compact aggressive body. The other three bullies must have distinct tall-thin, heavy, and errand-runner silhouettes. The image must look like a final movie frame or clean keyframe, not a storyboard drawing.","No text, no captions, no Chinese characters, no English letters, no labels, no arrows, no diagrams, no storyboard frame, no contact sheet, no sketch lines, no watermark. Avoid modern phones, modern cars, LED shop signs, polished mall interiors, fashionable contemporary clothes, glossy advertisement lighting, heroic violence, gore, blood focus, glamorized fighting, or characters looking like adults. Avoid panel-specific problems: 站位混乱、翻轴、立刻开打、额外人群、女生. Do not make the brothers already beaten, muddy, heroic, or inside the abandoned corridor.","Follow whitebox_renders_v2/B03/WB2_ALLEY_MSB078.png; preserve axis, scale, foreground/midground/background, and subject blocking.",S2_EXIT_TO_STANDOFF,exit and danger premonition,Happy afterglow drains away; the brothers sense danger before the alley blockade.,"The brothers are still mostly clean; clothes can wrinkle and bags can swing, but no fight dirt.",The mood shifts from pride to alertness and unease.,"Arcade exit to damp secluded path; warm door light falls behind them, shadows begin to appear.",whitebox_renders_v2/B03/WB2_ALLEY_MSB078.png
MSB079,B03,09,四人堵路,SCN_ALLEY,CAM_ALLEY_02_BLOCKED,storyboard,B,visual_assets/pure/micro_storyboard/B03/MSB079_v001.png,visual_assets/annotated/micro_storyboard/B03/MSB079_v001_annotated.png,"Create a pure cinematic film still for AIGC video generation, 16:9 landscape, high-resolution, photoreal Chinese dreamcore realism, 1990s small-town China, humid yellowed childhood memory, low light, restrained VHS grain, real old clothes, lived-in surfaces, no visible text or annotations. Use the whitebox reference for composition and spatial relationship: whitebox_renders_v2/B03/WB2_ALLEY_MSB079.png. Panel MSB079, Clip 09 四人堵路, time 02:19. Scene lock: SCN_ALLEY. Camera reference: CAM_ALLEY_02_BLOCKED. Shot size: 中景. Beat: 大海堵中线. Visual focus: 大海宽脚站在路中，褪色 T 恤汗湿领口，身体像墙. Character focus: 大海. Expression: 看彬子等命令. Blocking and motion: 宽站姿不动. Continuity anchors: 三兄弟左/近侧，四个混混右/远侧，彬子中心前压，高杆封边，大海堵中线，小齐边缘起哄. Story stage: S2_EXIT_TO_STANDOFF / exit and danger premonition. Character stage lock: Happy afterglow drains away; the brothers sense danger before the alley blockade.. Wardrobe state: The brothers are still mostly clean; clothes can wrinkle and bags can swing, but no fight dirt.. Emotion state: The mood shifts from pride to alertness and unease.. Environment stage lock: Arcade exit to damp secluded path; warm door light falls behind them, shadows begin to appear.. Identity locks: A Lei is the tall older brother with old thin metal-frame glasses, a blue worn tracksuit, protective posture, and a habit of pushing his glasses. Xiao Chuan is the middle/protagonist boy with round eyes, a slightly protruding right ear, half-open mouth, red scarf, blue school jacket and green schoolbag, often gripping the bag straps. Xiao Man is the smallest younger brother with a round head, rounder body, timid downcast eyes, warm old vest or pale shirt, hands gripping his hem, toes turned inward. Binzi is the short bully boss with dyed yellow hair and a compact aggressive body. The other three bullies must have distinct tall-thin, heavy, and errand-runner silhouettes. The image must look like a final movie frame or clean keyframe, not a storyboard drawing.","No text, no captions, no Chinese characters, no English letters, no labels, no arrows, no diagrams, no storyboard frame, no contact sheet, no sketch lines, no watermark. Avoid modern phones, modern cars, LED shop signs, polished mall interiors, fashionable contemporary clothes, glossy advertisement lighting, heroic violence, gore, blood focus, glamorized fighting, or characters looking like adults. Avoid panel-specific problems: 站位混乱、翻轴、立刻开打、额外人群、女生. Do not make the brothers already beaten, muddy, heroic, or inside the abandoned corridor.","Follow whitebox_renders_v2/B03/WB2_ALLEY_MSB079.png; preserve axis, scale, foreground/midground/background, and subject blocking.",S2_EXIT_TO_STANDOFF,exit and danger premonition,Happy afterglow drains away; the brothers sense danger before the alley blockade.,"The brothers are still mostly clean; clothes can wrinkle and bags can swing, but no fight dirt.",The mood shifts from pride to alertness and unease.,"Arcade exit to damp secluded path; warm door light falls behind them, shadows begin to appear.",whitebox_renders_v2/B03/WB2_ALLEY_MSB079.png
MSB080,B03,09,四人堵路,SCN_ALLEY,CAM_ALLEY_02_BLOCKED,storyboard,B,visual_assets/pure/micro_storyboard/B03/MSB080_v001.png,visual_assets/annotated/micro_storyboard/B03/MSB080_v001_annotated.png,"Create a pure cinematic film still for AIGC video generation, 16:9 landscape, high-resolution, photoreal Chinese dreamcore realism, 1990s small-town China, humid yellowed childhood memory, low light, restrained VHS grain, real old clothes, lived-in surfaces, no visible text or annotations. Use the whitebox reference for composition and spatial relationship: whitebox_renders_v2/B03/WB2_ALLEY_MSB080.png. Panel MSB080, Clip 09 四人堵路, time 02:21. Scene lock: SCN_ALLEY. Camera reference: CAM_ALLEY_02_BLOCKED. Shot size: 中景. Beat: 小齐起哄. Visual focus: 小齐在边缘前探，嘴角快笑，手还抠袖口. Character focus: 小齐. Expression: 兴奋讨好. Blocking and motion: 换重心. Continuity anchors: 三兄弟左/近侧，四个混混右/远侧，彬子中心前压，高杆封边，大海堵中线，小齐边缘起哄. Story stage: S2_EXIT_TO_STANDOFF / exit and danger premonition. Character stage lock: Happy afterglow drains away; the brothers sense danger before the alley blockade.. Wardrobe state: The brothers are still mostly clean; clothes can wrinkle and bags can swing, but no fight dirt.. Emotion state: The mood shifts from pride to alertness and unease.. Environment stage lock: Arcade exit to damp secluded path; warm door light falls behind them, shadows begin to appear.. Identity locks: A Lei is the tall older brother with old thin metal-frame glasses, a blue worn tracksuit, protective posture, and a habit of pushing his glasses. Xiao Chuan is the middle/protagonist boy with round eyes, a slightly protruding right ear, half-open mouth, red scarf, blue school jacket and green schoolbag, often gripping the bag straps. Xiao Man is the smallest younger brother with a round head, rounder body, timid downcast eyes, warm old vest or pale shirt, hands gripping his hem, toes turned inward. Binzi is the short bully boss with dyed yellow hair and a compact aggressive body. The other three bullies must have distinct tall-thin, heavy, and errand-runner silhouettes. The image must look like a final movie frame or clean keyframe, not a storyboard drawing.","No text, no captions, no Chinese characters, no English letters, no labels, no arrows, no diagrams, no storyboard frame, no contact sheet, no sketch lines, no watermark. Avoid modern phones, modern cars, LED shop signs, polished mall interiors, fashionable contemporary clothes, glossy advertisement lighting, heroic violence, gore, blood focus, glamorized fighting, or characters looking like adults. Avoid panel-specific problems: 站位混乱、翻轴、立刻开打、额外人群、女生. Do not make the brothers already beaten, muddy, heroic, or inside the abandoned corridor.","Follow whitebox_renders_v2/B03/WB2_ALLEY_MSB080.png; preserve axis, scale, foreground/midground/background, and subject blocking.",S2_EXIT_TO_STANDOFF,exit and danger premonition,Happy afterglow drains away; the brothers sense danger before the alley blockade.,"The brothers are still mostly clean; clothes can wrinkle and bags can swing, but no fight dirt.",The mood shifts from pride to alertness and unease.,"Arcade exit to damp secluded path; warm door light falls behind them, shadows begin to appear.",whitebox_renders_v2/B03/WB2_ALLEY_MSB080.png
MSB081,B03,09,四人堵路,SCN_ALLEY,CAM_ALLEY_02_BLOCKED,keyframe,A,visual_assets/pure/micro_storyboard/B03/MSB081_v001.png,visual_assets/annotated/micro_storyboard/B03/MSB081_v001_annotated.png,"Create a pure cinematic film still for AIGC video generation, 16:9 landscape, high-resolution, photoreal Chinese dreamcore realism, 1990s small-town China, humid yellowed childhood memory, low light, restrained VHS grain, real old clothes, lived-in surfaces, no visible text or annotations. Use the whitebox reference for composition and spatial relationship: whitebox_renders_v2/B03/WB2_ALLEY_MSB081.png. Panel MSB081, Clip 09 四人堵路, time 02:23. Scene lock: SCN_ALLEY. Camera reference: CAM_ALLEY_02_BLOCKED. Shot size: 全景. Beat: 阿磊挡弟弟. Visual focus: 阿磊迈到小川和小满前面，三兄弟左侧队形收紧. Character focus: 阿磊/三兄弟. Expression: 强撑，怕但要挡. Blocking and motion: 身体挡前. Continuity anchors: 三兄弟左/近侧，四个混混右/远侧，彬子中心前压，高杆封边，大海堵中线，小齐边缘起哄. Story stage: S2_EXIT_TO_STANDOFF / exit and danger premonition. Character stage lock: Happy afterglow drains away; the brothers sense danger before the alley blockade.. Wardrobe state: The brothers are still mostly clean; clothes can wrinkle and bags can swing, but no fight dirt.. Emotion state: The mood shifts from pride to alertness and unease.. Environment stage lock: Arcade exit to damp secluded path; warm door light falls behind them, shadows begin to appear.. Identity locks: A Lei is the tall older brother with old thin metal-frame glasses, a blue worn tracksuit, protective posture, and a habit of pushing his glasses. Xiao Chuan is the middle/protagonist boy with round eyes, a slightly protruding right ear, half-open mouth, red scarf, blue school jacket and green schoolbag, often gripping the bag straps. Xiao Man is the smallest younger brother with a round head, rounder body, timid downcast eyes, warm old vest or pale shirt, hands gripping his hem, toes turned inward. Binzi is the short bully boss with dyed yellow hair and a compact aggressive body. The other three bullies must have distinct tall-thin, heavy, and errand-runner silhouettes. The image must look like a final movie frame or clean keyframe, not a storyboard drawing.","No text, no captions, no Chinese characters, no English letters, no labels, no arrows, no diagrams, no storyboard frame, no contact sheet, no sketch lines, no watermark. Avoid modern phones, modern cars, LED shop signs, polished mall interiors, fashionable contemporary clothes, glossy advertisement lighting, heroic violence, gore, blood focus, glamorized fighting, or characters looking like adults. Avoid panel-specific problems: 站位混乱、翻轴、立刻开打、额外人群、女生. Do not make the brothers already beaten, muddy, heroic, or inside the abandoned corridor.","Follow whitebox_renders_v2/B03/WB2_ALLEY_MSB081.png; preserve axis, scale, foreground/midground/background, and subject blocking.",S2_EXIT_TO_STANDOFF,exit and danger premonition,Happy afterglow drains away; the brothers sense danger before the alley blockade.,"The brothers are still mostly clean; clothes can wrinkle and bags can swing, but no fight dirt.",The mood shifts from pride to alertness and unease.,"Arcade exit to damp secluded path; warm door light falls behind them, shadows begin to appear.",whitebox_renders_v2/B03/WB2_ALLEY_MSB081.png
MSB082,B03,09,四人堵路,SCN_ALLEY,CAM_ALLEY_02_BLOCKED,storyboard,A,visual_assets/pure/micro_storyboard/B03/MSB082_v001.png,visual_assets/annotated/micro_storyboard/B03/MSB082_v001_annotated.png,"Create a pure cinematic film still for AIGC video generation, 16:9 landscape, high-resolution, photoreal Chinese dreamcore realism, 1990s small-town China, humid yellowed childhood memory, low light, restrained VHS grain, real old clothes, lived-in surfaces, no visible text or annotations. Use the whitebox reference for composition and spatial relationship: whitebox_renders_v2/B03/WB2_ALLEY_MSB082.png. Panel MSB082, Clip 09 四人堵路, time 02:24. Scene lock: SCN_ALLEY. Camera reference: CAM_ALLEY_02_BLOCKED. Shot size: 中景. Beat: 小川被遮住半个. Visual focus: 小川站在阿磊背后半个身位，眼睛越过哥哥看彬子. Character focus: 小川. Expression: 紧张，理解危险. Blocking and motion: 攥书包带. Continuity anchors: 三兄弟左/近侧，四个混混右/远侧，彬子中心前压，高杆封边，大海堵中线，小齐边缘起哄. Story stage: S2_EXIT_TO_STANDOFF / exit and danger premonition. Character stage lock: Happy afterglow drains away; the brothers sense danger before the alley blockade.. Wardrobe state: The brothers are still mostly clean; clothes can wrinkle and bags can swing, but no fight dirt.. Emotion state: The mood shifts from pride to alertness and unease.. Environment stage lock: Arcade exit to damp secluded path; warm door light falls behind them, shadows begin to appear.. Identity locks: A Lei is the tall older brother with old thin metal-frame glasses, a blue worn tracksuit, protective posture, and a habit of pushing his glasses. Xiao Chuan is the middle/protagonist boy with round eyes, a slightly protruding right ear, half-open mouth, red scarf, blue school jacket and green schoolbag, often gripping the bag straps. Xiao Man is the smallest younger brother with a round head, rounder body, timid downcast eyes, warm old vest or pale shirt, hands gripping his hem, toes turned inward. Binzi is the short bully boss with dyed yellow hair and a compact aggressive body. The other three bullies must have distinct tall-thin, heavy, and errand-runner silhouettes. The image must look like a final movie frame or clean keyframe, not a storyboard drawing.","No text, no captions, no Chinese characters, no English letters, no labels, no arrows, no diagrams, no storyboard frame, no contact sheet, no sketch lines, no watermark. Avoid modern phones, modern cars, LED shop signs, polished mall interiors, fashionable contemporary clothes, glossy advertisement lighting, heroic violence, gore, blood focus, glamorized fighting, or characters looking like adults. Avoid panel-specific problems: 站位混乱、翻轴、立刻开打、额外人群、女生. Do not make the brothers already beaten, muddy, heroic, or inside the abandoned corridor.","Follow whitebox_renders_v2/B03/WB2_ALLEY_MSB082.png; preserve axis, scale, foreground/midground/background, and subject blocking.",S2_EXIT_TO_STANDOFF,exit and danger premonition,Happy afterglow drains away; the brothers sense danger before the alley blockade.,"The brothers are still mostly clean; clothes can wrinkle and bags can swing, but no fight dirt.",The mood shifts from pride to alertness and unease.,"Arcade exit to damp secluded path; warm door light falls behind them, shadows begin to appear.",whitebox_renders_v2/B03/WB2_ALLEY_MSB082.png
MSB083,B03,09,四人堵路,SCN_ALLEY,CAM_ALLEY_02_BLOCKED,storyboard,B,visual_assets/pure/micro_storyboard/B03/MSB083_v001.png,visual_assets/annotated/micro_storyboard/B03/MSB083_v001_annotated.png,"Create a pure cinematic film still for AIGC video generation, 16:9 landscape, high-resolution, photoreal Chinese dreamcore realism, 1990s small-town China, humid yellowed childhood memory, low light, restrained VHS grain, real old clothes, lived-in surfaces, no visible text or annotations. Use the whitebox reference for composition and spatial relationship: whitebox_renders_v2/B03/WB2_ALLEY_MSB083.png. Panel MSB083, Clip 09 四人堵路, time 02:26. Scene lock: SCN_ALLEY. Camera reference: CAM_ALLEY_02_BLOCKED. Shot size: 中景. Beat: 小满靠墙. Visual focus: 小满退到墙边，抓衣角，脚尖内扣，不知道该跑还是站. Character focus: 小满. Expression: 茫然害怕. Blocking and motion: 僵住. Continuity anchors: 三兄弟左/近侧，四个混混右/远侧，彬子中心前压，高杆封边，大海堵中线，小齐边缘起哄. Story stage: S2_EXIT_TO_STANDOFF / exit and danger premonition. Character stage lock: Happy afterglow drains away; the brothers sense danger before the alley blockade.. Wardrobe state: The brothers are still mostly clean; clothes can wrinkle and bags can swing, but no fight dirt.. Emotion state: The mood shifts from pride to alertness and unease.. Environment stage lock: Arcade exit to damp secluded path; warm door light falls behind them, shadows begin to appear.. Identity locks: A Lei is the tall older brother with old thin metal-frame glasses, a blue worn tracksuit, protective posture, and a habit of pushing his glasses. Xiao Chuan is the middle/protagonist boy with round eyes, a slightly protruding right ear, half-open mouth, red scarf, blue school jacket and green schoolbag, often gripping the bag straps. Xiao Man is the smallest younger brother with a round head, rounder body, timid downcast eyes, warm old vest or pale shirt, hands gripping his hem, toes turned inward. Binzi is the short bully boss with dyed yellow hair and a compact aggressive body. The other three bullies must have distinct tall-thin, heavy, and errand-runner silhouettes. The image must look like a final movie frame or clean keyframe, not a storyboard drawing.","No text, no captions, no Chinese characters, no English letters, no labels, no arrows, no diagrams, no storyboard frame, no contact sheet, no sketch lines, no watermark. Avoid modern phones, modern cars, LED shop signs, polished mall interiors, fashionable contemporary clothes, glossy advertisement lighting, heroic violence, gore, blood focus, glamorized fighting, or characters looking like adults. Avoid panel-specific problems: 站位混乱、翻轴、立刻开打、额外人群、女生. Do not make the brothers already beaten, muddy, heroic, or inside the abandoned corridor.","Follow whitebox_renders_v2/B03/WB2_ALLEY_MSB083.png; preserve axis, scale, foreground/midground/background, and subject blocking.",S2_EXIT_TO_STANDOFF,exit and danger premonition,Happy afterglow drains away; the brothers sense danger before the alley blockade.,"The brothers are still mostly clean; clothes can wrinkle and bags can swing, but no fight dirt.",The mood shifts from pride to alertness and unease.,"Arcade exit to damp secluded path; warm door light falls behind them, shadows begin to appear.",whitebox_renders_v2/B03/WB2_ALLEY_MSB083.png
MSB084,B03,09,四人堵路,SCN_ALLEY,CAM_ALLEY_02_BLOCKED,storyboard,A,visual_assets/pure/micro_storyboard/B03/MSB084_v001.png,visual_assets/annotated/micro_storyboard/B03/MSB084_v001_annotated.png,"Create a pure cinematic film still for AIGC video generation, 16:9 landscape, high-resolution, photoreal Chinese dreamcore realism, 1990s small-town China, humid yellowed childhood memory, low light, restrained VHS grain, real old clothes, lived-in surfaces, no visible text or annotations. Use the whitebox reference for composition and spatial relationship: whitebox_renders_v2/B03/WB2_ALLEY_MSB084.png. Panel MSB084, Clip 09 四人堵路, time 02:28. Scene lock: SCN_ALLEY. Camera reference: CAM_ALLEY_02_BLOCKED. Shot size: 远景. Beat: 双方空间关系. Visual focus: 小路像被两组人堵成死巷，三兄弟后方也变暗. Character focus: 全体. Expression: 对峙凝固. Blocking and motion: 不翻轴. Continuity anchors: 三兄弟左/近侧，四个混混右/远侧，彬子中心前压，高杆封边，大海堵中线，小齐边缘起哄. Story stage: S2_EXIT_TO_STANDOFF / exit and danger premonition. Character stage lock: Happy afterglow drains away; the brothers sense danger before the alley blockade.. Wardrobe state: The brothers are still mostly clean; clothes can wrinkle and bags can swing, but no fight dirt.. Emotion state: The mood shifts from pride to alertness and unease.. Environment stage lock: Arcade exit to damp secluded path; warm door light falls behind them, shadows begin to appear.. Identity locks: A Lei is the tall older brother with old thin metal-frame glasses, a blue worn tracksuit, protective posture, and a habit of pushing his glasses. Xiao Chuan is the middle/protagonist boy with round eyes, a slightly protruding right ear, half-open mouth, red scarf, blue school jacket and green schoolbag, often gripping the bag straps. Xiao Man is the smallest younger brother with a round head, rounder body, timid downcast eyes, warm old vest or pale shirt, hands gripping his hem, toes turned inward. Binzi is the short bully boss with dyed yellow hair and a compact aggressive body. The other three bullies must have distinct tall-thin, heavy, and errand-runner silhouettes. The image must look like a final movie frame or clean keyframe, not a storyboard drawing.","No text, no captions, no Chinese characters, no English letters, no labels, no arrows, no diagrams, no storyboard frame, no contact sheet, no sketch lines, no watermark. Avoid modern phones, modern cars, LED shop signs, polished mall interiors, fashionable contemporary clothes, glossy advertisement lighting, heroic violence, gore, blood focus, glamorized fighting, or characters looking like adults. Avoid panel-specific problems: 站位混乱、翻轴、立刻开打、额外人群、女生. Do not make the brothers already beaten, muddy, heroic, or inside the abandoned corridor.","Follow whitebox_renders_v2/B03/WB2_ALLEY_MSB084.png; preserve axis, scale, foreground/midground/background, and subject blocking.",S2_EXIT_TO_STANDOFF,exit and danger premonition,Happy afterglow drains away; the brothers sense danger before the alley blockade.,"The brothers are still mostly clean; clothes can wrinkle and bags can swing, but no fight dirt.",The mood shifts from pride to alertness and unease.,"Arcade exit to damp secluded path; warm door light falls behind them, shadows begin to appear.",whitebox_renders_v2/B03/WB2_ALLEY_MSB084.png
MSB085,B03,09,四人堵路,SCN_ALLEY,CAM_ALLEY_02_BLOCKED,end_frame,A,visual_assets/pure/micro_storyboard/B03/MSB085_v001.png,visual_assets/annotated/micro_storyboard/B03/MSB085_v001_annotated.png,"Create a pure cinematic film still for AIGC video generation, 16:9 landscape, high-resolution, photoreal Chinese dreamcore realism, 1990s small-town China, humid yellowed childhood memory, low light, restrained VHS grain, real old clothes, lived-in surfaces, no visible text or annotations. Use the whitebox reference for composition and spatial relationship: whitebox_renders_v2/B03/WB2_ALLEY_MSB085.png. Panel MSB085, Clip 09 四人堵路, time 02:30. Scene lock: SCN_ALLEY. Camera reference: CAM_ALLEY_02_BLOCKED. Shot size: 近景. Beat: 彬子盯阿磊. Visual focus: 彬子越过小路盯住阿磊，旧街机红光记忆从脸上隐约回响. Character focus: 彬子/阿磊. Expression: 报复明确. Blocking and motion: 眼神锁定. Continuity anchors: 三兄弟左/近侧，四个混混右/远侧，彬子中心前压，高杆封边，大海堵中线，小齐边缘起哄. Story stage: S2_EXIT_TO_STANDOFF / exit and danger premonition. Character stage lock: Happy afterglow drains away; the brothers sense danger before the alley blockade.. Wardrobe state: The brothers are still mostly clean; clothes can wrinkle and bags can swing, but no fight dirt.. Emotion state: The mood shifts from pride to alertness and unease.. Environment stage lock: Arcade exit to damp secluded path; warm door light falls behind them, shadows begin to appear.. Identity locks: A Lei is the tall older brother with old thin metal-frame glasses, a blue worn tracksuit, protective posture, and a habit of pushing his glasses. Xiao Chuan is the middle/protagonist boy with round eyes, a slightly protruding right ear, half-open mouth, red scarf, blue school jacket and green schoolbag, often gripping the bag straps. Xiao Man is the smallest younger brother with a round head, rounder body, timid downcast eyes, warm old vest or pale shirt, hands gripping his hem, toes turned inward. Binzi is the short bully boss with dyed yellow hair and a compact aggressive body. The other three bullies must have distinct tall-thin, heavy, and errand-runner silhouettes. The image must look like a final movie frame or clean keyframe, not a storyboard drawing.","No text, no captions, no Chinese characters, no English letters, no labels, no arrows, no diagrams, no storyboard frame, no contact sheet, no sketch lines, no watermark. Avoid modern phones, modern cars, LED shop signs, polished mall interiors, fashionable contemporary clothes, glossy advertisement lighting, heroic violence, gore, blood focus, glamorized fighting, or characters looking like adults. Avoid panel-specific problems: 站位混乱、翻轴、立刻开打、额外人群、女生. Do not make the brothers already beaten, muddy, heroic, or inside the abandoned corridor.","Follow whitebox_renders_v2/B03/WB2_ALLEY_MSB085.png; preserve axis, scale, foreground/midground/background, and subject blocking.",S2_EXIT_TO_STANDOFF,exit and danger premonition,Happy afterglow drains away; the brothers sense danger before the alley blockade.,"The brothers are still mostly clean; clothes can wrinkle and bags can swing, but no fight dirt.",The mood shifts from pride to alertness and unease.,"Arcade exit to damp secluded path; warm door light falls behind them, shadows begin to appear.",whitebox_renders_v2/B03/WB2_ALLEY_MSB085.png
MSB086,B04,10,围殴哥哥,SCN_ALLEY,CAM_ALLEY_03_BROTHER_BEATEN,start_frame,A,visual_assets/pure/micro_storyboard/B04/MSB086_v001.png,visual_assets/annotated/micro_storyboard/B04/MSB086_v001_annotated.png,"Create a pure cinematic film still for AIGC video generation, 16:9 landscape, high-resolution, photoreal Chinese dreamcore realism, 1990s small-town China, humid yellowed childhood memory, low light, restrained VHS grain, real old clothes, lived-in surfaces, no visible text or annotations. Use the whitebox reference for composition and spatial relationship: whitebox_renders_v2/B04/WB2_ALLEY_MSB086.png. Panel MSB086, Clip 10 围殴哥哥, time 02:32. Scene lock: SCN_ALLEY. Camera reference: CAM_ALLEY_03_BROTHER_BEATEN. Shot size: 全景. Beat: 四人收拢. Visual focus: 混混四人从半圆收拢，阿磊被挤到画面中心. Character focus: 阿磊/混混四人. Expression: 阿磊强撑，四人压近. Blocking and motion: 向中心挤压. Continuity anchors: 哥哥在中心被围，小川侧面，小满墙边，四个混混轮廓不同，路灯黄，潮湿地面. Story stage: S3_ALLEY_PRESSURE / alley pressure. Character stage lock: A Lei tries to hold himself together; Xiao Chuan shrinks back; Xiao Man freezes.. Wardrobe state: Clothes start to wrinkle and catch a little wall dust; still not fully dirty.. Emotion state: Pressure, shame, fear, and trapped breathing.. Environment stage lock: Secluded alley compresses the group; wet ground, wall, weeds, broken brick and old streetlight.. Identity locks: A Lei is the tall older brother with old thin metal-frame glasses, a blue worn tracksuit, protective posture, and a habit of pushing his glasses. Xiao Chuan is the middle/protagonist boy with round eyes, a slightly protruding right ear, half-open mouth, red scarf, blue school jacket and green schoolbag, often gripping the bag straps. Xiao Man is the smallest younger brother with a round head, rounder body, timid downcast eyes, warm old vest or pale shirt, hands gripping his hem, toes turned inward. Binzi is the short bully boss with dyed yellow hair and a compact aggressive body. The other three bullies must have distinct tall-thin, heavy, and errand-runner silhouettes. The image must look like a final movie frame or clean keyframe, not a storyboard drawing.","No text, no captions, no Chinese characters, no English letters, no labels, no arrows, no diagrams, no storyboard frame, no contact sheet, no sketch lines, no watermark. Avoid modern phones, modern cars, LED shop signs, polished mall interiors, fashionable contemporary clothes, glossy advertisement lighting, heroic violence, gore, blood focus, glamorized fighting, or characters looking like adults. Avoid panel-specific problems: 复杂武打、血腥、英雄反击、成年人暴力、镜头乱转. Do not show the stone impact yet; do not overplay blood, gore, or triumphant violence.","Follow whitebox_renders_v2/B04/WB2_ALLEY_MSB086.png; preserve axis, scale, foreground/midground/background, and subject blocking.",S3_ALLEY_PRESSURE,alley pressure,A Lei tries to hold himself together; Xiao Chuan shrinks back; Xiao Man freezes.,Clothes start to wrinkle and catch a little wall dust; still not fully dirty.,"Pressure, shame, fear, and trapped breathing.","Secluded alley compresses the group; wet ground, wall, weeds, broken brick and old streetlight.",whitebox_renders_v2/B04/WB2_ALLEY_MSB086.png
MSB087,B04,10,围殴哥哥,SCN_ALLEY,CAM_ALLEY_03_BROTHER_BEATEN,storyboard,B,visual_assets/pure/micro_storyboard/B04/MSB087_v001.png,visual_assets/annotated/micro_storyboard/B04/MSB087_v001_annotated.png,"Create a pure cinematic film still for AIGC video generation, 16:9 landscape, high-resolution, photoreal Chinese dreamcore realism, 1990s small-town China, humid yellowed childhood memory, low light, restrained VHS grain, real old clothes, lived-in surfaces, no visible text or annotations. Use the whitebox reference for composition and spatial relationship: whitebox_renders_v2/B04/WB2_ALLEY_MSB087.png. Panel MSB087, Clip 10 围殴哥哥, time 02:34. Scene lock: SCN_ALLEY. Camera reference: CAM_ALLEY_03_BROTHER_BEATEN. Shot size: 中景. Beat: 阿磊还嘴. Visual focus: 阿磊下巴抬着说话，手却从口袋里抽出来挡在身前. Character focus: 阿磊. Expression: 嘴硬，手先暴露害怕. Blocking and motion: 后退半步. Continuity anchors: 哥哥在中心被围，小川侧面，小满墙边，四个混混轮廓不同，路灯黄，潮湿地面. Story stage: S3_ALLEY_PRESSURE / alley pressure. Character stage lock: A Lei tries to hold himself together; Xiao Chuan shrinks back; Xiao Man freezes.. Wardrobe state: Clothes start to wrinkle and catch a little wall dust; still not fully dirty.. Emotion state: Pressure, shame, fear, and trapped breathing.. Environment stage lock: Secluded alley compresses the group; wet ground, wall, weeds, broken brick and old streetlight.. Identity locks: A Lei is the tall older brother with old thin metal-frame glasses, a blue worn tracksuit, protective posture, and a habit of pushing his glasses. Xiao Chuan is the middle/protagonist boy with round eyes, a slightly protruding right ear, half-open mouth, red scarf, blue school jacket and green schoolbag, often gripping the bag straps. Xiao Man is the smallest younger brother with a round head, rounder body, timid downcast eyes, warm old vest or pale shirt, hands gripping his hem, toes turned inward. Binzi is the short bully boss with dyed yellow hair and a compact aggressive body. The other three bullies must have distinct tall-thin, heavy, and errand-runner silhouettes. The image must look like a final movie frame or clean keyframe, not a storyboard drawing.","No text, no captions, no Chinese characters, no English letters, no labels, no arrows, no diagrams, no storyboard frame, no contact sheet, no sketch lines, no watermark. Avoid modern phones, modern cars, LED shop signs, polished mall interiors, fashionable contemporary clothes, glossy advertisement lighting, heroic violence, gore, blood focus, glamorized fighting, or characters looking like adults. Avoid panel-specific problems: 复杂武打、血腥、英雄反击、成年人暴力、镜头乱转. Do not show the stone impact yet; do not overplay blood, gore, or triumphant violence.","Follow whitebox_renders_v2/B04/WB2_ALLEY_MSB087.png; preserve axis, scale, foreground/midground/background, and subject blocking.",S3_ALLEY_PRESSURE,alley pressure,A Lei tries to hold himself together; Xiao Chuan shrinks back; Xiao Man freezes.,Clothes start to wrinkle and catch a little wall dust; still not fully dirty.,"Pressure, shame, fear, and trapped breathing.","Secluded alley compresses the group; wet ground, wall, weeds, broken brick and old streetlight.",whitebox_renders_v2/B04/WB2_ALLEY_MSB087.png
MSB088,B04,10,围殴哥哥,SCN_ALLEY,CAM_ALLEY_03_BROTHER_BEATEN,storyboard,A,visual_assets/pure/micro_storyboard/B04/MSB088_v001.png,visual_assets/annotated/micro_storyboard/B04/MSB088_v001_annotated.png,"Create a pure cinematic film still for AIGC video generation, 16:9 landscape, high-resolution, photoreal Chinese dreamcore realism, 1990s small-town China, humid yellowed childhood memory, low light, restrained VHS grain, real old clothes, lived-in surfaces, no visible text or annotations. Use the whitebox reference for composition and spatial relationship: whitebox_renders_v2/B04/WB2_ALLEY_MSB088.png. Panel MSB088, Clip 10 围殴哥哥, time 02:36. Scene lock: SCN_ALLEY. Camera reference: CAM_ALLEY_03_BROTHER_BEATEN. Shot size: 中景. Beat: 高杆封退路. Visual focus: 高杆长手臂挡住阿磊侧后，灰白袖子像横杠. Character focus: 高杆/阿磊. Expression: 高杆冷，阿磊被限制. Blocking and motion: 横臂不大动. Continuity anchors: 哥哥在中心被围，小川侧面，小满墙边，四个混混轮廓不同，路灯黄，潮湿地面. Story stage: S3_ALLEY_PRESSURE / alley pressure. Character stage lock: A Lei tries to hold himself together; Xiao Chuan shrinks back; Xiao Man freezes.. Wardrobe state: Clothes start to wrinkle and catch a little wall dust; still not fully dirty.. Emotion state: Pressure, shame, fear, and trapped breathing.. Environment stage lock: Secluded alley compresses the group; wet ground, wall, weeds, broken brick and old streetlight.. Identity locks: A Lei is the tall older brother with old thin metal-frame glasses, a blue worn tracksuit, protective posture, and a habit of pushing his glasses. Xiao Chuan is the middle/protagonist boy with round eyes, a slightly protruding right ear, half-open mouth, red scarf, blue school jacket and green schoolbag, often gripping the bag straps. Xiao Man is the smallest younger brother with a round head, rounder body, timid downcast eyes, warm old vest or pale shirt, hands gripping his hem, toes turned inward. Binzi is the short bully boss with dyed yellow hair and a compact aggressive body. The other three bullies must have distinct tall-thin, heavy, and errand-runner silhouettes. The image must look like a final movie frame or clean keyframe, not a storyboard drawing.","No text, no captions, no Chinese characters, no English letters, no labels, no arrows, no diagrams, no storyboard frame, no contact sheet, no sketch lines, no watermark. Avoid modern phones, modern cars, LED shop signs, polished mall interiors, fashionable contemporary clothes, glossy advertisement lighting, heroic violence, gore, blood focus, glamorized fighting, or characters looking like adults. Avoid panel-specific problems: 复杂武打、血腥、英雄反击、成年人暴力、镜头乱转. Do not show the stone impact yet; do not overplay blood, gore, or triumphant violence.","Follow whitebox_renders_v2/B04/WB2_ALLEY_MSB088.png; preserve axis, scale, foreground/midground/background, and subject blocking.",S3_ALLEY_PRESSURE,alley pressure,A Lei tries to hold himself together; Xiao Chuan shrinks back; Xiao Man freezes.,Clothes start to wrinkle and catch a little wall dust; still not fully dirty.,"Pressure, shame, fear, and trapped breathing.","Secluded alley compresses the group; wet ground, wall, weeds, broken brick and old streetlight.",whitebox_renders_v2/B04/WB2_ALLEY_MSB088.png
MSB089,B04,10,围殴哥哥,SCN_ALLEY,CAM_ALLEY_03_BROTHER_BEATEN,storyboard,A,visual_assets/pure/micro_storyboard/B04/MSB089_v001.png,visual_assets/annotated/micro_storyboard/B04/MSB089_v001_annotated.png,"Create a pure cinematic film still for AIGC video generation, 16:9 landscape, high-resolution, photoreal Chinese dreamcore realism, 1990s small-town China, humid yellowed childhood memory, low light, restrained VHS grain, real old clothes, lived-in surfaces, no visible text or annotations. Use the whitebox reference for composition and spatial relationship: whitebox_renders_v2/B04/WB2_ALLEY_MSB089.png. Panel MSB089, Clip 10 围殴哥哥, time 02:38. Scene lock: SCN_ALLEY. Camera reference: CAM_ALLEY_03_BROTHER_BEATEN. Shot size: 中景. Beat: 大海肩膀顶近. Visual focus: 大海用肩膀和身体把空间压小，不做漂亮拳脚. Character focus: 大海/阿磊. Expression: 大海执行命令. Blocking and motion: 身体前压. Continuity anchors: 哥哥在中心被围，小川侧面，小满墙边，四个混混轮廓不同，路灯黄，潮湿地面. Story stage: S3_ALLEY_PRESSURE / alley pressure. Character stage lock: A Lei tries to hold himself together; Xiao Chuan shrinks back; Xiao Man freezes.. Wardrobe state: Clothes start to wrinkle and catch a little wall dust; still not fully dirty.. Emotion state: Pressure, shame, fear, and trapped breathing.. Environment stage lock: Secluded alley compresses the group; wet ground, wall, weeds, broken brick and old streetlight.. Identity locks: A Lei is the tall older brother with old thin metal-frame glasses, a blue worn tracksuit, protective posture, and a habit of pushing his glasses. Xiao Chuan is the middle/protagonist boy with round eyes, a slightly protruding right ear, half-open mouth, red scarf, blue school jacket and green schoolbag, often gripping the bag straps. Xiao Man is the smallest younger brother with a round head, rounder body, timid downcast eyes, warm old vest or pale shirt, hands gripping his hem, toes turned inward. Binzi is the short bully boss with dyed yellow hair and a compact aggressive body. The other three bullies must have distinct tall-thin, heavy, and errand-runner silhouettes. The image must look like a final movie frame or clean keyframe, not a storyboard drawing.","No text, no captions, no Chinese characters, no English letters, no labels, no arrows, no diagrams, no storyboard frame, no contact sheet, no sketch lines, no watermark. Avoid modern phones, modern cars, LED shop signs, polished mall interiors, fashionable contemporary clothes, glossy advertisement lighting, heroic violence, gore, blood focus, glamorized fighting, or characters looking like adults. Avoid panel-specific problems: 复杂武打、血腥、英雄反击、成年人暴力、镜头乱转. Do not show the stone impact yet; do not overplay blood, gore, or triumphant violence.","Follow whitebox_renders_v2/B04/WB2_ALLEY_MSB089.png; preserve axis, scale, foreground/midground/background, and subject blocking.",S3_ALLEY_PRESSURE,alley pressure,A Lei tries to hold himself together; Xiao Chuan shrinks back; Xiao Man freezes.,Clothes start to wrinkle and catch a little wall dust; still not fully dirty.,"Pressure, shame, fear, and trapped breathing.","Secluded alley compresses the group; wet ground, wall, weeds, broken brick and old streetlight.",whitebox_renders_v2/B04/WB2_ALLEY_MSB089.png
MSB090,B04,10,围殴哥哥,SCN_ALLEY,CAM_ALLEY_03_BROTHER_BEATEN,storyboard,B,visual_assets/pure/micro_storyboard/B04/MSB090_v001.png,visual_assets/annotated/micro_storyboard/B04/MSB090_v001_annotated.png,"Create a pure cinematic film still for AIGC video generation, 16:9 landscape, high-resolution, photoreal Chinese dreamcore realism, 1990s small-town China, humid yellowed childhood memory, low light, restrained VHS grain, real old clothes, lived-in surfaces, no visible text or annotations. Use the whitebox reference for composition and spatial relationship: whitebox_renders_v2/B04/WB2_ALLEY_MSB090.png. Panel MSB090, Clip 10 围殴哥哥, time 02:40. Scene lock: SCN_ALLEY. Camera reference: CAM_ALLEY_03_BROTHER_BEATEN. Shot size: 中景. Beat: 小齐起哄边退. Visual focus: 小齐在边上起哄，身体前探但脚随时想退. Character focus: 小齐. Expression: 兴奋又虚. Blocking and motion: 换重心. Continuity anchors: 哥哥在中心被围，小川侧面，小满墙边，四个混混轮廓不同，路灯黄，潮湿地面. Story stage: S3_ALLEY_PRESSURE / alley pressure. Character stage lock: A Lei tries to hold himself together; Xiao Chuan shrinks back; Xiao Man freezes.. Wardrobe state: Clothes start to wrinkle and catch a little wall dust; still not fully dirty.. Emotion state: Pressure, shame, fear, and trapped breathing.. Environment stage lock: Secluded alley compresses the group; wet ground, wall, weeds, broken brick and old streetlight.. Identity locks: A Lei is the tall older brother with old thin metal-frame glasses, a blue worn tracksuit, protective posture, and a habit of pushing his glasses. Xiao Chuan is the middle/protagonist boy with round eyes, a slightly protruding right ear, half-open mouth, red scarf, blue school jacket and green schoolbag, often gripping the bag straps. Xiao Man is the smallest younger brother with a round head, rounder body, timid downcast eyes, warm old vest or pale shirt, hands gripping his hem, toes turned inward. Binzi is the short bully boss with dyed yellow hair and a compact aggressive body. The other three bullies must have distinct tall-thin, heavy, and errand-runner silhouettes. The image must look like a final movie frame or clean keyframe, not a storyboard drawing.","No text, no captions, no Chinese characters, no English letters, no labels, no arrows, no diagrams, no storyboard frame, no contact sheet, no sketch lines, no watermark. Avoid modern phones, modern cars, LED shop signs, polished mall interiors, fashionable contemporary clothes, glossy advertisement lighting, heroic violence, gore, blood focus, glamorized fighting, or characters looking like adults. Avoid panel-specific problems: 复杂武打、血腥、英雄反击、成年人暴力、镜头乱转. Do not show the stone impact yet; do not overplay blood, gore, or triumphant violence.","Follow whitebox_renders_v2/B04/WB2_ALLEY_MSB090.png; preserve axis, scale, foreground/midground/background, and subject blocking.",S3_ALLEY_PRESSURE,alley pressure,A Lei tries to hold himself together; Xiao Chuan shrinks back; Xiao Man freezes.,Clothes start to wrinkle and catch a little wall dust; still not fully dirty.,"Pressure, shame, fear, and trapped breathing.","Secluded alley compresses the group; wet ground, wall, weeds, broken brick and old streetlight.",whitebox_renders_v2/B04/WB2_ALLEY_MSB090.png
MSB091,B04,10,围殴哥哥,SCN_ALLEY,CAM_ALLEY_03_BROTHER_BEATEN,storyboard,A,visual_assets/pure/micro_storyboard/B04/MSB091_v001.png,visual_assets/annotated/micro_storyboard/B04/MSB091_v001_annotated.png,"Create a pure cinematic film still for AIGC video generation, 16:9 landscape, high-resolution, photoreal Chinese dreamcore realism, 1990s small-town China, humid yellowed childhood memory, low light, restrained VHS grain, real old clothes, lived-in surfaces, no visible text or annotations. Use the whitebox reference for composition and spatial relationship: whitebox_renders_v2/B04/WB2_ALLEY_MSB091.png. Panel MSB091, Clip 10 围殴哥哥, time 02:42. Scene lock: SCN_ALLEY. Camera reference: CAM_ALLEY_03_BROTHER_BEATEN. Shot size: 近景. Beat: 彬子靠近阿磊. Visual focus: 彬子站到阿磊面前，短脖子前压，嘴角歪. Character focus: 彬子/阿磊. Expression: 羞辱对峙. Blocking and motion: 下巴顶人. Continuity anchors: 哥哥在中心被围，小川侧面，小满墙边，四个混混轮廓不同，路灯黄，潮湿地面. Story stage: S3_ALLEY_PRESSURE / alley pressure. Character stage lock: A Lei tries to hold himself together; Xiao Chuan shrinks back; Xiao Man freezes.. Wardrobe state: Clothes start to wrinkle and catch a little wall dust; still not fully dirty.. Emotion state: Pressure, shame, fear, and trapped breathing.. Environment stage lock: Secluded alley compresses the group; wet ground, wall, weeds, broken brick and old streetlight.. Identity locks: A Lei is the tall older brother with old thin metal-frame glasses, a blue worn tracksuit, protective posture, and a habit of pushing his glasses. Xiao Chuan is the middle/protagonist boy with round eyes, a slightly protruding right ear, half-open mouth, red scarf, blue school jacket and green schoolbag, often gripping the bag straps. Xiao Man is the smallest younger brother with a round head, rounder body, timid downcast eyes, warm old vest or pale shirt, hands gripping his hem, toes turned inward. Binzi is the short bully boss with dyed yellow hair and a compact aggressive body. The other three bullies must have distinct tall-thin, heavy, and errand-runner silhouettes. The image must look like a final movie frame or clean keyframe, not a storyboard drawing.","No text, no captions, no Chinese characters, no English letters, no labels, no arrows, no diagrams, no storyboard frame, no contact sheet, no sketch lines, no watermark. Avoid modern phones, modern cars, LED shop signs, polished mall interiors, fashionable contemporary clothes, glossy advertisement lighting, heroic violence, gore, blood focus, glamorized fighting, or characters looking like adults. Avoid panel-specific problems: 复杂武打、血腥、英雄反击、成年人暴力、镜头乱转. Do not show the stone impact yet; do not overplay blood, gore, or triumphant violence.","Follow whitebox_renders_v2/B04/WB2_ALLEY_MSB091.png; preserve axis, scale, foreground/midground/background, and subject blocking.",S3_ALLEY_PRESSURE,alley pressure,A Lei tries to hold himself together; Xiao Chuan shrinks back; Xiao Man freezes.,Clothes start to wrinkle and catch a little wall dust; still not fully dirty.,"Pressure, shame, fear, and trapped breathing.","Secluded alley compresses the group; wet ground, wall, weeds, broken brick and old streetlight.",whitebox_renders_v2/B04/WB2_ALLEY_MSB091.png
MSB092,B04,10,围殴哥哥,SCN_ALLEY,CAM_ALLEY_03_BROTHER_BEATEN,storyboard,A,visual_assets/pure/micro_storyboard/B04/MSB092_v001.png,visual_assets/annotated/micro_storyboard/B04/MSB092_v001_annotated.png,"Create a pure cinematic film still for AIGC video generation, 16:9 landscape, high-resolution, photoreal Chinese dreamcore realism, 1990s small-town China, humid yellowed childhood memory, low light, restrained VHS grain, real old clothes, lived-in surfaces, no visible text or annotations. Use the whitebox reference for composition and spatial relationship: whitebox_renders_v2/B04/WB2_ALLEY_MSB092.png. Panel MSB092, Clip 10 围殴哥哥, time 02:44. Scene lock: SCN_ALLEY. Camera reference: CAM_ALLEY_03_BROTHER_BEATEN. Shot size: 中景. Beat: 第一次推搡. Visual focus: 阿磊被推得肩膀一歪，仍想站稳. Character focus: 阿磊. Expression: 疼但怕丢脸. Blocking and motion: 身体失衡但没倒. Continuity anchors: 哥哥在中心被围，小川侧面，小满墙边，四个混混轮廓不同，路灯黄，潮湿地面. Story stage: S3_ALLEY_PRESSURE / alley pressure. Character stage lock: A Lei tries to hold himself together; Xiao Chuan shrinks back; Xiao Man freezes.. Wardrobe state: Clothes start to wrinkle and catch a little wall dust; still not fully dirty.. Emotion state: Pressure, shame, fear, and trapped breathing.. Environment stage lock: Secluded alley compresses the group; wet ground, wall, weeds, broken brick and old streetlight.. Identity locks: A Lei is the tall older brother with old thin metal-frame glasses, a blue worn tracksuit, protective posture, and a habit of pushing his glasses. Xiao Chuan is the middle/protagonist boy with round eyes, a slightly protruding right ear, half-open mouth, red scarf, blue school jacket and green schoolbag, often gripping the bag straps. Xiao Man is the smallest younger brother with a round head, rounder body, timid downcast eyes, warm old vest or pale shirt, hands gripping his hem, toes turned inward. Binzi is the short bully boss with dyed yellow hair and a compact aggressive body. The other three bullies must have distinct tall-thin, heavy, and errand-runner silhouettes. The image must look like a final movie frame or clean keyframe, not a storyboard drawing.","No text, no captions, no Chinese characters, no English letters, no labels, no arrows, no diagrams, no storyboard frame, no contact sheet, no sketch lines, no watermark. Avoid modern phones, modern cars, LED shop signs, polished mall interiors, fashionable contemporary clothes, glossy advertisement lighting, heroic violence, gore, blood focus, glamorized fighting, or characters looking like adults. Avoid panel-specific problems: 复杂武打、血腥、英雄反击、成年人暴力、镜头乱转. Do not show the stone impact yet; do not overplay blood, gore, or triumphant violence.","Follow whitebox_renders_v2/B04/WB2_ALLEY_MSB092.png; preserve axis, scale, foreground/midground/background, and subject blocking.",S3_ALLEY_PRESSURE,alley pressure,A Lei tries to hold himself together; Xiao Chuan shrinks back; Xiao Man freezes.,Clothes start to wrinkle and catch a little wall dust; still not fully dirty.,"Pressure, shame, fear, and trapped breathing.","Secluded alley compresses the group; wet ground, wall, weeds, broken brick and old streetlight.",whitebox_renders_v2/B04/WB2_ALLEY_MSB092.png
MSB093,B04,10,围殴哥哥,SCN_ALLEY,CAM_ALLEY_03_BROTHER_BEATEN,keyframe,A,visual_assets/pure/micro_storyboard/B04/MSB093_v001.png,visual_assets/annotated/micro_storyboard/B04/MSB093_v001_annotated.png,"Create a pure cinematic film still for AIGC video generation, 16:9 landscape, high-resolution, photoreal Chinese dreamcore realism, 1990s small-town China, humid yellowed childhood memory, low light, restrained VHS grain, real old clothes, lived-in surfaces, no visible text or annotations. Use the whitebox reference for composition and spatial relationship: whitebox_renders_v2/B04/WB2_ALLEY_MSB093.png. Panel MSB093, Clip 10 围殴哥哥, time 02:46. Scene lock: SCN_ALLEY. Camera reference: CAM_ALLEY_03_BROTHER_BEATEN. Shot size: 中景. Beat: 小川侧面僵住. Visual focus: 小川站在侧面，双手攥书包带，眼睛在哥哥和彬子之间跳. Character focus: 小川. Expression: 想动但不知道怎么动. Blocking and motion: 身体收紧. Continuity anchors: 哥哥在中心被围，小川侧面，小满墙边，四个混混轮廓不同，路灯黄，潮湿地面. Story stage: S3_ALLEY_PRESSURE / alley pressure. Character stage lock: A Lei tries to hold himself together; Xiao Chuan shrinks back; Xiao Man freezes.. Wardrobe state: Clothes start to wrinkle and catch a little wall dust; still not fully dirty.. Emotion state: Pressure, shame, fear, and trapped breathing.. Environment stage lock: Secluded alley compresses the group; wet ground, wall, weeds, broken brick and old streetlight.. Identity locks: A Lei is the tall older brother with old thin metal-frame glasses, a blue worn tracksuit, protective posture, and a habit of pushing his glasses. Xiao Chuan is the middle/protagonist boy with round eyes, a slightly protruding right ear, half-open mouth, red scarf, blue school jacket and green schoolbag, often gripping the bag straps. Xiao Man is the smallest younger brother with a round head, rounder body, timid downcast eyes, warm old vest or pale shirt, hands gripping his hem, toes turned inward. Binzi is the short bully boss with dyed yellow hair and a compact aggressive body. The other three bullies must have distinct tall-thin, heavy, and errand-runner silhouettes. The image must look like a final movie frame or clean keyframe, not a storyboard drawing.","No text, no captions, no Chinese characters, no English letters, no labels, no arrows, no diagrams, no storyboard frame, no contact sheet, no sketch lines, no watermark. Avoid modern phones, modern cars, LED shop signs, polished mall interiors, fashionable contemporary clothes, glossy advertisement lighting, heroic violence, gore, blood focus, glamorized fighting, or characters looking like adults. Avoid panel-specific problems: 复杂武打、血腥、英雄反击、成年人暴力、镜头乱转. Do not show the stone impact yet; do not overplay blood, gore, or triumphant violence.","Follow whitebox_renders_v2/B04/WB2_ALLEY_MSB093.png; preserve axis, scale, foreground/midground/background, and subject blocking.",S3_ALLEY_PRESSURE,alley pressure,A Lei tries to hold himself together; Xiao Chuan shrinks back; Xiao Man freezes.,Clothes start to wrinkle and catch a little wall dust; still not fully dirty.,"Pressure, shame, fear, and trapped breathing.","Secluded alley compresses the group; wet ground, wall, weeds, broken brick and old streetlight.",whitebox_renders_v2/B04/WB2_ALLEY_MSB093.png
MSB094,B04,10,围殴哥哥,SCN_ALLEY,CAM_ALLEY_03_BROTHER_BEATEN,storyboard,B,visual_assets/pure/micro_storyboard/B04/MSB094_v001.png,visual_assets/annotated/micro_storyboard/B04/MSB094_v001_annotated.png,"Create a pure cinematic film still for AIGC video generation, 16:9 landscape, high-resolution, photoreal Chinese dreamcore realism, 1990s small-town China, humid yellowed childhood memory, low light, restrained VHS grain, real old clothes, lived-in surfaces, no visible text or annotations. Use the whitebox reference for composition and spatial relationship: whitebox_renders_v2/B04/WB2_ALLEY_MSB094.png. Panel MSB094, Clip 10 围殴哥哥, time 02:48. Scene lock: SCN_ALLEY. Camera reference: CAM_ALLEY_03_BROTHER_BEATEN. Shot size: 中景. Beat: 小满完全不动. Visual focus: 小满靠墙，嘴角下压，抓衣角，不哭也不喊. Character focus: 小满. Expression: 被吓空. Blocking and motion: 脚尖内扣，冻结. Continuity anchors: 哥哥在中心被围，小川侧面，小满墙边，四个混混轮廓不同，路灯黄，潮湿地面. Story stage: S3_ALLEY_PRESSURE / alley pressure. Character stage lock: A Lei tries to hold himself together; Xiao Chuan shrinks back; Xiao Man freezes.. Wardrobe state: Clothes start to wrinkle and catch a little wall dust; still not fully dirty.. Emotion state: Pressure, shame, fear, and trapped breathing.. Environment stage lock: Secluded alley compresses the group; wet ground, wall, weeds, broken brick and old streetlight.. Identity locks: A Lei is the tall older brother with old thin metal-frame glasses, a blue worn tracksuit, protective posture, and a habit of pushing his glasses. Xiao Chuan is the middle/protagonist boy with round eyes, a slightly protruding right ear, half-open mouth, red scarf, blue school jacket and green schoolbag, often gripping the bag straps. Xiao Man is the smallest younger brother with a round head, rounder body, timid downcast eyes, warm old vest or pale shirt, hands gripping his hem, toes turned inward. Binzi is the short bully boss with dyed yellow hair and a compact aggressive body. The other three bullies must have distinct tall-thin, heavy, and errand-runner silhouettes. The image must look like a final movie frame or clean keyframe, not a storyboard drawing.","No text, no captions, no Chinese characters, no English letters, no labels, no arrows, no diagrams, no storyboard frame, no contact sheet, no sketch lines, no watermark. Avoid modern phones, modern cars, LED shop signs, polished mall interiors, fashionable contemporary clothes, glossy advertisement lighting, heroic violence, gore, blood focus, glamorized fighting, or characters looking like adults. Avoid panel-specific problems: 复杂武打、血腥、英雄反击、成年人暴力、镜头乱转. Do not show the stone impact yet; do not overplay blood, gore, or triumphant violence.","Follow whitebox_renders_v2/B04/WB2_ALLEY_MSB094.png; preserve axis, scale, foreground/midground/background, and subject blocking.",S3_ALLEY_PRESSURE,alley pressure,A Lei tries to hold himself together; Xiao Chuan shrinks back; Xiao Man freezes.,Clothes start to wrinkle and catch a little wall dust; still not fully dirty.,"Pressure, shame, fear, and trapped breathing.","Secluded alley compresses the group; wet ground, wall, weeds, broken brick and old streetlight.",whitebox_renders_v2/B04/WB2_ALLEY_MSB094.png
MSB095,B04,10,围殴哥哥,SCN_ALLEY,CAM_ALLEY_03_BROTHER_BEATEN,keyframe,A,visual_assets/pure/micro_storyboard/B04/MSB095_v001.png,visual_assets/annotated/micro_storyboard/B04/MSB095_v001_annotated.png,"Create a pure cinematic film still for AIGC video generation, 16:9 landscape, high-resolution, photoreal Chinese dreamcore realism, 1990s small-town China, humid yellowed childhood memory, low light, restrained VHS grain, real old clothes, lived-in surfaces, no visible text or annotations. Use the whitebox reference for composition and spatial relationship: whitebox_renders_v2/B04/WB2_ALLEY_MSB095.png. Panel MSB095, Clip 10 围殴哥哥, time 02:50. Scene lock: SCN_ALLEY. Camera reference: CAM_ALLEY_03_BROTHER_BEATEN. Shot size: 低机位中景. Beat: 哥哥失衡低位. Visual focus: 阿磊被推到更低位置，混混身体变成画面边框. Character focus: 阿磊/混混. Expression: 阿磊怕丢脸转为真害怕. Blocking and motion: 手持轻晃后停. Continuity anchors: 哥哥在中心被围，小川侧面，小满墙边，四个混混轮廓不同，路灯黄，潮湿地面. Story stage: S3_ALLEY_PRESSURE / alley pressure. Character stage lock: A Lei tries to hold himself together; Xiao Chuan shrinks back; Xiao Man freezes.. Wardrobe state: Clothes start to wrinkle and catch a little wall dust; still not fully dirty.. Emotion state: Pressure, shame, fear, and trapped breathing.. Environment stage lock: Secluded alley compresses the group; wet ground, wall, weeds, broken brick and old streetlight.. Identity locks: A Lei is the tall older brother with old thin metal-frame glasses, a blue worn tracksuit, protective posture, and a habit of pushing his glasses. Xiao Chuan is the middle/protagonist boy with round eyes, a slightly protruding right ear, half-open mouth, red scarf, blue school jacket and green schoolbag, often gripping the bag straps. Xiao Man is the smallest younger brother with a round head, rounder body, timid downcast eyes, warm old vest or pale shirt, hands gripping his hem, toes turned inward. Binzi is the short bully boss with dyed yellow hair and a compact aggressive body. The other three bullies must have distinct tall-thin, heavy, and errand-runner silhouettes. The image must look like a final movie frame or clean keyframe, not a storyboard drawing.","No text, no captions, no Chinese characters, no English letters, no labels, no arrows, no diagrams, no storyboard frame, no contact sheet, no sketch lines, no watermark. Avoid modern phones, modern cars, LED shop signs, polished mall interiors, fashionable contemporary clothes, glossy advertisement lighting, heroic violence, gore, blood focus, glamorized fighting, or characters looking like adults. Avoid panel-specific problems: 复杂武打、血腥、英雄反击、成年人暴力、镜头乱转. Do not show the stone impact yet; do not overplay blood, gore, or triumphant violence.","Follow whitebox_renders_v2/B04/WB2_ALLEY_MSB095.png; preserve axis, scale, foreground/midground/background, and subject blocking.",S3_ALLEY_PRESSURE,alley pressure,A Lei tries to hold himself together; Xiao Chuan shrinks back; Xiao Man freezes.,Clothes start to wrinkle and catch a little wall dust; still not fully dirty.,"Pressure, shame, fear, and trapped breathing.","Secluded alley compresses the group; wet ground, wall, weeds, broken brick and old streetlight.",whitebox_renders_v2/B04/WB2_ALLEY_MSB095.png
MSB096,B04,10,围殴哥哥,SCN_ALLEY,CAM_ALLEY_03_BROTHER_BEATEN,end_frame,A,visual_assets/pure/micro_storyboard/B04/MSB096_v001.png,visual_assets/annotated/micro_storyboard/B04/MSB096_v001_annotated.png,"Create a pure cinematic film still for AIGC video generation, 16:9 landscape, high-resolution, photoreal Chinese dreamcore realism, 1990s small-town China, humid yellowed childhood memory, low light, restrained VHS grain, real old clothes, lived-in surfaces, no visible text or annotations. Use the whitebox reference for composition and spatial relationship: whitebox_renders_v2/B04/WB2_ALLEY_MSB096.png. Panel MSB096, Clip 10 围殴哥哥, time 02:52. Scene lock: SCN_ALLEY. Camera reference: CAM_ALLEY_03_BROTHER_BEATEN. Shot size: 中近景. Beat: 彬子准备下狠手. Visual focus: 彬子表情变空，手臂或身体准备进一步动作，但不展示暴力细节. Character focus: 彬子. Expression: 牙关咬紧，失控前. Blocking and motion: 动作停在准备阶段. Continuity anchors: 哥哥在中心被围，小川侧面，小满墙边，四个混混轮廓不同，路灯黄，潮湿地面. Story stage: S3_ALLEY_PRESSURE / alley pressure. Character stage lock: A Lei tries to hold himself together; Xiao Chuan shrinks back; Xiao Man freezes.. Wardrobe state: Clothes start to wrinkle and catch a little wall dust; still not fully dirty.. Emotion state: Pressure, shame, fear, and trapped breathing.. Environment stage lock: Secluded alley compresses the group; wet ground, wall, weeds, broken brick and old streetlight.. Identity locks: A Lei is the tall older brother with old thin metal-frame glasses, a blue worn tracksuit, protective posture, and a habit of pushing his glasses. Xiao Chuan is the middle/protagonist boy with round eyes, a slightly protruding right ear, half-open mouth, red scarf, blue school jacket and green schoolbag, often gripping the bag straps. Xiao Man is the smallest younger brother with a round head, rounder body, timid downcast eyes, warm old vest or pale shirt, hands gripping his hem, toes turned inward. Binzi is the short bully boss with dyed yellow hair and a compact aggressive body. The other three bullies must have distinct tall-thin, heavy, and errand-runner silhouettes. The image must look like a final movie frame or clean keyframe, not a storyboard drawing.","No text, no captions, no Chinese characters, no English letters, no labels, no arrows, no diagrams, no storyboard frame, no contact sheet, no sketch lines, no watermark. Avoid modern phones, modern cars, LED shop signs, polished mall interiors, fashionable contemporary clothes, glossy advertisement lighting, heroic violence, gore, blood focus, glamorized fighting, or characters looking like adults. Avoid panel-specific problems: 复杂武打、血腥、英雄反击、成年人暴力、镜头乱转. Do not show the stone impact yet; do not overplay blood, gore, or triumphant violence.","Follow whitebox_renders_v2/B04/WB2_ALLEY_MSB096.png; preserve axis, scale, foreground/midground/background, and subject blocking.",S3_ALLEY_PRESSURE,alley pressure,A Lei tries to hold himself together; Xiao Chuan shrinks back; Xiao Man freezes.,Clothes start to wrinkle and catch a little wall dust; still not fully dirty.,"Pressure, shame, fear, and trapped breathing.","Secluded alley compresses the group; wet ground, wall, weeds, broken brick and old streetlight.",whitebox_renders_v2/B04/WB2_ALLEY_MSB096.png
MSB097,B04,10,围殴哥哥,SCN_ALLEY,CAM_ALLEY_03_BROTHER_BEATEN,storyboard,A,visual_assets/pure/micro_storyboard/B04/MSB097_v001.png,visual_assets/annotated/micro_storyboard/B04/MSB097_v001_annotated.png,"Create a pure cinematic film still for AIGC video generation, 16:9 landscape, high-resolution, photoreal Chinese dreamcore realism, 1990s small-town China, humid yellowed childhood memory, low light, restrained VHS grain, real old clothes, lived-in surfaces, no visible text or annotations. Use the whitebox reference for composition and spatial relationship: whitebox_renders_v2/B04/WB2_ALLEY_MSB097.png. Panel MSB097, Clip 10 围殴哥哥, time 02:54. Scene lock: SCN_ALLEY. Camera reference: CAM_ALLEY_03_BROTHER_BEATEN. Shot size: 近景. Beat: 小川视线下坠前. Visual focus: 小川看到彬子的准备动作，脸僵住，眼神即将落向地面. Character focus: 小川. Expression: 恐惧推到顶点. Blocking and motion: 头部开始下移. Continuity anchors: 哥哥在中心被围，小川侧面，小满墙边，四个混混轮廓不同，路灯黄，潮湿地面. Story stage: S3_ALLEY_PRESSURE / alley pressure. Character stage lock: A Lei tries to hold himself together; Xiao Chuan shrinks back; Xiao Man freezes.. Wardrobe state: Clothes start to wrinkle and catch a little wall dust; still not fully dirty.. Emotion state: Pressure, shame, fear, and trapped breathing.. Environment stage lock: Secluded alley compresses the group; wet ground, wall, weeds, broken brick and old streetlight.. Identity locks: A Lei is the tall older brother with old thin metal-frame glasses, a blue worn tracksuit, protective posture, and a habit of pushing his glasses. Xiao Chuan is the middle/protagonist boy with round eyes, a slightly protruding right ear, half-open mouth, red scarf, blue school jacket and green schoolbag, often gripping the bag straps. Xiao Man is the smallest younger brother with a round head, rounder body, timid downcast eyes, warm old vest or pale shirt, hands gripping his hem, toes turned inward. Binzi is the short bully boss with dyed yellow hair and a compact aggressive body. The other three bullies must have distinct tall-thin, heavy, and errand-runner silhouettes. The image must look like a final movie frame or clean keyframe, not a storyboard drawing.","No text, no captions, no Chinese characters, no English letters, no labels, no arrows, no diagrams, no storyboard frame, no contact sheet, no sketch lines, no watermark. Avoid modern phones, modern cars, LED shop signs, polished mall interiors, fashionable contemporary clothes, glossy advertisement lighting, heroic violence, gore, blood focus, glamorized fighting, or characters looking like adults. Avoid panel-specific problems: 复杂武打、血腥、英雄反击、成年人暴力、镜头乱转. Do not show the stone impact yet; do not overplay blood, gore, or triumphant violence.","Follow whitebox_renders_v2/B04/WB2_ALLEY_MSB097.png; preserve axis, scale, foreground/midground/background, and subject blocking.",S3_ALLEY_PRESSURE,alley pressure,A Lei tries to hold himself together; Xiao Chuan shrinks back; Xiao Man freezes.,Clothes start to wrinkle and catch a little wall dust; still not fully dirty.,"Pressure, shame, fear, and trapped breathing.","Secluded alley compresses the group; wet ground, wall, weeds, broken brick and old streetlight.",whitebox_renders_v2/B04/WB2_ALLEY_MSB097.png
MSB098,B04,11,石块失手,SCN_ALLEY,CAM_ALLEY_04_STONE_HIT,prop,A,visual_assets/pure/micro_storyboard/B04/MSB098_v001.png,visual_assets/annotated/micro_storyboard/B04/MSB098_v001_annotated.png,"Create a pure cinematic film still for AIGC video generation, 16:9 landscape, high-resolution, photoreal Chinese dreamcore realism, 1990s small-town China, humid yellowed childhood memory, low light, restrained VHS grain, real old clothes, lived-in surfaces, no visible text or annotations. Use the whitebox reference for composition and spatial relationship: whitebox_renders_v2/B04/WB2_ALLEY_MSB098.png. Panel MSB098, Clip 11 石块失手, time 02:56. Scene lock: SCN_ALLEY. Camera reference: CAM_ALLEY_04_STONE_HIT. Shot size: 特写. Beat: 石块再出现. Visual focus: 路边普通石块在湿地边缘，旁边碎砖和杂草说明它属于环境. Character focus: 石块/环境. Expression: 无人物，命运感. Blocking and motion: 固定低角度. Continuity anchors: 路边普通石块、湿地、主角浅绿书包、彬子准备下狠手、声音抽空，避免血腥. Story stage: S4_STONE_ACCIDENT / stone accident. Character stage lock: Xiao Chuan panics and acts without heroism; A Lei is being squeezed by the group.. Wardrobe state: Xiao Chuan's hand, knee, shoe edge, scarf, and bag start to become wet or muddy.. Emotion state: Panic, loss of control, shock after impact.. Environment stage lock: Wet ground and roadside stone become the visual center; violence is hidden and de-glorified.. Identity locks: A Lei is the tall older brother with old thin metal-frame glasses, a blue worn tracksuit, protective posture, and a habit of pushing his glasses. Xiao Chuan is the middle/protagonist boy with round eyes, a slightly protruding right ear, half-open mouth, red scarf, blue school jacket and green schoolbag, often gripping the bag straps. Xiao Man is the smallest younger brother with a round head, rounder body, timid downcast eyes, warm old vest or pale shirt, hands gripping his hem, toes turned inward. Binzi is the short bully boss with dyed yellow hair and a compact aggressive body. The other three bullies must have distinct tall-thin, heavy, and errand-runner silhouettes. The image must look like a final movie frame or clean keyframe, not a storyboard drawing.","No text, no captions, no Chinese characters, no English letters, no labels, no arrows, no diagrams, no storyboard frame, no contact sheet, no sketch lines, no watermark. Avoid modern phones, modern cars, LED shop signs, polished mall interiors, fashionable contemporary clothes, glossy advertisement lighting, heroic violence, gore, blood focus, glamorized fighting, or characters looking like adults. Avoid panel-specific problems: 血腥头部特写、英雄化慢动作、武器摆拍、石块变刀棍、庆祝. Keep the impact obscured and panic-based; no gore, no heroic pose, no explicit wound detail.","Follow whitebox_renders_v2/B04/WB2_ALLEY_MSB098.png; preserve axis, scale, foreground/midground/background, and subject blocking.",S4_STONE_ACCIDENT,stone accident,Xiao Chuan panics and acts without heroism; A Lei is being squeezed by the group.,"Xiao Chuan's hand, knee, shoe edge, scarf, and bag start to become wet or muddy.","Panic, loss of control, shock after impact.",Wet ground and roadside stone become the visual center; violence is hidden and de-glorified.,whitebox_renders_v2/B04/WB2_ALLEY_MSB098.png
MSB099,B04,11,石块失手,SCN_ALLEY,CAM_ALLEY_04_STONE_HIT,storyboard,A,visual_assets/pure/micro_storyboard/B04/MSB099_v001.png,visual_assets/annotated/micro_storyboard/B04/MSB099_v001_annotated.png,"Create a pure cinematic film still for AIGC video generation, 16:9 landscape, high-resolution, photoreal Chinese dreamcore realism, 1990s small-town China, humid yellowed childhood memory, low light, restrained VHS grain, real old clothes, lived-in surfaces, no visible text or annotations. Use the whitebox reference for composition and spatial relationship: whitebox_renders_v2/B04/WB2_ALLEY_MSB099.png. Panel MSB099, Clip 11 石块失手, time 02:58. Scene lock: SCN_ALLEY. Camera reference: CAM_ALLEY_04_STONE_HIT. Shot size: 近景. Beat: 小川眼神落下. Visual focus: 小川眼神从哥哥和彬子之间突然落到地面石块. Character focus: 小川. Expression: 恐惧中找到一个错误出口. Blocking and motion: 只有眼神变化. Continuity anchors: 路边普通石块、湿地、主角浅绿书包、彬子准备下狠手、声音抽空，避免血腥. Story stage: S4_STONE_ACCIDENT / stone accident. Character stage lock: Xiao Chuan panics and acts without heroism; A Lei is being squeezed by the group.. Wardrobe state: Xiao Chuan's hand, knee, shoe edge, scarf, and bag start to become wet or muddy.. Emotion state: Panic, loss of control, shock after impact.. Environment stage lock: Wet ground and roadside stone become the visual center; violence is hidden and de-glorified.. Identity locks: A Lei is the tall older brother with old thin metal-frame glasses, a blue worn tracksuit, protective posture, and a habit of pushing his glasses. Xiao Chuan is the middle/protagonist boy with round eyes, a slightly protruding right ear, half-open mouth, red scarf, blue school jacket and green schoolbag, often gripping the bag straps. Xiao Man is the smallest younger brother with a round head, rounder body, timid downcast eyes, warm old vest or pale shirt, hands gripping his hem, toes turned inward. Binzi is the short bully boss with dyed yellow hair and a compact aggressive body. The other three bullies must have distinct tall-thin, heavy, and errand-runner silhouettes. The image must look like a final movie frame or clean keyframe, not a storyboard drawing.","No text, no captions, no Chinese characters, no English letters, no labels, no arrows, no diagrams, no storyboard frame, no contact sheet, no sketch lines, no watermark. Avoid modern phones, modern cars, LED shop signs, polished mall interiors, fashionable contemporary clothes, glossy advertisement lighting, heroic violence, gore, blood focus, glamorized fighting, or characters looking like adults. Avoid panel-specific problems: 血腥头部特写、英雄化慢动作、武器摆拍、石块变刀棍、庆祝. Keep the impact obscured and panic-based; no gore, no heroic pose, no explicit wound detail.","Follow whitebox_renders_v2/B04/WB2_ALLEY_MSB099.png; preserve axis, scale, foreground/midground/background, and subject blocking.",S4_STONE_ACCIDENT,stone accident,Xiao Chuan panics and acts without heroism; A Lei is being squeezed by the group.,"Xiao Chuan's hand, knee, shoe edge, scarf, and bag start to become wet or muddy.","Panic, loss of control, shock after impact.",Wet ground and roadside stone become the visual center; violence is hidden and de-glorified.,whitebox_renders_v2/B04/WB2_ALLEY_MSB099.png
MSB100,B04,11,石块失手,SCN_ALLEY,CAM_ALLEY_04_STONE_HIT,storyboard,B,visual_assets/pure/micro_storyboard/B04/MSB100_v001.png,visual_assets/annotated/micro_storyboard/B04/MSB100_v001_annotated.png,"Create a pure cinematic film still for AIGC video generation, 16:9 landscape, high-resolution, photoreal Chinese dreamcore realism, 1990s small-town China, humid yellowed childhood memory, low light, restrained VHS grain, real old clothes, lived-in surfaces, no visible text or annotations. Use the whitebox reference for composition and spatial relationship: whitebox_renders_v2/B04/WB2_ALLEY_MSB100.png. Panel MSB100, Clip 11 石块失手, time 03:00. Scene lock: SCN_ALLEY. Camera reference: CAM_ALLEY_04_STONE_HIT. Shot size: 特写. Beat: 手松开书包带. Visual focus: 小川一只手从书包带上松开，指节发白. Character focus: 小川. Expression: 下意识，不是决定. Blocking and motion: 手部松开. Continuity anchors: 路边普通石块、湿地、主角浅绿书包、彬子准备下狠手、声音抽空，避免血腥. Story stage: S4_STONE_ACCIDENT / stone accident. Character stage lock: Xiao Chuan panics and acts without heroism; A Lei is being squeezed by the group.. Wardrobe state: Xiao Chuan's hand, knee, shoe edge, scarf, and bag start to become wet or muddy.. Emotion state: Panic, loss of control, shock after impact.. Environment stage lock: Wet ground and roadside stone become the visual center; violence is hidden and de-glorified.. Identity locks: A Lei is the tall older brother with old thin metal-frame glasses, a blue worn tracksuit, protective posture, and a habit of pushing his glasses. Xiao Chuan is the middle/protagonist boy with round eyes, a slightly protruding right ear, half-open mouth, red scarf, blue school jacket and green schoolbag, often gripping the bag straps. Xiao Man is the smallest younger brother with a round head, rounder body, timid downcast eyes, warm old vest or pale shirt, hands gripping his hem, toes turned inward. Binzi is the short bully boss with dyed yellow hair and a compact aggressive body. The other three bullies must have distinct tall-thin, heavy, and errand-runner silhouettes. The image must look like a final movie frame or clean keyframe, not a storyboard drawing.","No text, no captions, no Chinese characters, no English letters, no labels, no arrows, no diagrams, no storyboard frame, no contact sheet, no sketch lines, no watermark. Avoid modern phones, modern cars, LED shop signs, polished mall interiors, fashionable contemporary clothes, glossy advertisement lighting, heroic violence, gore, blood focus, glamorized fighting, or characters looking like adults. Avoid panel-specific problems: 血腥头部特写、英雄化慢动作、武器摆拍、石块变刀棍、庆祝. Keep the impact obscured and panic-based; no gore, no heroic pose, no explicit wound detail.","Follow whitebox_renders_v2/B04/WB2_ALLEY_MSB100.png; preserve axis, scale, foreground/midground/background, and subject blocking.",S4_STONE_ACCIDENT,stone accident,Xiao Chuan panics and acts without heroism; A Lei is being squeezed by the group.,"Xiao Chuan's hand, knee, shoe edge, scarf, and bag start to become wet or muddy.","Panic, loss of control, shock after impact.",Wet ground and roadside stone become the visual center; violence is hidden and de-glorified.,whitebox_renders_v2/B04/WB2_ALLEY_MSB100.png
MSB101,B04,11,石块失手,SCN_ALLEY,CAM_ALLEY_04_STONE_HIT,storyboard,A,visual_assets/pure/micro_storyboard/B04/MSB101_v001.png,visual_assets/annotated/micro_storyboard/B04/MSB101_v001_annotated.png,"Create a pure cinematic film still for AIGC video generation, 16:9 landscape, high-resolution, photoreal Chinese dreamcore realism, 1990s small-town China, humid yellowed childhood memory, low light, restrained VHS grain, real old clothes, lived-in surfaces, no visible text or annotations. Use the whitebox reference for composition and spatial relationship: whitebox_renders_v2/B04/WB2_ALLEY_MSB101.png. Panel MSB101, Clip 11 石块失手, time 03:02. Scene lock: SCN_ALLEY. Camera reference: CAM_ALLEY_04_STONE_HIT. Shot size: 中景. Beat: 弯身动作开始. Visual focus: 小川身体歪斜向下，不是漂亮下蹲，书包失去平衡. Character focus: 小川. Expression: 慌乱失控. Blocking and motion: 身体向下折. Continuity anchors: 路边普通石块、湿地、主角浅绿书包、彬子准备下狠手、声音抽空，避免血腥. Story stage: S4_STONE_ACCIDENT / stone accident. Character stage lock: Xiao Chuan panics and acts without heroism; A Lei is being squeezed by the group.. Wardrobe state: Xiao Chuan's hand, knee, shoe edge, scarf, and bag start to become wet or muddy.. Emotion state: Panic, loss of control, shock after impact.. Environment stage lock: Wet ground and roadside stone become the visual center; violence is hidden and de-glorified.. Identity locks: A Lei is the tall older brother with old thin metal-frame glasses, a blue worn tracksuit, protective posture, and a habit of pushing his glasses. Xiao Chuan is the middle/protagonist boy with round eyes, a slightly protruding right ear, half-open mouth, red scarf, blue school jacket and green schoolbag, often gripping the bag straps. Xiao Man is the smallest younger brother with a round head, rounder body, timid downcast eyes, warm old vest or pale shirt, hands gripping his hem, toes turned inward. Binzi is the short bully boss with dyed yellow hair and a compact aggressive body. The other three bullies must have distinct tall-thin, heavy, and errand-runner silhouettes. The image must look like a final movie frame or clean keyframe, not a storyboard drawing.","No text, no captions, no Chinese characters, no English letters, no labels, no arrows, no diagrams, no storyboard frame, no contact sheet, no sketch lines, no watermark. Avoid modern phones, modern cars, LED shop signs, polished mall interiors, fashionable contemporary clothes, glossy advertisement lighting, heroic violence, gore, blood focus, glamorized fighting, or characters looking like adults. Avoid panel-specific problems: 血腥头部特写、英雄化慢动作、武器摆拍、石块变刀棍、庆祝. Keep the impact obscured and panic-based; no gore, no heroic pose, no explicit wound detail.","Follow whitebox_renders_v2/B04/WB2_ALLEY_MSB101.png; preserve axis, scale, foreground/midground/background, and subject blocking.",S4_STONE_ACCIDENT,stone accident,Xiao Chuan panics and acts without heroism; A Lei is being squeezed by the group.,"Xiao Chuan's hand, knee, shoe edge, scarf, and bag start to become wet or muddy.","Panic, loss of control, shock after impact.",Wet ground and roadside stone become the visual center; violence is hidden and de-glorified.,whitebox_renders_v2/B04/WB2_ALLEY_MSB101.png
MSB102,B04,11,石块失手,SCN_ALLEY,CAM_ALLEY_04_STONE_HIT,keyframe,A,visual_assets/pure/micro_storyboard/B04/MSB102_v001.png,visual_assets/annotated/micro_storyboard/B04/MSB102_v001_annotated.png,"Create a pure cinematic film still for AIGC video generation, 16:9 landscape, high-resolution, photoreal Chinese dreamcore realism, 1990s small-town China, humid yellowed childhood memory, low light, restrained VHS grain, real old clothes, lived-in surfaces, no visible text or annotations. Use the whitebox reference for composition and spatial relationship: whitebox_renders_v2/B04/WB2_ALLEY_MSB102.png. Panel MSB102, Clip 11 石块失手, time 03:04. Scene lock: SCN_ALLEY. Camera reference: CAM_ALLEY_04_STONE_HIT. Shot size: 特写. Beat: 手碰到石块. Visual focus: 小川的手碰到湿石块，泥水和小手比例清楚. Character focus: 小川/石块. Expression: 急促，迟疑不到一秒. Blocking and motion: 手抓住石块. Continuity anchors: 路边普通石块、湿地、主角浅绿书包、彬子准备下狠手、声音抽空，避免血腥. Story stage: S4_STONE_ACCIDENT / stone accident. Character stage lock: Xiao Chuan panics and acts without heroism; A Lei is being squeezed by the group.. Wardrobe state: Xiao Chuan's hand, knee, shoe edge, scarf, and bag start to become wet or muddy.. Emotion state: Panic, loss of control, shock after impact.. Environment stage lock: Wet ground and roadside stone become the visual center; violence is hidden and de-glorified.. Identity locks: A Lei is the tall older brother with old thin metal-frame glasses, a blue worn tracksuit, protective posture, and a habit of pushing his glasses. Xiao Chuan is the middle/protagonist boy with round eyes, a slightly protruding right ear, half-open mouth, red scarf, blue school jacket and green schoolbag, often gripping the bag straps. Xiao Man is the smallest younger brother with a round head, rounder body, timid downcast eyes, warm old vest or pale shirt, hands gripping his hem, toes turned inward. Binzi is the short bully boss with dyed yellow hair and a compact aggressive body. The other three bullies must have distinct tall-thin, heavy, and errand-runner silhouettes. The image must look like a final movie frame or clean keyframe, not a storyboard drawing.","No text, no captions, no Chinese characters, no English letters, no labels, no arrows, no diagrams, no storyboard frame, no contact sheet, no sketch lines, no watermark. Avoid modern phones, modern cars, LED shop signs, polished mall interiors, fashionable contemporary clothes, glossy advertisement lighting, heroic violence, gore, blood focus, glamorized fighting, or characters looking like adults. Avoid panel-specific problems: 血腥头部特写、英雄化慢动作、武器摆拍、石块变刀棍、庆祝. Keep the impact obscured and panic-based; no gore, no heroic pose, no explicit wound detail.","Follow whitebox_renders_v2/B04/WB2_ALLEY_MSB102.png; preserve axis, scale, foreground/midground/background, and subject blocking.",S4_STONE_ACCIDENT,stone accident,Xiao Chuan panics and acts without heroism; A Lei is being squeezed by the group.,"Xiao Chuan's hand, knee, shoe edge, scarf, and bag start to become wet or muddy.","Panic, loss of control, shock after impact.",Wet ground and roadside stone become the visual center; violence is hidden and de-glorified.,whitebox_renders_v2/B04/WB2_ALLEY_MSB102.png
MSB103,B04,11,石块失手,SCN_ALLEY,CAM_ALLEY_04_STONE_HIT,storyboard,A,visual_assets/pure/micro_storyboard/B04/MSB103_v001.png,visual_assets/annotated/micro_storyboard/B04/MSB103_v001_annotated.png,"Create a pure cinematic film still for AIGC video generation, 16:9 landscape, high-resolution, photoreal Chinese dreamcore realism, 1990s small-town China, humid yellowed childhood memory, low light, restrained VHS grain, real old clothes, lived-in surfaces, no visible text or annotations. Use the whitebox reference for composition and spatial relationship: whitebox_renders_v2/B04/WB2_ALLEY_MSB103.png. Panel MSB103, Clip 11 石块失手, time 03:06. Scene lock: SCN_ALLEY. Camera reference: CAM_ALLEY_04_STONE_HIT. Shot size: 中景. Beat: 彬子动作逼近. Visual focus: 彬子准备动作继续靠近阿磊，画面边缘小川弯身. Character focus: 彬子/阿磊/小川. Expression: 彬子失控，小川被逼急. Blocking and motion: 两条动作线并置. Continuity anchors: 路边普通石块、湿地、主角浅绿书包、彬子准备下狠手、声音抽空，避免血腥. Story stage: S4_STONE_ACCIDENT / stone accident. Character stage lock: Xiao Chuan panics and acts without heroism; A Lei is being squeezed by the group.. Wardrobe state: Xiao Chuan's hand, knee, shoe edge, scarf, and bag start to become wet or muddy.. Emotion state: Panic, loss of control, shock after impact.. Environment stage lock: Wet ground and roadside stone become the visual center; violence is hidden and de-glorified.. Identity locks: A Lei is the tall older brother with old thin metal-frame glasses, a blue worn tracksuit, protective posture, and a habit of pushing his glasses. Xiao Chuan is the middle/protagonist boy with round eyes, a slightly protruding right ear, half-open mouth, red scarf, blue school jacket and green schoolbag, often gripping the bag straps. Xiao Man is the smallest younger brother with a round head, rounder body, timid downcast eyes, warm old vest or pale shirt, hands gripping his hem, toes turned inward. Binzi is the short bully boss with dyed yellow hair and a compact aggressive body. The other three bullies must have distinct tall-thin, heavy, and errand-runner silhouettes. The image must look like a final movie frame or clean keyframe, not a storyboard drawing.","No text, no captions, no Chinese characters, no English letters, no labels, no arrows, no diagrams, no storyboard frame, no contact sheet, no sketch lines, no watermark. Avoid modern phones, modern cars, LED shop signs, polished mall interiors, fashionable contemporary clothes, glossy advertisement lighting, heroic violence, gore, blood focus, glamorized fighting, or characters looking like adults. Avoid panel-specific problems: 血腥头部特写、英雄化慢动作、武器摆拍、石块变刀棍、庆祝. Keep the impact obscured and panic-based; no gore, no heroic pose, no explicit wound detail.","Follow whitebox_renders_v2/B04/WB2_ALLEY_MSB103.png; preserve axis, scale, foreground/midground/background, and subject blocking.",S4_STONE_ACCIDENT,stone accident,Xiao Chuan panics and acts without heroism; A Lei is being squeezed by the group.,"Xiao Chuan's hand, knee, shoe edge, scarf, and bag start to become wet or muddy.","Panic, loss of control, shock after impact.",Wet ground and roadside stone become the visual center; violence is hidden and de-glorified.,whitebox_renders_v2/B04/WB2_ALLEY_MSB103.png
MSB104,B04,11,石块失手,SCN_ALLEY,CAM_ALLEY_04_STONE_HIT,storyboard,A,visual_assets/pure/micro_storyboard/B04/MSB104_v001.png,visual_assets/annotated/micro_storyboard/B04/MSB104_v001_annotated.png,"Create a pure cinematic film still for AIGC video generation, 16:9 landscape, high-resolution, photoreal Chinese dreamcore realism, 1990s small-town China, humid yellowed childhood memory, low light, restrained VHS grain, real old clothes, lived-in surfaces, no visible text or annotations. Use the whitebox reference for composition and spatial relationship: whitebox_renders_v2/B04/WB2_ALLEY_MSB104.png. Panel MSB104, Clip 11 石块失手, time 03:08. Scene lock: SCN_ALLEY. Camera reference: CAM_ALLEY_04_STONE_HIT. Shot size: 中景. Beat: 小川起身甩动. Visual focus: 小川抓着石块猛地起身，身体歪，动作短促混乱. Character focus: 小川. Expression: 惊恐，不是愤怒. Blocking and motion: 起身+甩动合一. Continuity anchors: 路边普通石块、湿地、主角浅绿书包、彬子准备下狠手、声音抽空，避免血腥. Story stage: S4_STONE_ACCIDENT / stone accident. Character stage lock: Xiao Chuan panics and acts without heroism; A Lei is being squeezed by the group.. Wardrobe state: Xiao Chuan's hand, knee, shoe edge, scarf, and bag start to become wet or muddy.. Emotion state: Panic, loss of control, shock after impact.. Environment stage lock: Wet ground and roadside stone become the visual center; violence is hidden and de-glorified.. Identity locks: A Lei is the tall older brother with old thin metal-frame glasses, a blue worn tracksuit, protective posture, and a habit of pushing his glasses. Xiao Chuan is the middle/protagonist boy with round eyes, a slightly protruding right ear, half-open mouth, red scarf, blue school jacket and green schoolbag, often gripping the bag straps. Xiao Man is the smallest younger brother with a round head, rounder body, timid downcast eyes, warm old vest or pale shirt, hands gripping his hem, toes turned inward. Binzi is the short bully boss with dyed yellow hair and a compact aggressive body. The other three bullies must have distinct tall-thin, heavy, and errand-runner silhouettes. The image must look like a final movie frame or clean keyframe, not a storyboard drawing.","No text, no captions, no Chinese characters, no English letters, no labels, no arrows, no diagrams, no storyboard frame, no contact sheet, no sketch lines, no watermark. Avoid modern phones, modern cars, LED shop signs, polished mall interiors, fashionable contemporary clothes, glossy advertisement lighting, heroic violence, gore, blood focus, glamorized fighting, or characters looking like adults. Avoid panel-specific problems: 血腥头部特写、英雄化慢动作、武器摆拍、石块变刀棍、庆祝. Keep the impact obscured and panic-based; no gore, no heroic pose, no explicit wound detail.","Follow whitebox_renders_v2/B04/WB2_ALLEY_MSB104.png; preserve axis, scale, foreground/midground/background, and subject blocking.",S4_STONE_ACCIDENT,stone accident,Xiao Chuan panics and acts without heroism; A Lei is being squeezed by the group.,"Xiao Chuan's hand, knee, shoe edge, scarf, and bag start to become wet or muddy.","Panic, loss of control, shock after impact.",Wet ground and roadside stone become the visual center; violence is hidden and de-glorified.,whitebox_renders_v2/B04/WB2_ALLEY_MSB104.png
MSB105,B04,11,石块失手,SCN_ALLEY,CAM_ALLEY_04_STONE_HIT,end_frame,A,visual_assets/pure/micro_storyboard/B04/MSB105_v001.png,visual_assets/annotated/micro_storyboard/B04/MSB105_v001_annotated.png,"Create a pure cinematic film still for AIGC video generation, 16:9 landscape, high-resolution, photoreal Chinese dreamcore realism, 1990s small-town China, humid yellowed childhood memory, low light, restrained VHS grain, real old clothes, lived-in surfaces, no visible text or annotations. Use the whitebox reference for composition and spatial relationship: whitebox_renders_v2/B04/WB2_ALLEY_MSB105.png. Panel MSB105, Clip 11 石块失手, time 03:10. Scene lock: SCN_ALLEY. Camera reference: CAM_ALLEY_04_STONE_HIT. Shot size: 中景. Beat: 遮挡冲击瞬间. Visual focus: 前景人影或路灯柱遮住冲击瞬间，只看到众人身体突然停住. Character focus: 全体. Expression: 声音抽空. Blocking and motion: 动作后突然 locked-off. Continuity anchors: 路边普通石块、湿地、主角浅绿书包、彬子准备下狠手、声音抽空，避免血腥. Story stage: S4_STONE_ACCIDENT / stone accident. Character stage lock: Xiao Chuan panics and acts without heroism; A Lei is being squeezed by the group.. Wardrobe state: Xiao Chuan's hand, knee, shoe edge, scarf, and bag start to become wet or muddy.. Emotion state: Panic, loss of control, shock after impact.. Environment stage lock: Wet ground and roadside stone become the visual center; violence is hidden and de-glorified.. Identity locks: A Lei is the tall older brother with old thin metal-frame glasses, a blue worn tracksuit, protective posture, and a habit of pushing his glasses. Xiao Chuan is the middle/protagonist boy with round eyes, a slightly protruding right ear, half-open mouth, red scarf, blue school jacket and green schoolbag, often gripping the bag straps. Xiao Man is the smallest younger brother with a round head, rounder body, timid downcast eyes, warm old vest or pale shirt, hands gripping his hem, toes turned inward. Binzi is the short bully boss with dyed yellow hair and a compact aggressive body. The other three bullies must have distinct tall-thin, heavy, and errand-runner silhouettes. The image must look like a final movie frame or clean keyframe, not a storyboard drawing.","No text, no captions, no Chinese characters, no English letters, no labels, no arrows, no diagrams, no storyboard frame, no contact sheet, no sketch lines, no watermark. Avoid modern phones, modern cars, LED shop signs, polished mall interiors, fashionable contemporary clothes, glossy advertisement lighting, heroic violence, gore, blood focus, glamorized fighting, or characters looking like adults. Avoid panel-specific problems: 血腥头部特写、英雄化慢动作、武器摆拍、石块变刀棍、庆祝. Keep the impact obscured and panic-based; no gore, no heroic pose, no explicit wound detail.","Follow whitebox_renders_v2/B04/WB2_ALLEY_MSB105.png; preserve axis, scale, foreground/midground/background, and subject blocking.",S4_STONE_ACCIDENT,stone accident,Xiao Chuan panics and acts without heroism; A Lei is being squeezed by the group.,"Xiao Chuan's hand, knee, shoe edge, scarf, and bag start to become wet or muddy.","Panic, loss of control, shock after impact.",Wet ground and roadside stone become the visual center; violence is hidden and de-glorified.,whitebox_renders_v2/B04/WB2_ALLEY_MSB105.png
MSB106,B04,11,石块失手,SCN_ALLEY,CAM_ALLEY_04_STONE_HIT,keyframe,A,visual_assets/pure/micro_storyboard/B04/MSB106_v001.png,visual_assets/annotated/micro_storyboard/B04/MSB106_v001_annotated.png,"Create a pure cinematic film still for AIGC video generation, 16:9 landscape, high-resolution, photoreal Chinese dreamcore realism, 1990s small-town China, humid yellowed childhood memory, low light, restrained VHS grain, real old clothes, lived-in surfaces, no visible text or annotations. Use the whitebox reference for composition and spatial relationship: whitebox_renders_v2/B04/WB2_ALLEY_MSB106.png. Panel MSB106, Clip 11 石块失手, time 03:12. Scene lock: SCN_ALLEY. Camera reference: CAM_ALLEY_04_STONE_HIT. Shot size: 近景. Beat: 彬子不可置信. Visual focus: 彬子不做血腥表现，只拍脸上不可置信和失去凶相的空白. Character focus: 彬子. Expression: 从凶变空. Blocking and motion: 停住不动. Continuity anchors: 路边普通石块、湿地、主角浅绿书包、彬子准备下狠手、声音抽空，避免血腥. Story stage: S4_STONE_ACCIDENT / stone accident. Character stage lock: Xiao Chuan panics and acts without heroism; A Lei is being squeezed by the group.. Wardrobe state: Xiao Chuan's hand, knee, shoe edge, scarf, and bag start to become wet or muddy.. Emotion state: Panic, loss of control, shock after impact.. Environment stage lock: Wet ground and roadside stone become the visual center; violence is hidden and de-glorified.. Identity locks: A Lei is the tall older brother with old thin metal-frame glasses, a blue worn tracksuit, protective posture, and a habit of pushing his glasses. Xiao Chuan is the middle/protagonist boy with round eyes, a slightly protruding right ear, half-open mouth, red scarf, blue school jacket and green schoolbag, often gripping the bag straps. Xiao Man is the smallest younger brother with a round head, rounder body, timid downcast eyes, warm old vest or pale shirt, hands gripping his hem, toes turned inward. Binzi is the short bully boss with dyed yellow hair and a compact aggressive body. The other three bullies must have distinct tall-thin, heavy, and errand-runner silhouettes. The image must look like a final movie frame or clean keyframe, not a storyboard drawing.","No text, no captions, no Chinese characters, no English letters, no labels, no arrows, no diagrams, no storyboard frame, no contact sheet, no sketch lines, no watermark. Avoid modern phones, modern cars, LED shop signs, polished mall interiors, fashionable contemporary clothes, glossy advertisement lighting, heroic violence, gore, blood focus, glamorized fighting, or characters looking like adults. Avoid panel-specific problems: 血腥头部特写、英雄化慢动作、武器摆拍、石块变刀棍、庆祝. Keep the impact obscured and panic-based; no gore, no heroic pose, no explicit wound detail.","Follow whitebox_renders_v2/B04/WB2_ALLEY_MSB106.png; preserve axis, scale, foreground/midground/background, and subject blocking.",S4_STONE_ACCIDENT,stone accident,Xiao Chuan panics and acts without heroism; A Lei is being squeezed by the group.,"Xiao Chuan's hand, knee, shoe edge, scarf, and bag start to become wet or muddy.","Panic, loss of control, shock after impact.",Wet ground and roadside stone become the visual center; violence is hidden and de-glorified.,whitebox_renders_v2/B04/WB2_ALLEY_MSB106.png
MSB107,B04,11,石块失手,SCN_ALLEY,CAM_ALLEY_04_STONE_HIT,keyframe,A,visual_assets/pure/micro_storyboard/B04/MSB107_v001.png,visual_assets/annotated/micro_storyboard/B04/MSB107_v001_annotated.png,"Create a pure cinematic film still for AIGC video generation, 16:9 landscape, high-resolution, photoreal Chinese dreamcore realism, 1990s small-town China, humid yellowed childhood memory, low light, restrained VHS grain, real old clothes, lived-in surfaces, no visible text or annotations. Use the whitebox reference for composition and spatial relationship: whitebox_renders_v2/B04/WB2_ALLEY_MSB107.png. Panel MSB107, Clip 11 石块失手, time 03:14. Scene lock: SCN_ALLEY. Camera reference: CAM_ALLEY_04_STONE_HIT. Shot size: 近景. Beat: 小川失声. Visual focus: 小川手还悬着，嘴张开但发不出声，浅绿书包歪到一边. Character focus: 小川. Expression: 彻底惊恐. Blocking and motion: 冻结一拍. Continuity anchors: 路边普通石块、湿地、主角浅绿书包、彬子准备下狠手、声音抽空，避免血腥. Story stage: S4_STONE_ACCIDENT / stone accident. Character stage lock: Xiao Chuan panics and acts without heroism; A Lei is being squeezed by the group.. Wardrobe state: Xiao Chuan's hand, knee, shoe edge, scarf, and bag start to become wet or muddy.. Emotion state: Panic, loss of control, shock after impact.. Environment stage lock: Wet ground and roadside stone become the visual center; violence is hidden and de-glorified.. Identity locks: A Lei is the tall older brother with old thin metal-frame glasses, a blue worn tracksuit, protective posture, and a habit of pushing his glasses. Xiao Chuan is the middle/protagonist boy with round eyes, a slightly protruding right ear, half-open mouth, red scarf, blue school jacket and green schoolbag, often gripping the bag straps. Xiao Man is the smallest younger brother with a round head, rounder body, timid downcast eyes, warm old vest or pale shirt, hands gripping his hem, toes turned inward. Binzi is the short bully boss with dyed yellow hair and a compact aggressive body. The other three bullies must have distinct tall-thin, heavy, and errand-runner silhouettes. The image must look like a final movie frame or clean keyframe, not a storyboard drawing.","No text, no captions, no Chinese characters, no English letters, no labels, no arrows, no diagrams, no storyboard frame, no contact sheet, no sketch lines, no watermark. Avoid modern phones, modern cars, LED shop signs, polished mall interiors, fashionable contemporary clothes, glossy advertisement lighting, heroic violence, gore, blood focus, glamorized fighting, or characters looking like adults. Avoid panel-specific problems: 血腥头部特写、英雄化慢动作、武器摆拍、石块变刀棍、庆祝. Keep the impact obscured and panic-based; no gore, no heroic pose, no explicit wound detail.","Follow whitebox_renders_v2/B04/WB2_ALLEY_MSB107.png; preserve axis, scale, foreground/midground/background, and subject blocking.",S4_STONE_ACCIDENT,stone accident,Xiao Chuan panics and acts without heroism; A Lei is being squeezed by the group.,"Xiao Chuan's hand, knee, shoe edge, scarf, and bag start to become wet or muddy.","Panic, loss of control, shock after impact.",Wet ground and roadside stone become the visual center; violence is hidden and de-glorified.,whitebox_renders_v2/B04/WB2_ALLEY_MSB107.png
MSB108,B04,12,主角逃跑,SCN_ALLEY,CAM_ALLEY_05_ESCAPE_VECTOR,start_frame,A,visual_assets/pure/micro_storyboard/B04/MSB108_v001.png,visual_assets/annotated/micro_storyboard/B04/MSB108_v001_annotated.png,"Create a pure cinematic film still for AIGC video generation, 16:9 landscape, high-resolution, photoreal Chinese dreamcore realism, 1990s small-town China, humid yellowed childhood memory, low light, restrained VHS grain, real old clothes, lived-in surfaces, no visible text or annotations. Use the whitebox reference for composition and spatial relationship: whitebox_renders_v2/B04/WB2_ALLEY_MSB108.png. Panel MSB108, Clip 12 主角逃跑, time 03:16. Scene lock: SCN_ALLEY. Camera reference: CAM_ALLEY_05_ESCAPE_VECTOR. Shot size: 中景. Beat: 冻结后的第一步. Visual focus: 小川从冻结中突然歪出去，脚步不是标准起跑. Character focus: 小川. Expression: 惊恐自动反应. Blocking and motion: 身体先歪，脚才跟上. Continuity anchors: 小川沿小路深处逃向废楼方向，书包剧烈晃动，哥哥小满留在后方混乱中，路灯拖影. Story stage: S5_ESCAPE_DIRTY / escape dirty state. Character stage lock: Xiao Chuan runs in panic with broken breath; he is not brave, only frightened.. Wardrobe state: Xiao Chuan is visibly dirtier: knees, shoes, bag edge and sleeves muddy; clothes crooked.. Emotion state: Breathless fear, tunnel vision, guilt, and flight.. Environment stage lock: The alley streaks past toward an abandoned building entrance.. Identity locks: A Lei is the tall older brother with old thin metal-frame glasses, a blue worn tracksuit, protective posture, and a habit of pushing his glasses. Xiao Chuan is the middle/protagonist boy with round eyes, a slightly protruding right ear, half-open mouth, red scarf, blue school jacket and green schoolbag, often gripping the bag straps. Xiao Man is the smallest younger brother with a round head, rounder body, timid downcast eyes, warm old vest or pale shirt, hands gripping his hem, toes turned inward. Binzi is the short bully boss with dyed yellow hair and a compact aggressive body. The other three bullies must have distinct tall-thin, heavy, and errand-runner silhouettes. The image must look like a final movie frame or clean keyframe, not a storyboard drawing.","No text, no captions, no Chinese characters, no English letters, no labels, no arrows, no diagrams, no storyboard frame, no contact sheet, no sketch lines, no watermark. Avoid modern phones, modern cars, LED shop signs, polished mall interiors, fashionable contemporary clothes, glossy advertisement lighting, heroic violence, gore, blood focus, glamorized fighting, or characters looking like adults. Avoid panel-specific problems: 逃跑方向漂移、大街追车、突然变白天、追兵追到身边、哥哥小满一起跑. Do not restore Xiao Chuan to clean clothes; do not make the escape look brave or action-heroic.","Follow whitebox_renders_v2/B04/WB2_ALLEY_MSB108.png; preserve axis, scale, foreground/midground/background, and subject blocking.",S5_ESCAPE_DIRTY,escape dirty state,"Xiao Chuan runs in panic with broken breath; he is not brave, only frightened.","Xiao Chuan is visibly dirtier: knees, shoes, bag edge and sleeves muddy; clothes crooked.","Breathless fear, tunnel vision, guilt, and flight.",The alley streaks past toward an abandoned building entrance.,whitebox_renders_v2/B04/WB2_ALLEY_MSB108.png
MSB109,B04,12,主角逃跑,SCN_ALLEY,CAM_ALLEY_05_ESCAPE_VECTOR,storyboard,A,visual_assets/pure/micro_storyboard/B04/MSB109_v001.png,visual_assets/annotated/micro_storyboard/B04/MSB109_v001_annotated.png,"Create a pure cinematic film still for AIGC video generation, 16:9 landscape, high-resolution, photoreal Chinese dreamcore realism, 1990s small-town China, humid yellowed childhood memory, low light, restrained VHS grain, real old clothes, lived-in surfaces, no visible text or annotations. Use the whitebox reference for composition and spatial relationship: whitebox_renders_v2/B04/WB2_ALLEY_MSB109.png. Panel MSB109, Clip 12 主角逃跑, time 03:17. Scene lock: SCN_ALLEY. Camera reference: CAM_ALLEY_05_ESCAPE_VECTOR. Shot size: 近景. Beat: 书包猛甩. Visual focus: 浅绿色书包斜甩，红领巾被带起，证明是同一个主角. Character focus: 小川/道具. Expression: 恐惧速度. Blocking and motion: 低位跟拍. Continuity anchors: 小川沿小路深处逃向废楼方向，书包剧烈晃动，哥哥小满留在后方混乱中，路灯拖影. Story stage: S5_ESCAPE_DIRTY / escape dirty state. Character stage lock: Xiao Chuan runs in panic with broken breath; he is not brave, only frightened.. Wardrobe state: Xiao Chuan is visibly dirtier: knees, shoes, bag edge and sleeves muddy; clothes crooked.. Emotion state: Breathless fear, tunnel vision, guilt, and flight.. Environment stage lock: The alley streaks past toward an abandoned building entrance.. Identity locks: A Lei is the tall older brother with old thin metal-frame glasses, a blue worn tracksuit, protective posture, and a habit of pushing his glasses. Xiao Chuan is the middle/protagonist boy with round eyes, a slightly protruding right ear, half-open mouth, red scarf, blue school jacket and green schoolbag, often gripping the bag straps. Xiao Man is the smallest younger brother with a round head, rounder body, timid downcast eyes, warm old vest or pale shirt, hands gripping his hem, toes turned inward. Binzi is the short bully boss with dyed yellow hair and a compact aggressive body. The other three bullies must have distinct tall-thin, heavy, and errand-runner silhouettes. The image must look like a final movie frame or clean keyframe, not a storyboard drawing.","No text, no captions, no Chinese characters, no English letters, no labels, no arrows, no diagrams, no storyboard frame, no contact sheet, no sketch lines, no watermark. Avoid modern phones, modern cars, LED shop signs, polished mall interiors, fashionable contemporary clothes, glossy advertisement lighting, heroic violence, gore, blood focus, glamorized fighting, or characters looking like adults. Avoid panel-specific problems: 逃跑方向漂移、大街追车、突然变白天、追兵追到身边、哥哥小满一起跑. Do not restore Xiao Chuan to clean clothes; do not make the escape look brave or action-heroic.","Follow whitebox_renders_v2/B04/WB2_ALLEY_MSB109.png; preserve axis, scale, foreground/midground/background, and subject blocking.",S5_ESCAPE_DIRTY,escape dirty state,"Xiao Chuan runs in panic with broken breath; he is not brave, only frightened.","Xiao Chuan is visibly dirtier: knees, shoes, bag edge and sleeves muddy; clothes crooked.","Breathless fear, tunnel vision, guilt, and flight.",The alley streaks past toward an abandoned building entrance.,whitebox_renders_v2/B04/WB2_ALLEY_MSB109.png
MSB110,B04,12,主角逃跑,SCN_ALLEY,CAM_ALLEY_05_ESCAPE_VECTOR,storyboard,A,visual_assets/pure/micro_storyboard/B04/MSB110_v001.png,visual_assets/annotated/micro_storyboard/B04/MSB110_v001_annotated.png,"Create a pure cinematic film still for AIGC video generation, 16:9 landscape, high-resolution, photoreal Chinese dreamcore realism, 1990s small-town China, humid yellowed childhood memory, low light, restrained VHS grain, real old clothes, lived-in surfaces, no visible text or annotations. Use the whitebox reference for composition and spatial relationship: whitebox_renders_v2/B04/WB2_ALLEY_MSB110.png. Panel MSB110, Clip 12 主角逃跑, time 03:19. Scene lock: SCN_ALLEY. Camera reference: CAM_ALLEY_05_ESCAPE_VECTOR. Shot size: 远景. Beat: 哥哥留后方. Visual focus: 阿磊和小满留在混乱后方，阿磊半起身想喊，小满仍僵. Character focus: 阿磊/小满. Expression: 震惊和迟滞. Blocking and motion: 不跟跑. Continuity anchors: 小川沿小路深处逃向废楼方向，书包剧烈晃动，哥哥小满留在后方混乱中，路灯拖影. Story stage: S5_ESCAPE_DIRTY / escape dirty state. Character stage lock: Xiao Chuan runs in panic with broken breath; he is not brave, only frightened.. Wardrobe state: Xiao Chuan is visibly dirtier: knees, shoes, bag edge and sleeves muddy; clothes crooked.. Emotion state: Breathless fear, tunnel vision, guilt, and flight.. Environment stage lock: The alley streaks past toward an abandoned building entrance.. Identity locks: A Lei is the tall older brother with old thin metal-frame glasses, a blue worn tracksuit, protective posture, and a habit of pushing his glasses. Xiao Chuan is the middle/protagonist boy with round eyes, a slightly protruding right ear, half-open mouth, red scarf, blue school jacket and green schoolbag, often gripping the bag straps. Xiao Man is the smallest younger brother with a round head, rounder body, timid downcast eyes, warm old vest or pale shirt, hands gripping his hem, toes turned inward. Binzi is the short bully boss with dyed yellow hair and a compact aggressive body. The other three bullies must have distinct tall-thin, heavy, and errand-runner silhouettes. The image must look like a final movie frame or clean keyframe, not a storyboard drawing.","No text, no captions, no Chinese characters, no English letters, no labels, no arrows, no diagrams, no storyboard frame, no contact sheet, no sketch lines, no watermark. Avoid modern phones, modern cars, LED shop signs, polished mall interiors, fashionable contemporary clothes, glossy advertisement lighting, heroic violence, gore, blood focus, glamorized fighting, or characters looking like adults. Avoid panel-specific problems: 逃跑方向漂移、大街追车、突然变白天、追兵追到身边、哥哥小满一起跑. Do not restore Xiao Chuan to clean clothes; do not make the escape look brave or action-heroic.","Follow whitebox_renders_v2/B04/WB2_ALLEY_MSB110.png; preserve axis, scale, foreground/midground/background, and subject blocking.",S5_ESCAPE_DIRTY,escape dirty state,"Xiao Chuan runs in panic with broken breath; he is not brave, only frightened.","Xiao Chuan is visibly dirtier: knees, shoes, bag edge and sleeves muddy; clothes crooked.","Breathless fear, tunnel vision, guilt, and flight.",The alley streaks past toward an abandoned building entrance.,whitebox_renders_v2/B04/WB2_ALLEY_MSB110.png
MSB111,B04,12,主角逃跑,SCN_ALLEY,CAM_ALLEY_05_ESCAPE_VECTOR,storyboard,B,visual_assets/pure/micro_storyboard/B04/MSB111_v001.png,visual_assets/annotated/micro_storyboard/B04/MSB111_v001_annotated.png,"Create a pure cinematic film still for AIGC video generation, 16:9 landscape, high-resolution, photoreal Chinese dreamcore realism, 1990s small-town China, humid yellowed childhood memory, low light, restrained VHS grain, real old clothes, lived-in surfaces, no visible text or annotations. Use the whitebox reference for composition and spatial relationship: whitebox_renders_v2/B04/WB2_ALLEY_MSB111.png. Panel MSB111, Clip 12 主角逃跑, time 03:21. Scene lock: SCN_ALLEY. Camera reference: CAM_ALLEY_05_ESCAPE_VECTOR. Shot size: 中景. Beat: 混混反应慢半拍. Visual focus: 高杆和大海先愣住，小齐收声，彬子状态不清. Character focus: 混混四人. Expression: 群体失控. Blocking and motion: 动作延迟. Continuity anchors: 小川沿小路深处逃向废楼方向，书包剧烈晃动，哥哥小满留在后方混乱中，路灯拖影. Story stage: S5_ESCAPE_DIRTY / escape dirty state. Character stage lock: Xiao Chuan runs in panic with broken breath; he is not brave, only frightened.. Wardrobe state: Xiao Chuan is visibly dirtier: knees, shoes, bag edge and sleeves muddy; clothes crooked.. Emotion state: Breathless fear, tunnel vision, guilt, and flight.. Environment stage lock: The alley streaks past toward an abandoned building entrance.. Identity locks: A Lei is the tall older brother with old thin metal-frame glasses, a blue worn tracksuit, protective posture, and a habit of pushing his glasses. Xiao Chuan is the middle/protagonist boy with round eyes, a slightly protruding right ear, half-open mouth, red scarf, blue school jacket and green schoolbag, often gripping the bag straps. Xiao Man is the smallest younger brother with a round head, rounder body, timid downcast eyes, warm old vest or pale shirt, hands gripping his hem, toes turned inward. Binzi is the short bully boss with dyed yellow hair and a compact aggressive body. The other three bullies must have distinct tall-thin, heavy, and errand-runner silhouettes. The image must look like a final movie frame or clean keyframe, not a storyboard drawing.","No text, no captions, no Chinese characters, no English letters, no labels, no arrows, no diagrams, no storyboard frame, no contact sheet, no sketch lines, no watermark. Avoid modern phones, modern cars, LED shop signs, polished mall interiors, fashionable contemporary clothes, glossy advertisement lighting, heroic violence, gore, blood focus, glamorized fighting, or characters looking like adults. Avoid panel-specific problems: 逃跑方向漂移、大街追车、突然变白天、追兵追到身边、哥哥小满一起跑. Do not restore Xiao Chuan to clean clothes; do not make the escape look brave or action-heroic.","Follow whitebox_renders_v2/B04/WB2_ALLEY_MSB111.png; preserve axis, scale, foreground/midground/background, and subject blocking.",S5_ESCAPE_DIRTY,escape dirty state,"Xiao Chuan runs in panic with broken breath; he is not brave, only frightened.","Xiao Chuan is visibly dirtier: knees, shoes, bag edge and sleeves muddy; clothes crooked.","Breathless fear, tunnel vision, guilt, and flight.",The alley streaks past toward an abandoned building entrance.,whitebox_renders_v2/B04/WB2_ALLEY_MSB111.png
MSB112,B04,12,主角逃跑,SCN_ALLEY,CAM_ALLEY_05_ESCAPE_VECTOR,storyboard,A,visual_assets/pure/micro_storyboard/B04/MSB112_v001.png,visual_assets/annotated/micro_storyboard/B04/MSB112_v001_annotated.png,"Create a pure cinematic film still for AIGC video generation, 16:9 landscape, high-resolution, photoreal Chinese dreamcore realism, 1990s small-town China, humid yellowed childhood memory, low light, restrained VHS grain, real old clothes, lived-in surfaces, no visible text or annotations. Use the whitebox reference for composition and spatial relationship: whitebox_renders_v2/B04/WB2_ALLEY_MSB112.png. Panel MSB112, Clip 12 主角逃跑, time 03:22. Scene lock: SCN_ALLEY. Camera reference: CAM_ALLEY_05_ESCAPE_VECTOR. Shot size: 低机位中景. Beat: 小川冲过石块点. Visual focus: 小川跑过刚才石块所在位置，湿地反光拉长. Character focus: 小川/环境. Expression: 逃离现场. Blocking and motion: 沿同一轴线向深处. Continuity anchors: 小川沿小路深处逃向废楼方向，书包剧烈晃动，哥哥小满留在后方混乱中，路灯拖影. Story stage: S5_ESCAPE_DIRTY / escape dirty state. Character stage lock: Xiao Chuan runs in panic with broken breath; he is not brave, only frightened.. Wardrobe state: Xiao Chuan is visibly dirtier: knees, shoes, bag edge and sleeves muddy; clothes crooked.. Emotion state: Breathless fear, tunnel vision, guilt, and flight.. Environment stage lock: The alley streaks past toward an abandoned building entrance.. Identity locks: A Lei is the tall older brother with old thin metal-frame glasses, a blue worn tracksuit, protective posture, and a habit of pushing his glasses. Xiao Chuan is the middle/protagonist boy with round eyes, a slightly protruding right ear, half-open mouth, red scarf, blue school jacket and green schoolbag, often gripping the bag straps. Xiao Man is the smallest younger brother with a round head, rounder body, timid downcast eyes, warm old vest or pale shirt, hands gripping his hem, toes turned inward. Binzi is the short bully boss with dyed yellow hair and a compact aggressive body. The other three bullies must have distinct tall-thin, heavy, and errand-runner silhouettes. The image must look like a final movie frame or clean keyframe, not a storyboard drawing.","No text, no captions, no Chinese characters, no English letters, no labels, no arrows, no diagrams, no storyboard frame, no contact sheet, no sketch lines, no watermark. Avoid modern phones, modern cars, LED shop signs, polished mall interiors, fashionable contemporary clothes, glossy advertisement lighting, heroic violence, gore, blood focus, glamorized fighting, or characters looking like adults. Avoid panel-specific problems: 逃跑方向漂移、大街追车、突然变白天、追兵追到身边、哥哥小满一起跑. Do not restore Xiao Chuan to clean clothes; do not make the escape look brave or action-heroic.","Follow whitebox_renders_v2/B04/WB2_ALLEY_MSB112.png; preserve axis, scale, foreground/midground/background, and subject blocking.",S5_ESCAPE_DIRTY,escape dirty state,"Xiao Chuan runs in panic with broken breath; he is not brave, only frightened.","Xiao Chuan is visibly dirtier: knees, shoes, bag edge and sleeves muddy; clothes crooked.","Breathless fear, tunnel vision, guilt, and flight.",The alley streaks past toward an abandoned building entrance.,whitebox_renders_v2/B04/WB2_ALLEY_MSB112.png
MSB113,B04,12,主角逃跑,SCN_ALLEY,CAM_ALLEY_05_ESCAPE_VECTOR,storyboard,A,visual_assets/pure/micro_storyboard/B04/MSB113_v001.png,visual_assets/annotated/micro_storyboard/B04/MSB113_v001_annotated.png,"Create a pure cinematic film still for AIGC video generation, 16:9 landscape, high-resolution, photoreal Chinese dreamcore realism, 1990s small-town China, humid yellowed childhood memory, low light, restrained VHS grain, real old clothes, lived-in surfaces, no visible text or annotations. Use the whitebox reference for composition and spatial relationship: whitebox_renders_v2/B04/WB2_ALLEY_MSB113.png. Panel MSB113, Clip 12 主角逃跑, time 03:24. Scene lock: SCN_ALLEY. Camera reference: CAM_ALLEY_05_ESCAPE_VECTOR. Shot size: 远景. Beat: 追兵启动. Visual focus: 后方混混开始反应追，但与小川保持距离. Character focus: 追兵/小川. Expression: 追逐启动但空间清楚. Blocking and motion: 同方向，不翻轴. Continuity anchors: 小川沿小路深处逃向废楼方向，书包剧烈晃动，哥哥小满留在后方混乱中，路灯拖影. Story stage: S5_ESCAPE_DIRTY / escape dirty state. Character stage lock: Xiao Chuan runs in panic with broken breath; he is not brave, only frightened.. Wardrobe state: Xiao Chuan is visibly dirtier: knees, shoes, bag edge and sleeves muddy; clothes crooked.. Emotion state: Breathless fear, tunnel vision, guilt, and flight.. Environment stage lock: The alley streaks past toward an abandoned building entrance.. Identity locks: A Lei is the tall older brother with old thin metal-frame glasses, a blue worn tracksuit, protective posture, and a habit of pushing his glasses. Xiao Chuan is the middle/protagonist boy with round eyes, a slightly protruding right ear, half-open mouth, red scarf, blue school jacket and green schoolbag, often gripping the bag straps. Xiao Man is the smallest younger brother with a round head, rounder body, timid downcast eyes, warm old vest or pale shirt, hands gripping his hem, toes turned inward. Binzi is the short bully boss with dyed yellow hair and a compact aggressive body. The other three bullies must have distinct tall-thin, heavy, and errand-runner silhouettes. The image must look like a final movie frame or clean keyframe, not a storyboard drawing.","No text, no captions, no Chinese characters, no English letters, no labels, no arrows, no diagrams, no storyboard frame, no contact sheet, no sketch lines, no watermark. Avoid modern phones, modern cars, LED shop signs, polished mall interiors, fashionable contemporary clothes, glossy advertisement lighting, heroic violence, gore, blood focus, glamorized fighting, or characters looking like adults. Avoid panel-specific problems: 逃跑方向漂移、大街追车、突然变白天、追兵追到身边、哥哥小满一起跑. Do not restore Xiao Chuan to clean clothes; do not make the escape look brave or action-heroic.","Follow whitebox_renders_v2/B04/WB2_ALLEY_MSB113.png; preserve axis, scale, foreground/midground/background, and subject blocking.",S5_ESCAPE_DIRTY,escape dirty state,"Xiao Chuan runs in panic with broken breath; he is not brave, only frightened.","Xiao Chuan is visibly dirtier: knees, shoes, bag edge and sleeves muddy; clothes crooked.","Breathless fear, tunnel vision, guilt, and flight.",The alley streaks past toward an abandoned building entrance.,whitebox_renders_v2/B04/WB2_ALLEY_MSB113.png
MSB114,B04,12,主角逃跑,SCN_ALLEY,CAM_ALLEY_05_ESCAPE_VECTOR,storyboard,B,visual_assets/pure/micro_storyboard/B04/MSB114_v001.png,visual_assets/annotated/micro_storyboard/B04/MSB114_v001_annotated.png,"Create a pure cinematic film still for AIGC video generation, 16:9 landscape, high-resolution, photoreal Chinese dreamcore realism, 1990s small-town China, humid yellowed childhood memory, low light, restrained VHS grain, real old clothes, lived-in surfaces, no visible text or annotations. Use the whitebox reference for composition and spatial relationship: whitebox_renders_v2/B04/WB2_ALLEY_MSB114.png. Panel MSB114, Clip 12 主角逃跑, time 03:26. Scene lock: SCN_ALLEY. Camera reference: CAM_ALLEY_05_ESCAPE_VECTOR. Shot size: 近景. Beat: 墙面擦镜. Visual focus: 黑暗墙面快速擦过镜头，作为逃跑隐藏剪辑. Character focus: 环境. Expression: 无表情，速度感. Blocking and motion: 横向擦镜. Continuity anchors: 小川沿小路深处逃向废楼方向，书包剧烈晃动，哥哥小满留在后方混乱中，路灯拖影. Story stage: S5_ESCAPE_DIRTY / escape dirty state. Character stage lock: Xiao Chuan runs in panic with broken breath; he is not brave, only frightened.. Wardrobe state: Xiao Chuan is visibly dirtier: knees, shoes, bag edge and sleeves muddy; clothes crooked.. Emotion state: Breathless fear, tunnel vision, guilt, and flight.. Environment stage lock: The alley streaks past toward an abandoned building entrance.. Identity locks: A Lei is the tall older brother with old thin metal-frame glasses, a blue worn tracksuit, protective posture, and a habit of pushing his glasses. Xiao Chuan is the middle/protagonist boy with round eyes, a slightly protruding right ear, half-open mouth, red scarf, blue school jacket and green schoolbag, often gripping the bag straps. Xiao Man is the smallest younger brother with a round head, rounder body, timid downcast eyes, warm old vest or pale shirt, hands gripping his hem, toes turned inward. Binzi is the short bully boss with dyed yellow hair and a compact aggressive body. The other three bullies must have distinct tall-thin, heavy, and errand-runner silhouettes. The image must look like a final movie frame or clean keyframe, not a storyboard drawing.","No text, no captions, no Chinese characters, no English letters, no labels, no arrows, no diagrams, no storyboard frame, no contact sheet, no sketch lines, no watermark. Avoid modern phones, modern cars, LED shop signs, polished mall interiors, fashionable contemporary clothes, glossy advertisement lighting, heroic violence, gore, blood focus, glamorized fighting, or characters looking like adults. Avoid panel-specific problems: 逃跑方向漂移、大街追车、突然变白天、追兵追到身边、哥哥小满一起跑. Do not restore Xiao Chuan to clean clothes; do not make the escape look brave or action-heroic.","Follow whitebox_renders_v2/B04/WB2_ALLEY_MSB114.png; preserve axis, scale, foreground/midground/background, and subject blocking.",S5_ESCAPE_DIRTY,escape dirty state,"Xiao Chuan runs in panic with broken breath; he is not brave, only frightened.","Xiao Chuan is visibly dirtier: knees, shoes, bag edge and sleeves muddy; clothes crooked.","Breathless fear, tunnel vision, guilt, and flight.",The alley streaks past toward an abandoned building entrance.,whitebox_renders_v2/B04/WB2_ALLEY_MSB114.png
MSB115,B04,12,主角逃跑,SCN_ALLEY,CAM_ALLEY_05_ESCAPE_VECTOR,keyframe,A,visual_assets/pure/micro_storyboard/B04/MSB115_v001.png,visual_assets/annotated/micro_storyboard/B04/MSB115_v001_annotated.png,"Create a pure cinematic film still for AIGC video generation, 16:9 landscape, high-resolution, photoreal Chinese dreamcore realism, 1990s small-town China, humid yellowed childhood memory, low light, restrained VHS grain, real old clothes, lived-in surfaces, no visible text or annotations. Use the whitebox reference for composition and spatial relationship: whitebox_renders_v2/B04/WB2_ALLEY_MSB115.png. Panel MSB115, Clip 12 主角逃跑, time 03:27. Scene lock: SCN_ALLEY. Camera reference: CAM_ALLEY_05_ESCAPE_VECTOR. Shot size: 中景. Beat: 路灯拖影. Visual focus: 旧路灯在小川头顶拉成长条，像 CRT 扫描线预兆. Character focus: 小川/环境. Expression: 呼吸乱. Blocking and motion: 低位跟拍. Continuity anchors: 小川沿小路深处逃向废楼方向，书包剧烈晃动，哥哥小满留在后方混乱中，路灯拖影. Story stage: S5_ESCAPE_DIRTY / escape dirty state. Character stage lock: Xiao Chuan runs in panic with broken breath; he is not brave, only frightened.. Wardrobe state: Xiao Chuan is visibly dirtier: knees, shoes, bag edge and sleeves muddy; clothes crooked.. Emotion state: Breathless fear, tunnel vision, guilt, and flight.. Environment stage lock: The alley streaks past toward an abandoned building entrance.. Identity locks: A Lei is the tall older brother with old thin metal-frame glasses, a blue worn tracksuit, protective posture, and a habit of pushing his glasses. Xiao Chuan is the middle/protagonist boy with round eyes, a slightly protruding right ear, half-open mouth, red scarf, blue school jacket and green schoolbag, often gripping the bag straps. Xiao Man is the smallest younger brother with a round head, rounder body, timid downcast eyes, warm old vest or pale shirt, hands gripping his hem, toes turned inward. Binzi is the short bully boss with dyed yellow hair and a compact aggressive body. The other three bullies must have distinct tall-thin, heavy, and errand-runner silhouettes. The image must look like a final movie frame or clean keyframe, not a storyboard drawing.","No text, no captions, no Chinese characters, no English letters, no labels, no arrows, no diagrams, no storyboard frame, no contact sheet, no sketch lines, no watermark. Avoid modern phones, modern cars, LED shop signs, polished mall interiors, fashionable contemporary clothes, glossy advertisement lighting, heroic violence, gore, blood focus, glamorized fighting, or characters looking like adults. Avoid panel-specific problems: 逃跑方向漂移、大街追车、突然变白天、追兵追到身边、哥哥小满一起跑. Do not restore Xiao Chuan to clean clothes; do not make the escape look brave or action-heroic.","Follow whitebox_renders_v2/B04/WB2_ALLEY_MSB115.png; preserve axis, scale, foreground/midground/background, and subject blocking.",S5_ESCAPE_DIRTY,escape dirty state,"Xiao Chuan runs in panic with broken breath; he is not brave, only frightened.","Xiao Chuan is visibly dirtier: knees, shoes, bag edge and sleeves muddy; clothes crooked.","Breathless fear, tunnel vision, guilt, and flight.",The alley streaks past toward an abandoned building entrance.,whitebox_renders_v2/B04/WB2_ALLEY_MSB115.png
MSB116,B04,12,主角逃跑,SCN_ALLEY,CAM_ALLEY_05_ESCAPE_VECTOR,storyboard,A,visual_assets/pure/micro_storyboard/B04/MSB116_v001.png,visual_assets/annotated/micro_storyboard/B04/MSB116_v001_annotated.png,"Create a pure cinematic film still for AIGC video generation, 16:9 landscape, high-resolution, photoreal Chinese dreamcore realism, 1990s small-town China, humid yellowed childhood memory, low light, restrained VHS grain, real old clothes, lived-in surfaces, no visible text or annotations. Use the whitebox reference for composition and spatial relationship: whitebox_renders_v2/B04/WB2_ALLEY_MSB116.png. Panel MSB116, Clip 12 主角逃跑, time 03:29. Scene lock: SCN_ALLEY. Camera reference: CAM_ALLEY_05_ESCAPE_VECTOR. Shot size: 中近景. Beat: 小川回头. Visual focus: 小川边跑边短促回头，圆眼睛睁大，嘴还张着. Character focus: 小川. Expression: 害怕确认距离. Blocking and motion: 头部快速回看. Continuity anchors: 小川沿小路深处逃向废楼方向，书包剧烈晃动，哥哥小满留在后方混乱中，路灯拖影. Story stage: S5_ESCAPE_DIRTY / escape dirty state. Character stage lock: Xiao Chuan runs in panic with broken breath; he is not brave, only frightened.. Wardrobe state: Xiao Chuan is visibly dirtier: knees, shoes, bag edge and sleeves muddy; clothes crooked.. Emotion state: Breathless fear, tunnel vision, guilt, and flight.. Environment stage lock: The alley streaks past toward an abandoned building entrance.. Identity locks: A Lei is the tall older brother with old thin metal-frame glasses, a blue worn tracksuit, protective posture, and a habit of pushing his glasses. Xiao Chuan is the middle/protagonist boy with round eyes, a slightly protruding right ear, half-open mouth, red scarf, blue school jacket and green schoolbag, often gripping the bag straps. Xiao Man is the smallest younger brother with a round head, rounder body, timid downcast eyes, warm old vest or pale shirt, hands gripping his hem, toes turned inward. Binzi is the short bully boss with dyed yellow hair and a compact aggressive body. The other three bullies must have distinct tall-thin, heavy, and errand-runner silhouettes. The image must look like a final movie frame or clean keyframe, not a storyboard drawing.","No text, no captions, no Chinese characters, no English letters, no labels, no arrows, no diagrams, no storyboard frame, no contact sheet, no sketch lines, no watermark. Avoid modern phones, modern cars, LED shop signs, polished mall interiors, fashionable contemporary clothes, glossy advertisement lighting, heroic violence, gore, blood focus, glamorized fighting, or characters looking like adults. Avoid panel-specific problems: 逃跑方向漂移、大街追车、突然变白天、追兵追到身边、哥哥小满一起跑. Do not restore Xiao Chuan to clean clothes; do not make the escape look brave or action-heroic.","Follow whitebox_renders_v2/B04/WB2_ALLEY_MSB116.png; preserve axis, scale, foreground/midground/background, and subject blocking.",S5_ESCAPE_DIRTY,escape dirty state,"Xiao Chuan runs in panic with broken breath; he is not brave, only frightened.","Xiao Chuan is visibly dirtier: knees, shoes, bag edge and sleeves muddy; clothes crooked.","Breathless fear, tunnel vision, guilt, and flight.",The alley streaks past toward an abandoned building entrance.,whitebox_renders_v2/B04/WB2_ALLEY_MSB116.png
MSB117,B04,12,主角逃跑,SCN_ALLEY,CAM_ALLEY_05_ESCAPE_VECTOR,storyboard,A,visual_assets/pure/micro_storyboard/B04/MSB117_v001.png,visual_assets/annotated/micro_storyboard/B04/MSB117_v001_annotated.png,"Create a pure cinematic film still for AIGC video generation, 16:9 landscape, high-resolution, photoreal Chinese dreamcore realism, 1990s small-town China, humid yellowed childhood memory, low light, restrained VHS grain, real old clothes, lived-in surfaces, no visible text or annotations. Use the whitebox reference for composition and spatial relationship: whitebox_renders_v2/B04/WB2_ALLEY_MSB117.png. Panel MSB117, Clip 12 主角逃跑, time 03:31. Scene lock: SCN_ALLEY. Camera reference: CAM_ALLEY_05_ESCAPE_VECTOR. Shot size: 远景. Beat: 废楼轮廓出现. Visual focus: 小路尽头出现废楼暗入口，像唯一可逃方向. Character focus: 环境/小川. Expression: 被迫选择. Blocking and motion: 镜头前方显露入口. Continuity anchors: 小川沿小路深处逃向废楼方向，书包剧烈晃动，哥哥小满留在后方混乱中，路灯拖影. Story stage: S5_ESCAPE_DIRTY / escape dirty state. Character stage lock: Xiao Chuan runs in panic with broken breath; he is not brave, only frightened.. Wardrobe state: Xiao Chuan is visibly dirtier: knees, shoes, bag edge and sleeves muddy; clothes crooked.. Emotion state: Breathless fear, tunnel vision, guilt, and flight.. Environment stage lock: The alley streaks past toward an abandoned building entrance.. Identity locks: A Lei is the tall older brother with old thin metal-frame glasses, a blue worn tracksuit, protective posture, and a habit of pushing his glasses. Xiao Chuan is the middle/protagonist boy with round eyes, a slightly protruding right ear, half-open mouth, red scarf, blue school jacket and green schoolbag, often gripping the bag straps. Xiao Man is the smallest younger brother with a round head, rounder body, timid downcast eyes, warm old vest or pale shirt, hands gripping his hem, toes turned inward. Binzi is the short bully boss with dyed yellow hair and a compact aggressive body. The other three bullies must have distinct tall-thin, heavy, and errand-runner silhouettes. The image must look like a final movie frame or clean keyframe, not a storyboard drawing.","No text, no captions, no Chinese characters, no English letters, no labels, no arrows, no diagrams, no storyboard frame, no contact sheet, no sketch lines, no watermark. Avoid modern phones, modern cars, LED shop signs, polished mall interiors, fashionable contemporary clothes, glossy advertisement lighting, heroic violence, gore, blood focus, glamorized fighting, or characters looking like adults. Avoid panel-specific problems: 逃跑方向漂移、大街追车、突然变白天、追兵追到身边、哥哥小满一起跑. Do not restore Xiao Chuan to clean clothes; do not make the escape look brave or action-heroic.","Follow whitebox_renders_v2/B04/WB2_ALLEY_MSB117.png; preserve axis, scale, foreground/midground/background, and subject blocking.",S5_ESCAPE_DIRTY,escape dirty state,"Xiao Chuan runs in panic with broken breath; he is not brave, only frightened.","Xiao Chuan is visibly dirtier: knees, shoes, bag edge and sleeves muddy; clothes crooked.","Breathless fear, tunnel vision, guilt, and flight.",The alley streaks past toward an abandoned building entrance.,whitebox_renders_v2/B04/WB2_ALLEY_MSB117.png
MSB118,B04,12,主角逃跑,SCN_ALLEY,CAM_ALLEY_05_ESCAPE_VECTOR,end_frame,A,visual_assets/pure/micro_storyboard/B04/MSB118_v001.png,visual_assets/annotated/micro_storyboard/B04/MSB118_v001_annotated.png,"Create a pure cinematic film still for AIGC video generation, 16:9 landscape, high-resolution, photoreal Chinese dreamcore realism, 1990s small-town China, humid yellowed childhood memory, low light, restrained VHS grain, real old clothes, lived-in surfaces, no visible text or annotations. Use the whitebox reference for composition and spatial relationship: whitebox_renders_v2/B04/WB2_ALLEY_MSB118.png. Panel MSB118, Clip 12 主角逃跑, time 03:32. Scene lock: SCN_ALLEY. Camera reference: CAM_ALLEY_05_ESCAPE_VECTOR. Shot size: 全景. Beat: 小川冲向废楼. Visual focus: 小川朝废楼入口跑去，追兵声音留在后方. Character focus: 小川. Expression: 逃生本能. Blocking and motion: 方向锁定废楼. Continuity anchors: 小川沿小路深处逃向废楼方向，书包剧烈晃动，哥哥小满留在后方混乱中，路灯拖影. Story stage: S5_ESCAPE_DIRTY / escape dirty state. Character stage lock: Xiao Chuan runs in panic with broken breath; he is not brave, only frightened.. Wardrobe state: Xiao Chuan is visibly dirtier: knees, shoes, bag edge and sleeves muddy; clothes crooked.. Emotion state: Breathless fear, tunnel vision, guilt, and flight.. Environment stage lock: The alley streaks past toward an abandoned building entrance.. Identity locks: A Lei is the tall older brother with old thin metal-frame glasses, a blue worn tracksuit, protective posture, and a habit of pushing his glasses. Xiao Chuan is the middle/protagonist boy with round eyes, a slightly protruding right ear, half-open mouth, red scarf, blue school jacket and green schoolbag, often gripping the bag straps. Xiao Man is the smallest younger brother with a round head, rounder body, timid downcast eyes, warm old vest or pale shirt, hands gripping his hem, toes turned inward. Binzi is the short bully boss with dyed yellow hair and a compact aggressive body. The other three bullies must have distinct tall-thin, heavy, and errand-runner silhouettes. The image must look like a final movie frame or clean keyframe, not a storyboard drawing.","No text, no captions, no Chinese characters, no English letters, no labels, no arrows, no diagrams, no storyboard frame, no contact sheet, no sketch lines, no watermark. Avoid modern phones, modern cars, LED shop signs, polished mall interiors, fashionable contemporary clothes, glossy advertisement lighting, heroic violence, gore, blood focus, glamorized fighting, or characters looking like adults. Avoid panel-specific problems: 逃跑方向漂移、大街追车、突然变白天、追兵追到身边、哥哥小满一起跑. Do not restore Xiao Chuan to clean clothes; do not make the escape look brave or action-heroic.","Follow whitebox_renders_v2/B04/WB2_ALLEY_MSB118.png; preserve axis, scale, foreground/midground/background, and subject blocking.",S5_ESCAPE_DIRTY,escape dirty state,"Xiao Chuan runs in panic with broken breath; he is not brave, only frightened.","Xiao Chuan is visibly dirtier: knees, shoes, bag edge and sleeves muddy; clothes crooked.","Breathless fear, tunnel vision, guilt, and flight.",The alley streaks past toward an abandoned building entrance.,whitebox_renders_v2/B04/WB2_ALLEY_MSB118.png
MSB119,B04,12,主角逃跑,SCN_ALLEY,CAM_ALLEY_05_ESCAPE_VECTOR,keyframe,A,visual_assets/pure/micro_storyboard/B04/MSB119_v001.png,visual_assets/annotated/micro_storyboard/B04/MSB119_v001_annotated.png,"Create a pure cinematic film still for AIGC video generation, 16:9 landscape, high-resolution, photoreal Chinese dreamcore realism, 1990s small-town China, humid yellowed childhood memory, low light, restrained VHS grain, real old clothes, lived-in surfaces, no visible text or annotations. Use the whitebox reference for composition and spatial relationship: whitebox_renders_v2/B04/WB2_ALLEY_MSB119.png. Panel MSB119, Clip 12 主角逃跑, time 03:34. Scene lock: SCN_ALLEY. Camera reference: CAM_ALLEY_05_ESCAPE_VECTOR. Shot size: 中景. Beat: 黑暗吞没. Visual focus: 小川身影被废楼入口暗处吞进去，路灯黄留在外面. Character focus: 小川/环境. Expression: 从现实冲突进入梦核空间. Blocking and motion: 暗处过门. Continuity anchors: 小川沿小路深处逃向废楼方向，书包剧烈晃动，哥哥小满留在后方混乱中，路灯拖影. Story stage: S5_ESCAPE_DIRTY / escape dirty state. Character stage lock: Xiao Chuan runs in panic with broken breath; he is not brave, only frightened.. Wardrobe state: Xiao Chuan is visibly dirtier: knees, shoes, bag edge and sleeves muddy; clothes crooked.. Emotion state: Breathless fear, tunnel vision, guilt, and flight.. Environment stage lock: The alley streaks past toward an abandoned building entrance.. Identity locks: A Lei is the tall older brother with old thin metal-frame glasses, a blue worn tracksuit, protective posture, and a habit of pushing his glasses. Xiao Chuan is the middle/protagonist boy with round eyes, a slightly protruding right ear, half-open mouth, red scarf, blue school jacket and green schoolbag, often gripping the bag straps. Xiao Man is the smallest younger brother with a round head, rounder body, timid downcast eyes, warm old vest or pale shirt, hands gripping his hem, toes turned inward. Binzi is the short bully boss with dyed yellow hair and a compact aggressive body. The other three bullies must have distinct tall-thin, heavy, and errand-runner silhouettes. The image must look like a final movie frame or clean keyframe, not a storyboard drawing.","No text, no captions, no Chinese characters, no English letters, no labels, no arrows, no diagrams, no storyboard frame, no contact sheet, no sketch lines, no watermark. Avoid modern phones, modern cars, LED shop signs, polished mall interiors, fashionable contemporary clothes, glossy advertisement lighting, heroic violence, gore, blood focus, glamorized fighting, or characters looking like adults. Avoid panel-specific problems: 逃跑方向漂移、大街追车、突然变白天、追兵追到身边、哥哥小满一起跑. Do not restore Xiao Chuan to clean clothes; do not make the escape look brave or action-heroic.","Follow whitebox_renders_v2/B04/WB2_ALLEY_MSB119.png; preserve axis, scale, foreground/midground/background, and subject blocking.",S5_ESCAPE_DIRTY,escape dirty state,"Xiao Chuan runs in panic with broken breath; he is not brave, only frightened.","Xiao Chuan is visibly dirtier: knees, shoes, bag edge and sleeves muddy; clothes crooked.","Breathless fear, tunnel vision, guilt, and flight.",The alley streaks past toward an abandoned building entrance.,whitebox_renders_v2/B04/WB2_ALLEY_MSB119.png
MSB120,B05,13,进入废楼,SCN_CORRIDOR,CAM_CORRIDOR_01_ENTRY_LONG,start_frame,A,visual_assets/pure/micro_storyboard/B05/MSB120_v001.png,visual_assets/annotated/micro_storyboard/B05/MSB120_v001_annotated.png,"Create a pure cinematic film still for AIGC video generation, 16:9 landscape, high-resolution, photoreal Chinese dreamcore realism, 1990s small-town China, humid yellowed childhood memory, low light, restrained VHS grain, real old clothes, lived-in surfaces, no visible text or annotations. Use the whitebox reference for composition and spatial relationship: whitebox_renders_v2/B05/WB2_CORRIDOR_MSB120.png. Panel MSB120, Clip 13 进入废楼, time 03:36. Scene lock: SCN_CORRIDOR. Camera reference: CAM_CORRIDOR_01_ENTRY_LONG. Shot size: 远景. Beat: 入口内反打. Visual focus: 从废楼内部看小川冲进来，外面小路黄光在身后变小. Character focus: 小川/环境. Expression: 惊恐未散. Blocking and motion: 由外到内. Continuity anchors: 废弃单位楼长走廊、冷绿灯管、重复门洞、消防箱、主角单独进入. Story stage: S6_CORRIDOR_PHONE_SHOCK / corridor phone shock. Character stage lock: Xiao Chuan enters the abandoned corridor and slows under the phone booth pull.. Wardrobe state: Carry over the escape dirt: wet gray on face, hands, bag strap and sleeves.. Emotion state: Shock, dissociation, listening, moving as if pulled by the ring.. Environment stage lock: Cold green corridor, long perspective, fluorescent flicker, warm white phone booth glow.. Identity locks: A Lei is the tall older brother with old thin metal-frame glasses, a blue worn tracksuit, protective posture, and a habit of pushing his glasses. Xiao Chuan is the middle/protagonist boy with round eyes, a slightly protruding right ear, half-open mouth, red scarf, blue school jacket and green schoolbag, often gripping the bag straps. Xiao Man is the smallest younger brother with a round head, rounder body, timid downcast eyes, warm old vest or pale shirt, hands gripping his hem, toes turned inward. Binzi is the short bully boss with dyed yellow hair and a compact aggressive body. The other three bullies must have distinct tall-thin, heavy, and errand-runner silhouettes. The image must look like a final movie frame or clean keyframe, not a storyboard drawing.","No text, no captions, no Chinese characters, no English letters, no labels, no arrows, no diagrams, no storyboard frame, no contact sheet, no sketch lines, no watermark. Avoid modern phones, modern cars, LED shop signs, polished mall interiors, fashionable contemporary clothes, glossy advertisement lighting, heroic violence, gore, blood focus, glamorized fighting, or characters looking like adults. Avoid panel-specific problems: 医院走廊、学校走廊、酒店、鬼影怪物、追兵同框太近. Do not lose the escape dirt; do not return to arcade lighting or show modern phone hardware.","Follow whitebox_renders_v2/B05/WB2_CORRIDOR_MSB120.png; preserve axis, scale, foreground/midground/background, and subject blocking.",S6_CORRIDOR_PHONE_SHOCK,corridor phone shock,Xiao Chuan enters the abandoned corridor and slows under the phone booth pull.,"Carry over the escape dirt: wet gray on face, hands, bag strap and sleeves.","Shock, dissociation, listening, moving as if pulled by the ring.","Cold green corridor, long perspective, fluorescent flicker, warm white phone booth glow.",whitebox_renders_v2/B05/WB2_CORRIDOR_MSB120.png
MSB121,B05,13,进入废楼,SCN_CORRIDOR,CAM_CORRIDOR_01_ENTRY_LONG,storyboard,A,visual_assets/pure/micro_storyboard/B05/MSB121_v001.png,visual_assets/annotated/micro_storyboard/B05/MSB121_v001_annotated.png,"Create a pure cinematic film still for AIGC video generation, 16:9 landscape, high-resolution, photoreal Chinese dreamcore realism, 1990s small-town China, humid yellowed childhood memory, low light, restrained VHS grain, real old clothes, lived-in surfaces, no visible text or annotations. Use the whitebox reference for composition and spatial relationship: whitebox_renders_v2/B05/WB2_CORRIDOR_MSB121.png. Panel MSB121, Clip 13 进入废楼, time 03:37. Scene lock: SCN_CORRIDOR. Camera reference: CAM_CORRIDOR_01_ENTRY_LONG. Shot size: 中景. Beat: 第一次冷绿光. Visual focus: 冷绿灯管照到小川脸和红领巾，颜色从黄路灯切换. Character focus: 小川. Expression: 不适应，呼吸急. Blocking and motion: 停顿半拍. Continuity anchors: 废弃单位楼长走廊、冷绿灯管、重复门洞、消防箱、主角单独进入. Story stage: S6_CORRIDOR_PHONE_SHOCK / corridor phone shock. Character stage lock: Xiao Chuan enters the abandoned corridor and slows under the phone booth pull.. Wardrobe state: Carry over the escape dirt: wet gray on face, hands, bag strap and sleeves.. Emotion state: Shock, dissociation, listening, moving as if pulled by the ring.. Environment stage lock: Cold green corridor, long perspective, fluorescent flicker, warm white phone booth glow.. Identity locks: A Lei is the tall older brother with old thin metal-frame glasses, a blue worn tracksuit, protective posture, and a habit of pushing his glasses. Xiao Chuan is the middle/protagonist boy with round eyes, a slightly protruding right ear, half-open mouth, red scarf, blue school jacket and green schoolbag, often gripping the bag straps. Xiao Man is the smallest younger brother with a round head, rounder body, timid downcast eyes, warm old vest or pale shirt, hands gripping his hem, toes turned inward. Binzi is the short bully boss with dyed yellow hair and a compact aggressive body. The other three bullies must have distinct tall-thin, heavy, and errand-runner silhouettes. The image must look like a final movie frame or clean keyframe, not a storyboard drawing.","No text, no captions, no Chinese characters, no English letters, no labels, no arrows, no diagrams, no storyboard frame, no contact sheet, no sketch lines, no watermark. Avoid modern phones, modern cars, LED shop signs, polished mall interiors, fashionable contemporary clothes, glossy advertisement lighting, heroic violence, gore, blood focus, glamorized fighting, or characters looking like adults. Avoid panel-specific problems: 医院走廊、学校走廊、酒店、鬼影怪物、追兵同框太近. Do not lose the escape dirt; do not return to arcade lighting or show modern phone hardware.","Follow whitebox_renders_v2/B05/WB2_CORRIDOR_MSB121.png; preserve axis, scale, foreground/midground/background, and subject blocking.",S6_CORRIDOR_PHONE_SHOCK,corridor phone shock,Xiao Chuan enters the abandoned corridor and slows under the phone booth pull.,"Carry over the escape dirt: wet gray on face, hands, bag strap and sleeves.","Shock, dissociation, listening, moving as if pulled by the ring.","Cold green corridor, long perspective, fluorescent flicker, warm white phone booth glow.",whitebox_renders_v2/B05/WB2_CORRIDOR_MSB121.png
MSB122,B05,13,进入废楼,SCN_CORRIDOR,CAM_CORRIDOR_01_ENTRY_LONG,keyframe,A,visual_assets/pure/micro_storyboard/B05/MSB122_v001.png,visual_assets/annotated/micro_storyboard/B05/MSB122_v001_annotated.png,"Create a pure cinematic film still for AIGC video generation, 16:9 landscape, high-resolution, photoreal Chinese dreamcore realism, 1990s small-town China, humid yellowed childhood memory, low light, restrained VHS grain, real old clothes, lived-in surfaces, no visible text or annotations. Use the whitebox reference for composition and spatial relationship: whitebox_renders_v2/B05/WB2_CORRIDOR_MSB122.png. Panel MSB122, Clip 13 进入废楼, time 03:39. Scene lock: SCN_CORRIDOR. Camera reference: CAM_CORRIDOR_01_ENTRY_LONG. Shot size: 远景. Beat: 走廊中轴. Visual focus: 长走廊重复门洞和消防箱清楚，小川站在近处很小. Character focus: 环境/小川. Expression: 孤立. Blocking and motion: 中轴透视. Continuity anchors: 废弃单位楼长走廊、冷绿灯管、重复门洞、消防箱、主角单独进入. Story stage: S6_CORRIDOR_PHONE_SHOCK / corridor phone shock. Character stage lock: Xiao Chuan enters the abandoned corridor and slows under the phone booth pull.. Wardrobe state: Carry over the escape dirt: wet gray on face, hands, bag strap and sleeves.. Emotion state: Shock, dissociation, listening, moving as if pulled by the ring.. Environment stage lock: Cold green corridor, long perspective, fluorescent flicker, warm white phone booth glow.. Identity locks: A Lei is the tall older brother with old thin metal-frame glasses, a blue worn tracksuit, protective posture, and a habit of pushing his glasses. Xiao Chuan is the middle/protagonist boy with round eyes, a slightly protruding right ear, half-open mouth, red scarf, blue school jacket and green schoolbag, often gripping the bag straps. Xiao Man is the smallest younger brother with a round head, rounder body, timid downcast eyes, warm old vest or pale shirt, hands gripping his hem, toes turned inward. Binzi is the short bully boss with dyed yellow hair and a compact aggressive body. The other three bullies must have distinct tall-thin, heavy, and errand-runner silhouettes. The image must look like a final movie frame or clean keyframe, not a storyboard drawing.","No text, no captions, no Chinese characters, no English letters, no labels, no arrows, no diagrams, no storyboard frame, no contact sheet, no sketch lines, no watermark. Avoid modern phones, modern cars, LED shop signs, polished mall interiors, fashionable contemporary clothes, glossy advertisement lighting, heroic violence, gore, blood focus, glamorized fighting, or characters looking like adults. Avoid panel-specific problems: 医院走廊、学校走廊、酒店、鬼影怪物、追兵同框太近. Do not lose the escape dirt; do not return to arcade lighting or show modern phone hardware.","Follow whitebox_renders_v2/B05/WB2_CORRIDOR_MSB122.png; preserve axis, scale, foreground/midground/background, and subject blocking.",S6_CORRIDOR_PHONE_SHOCK,corridor phone shock,Xiao Chuan enters the abandoned corridor and slows under the phone booth pull.,"Carry over the escape dirt: wet gray on face, hands, bag strap and sleeves.","Shock, dissociation, listening, moving as if pulled by the ring.","Cold green corridor, long perspective, fluorescent flicker, warm white phone booth glow.",whitebox_renders_v2/B05/WB2_CORRIDOR_MSB122.png
MSB123,B05,13,进入废楼,SCN_CORRIDOR,CAM_CORRIDOR_01_ENTRY_LONG,storyboard,A,visual_assets/pure/micro_storyboard/B05/MSB123_v001.png,visual_assets/annotated/micro_storyboard/B05/MSB123_v001_annotated.png,"Create a pure cinematic film still for AIGC video generation, 16:9 landscape, high-resolution, photoreal Chinese dreamcore realism, 1990s small-town China, humid yellowed childhood memory, low light, restrained VHS grain, real old clothes, lived-in surfaces, no visible text or annotations. Use the whitebox reference for composition and spatial relationship: whitebox_renders_v2/B05/WB2_CORRIDOR_MSB123.png. Panel MSB123, Clip 13 进入废楼, time 03:41. Scene lock: SCN_CORRIDOR. Camera reference: CAM_CORRIDOR_01_ENTRY_LONG. Shot size: 全景. Beat: 小川继续跑. Visual focus: 小川沿走廊深处跑，书包晃动变小. Character focus: 小川. Expression: 只想离开. Blocking and motion: 向深处奔跑. Continuity anchors: 废弃单位楼长走廊、冷绿灯管、重复门洞、消防箱、主角单独进入. Story stage: S6_CORRIDOR_PHONE_SHOCK / corridor phone shock. Character stage lock: Xiao Chuan enters the abandoned corridor and slows under the phone booth pull.. Wardrobe state: Carry over the escape dirt: wet gray on face, hands, bag strap and sleeves.. Emotion state: Shock, dissociation, listening, moving as if pulled by the ring.. Environment stage lock: Cold green corridor, long perspective, fluorescent flicker, warm white phone booth glow.. Identity locks: A Lei is the tall older brother with old thin metal-frame glasses, a blue worn tracksuit, protective posture, and a habit of pushing his glasses. Xiao Chuan is the middle/protagonist boy with round eyes, a slightly protruding right ear, half-open mouth, red scarf, blue school jacket and green schoolbag, often gripping the bag straps. Xiao Man is the smallest younger brother with a round head, rounder body, timid downcast eyes, warm old vest or pale shirt, hands gripping his hem, toes turned inward. Binzi is the short bully boss with dyed yellow hair and a compact aggressive body. The other three bullies must have distinct tall-thin, heavy, and errand-runner silhouettes. The image must look like a final movie frame or clean keyframe, not a storyboard drawing.","No text, no captions, no Chinese characters, no English letters, no labels, no arrows, no diagrams, no storyboard frame, no contact sheet, no sketch lines, no watermark. Avoid modern phones, modern cars, LED shop signs, polished mall interiors, fashionable contemporary clothes, glossy advertisement lighting, heroic violence, gore, blood focus, glamorized fighting, or characters looking like adults. Avoid panel-specific problems: 医院走廊、学校走廊、酒店、鬼影怪物、追兵同框太近. Do not lose the escape dirt; do not return to arcade lighting or show modern phone hardware.","Follow whitebox_renders_v2/B05/WB2_CORRIDOR_MSB123.png; preserve axis, scale, foreground/midground/background, and subject blocking.",S6_CORRIDOR_PHONE_SHOCK,corridor phone shock,Xiao Chuan enters the abandoned corridor and slows under the phone booth pull.,"Carry over the escape dirt: wet gray on face, hands, bag strap and sleeves.","Shock, dissociation, listening, moving as if pulled by the ring.","Cold green corridor, long perspective, fluorescent flicker, warm white phone booth glow.",whitebox_renders_v2/B05/WB2_CORRIDOR_MSB123.png
MSB124,B05,13,进入废楼,SCN_CORRIDOR,CAM_CORRIDOR_01_ENTRY_LONG,storyboard,B,visual_assets/pure/micro_storyboard/B05/MSB124_v001.png,visual_assets/annotated/micro_storyboard/B05/MSB124_v001_annotated.png,"Create a pure cinematic film still for AIGC video generation, 16:9 landscape, high-resolution, photoreal Chinese dreamcore realism, 1990s small-town China, humid yellowed childhood memory, low light, restrained VHS grain, real old clothes, lived-in surfaces, no visible text or annotations. Use the whitebox reference for composition and spatial relationship: whitebox_renders_v2/B05/WB2_CORRIDOR_MSB124.png. Panel MSB124, Clip 13 进入废楼, time 03:43. Scene lock: SCN_CORRIDOR. Camera reference: CAM_CORRIDOR_01_ENTRY_LONG. Shot size: 特写. Beat: 脚步回声. Visual focus: 白鞋踩过湿冷地面，回声拉长. Character focus: 小川/道具. Expression: 慌乱脚步. Blocking and motion: 脚步快速不稳. Continuity anchors: 废弃单位楼长走廊、冷绿灯管、重复门洞、消防箱、主角单独进入. Story stage: S6_CORRIDOR_PHONE_SHOCK / corridor phone shock. Character stage lock: Xiao Chuan enters the abandoned corridor and slows under the phone booth pull.. Wardrobe state: Carry over the escape dirt: wet gray on face, hands, bag strap and sleeves.. Emotion state: Shock, dissociation, listening, moving as if pulled by the ring.. Environment stage lock: Cold green corridor, long perspective, fluorescent flicker, warm white phone booth glow.. Identity locks: A Lei is the tall older brother with old thin metal-frame glasses, a blue worn tracksuit, protective posture, and a habit of pushing his glasses. Xiao Chuan is the middle/protagonist boy with round eyes, a slightly protruding right ear, half-open mouth, red scarf, blue school jacket and green schoolbag, often gripping the bag straps. Xiao Man is the smallest younger brother with a round head, rounder body, timid downcast eyes, warm old vest or pale shirt, hands gripping his hem, toes turned inward. Binzi is the short bully boss with dyed yellow hair and a compact aggressive body. The other three bullies must have distinct tall-thin, heavy, and errand-runner silhouettes. The image must look like a final movie frame or clean keyframe, not a storyboard drawing.","No text, no captions, no Chinese characters, no English letters, no labels, no arrows, no diagrams, no storyboard frame, no contact sheet, no sketch lines, no watermark. Avoid modern phones, modern cars, LED shop signs, polished mall interiors, fashionable contemporary clothes, glossy advertisement lighting, heroic violence, gore, blood focus, glamorized fighting, or characters looking like adults. Avoid panel-specific problems: 医院走廊、学校走廊、酒店、鬼影怪物、追兵同框太近. Do not lose the escape dirt; do not return to arcade lighting or show modern phone hardware.","Follow whitebox_renders_v2/B05/WB2_CORRIDOR_MSB124.png; preserve axis, scale, foreground/midground/background, and subject blocking.",S6_CORRIDOR_PHONE_SHOCK,corridor phone shock,Xiao Chuan enters the abandoned corridor and slows under the phone booth pull.,"Carry over the escape dirt: wet gray on face, hands, bag strap and sleeves.","Shock, dissociation, listening, moving as if pulled by the ring.","Cold green corridor, long perspective, fluorescent flicker, warm white phone booth glow.",whitebox_renders_v2/B05/WB2_CORRIDOR_MSB124.png
MSB125,B05,13,进入废楼,SCN_CORRIDOR,CAM_CORRIDOR_01_ENTRY_LONG,storyboard,A,visual_assets/pure/micro_storyboard/B05/MSB125_v001.png,visual_assets/annotated/micro_storyboard/B05/MSB125_v001_annotated.png,"Create a pure cinematic film still for AIGC video generation, 16:9 landscape, high-resolution, photoreal Chinese dreamcore realism, 1990s small-town China, humid yellowed childhood memory, low light, restrained VHS grain, real old clothes, lived-in surfaces, no visible text or annotations. Use the whitebox reference for composition and spatial relationship: whitebox_renders_v2/B05/WB2_CORRIDOR_MSB125.png. Panel MSB125, Clip 13 进入废楼, time 03:44. Scene lock: SCN_CORRIDOR. Camera reference: CAM_CORRIDOR_01_ENTRY_LONG. Shot size: 中景. Beat: 回头看入口. Visual focus: 小川回头看入口，追兵声像被门口吞掉. Character focus: 小川. Expression: 确认后方但更害怕. Blocking and motion: 头部回看. Continuity anchors: 废弃单位楼长走廊、冷绿灯管、重复门洞、消防箱、主角单独进入. Story stage: S6_CORRIDOR_PHONE_SHOCK / corridor phone shock. Character stage lock: Xiao Chuan enters the abandoned corridor and slows under the phone booth pull.. Wardrobe state: Carry over the escape dirt: wet gray on face, hands, bag strap and sleeves.. Emotion state: Shock, dissociation, listening, moving as if pulled by the ring.. Environment stage lock: Cold green corridor, long perspective, fluorescent flicker, warm white phone booth glow.. Identity locks: A Lei is the tall older brother with old thin metal-frame glasses, a blue worn tracksuit, protective posture, and a habit of pushing his glasses. Xiao Chuan is the middle/protagonist boy with round eyes, a slightly protruding right ear, half-open mouth, red scarf, blue school jacket and green schoolbag, often gripping the bag straps. Xiao Man is the smallest younger brother with a round head, rounder body, timid downcast eyes, warm old vest or pale shirt, hands gripping his hem, toes turned inward. Binzi is the short bully boss with dyed yellow hair and a compact aggressive body. The other three bullies must have distinct tall-thin, heavy, and errand-runner silhouettes. The image must look like a final movie frame or clean keyframe, not a storyboard drawing.","No text, no captions, no Chinese characters, no English letters, no labels, no arrows, no diagrams, no storyboard frame, no contact sheet, no sketch lines, no watermark. Avoid modern phones, modern cars, LED shop signs, polished mall interiors, fashionable contemporary clothes, glossy advertisement lighting, heroic violence, gore, blood focus, glamorized fighting, or characters looking like adults. Avoid panel-specific problems: 医院走廊、学校走廊、酒店、鬼影怪物、追兵同框太近. Do not lose the escape dirt; do not return to arcade lighting or show modern phone hardware.","Follow whitebox_renders_v2/B05/WB2_CORRIDOR_MSB125.png; preserve axis, scale, foreground/midground/background, and subject blocking.",S6_CORRIDOR_PHONE_SHOCK,corridor phone shock,Xiao Chuan enters the abandoned corridor and slows under the phone booth pull.,"Carry over the escape dirt: wet gray on face, hands, bag strap and sleeves.","Shock, dissociation, listening, moving as if pulled by the ring.","Cold green corridor, long perspective, fluorescent flicker, warm white phone booth glow.",whitebox_renders_v2/B05/WB2_CORRIDOR_MSB125.png
MSB126,B05,13,进入废楼,SCN_CORRIDOR,CAM_CORRIDOR_01_ENTRY_LONG,storyboard,C,visual_assets/pure/micro_storyboard/B05/MSB126_v001.png,visual_assets/annotated/micro_storyboard/B05/MSB126_v001_annotated.png,"Create a pure cinematic film still for AIGC video generation, 16:9 landscape, high-resolution, photoreal Chinese dreamcore realism, 1990s small-town China, humid yellowed childhood memory, low light, restrained VHS grain, real old clothes, lived-in surfaces, no visible text or annotations. Use the whitebox reference for composition and spatial relationship: whitebox_renders_v2/B05/WB2_CORRIDOR_MSB126.png. Panel MSB126, Clip 13 进入废楼, time 03:46. Scene lock: SCN_CORRIDOR. Camera reference: CAM_CORRIDOR_01_ENTRY_LONG. Shot size: 近景. Beat: 墙面剥落细节. Visual focus: 发霉墙、旧标语残片、消防箱红色块，建立废楼质感. Character focus: 环境. Expression: 无人物，现实旧物. Blocking and motion: 固定细节. Continuity anchors: 废弃单位楼长走廊、冷绿灯管、重复门洞、消防箱、主角单独进入. Story stage: S6_CORRIDOR_PHONE_SHOCK / corridor phone shock. Character stage lock: Xiao Chuan enters the abandoned corridor and slows under the phone booth pull.. Wardrobe state: Carry over the escape dirt: wet gray on face, hands, bag strap and sleeves.. Emotion state: Shock, dissociation, listening, moving as if pulled by the ring.. Environment stage lock: Cold green corridor, long perspective, fluorescent flicker, warm white phone booth glow.. Identity locks: A Lei is the tall older brother with old thin metal-frame glasses, a blue worn tracksuit, protective posture, and a habit of pushing his glasses. Xiao Chuan is the middle/protagonist boy with round eyes, a slightly protruding right ear, half-open mouth, red scarf, blue school jacket and green schoolbag, often gripping the bag straps. Xiao Man is the smallest younger brother with a round head, rounder body, timid downcast eyes, warm old vest or pale shirt, hands gripping his hem, toes turned inward. Binzi is the short bully boss with dyed yellow hair and a compact aggressive body. The other three bullies must have distinct tall-thin, heavy, and errand-runner silhouettes. The image must look like a final movie frame or clean keyframe, not a storyboard drawing.","No text, no captions, no Chinese characters, no English letters, no labels, no arrows, no diagrams, no storyboard frame, no contact sheet, no sketch lines, no watermark. Avoid modern phones, modern cars, LED shop signs, polished mall interiors, fashionable contemporary clothes, glossy advertisement lighting, heroic violence, gore, blood focus, glamorized fighting, or characters looking like adults. Avoid panel-specific problems: 医院走廊、学校走廊、酒店、鬼影怪物、追兵同框太近. Do not lose the escape dirt; do not return to arcade lighting or show modern phone hardware.","Follow whitebox_renders_v2/B05/WB2_CORRIDOR_MSB126.png; preserve axis, scale, foreground/midground/background, and subject blocking.",S6_CORRIDOR_PHONE_SHOCK,corridor phone shock,Xiao Chuan enters the abandoned corridor and slows under the phone booth pull.,"Carry over the escape dirt: wet gray on face, hands, bag strap and sleeves.","Shock, dissociation, listening, moving as if pulled by the ring.","Cold green corridor, long perspective, fluorescent flicker, warm white phone booth glow.",whitebox_renders_v2/B05/WB2_CORRIDOR_MSB126.png
MSB127,B05,13,进入废楼,SCN_CORRIDOR,CAM_CORRIDOR_01_ENTRY_LONG,end_frame,A,visual_assets/pure/micro_storyboard/B05/MSB127_v001.png,visual_assets/annotated/micro_storyboard/B05/MSB127_v001_annotated.png,"Create a pure cinematic film still for AIGC video generation, 16:9 landscape, high-resolution, photoreal Chinese dreamcore realism, 1990s small-town China, humid yellowed childhood memory, low light, restrained VHS grain, real old clothes, lived-in surfaces, no visible text or annotations. Use the whitebox reference for composition and spatial relationship: whitebox_renders_v2/B05/WB2_CORRIDOR_MSB127.png. Panel MSB127, Clip 13 进入废楼, time 03:48. Scene lock: SCN_CORRIDOR. Camera reference: CAM_CORRIDOR_01_ENTRY_LONG. Shot size: 远景. Beat: 小川变小. Visual focus: 小川跑向深处，身影被重复门洞切碎. Character focus: 小川/环境. Expression: 被空间吞没. Blocking and motion: 低机位慢推. Continuity anchors: 废弃单位楼长走廊、冷绿灯管、重复门洞、消防箱、主角单独进入. Story stage: S6_CORRIDOR_PHONE_SHOCK / corridor phone shock. Character stage lock: Xiao Chuan enters the abandoned corridor and slows under the phone booth pull.. Wardrobe state: Carry over the escape dirt: wet gray on face, hands, bag strap and sleeves.. Emotion state: Shock, dissociation, listening, moving as if pulled by the ring.. Environment stage lock: Cold green corridor, long perspective, fluorescent flicker, warm white phone booth glow.. Identity locks: A Lei is the tall older brother with old thin metal-frame glasses, a blue worn tracksuit, protective posture, and a habit of pushing his glasses. Xiao Chuan is the middle/protagonist boy with round eyes, a slightly protruding right ear, half-open mouth, red scarf, blue school jacket and green schoolbag, often gripping the bag straps. Xiao Man is the smallest younger brother with a round head, rounder body, timid downcast eyes, warm old vest or pale shirt, hands gripping his hem, toes turned inward. Binzi is the short bully boss with dyed yellow hair and a compact aggressive body. The other three bullies must have distinct tall-thin, heavy, and errand-runner silhouettes. The image must look like a final movie frame or clean keyframe, not a storyboard drawing.","No text, no captions, no Chinese characters, no English letters, no labels, no arrows, no diagrams, no storyboard frame, no contact sheet, no sketch lines, no watermark. Avoid modern phones, modern cars, LED shop signs, polished mall interiors, fashionable contemporary clothes, glossy advertisement lighting, heroic violence, gore, blood focus, glamorized fighting, or characters looking like adults. Avoid panel-specific problems: 医院走廊、学校走廊、酒店、鬼影怪物、追兵同框太近. Do not lose the escape dirt; do not return to arcade lighting or show modern phone hardware.","Follow whitebox_renders_v2/B05/WB2_CORRIDOR_MSB127.png; preserve axis, scale, foreground/midground/background, and subject blocking.",S6_CORRIDOR_PHONE_SHOCK,corridor phone shock,Xiao Chuan enters the abandoned corridor and slows under the phone booth pull.,"Carry over the escape dirt: wet gray on face, hands, bag strap and sleeves.","Shock, dissociation, listening, moving as if pulled by the ring.","Cold green corridor, long perspective, fluorescent flicker, warm white phone booth glow.",whitebox_renders_v2/B05/WB2_CORRIDOR_MSB127.png
MSB128,B05,13,进入废楼,SCN_CORRIDOR,CAM_CORRIDOR_01_ENTRY_LONG,storyboard,B,visual_assets/pure/micro_storyboard/B05/MSB128_v001.png,visual_assets/annotated/micro_storyboard/B05/MSB128_v001_annotated.png,"Create a pure cinematic film still for AIGC video generation, 16:9 landscape, high-resolution, photoreal Chinese dreamcore realism, 1990s small-town China, humid yellowed childhood memory, low light, restrained VHS grain, real old clothes, lived-in surfaces, no visible text or annotations. Use the whitebox reference for composition and spatial relationship: whitebox_renders_v2/B05/WB2_CORRIDOR_MSB128.png. Panel MSB128, Clip 13 进入废楼, time 03:50. Scene lock: SCN_CORRIDOR. Camera reference: CAM_CORRIDOR_01_ENTRY_LONG. Shot size: 远景. Beat: 走廊空一拍. Visual focus: 小川刚跑出画面，走廊空着，只剩冷绿灯闪. Character focus: 环境. Expression: 追逐声音消失. Blocking and motion: locked-off. Continuity anchors: 废弃单位楼长走廊、冷绿灯管、重复门洞、消防箱、主角单独进入. Story stage: S6_CORRIDOR_PHONE_SHOCK / corridor phone shock. Character stage lock: Xiao Chuan enters the abandoned corridor and slows under the phone booth pull.. Wardrobe state: Carry over the escape dirt: wet gray on face, hands, bag strap and sleeves.. Emotion state: Shock, dissociation, listening, moving as if pulled by the ring.. Environment stage lock: Cold green corridor, long perspective, fluorescent flicker, warm white phone booth glow.. Identity locks: A Lei is the tall older brother with old thin metal-frame glasses, a blue worn tracksuit, protective posture, and a habit of pushing his glasses. Xiao Chuan is the middle/protagonist boy with round eyes, a slightly protruding right ear, half-open mouth, red scarf, blue school jacket and green schoolbag, often gripping the bag straps. Xiao Man is the smallest younger brother with a round head, rounder body, timid downcast eyes, warm old vest or pale shirt, hands gripping his hem, toes turned inward. Binzi is the short bully boss with dyed yellow hair and a compact aggressive body. The other three bullies must have distinct tall-thin, heavy, and errand-runner silhouettes. The image must look like a final movie frame or clean keyframe, not a storyboard drawing.","No text, no captions, no Chinese characters, no English letters, no labels, no arrows, no diagrams, no storyboard frame, no contact sheet, no sketch lines, no watermark. Avoid modern phones, modern cars, LED shop signs, polished mall interiors, fashionable contemporary clothes, glossy advertisement lighting, heroic violence, gore, blood focus, glamorized fighting, or characters looking like adults. Avoid panel-specific problems: 医院走廊、学校走廊、酒店、鬼影怪物、追兵同框太近. Do not lose the escape dirt; do not return to arcade lighting or show modern phone hardware.","Follow whitebox_renders_v2/B05/WB2_CORRIDOR_MSB128.png; preserve axis, scale, foreground/midground/background, and subject blocking.",S6_CORRIDOR_PHONE_SHOCK,corridor phone shock,Xiao Chuan enters the abandoned corridor and slows under the phone booth pull.,"Carry over the escape dirt: wet gray on face, hands, bag strap and sleeves.","Shock, dissociation, listening, moving as if pulled by the ring.","Cold green corridor, long perspective, fluorescent flicker, warm white phone booth glow.",whitebox_renders_v2/B05/WB2_CORRIDOR_MSB128.png
MSB129,B05,14,无限走廊,SCN_CORRIDOR,CAM_CORRIDOR_02_LOW_TRACK,start_frame,A,visual_assets/pure/micro_storyboard/B05/MSB129_v001.png,visual_assets/annotated/micro_storyboard/B05/MSB129_v001_annotated.png,"Create a pure cinematic film still for AIGC video generation, 16:9 landscape, high-resolution, photoreal Chinese dreamcore realism, 1990s small-town China, humid yellowed childhood memory, low light, restrained VHS grain, real old clothes, lived-in surfaces, no visible text or annotations. Use the whitebox reference for composition and spatial relationship: whitebox_renders_v2/B05/WB2_CORRIDOR_MSB129.png. Panel MSB129, Clip 14 无限走廊, time 03:52. Scene lock: SCN_CORRIDOR. Camera reference: CAM_CORRIDOR_02_LOW_TRACK. Shot size: 低机位中景. Beat: 贴墙低位跟拍. Visual focus: 镜头贴着墙面跟小川跑，墙皮近到压迫画面. Character focus: 小川/环境. Expression: 疲惫恐惧. Blocking and motion: 低位 tracking. Continuity anchors: 同一废楼走廊纵深，冷绿荧光灯，重复门洞，电话亭尚未出现. Story stage: S6_CORRIDOR_PHONE_SHOCK / corridor phone shock. Character stage lock: Xiao Chuan enters the abandoned corridor and slows under the phone booth pull.. Wardrobe state: Carry over the escape dirt: wet gray on face, hands, bag strap and sleeves.. Emotion state: Shock, dissociation, listening, moving as if pulled by the ring.. Environment stage lock: Cold green corridor, long perspective, fluorescent flicker, warm white phone booth glow.. Identity locks: A Lei is the tall older brother with old thin metal-frame glasses, a blue worn tracksuit, protective posture, and a habit of pushing his glasses. Xiao Chuan is the middle/protagonist boy with round eyes, a slightly protruding right ear, half-open mouth, red scarf, blue school jacket and green schoolbag, often gripping the bag straps. Xiao Man is the smallest younger brother with a round head, rounder body, timid downcast eyes, warm old vest or pale shirt, hands gripping his hem, toes turned inward. Binzi is the short bully boss with dyed yellow hair and a compact aggressive body. The other three bullies must have distinct tall-thin, heavy, and errand-runner silhouettes. The image must look like a final movie frame or clean keyframe, not a storyboard drawing.","No text, no captions, no Chinese characters, no English letters, no labels, no arrows, no diagrams, no storyboard frame, no contact sheet, no sketch lines, no watermark. Avoid modern phones, modern cars, LED shop signs, polished mall interiors, fashionable contemporary clothes, glossy advertisement lighting, heroic violence, gore, blood focus, glamorized fighting, or characters looking like adults. Avoid panel-specific problems: 大幅空间扭曲、鬼怪、换成医院学校、180度翻轴、现代电梯. Do not lose the escape dirt; do not return to arcade lighting or show modern phone hardware.","Follow whitebox_renders_v2/B05/WB2_CORRIDOR_MSB129.png; preserve axis, scale, foreground/midground/background, and subject blocking.",S6_CORRIDOR_PHONE_SHOCK,corridor phone shock,Xiao Chuan enters the abandoned corridor and slows under the phone booth pull.,"Carry over the escape dirt: wet gray on face, hands, bag strap and sleeves.","Shock, dissociation, listening, moving as if pulled by the ring.","Cold green corridor, long perspective, fluorescent flicker, warm white phone booth glow.",whitebox_renders_v2/B05/WB2_CORRIDOR_MSB129.png
MSB130,B05,14,无限走廊,SCN_CORRIDOR,CAM_CORRIDOR_02_LOW_TRACK,storyboard,A,visual_assets/pure/micro_storyboard/B05/MSB130_v001.png,visual_assets/annotated/micro_storyboard/B05/MSB130_v001_annotated.png,"Create a pure cinematic film still for AIGC video generation, 16:9 landscape, high-resolution, photoreal Chinese dreamcore realism, 1990s small-town China, humid yellowed childhood memory, low light, restrained VHS grain, real old clothes, lived-in surfaces, no visible text or annotations. Use the whitebox reference for composition and spatial relationship: whitebox_renders_v2/B05/WB2_CORRIDOR_MSB130.png. Panel MSB130, Clip 14 无限走廊, time 03:53. Scene lock: SCN_CORRIDOR. Camera reference: CAM_CORRIDOR_02_LOW_TRACK. Shot size: 中近景. Beat: 小川手扶墙. Visual focus: 小川一只手扶墙，另一只手抓书包带，呼吸乱. Character focus: 小川. Expression: 快跑不动. Blocking and motion: 手擦过发霉墙. Continuity anchors: 同一废楼走廊纵深，冷绿荧光灯，重复门洞，电话亭尚未出现. Story stage: S6_CORRIDOR_PHONE_SHOCK / corridor phone shock. Character stage lock: Xiao Chuan enters the abandoned corridor and slows under the phone booth pull.. Wardrobe state: Carry over the escape dirt: wet gray on face, hands, bag strap and sleeves.. Emotion state: Shock, dissociation, listening, moving as if pulled by the ring.. Environment stage lock: Cold green corridor, long perspective, fluorescent flicker, warm white phone booth glow.. Identity locks: A Lei is the tall older brother with old thin metal-frame glasses, a blue worn tracksuit, protective posture, and a habit of pushing his glasses. Xiao Chuan is the middle/protagonist boy with round eyes, a slightly protruding right ear, half-open mouth, red scarf, blue school jacket and green schoolbag, often gripping the bag straps. Xiao Man is the smallest younger brother with a round head, rounder body, timid downcast eyes, warm old vest or pale shirt, hands gripping his hem, toes turned inward. Binzi is the short bully boss with dyed yellow hair and a compact aggressive body. The other three bullies must have distinct tall-thin, heavy, and errand-runner silhouettes. The image must look like a final movie frame or clean keyframe, not a storyboard drawing.","No text, no captions, no Chinese characters, no English letters, no labels, no arrows, no diagrams, no storyboard frame, no contact sheet, no sketch lines, no watermark. Avoid modern phones, modern cars, LED shop signs, polished mall interiors, fashionable contemporary clothes, glossy advertisement lighting, heroic violence, gore, blood focus, glamorized fighting, or characters looking like adults. Avoid panel-specific problems: 大幅空间扭曲、鬼怪、换成医院学校、180度翻轴、现代电梯. Do not lose the escape dirt; do not return to arcade lighting or show modern phone hardware.","Follow whitebox_renders_v2/B05/WB2_CORRIDOR_MSB130.png; preserve axis, scale, foreground/midground/background, and subject blocking.",S6_CORRIDOR_PHONE_SHOCK,corridor phone shock,Xiao Chuan enters the abandoned corridor and slows under the phone booth pull.,"Carry over the escape dirt: wet gray on face, hands, bag strap and sleeves.","Shock, dissociation, listening, moving as if pulled by the ring.","Cold green corridor, long perspective, fluorescent flicker, warm white phone booth glow.",whitebox_renders_v2/B05/WB2_CORRIDOR_MSB130.png
MSB131,B05,14,无限走廊,SCN_CORRIDOR,CAM_CORRIDOR_02_LOW_TRACK,storyboard,A,visual_assets/pure/micro_storyboard/B05/MSB131_v001.png,visual_assets/annotated/micro_storyboard/B05/MSB131_v001_annotated.png,"Create a pure cinematic film still for AIGC video generation, 16:9 landscape, high-resolution, photoreal Chinese dreamcore realism, 1990s small-town China, humid yellowed childhood memory, low light, restrained VHS grain, real old clothes, lived-in surfaces, no visible text or annotations. Use the whitebox reference for composition and spatial relationship: whitebox_renders_v2/B05/WB2_CORRIDOR_MSB131.png. Panel MSB131, Clip 14 无限走廊, time 03:55. Scene lock: SCN_CORRIDOR. Camera reference: CAM_CORRIDOR_02_LOW_TRACK. Shot size: 中景. Beat: 回头无追兵. Visual focus: 小川猛回头，远处没有清晰追兵，只有灯管闪. Character focus: 小川. Expression: 疑惑转害怕. Blocking and motion: 头部快速回看. Continuity anchors: 同一废楼走廊纵深，冷绿荧光灯，重复门洞，电话亭尚未出现. Story stage: S6_CORRIDOR_PHONE_SHOCK / corridor phone shock. Character stage lock: Xiao Chuan enters the abandoned corridor and slows under the phone booth pull.. Wardrobe state: Carry over the escape dirt: wet gray on face, hands, bag strap and sleeves.. Emotion state: Shock, dissociation, listening, moving as if pulled by the ring.. Environment stage lock: Cold green corridor, long perspective, fluorescent flicker, warm white phone booth glow.. Identity locks: A Lei is the tall older brother with old thin metal-frame glasses, a blue worn tracksuit, protective posture, and a habit of pushing his glasses. Xiao Chuan is the middle/protagonist boy with round eyes, a slightly protruding right ear, half-open mouth, red scarf, blue school jacket and green schoolbag, often gripping the bag straps. Xiao Man is the smallest younger brother with a round head, rounder body, timid downcast eyes, warm old vest or pale shirt, hands gripping his hem, toes turned inward. Binzi is the short bully boss with dyed yellow hair and a compact aggressive body. The other three bullies must have distinct tall-thin, heavy, and errand-runner silhouettes. The image must look like a final movie frame or clean keyframe, not a storyboard drawing.","No text, no captions, no Chinese characters, no English letters, no labels, no arrows, no diagrams, no storyboard frame, no contact sheet, no sketch lines, no watermark. Avoid modern phones, modern cars, LED shop signs, polished mall interiors, fashionable contemporary clothes, glossy advertisement lighting, heroic violence, gore, blood focus, glamorized fighting, or characters looking like adults. Avoid panel-specific problems: 大幅空间扭曲、鬼怪、换成医院学校、180度翻轴、现代电梯. Do not lose the escape dirt; do not return to arcade lighting or show modern phone hardware.","Follow whitebox_renders_v2/B05/WB2_CORRIDOR_MSB131.png; preserve axis, scale, foreground/midground/background, and subject blocking.",S6_CORRIDOR_PHONE_SHOCK,corridor phone shock,Xiao Chuan enters the abandoned corridor and slows under the phone booth pull.,"Carry over the escape dirt: wet gray on face, hands, bag strap and sleeves.","Shock, dissociation, listening, moving as if pulled by the ring.","Cold green corridor, long perspective, fluorescent flicker, warm white phone booth glow.",whitebox_renders_v2/B05/WB2_CORRIDOR_MSB131.png
MSB132,B05,14,无限走廊,SCN_CORRIDOR,CAM_CORRIDOR_02_LOW_TRACK,keyframe,A,visual_assets/pure/micro_storyboard/B05/MSB132_v001.png,visual_assets/annotated/micro_storyboard/B05/MSB132_v001_annotated.png,"Create a pure cinematic film still for AIGC video generation, 16:9 landscape, high-resolution, photoreal Chinese dreamcore realism, 1990s small-town China, humid yellowed childhood memory, low light, restrained VHS grain, real old clothes, lived-in surfaces, no visible text or annotations. Use the whitebox reference for composition and spatial relationship: whitebox_renders_v2/B05/WB2_CORRIDOR_MSB132.png. Panel MSB132, Clip 14 无限走廊, time 03:57. Scene lock: SCN_CORRIDOR. Camera reference: CAM_CORRIDOR_02_LOW_TRACK. Shot size: 远景. Beat: 门洞重复. Visual focus: 重复门洞看起来比上一镜更多，但结构仍真实. Character focus: 环境. Expression: 空间变长. Blocking and motion: slow dolly in. Continuity anchors: 同一废楼走廊纵深，冷绿荧光灯，重复门洞，电话亭尚未出现. Story stage: S6_CORRIDOR_PHONE_SHOCK / corridor phone shock. Character stage lock: Xiao Chuan enters the abandoned corridor and slows under the phone booth pull.. Wardrobe state: Carry over the escape dirt: wet gray on face, hands, bag strap and sleeves.. Emotion state: Shock, dissociation, listening, moving as if pulled by the ring.. Environment stage lock: Cold green corridor, long perspective, fluorescent flicker, warm white phone booth glow.. Identity locks: A Lei is the tall older brother with old thin metal-frame glasses, a blue worn tracksuit, protective posture, and a habit of pushing his glasses. Xiao Chuan is the middle/protagonist boy with round eyes, a slightly protruding right ear, half-open mouth, red scarf, blue school jacket and green schoolbag, often gripping the bag straps. Xiao Man is the smallest younger brother with a round head, rounder body, timid downcast eyes, warm old vest or pale shirt, hands gripping his hem, toes turned inward. Binzi is the short bully boss with dyed yellow hair and a compact aggressive body. The other three bullies must have distinct tall-thin, heavy, and errand-runner silhouettes. The image must look like a final movie frame or clean keyframe, not a storyboard drawing.","No text, no captions, no Chinese characters, no English letters, no labels, no arrows, no diagrams, no storyboard frame, no contact sheet, no sketch lines, no watermark. Avoid modern phones, modern cars, LED shop signs, polished mall interiors, fashionable contemporary clothes, glossy advertisement lighting, heroic violence, gore, blood focus, glamorized fighting, or characters looking like adults. Avoid panel-specific problems: 大幅空间扭曲、鬼怪、换成医院学校、180度翻轴、现代电梯. Do not lose the escape dirt; do not return to arcade lighting or show modern phone hardware.","Follow whitebox_renders_v2/B05/WB2_CORRIDOR_MSB132.png; preserve axis, scale, foreground/midground/background, and subject blocking.",S6_CORRIDOR_PHONE_SHOCK,corridor phone shock,Xiao Chuan enters the abandoned corridor and slows under the phone booth pull.,"Carry over the escape dirt: wet gray on face, hands, bag strap and sleeves.","Shock, dissociation, listening, moving as if pulled by the ring.","Cold green corridor, long perspective, fluorescent flicker, warm white phone booth glow.",whitebox_renders_v2/B05/WB2_CORRIDOR_MSB132.png
MSB133,B05,14,无限走廊,SCN_CORRIDOR,CAM_CORRIDOR_02_LOW_TRACK,storyboard,B,visual_assets/pure/micro_storyboard/B05/MSB133_v001.png,visual_assets/annotated/micro_storyboard/B05/MSB133_v001_annotated.png,"Create a pure cinematic film still for AIGC video generation, 16:9 landscape, high-resolution, photoreal Chinese dreamcore realism, 1990s small-town China, humid yellowed childhood memory, low light, restrained VHS grain, real old clothes, lived-in surfaces, no visible text or annotations. Use the whitebox reference for composition and spatial relationship: whitebox_renders_v2/B05/WB2_CORRIDOR_MSB133.png. Panel MSB133, Clip 14 无限走廊, time 03:59. Scene lock: SCN_CORRIDOR. Camera reference: CAM_CORRIDOR_02_LOW_TRACK. Shot size: 特写. Beat: 灯管节奏. Visual focus: 冷绿灯管闪烁，节奏慢慢接近电话铃. Character focus: 环境/道具. Expression: 无人物，声音预兆. Blocking and motion: 灯光闪动. Continuity anchors: 同一废楼走廊纵深，冷绿荧光灯，重复门洞，电话亭尚未出现. Story stage: S6_CORRIDOR_PHONE_SHOCK / corridor phone shock. Character stage lock: Xiao Chuan enters the abandoned corridor and slows under the phone booth pull.. Wardrobe state: Carry over the escape dirt: wet gray on face, hands, bag strap and sleeves.. Emotion state: Shock, dissociation, listening, moving as if pulled by the ring.. Environment stage lock: Cold green corridor, long perspective, fluorescent flicker, warm white phone booth glow.. Identity locks: A Lei is the tall older brother with old thin metal-frame glasses, a blue worn tracksuit, protective posture, and a habit of pushing his glasses. Xiao Chuan is the middle/protagonist boy with round eyes, a slightly protruding right ear, half-open mouth, red scarf, blue school jacket and green schoolbag, often gripping the bag straps. Xiao Man is the smallest younger brother with a round head, rounder body, timid downcast eyes, warm old vest or pale shirt, hands gripping his hem, toes turned inward. Binzi is the short bully boss with dyed yellow hair and a compact aggressive body. The other three bullies must have distinct tall-thin, heavy, and errand-runner silhouettes. The image must look like a final movie frame or clean keyframe, not a storyboard drawing.","No text, no captions, no Chinese characters, no English letters, no labels, no arrows, no diagrams, no storyboard frame, no contact sheet, no sketch lines, no watermark. Avoid modern phones, modern cars, LED shop signs, polished mall interiors, fashionable contemporary clothes, glossy advertisement lighting, heroic violence, gore, blood focus, glamorized fighting, or characters looking like adults. Avoid panel-specific problems: 大幅空间扭曲、鬼怪、换成医院学校、180度翻轴、现代电梯. Do not lose the escape dirt; do not return to arcade lighting or show modern phone hardware.","Follow whitebox_renders_v2/B05/WB2_CORRIDOR_MSB133.png; preserve axis, scale, foreground/midground/background, and subject blocking.",S6_CORRIDOR_PHONE_SHOCK,corridor phone shock,Xiao Chuan enters the abandoned corridor and slows under the phone booth pull.,"Carry over the escape dirt: wet gray on face, hands, bag strap and sleeves.","Shock, dissociation, listening, moving as if pulled by the ring.","Cold green corridor, long perspective, fluorescent flicker, warm white phone booth glow.",whitebox_renders_v2/B05/WB2_CORRIDOR_MSB133.png
MSB134,B05,14,无限走廊,SCN_CORRIDOR,CAM_CORRIDOR_02_LOW_TRACK,storyboard,A,visual_assets/pure/micro_storyboard/B05/MSB134_v001.png,visual_assets/annotated/micro_storyboard/B05/MSB134_v001_annotated.png,"Create a pure cinematic film still for AIGC video generation, 16:9 landscape, high-resolution, photoreal Chinese dreamcore realism, 1990s small-town China, humid yellowed childhood memory, low light, restrained VHS grain, real old clothes, lived-in surfaces, no visible text or annotations. Use the whitebox reference for composition and spatial relationship: whitebox_renders_v2/B05/WB2_CORRIDOR_MSB134.png. Panel MSB134, Clip 14 无限走廊, time 04:01. Scene lock: SCN_CORRIDOR. Camera reference: CAM_CORRIDOR_02_LOW_TRACK. Shot size: 中景. Beat: 小川停一下. Visual focus: 小川停在走廊边，嘴张开，试图听声音. Character focus: 小川. Expression: 追声消失后的迷茫. Blocking and motion: 停住，身体仍绷. Continuity anchors: 同一废楼走廊纵深，冷绿荧光灯，重复门洞，电话亭尚未出现. Story stage: S6_CORRIDOR_PHONE_SHOCK / corridor phone shock. Character stage lock: Xiao Chuan enters the abandoned corridor and slows under the phone booth pull.. Wardrobe state: Carry over the escape dirt: wet gray on face, hands, bag strap and sleeves.. Emotion state: Shock, dissociation, listening, moving as if pulled by the ring.. Environment stage lock: Cold green corridor, long perspective, fluorescent flicker, warm white phone booth glow.. Identity locks: A Lei is the tall older brother with old thin metal-frame glasses, a blue worn tracksuit, protective posture, and a habit of pushing his glasses. Xiao Chuan is the middle/protagonist boy with round eyes, a slightly protruding right ear, half-open mouth, red scarf, blue school jacket and green schoolbag, often gripping the bag straps. Xiao Man is the smallest younger brother with a round head, rounder body, timid downcast eyes, warm old vest or pale shirt, hands gripping his hem, toes turned inward. Binzi is the short bully boss with dyed yellow hair and a compact aggressive body. The other three bullies must have distinct tall-thin, heavy, and errand-runner silhouettes. The image must look like a final movie frame or clean keyframe, not a storyboard drawing.","No text, no captions, no Chinese characters, no English letters, no labels, no arrows, no diagrams, no storyboard frame, no contact sheet, no sketch lines, no watermark. Avoid modern phones, modern cars, LED shop signs, polished mall interiors, fashionable contemporary clothes, glossy advertisement lighting, heroic violence, gore, blood focus, glamorized fighting, or characters looking like adults. Avoid panel-specific problems: 大幅空间扭曲、鬼怪、换成医院学校、180度翻轴、现代电梯. Do not lose the escape dirt; do not return to arcade lighting or show modern phone hardware.","Follow whitebox_renders_v2/B05/WB2_CORRIDOR_MSB134.png; preserve axis, scale, foreground/midground/background, and subject blocking.",S6_CORRIDOR_PHONE_SHOCK,corridor phone shock,Xiao Chuan enters the abandoned corridor and slows under the phone booth pull.,"Carry over the escape dirt: wet gray on face, hands, bag strap and sleeves.","Shock, dissociation, listening, moving as if pulled by the ring.","Cold green corridor, long perspective, fluorescent flicker, warm white phone booth glow.",whitebox_renders_v2/B05/WB2_CORRIDOR_MSB134.png
MSB135,B05,14,无限走廊,SCN_CORRIDOR,CAM_CORRIDOR_02_LOW_TRACK,storyboard,B,visual_assets/pure/micro_storyboard/B05/MSB135_v001.png,visual_assets/annotated/micro_storyboard/B05/MSB135_v001_annotated.png,"Create a pure cinematic film still for AIGC video generation, 16:9 landscape, high-resolution, photoreal Chinese dreamcore realism, 1990s small-town China, humid yellowed childhood memory, low light, restrained VHS grain, real old clothes, lived-in surfaces, no visible text or annotations. Use the whitebox reference for composition and spatial relationship: whitebox_renders_v2/B05/WB2_CORRIDOR_MSB135.png. Panel MSB135, Clip 14 无限走廊, time 04:02. Scene lock: SCN_CORRIDOR. Camera reference: CAM_CORRIDOR_02_LOW_TRACK. Shot size: 远景. Beat: 远处暗门. Visual focus: 走廊尽头仍是暗门，没有出口，空间像循环. Character focus: 环境. Expression: 无出口感. Blocking and motion: 中轴固定. Continuity anchors: 同一废楼走廊纵深，冷绿荧光灯，重复门洞，电话亭尚未出现. Story stage: S6_CORRIDOR_PHONE_SHOCK / corridor phone shock. Character stage lock: Xiao Chuan enters the abandoned corridor and slows under the phone booth pull.. Wardrobe state: Carry over the escape dirt: wet gray on face, hands, bag strap and sleeves.. Emotion state: Shock, dissociation, listening, moving as if pulled by the ring.. Environment stage lock: Cold green corridor, long perspective, fluorescent flicker, warm white phone booth glow.. Identity locks: A Lei is the tall older brother with old thin metal-frame glasses, a blue worn tracksuit, protective posture, and a habit of pushing his glasses. Xiao Chuan is the middle/protagonist boy with round eyes, a slightly protruding right ear, half-open mouth, red scarf, blue school jacket and green schoolbag, often gripping the bag straps. Xiao Man is the smallest younger brother with a round head, rounder body, timid downcast eyes, warm old vest or pale shirt, hands gripping his hem, toes turned inward. Binzi is the short bully boss with dyed yellow hair and a compact aggressive body. The other three bullies must have distinct tall-thin, heavy, and errand-runner silhouettes. The image must look like a final movie frame or clean keyframe, not a storyboard drawing.","No text, no captions, no Chinese characters, no English letters, no labels, no arrows, no diagrams, no storyboard frame, no contact sheet, no sketch lines, no watermark. Avoid modern phones, modern cars, LED shop signs, polished mall interiors, fashionable contemporary clothes, glossy advertisement lighting, heroic violence, gore, blood focus, glamorized fighting, or characters looking like adults. Avoid panel-specific problems: 大幅空间扭曲、鬼怪、换成医院学校、180度翻轴、现代电梯. Do not lose the escape dirt; do not return to arcade lighting or show modern phone hardware.","Follow whitebox_renders_v2/B05/WB2_CORRIDOR_MSB135.png; preserve axis, scale, foreground/midground/background, and subject blocking.",S6_CORRIDOR_PHONE_SHOCK,corridor phone shock,Xiao Chuan enters the abandoned corridor and slows under the phone booth pull.,"Carry over the escape dirt: wet gray on face, hands, bag strap and sleeves.","Shock, dissociation, listening, moving as if pulled by the ring.","Cold green corridor, long perspective, fluorescent flicker, warm white phone booth glow.",whitebox_renders_v2/B05/WB2_CORRIDOR_MSB135.png
MSB136,B05,14,无限走廊,SCN_CORRIDOR,CAM_CORRIDOR_02_LOW_TRACK,storyboard,A,visual_assets/pure/micro_storyboard/B05/MSB136_v001.png,visual_assets/annotated/micro_storyboard/B05/MSB136_v001_annotated.png,"Create a pure cinematic film still for AIGC video generation, 16:9 landscape, high-resolution, photoreal Chinese dreamcore realism, 1990s small-town China, humid yellowed childhood memory, low light, restrained VHS grain, real old clothes, lived-in surfaces, no visible text or annotations. Use the whitebox reference for composition and spatial relationship: whitebox_renders_v2/B05/WB2_CORRIDOR_MSB136.png. Panel MSB136, Clip 14 无限走廊, time 04:04. Scene lock: SCN_CORRIDOR. Camera reference: CAM_CORRIDOR_02_LOW_TRACK. Shot size: 中远景. Beat: 小川继续走. Visual focus: 小川从跑变成慢走，书包歪着，脚步变轻. Character focus: 小川. Expression: 恐惧变成被牵引. Blocking and motion: 速度减慢. Continuity anchors: 同一废楼走廊纵深，冷绿荧光灯，重复门洞，电话亭尚未出现. Story stage: S6_CORRIDOR_PHONE_SHOCK / corridor phone shock. Character stage lock: Xiao Chuan enters the abandoned corridor and slows under the phone booth pull.. Wardrobe state: Carry over the escape dirt: wet gray on face, hands, bag strap and sleeves.. Emotion state: Shock, dissociation, listening, moving as if pulled by the ring.. Environment stage lock: Cold green corridor, long perspective, fluorescent flicker, warm white phone booth glow.. Identity locks: A Lei is the tall older brother with old thin metal-frame glasses, a blue worn tracksuit, protective posture, and a habit of pushing his glasses. Xiao Chuan is the middle/protagonist boy with round eyes, a slightly protruding right ear, half-open mouth, red scarf, blue school jacket and green schoolbag, often gripping the bag straps. Xiao Man is the smallest younger brother with a round head, rounder body, timid downcast eyes, warm old vest or pale shirt, hands gripping his hem, toes turned inward. Binzi is the short bully boss with dyed yellow hair and a compact aggressive body. The other three bullies must have distinct tall-thin, heavy, and errand-runner silhouettes. The image must look like a final movie frame or clean keyframe, not a storyboard drawing.","No text, no captions, no Chinese characters, no English letters, no labels, no arrows, no diagrams, no storyboard frame, no contact sheet, no sketch lines, no watermark. Avoid modern phones, modern cars, LED shop signs, polished mall interiors, fashionable contemporary clothes, glossy advertisement lighting, heroic violence, gore, blood focus, glamorized fighting, or characters looking like adults. Avoid panel-specific problems: 大幅空间扭曲、鬼怪、换成医院学校、180度翻轴、现代电梯. Do not lose the escape dirt; do not return to arcade lighting or show modern phone hardware.","Follow whitebox_renders_v2/B05/WB2_CORRIDOR_MSB136.png; preserve axis, scale, foreground/midground/background, and subject blocking.",S6_CORRIDOR_PHONE_SHOCK,corridor phone shock,Xiao Chuan enters the abandoned corridor and slows under the phone booth pull.,"Carry over the escape dirt: wet gray on face, hands, bag strap and sleeves.","Shock, dissociation, listening, moving as if pulled by the ring.","Cold green corridor, long perspective, fluorescent flicker, warm white phone booth glow.",whitebox_renders_v2/B05/WB2_CORRIDOR_MSB136.png
MSB137,B05,14,无限走廊,SCN_CORRIDOR,CAM_CORRIDOR_02_LOW_TRACK,end_frame,A,visual_assets/pure/micro_storyboard/B05/MSB137_v001.png,visual_assets/annotated/micro_storyboard/B05/MSB137_v001_annotated.png,"Create a pure cinematic film still for AIGC video generation, 16:9 landscape, high-resolution, photoreal Chinese dreamcore realism, 1990s small-town China, humid yellowed childhood memory, low light, restrained VHS grain, real old clothes, lived-in surfaces, no visible text or annotations. Use the whitebox reference for composition and spatial relationship: whitebox_renders_v2/B05/WB2_CORRIDOR_MSB137.png. Panel MSB137, Clip 14 无限走廊, time 04:06. Scene lock: SCN_CORRIDOR. Camera reference: CAM_CORRIDOR_02_LOW_TRACK. Shot size: 近景. Beat: 铃声第一次进入. Visual focus: 小川听到远处铃声，眼睛抬起但不知来源. Character focus: 小川. Expression: 被声音抓住. Blocking and motion: 头微抬. Continuity anchors: 同一废楼走廊纵深，冷绿荧光灯，重复门洞，电话亭尚未出现. Story stage: S6_CORRIDOR_PHONE_SHOCK / corridor phone shock. Character stage lock: Xiao Chuan enters the abandoned corridor and slows under the phone booth pull.. Wardrobe state: Carry over the escape dirt: wet gray on face, hands, bag strap and sleeves.. Emotion state: Shock, dissociation, listening, moving as if pulled by the ring.. Environment stage lock: Cold green corridor, long perspective, fluorescent flicker, warm white phone booth glow.. Identity locks: A Lei is the tall older brother with old thin metal-frame glasses, a blue worn tracksuit, protective posture, and a habit of pushing his glasses. Xiao Chuan is the middle/protagonist boy with round eyes, a slightly protruding right ear, half-open mouth, red scarf, blue school jacket and green schoolbag, often gripping the bag straps. Xiao Man is the smallest younger brother with a round head, rounder body, timid downcast eyes, warm old vest or pale shirt, hands gripping his hem, toes turned inward. Binzi is the short bully boss with dyed yellow hair and a compact aggressive body. The other three bullies must have distinct tall-thin, heavy, and errand-runner silhouettes. The image must look like a final movie frame or clean keyframe, not a storyboard drawing.","No text, no captions, no Chinese characters, no English letters, no labels, no arrows, no diagrams, no storyboard frame, no contact sheet, no sketch lines, no watermark. Avoid modern phones, modern cars, LED shop signs, polished mall interiors, fashionable contemporary clothes, glossy advertisement lighting, heroic violence, gore, blood focus, glamorized fighting, or characters looking like adults. Avoid panel-specific problems: 大幅空间扭曲、鬼怪、换成医院学校、180度翻轴、现代电梯. Do not lose the escape dirt; do not return to arcade lighting or show modern phone hardware.","Follow whitebox_renders_v2/B05/WB2_CORRIDOR_MSB137.png; preserve axis, scale, foreground/midground/background, and subject blocking.",S6_CORRIDOR_PHONE_SHOCK,corridor phone shock,Xiao Chuan enters the abandoned corridor and slows under the phone booth pull.,"Carry over the escape dirt: wet gray on face, hands, bag strap and sleeves.","Shock, dissociation, listening, moving as if pulled by the ring.","Cold green corridor, long perspective, fluorescent flicker, warm white phone booth glow.",whitebox_renders_v2/B05/WB2_CORRIDOR_MSB137.png
MSB138,B05,14,无限走廊,SCN_CORRIDOR,CAM_CORRIDOR_02_LOW_TRACK,storyboard,A,visual_assets/pure/micro_storyboard/B05/MSB138_v001.png,visual_assets/annotated/micro_storyboard/B05/MSB138_v001_annotated.png,"Create a pure cinematic film still for AIGC video generation, 16:9 landscape, high-resolution, photoreal Chinese dreamcore realism, 1990s small-town China, humid yellowed childhood memory, low light, restrained VHS grain, real old clothes, lived-in surfaces, no visible text or annotations. Use the whitebox reference for composition and spatial relationship: whitebox_renders_v2/B05/WB2_CORRIDOR_MSB138.png. Panel MSB138, Clip 14 无限走廊, time 04:08. Scene lock: SCN_CORRIDOR. Camera reference: CAM_CORRIDOR_02_LOW_TRACK. Shot size: 远景. Beat: 走廊深处微光未明. Visual focus: 走廊深处出现极弱暖点，还不像电话亭. Character focus: 环境. Expression: 召唤开始. Blocking and motion: 远处暖光一点. Continuity anchors: 同一废楼走廊纵深，冷绿荧光灯，重复门洞，电话亭尚未出现. Story stage: S6_CORRIDOR_PHONE_SHOCK / corridor phone shock. Character stage lock: Xiao Chuan enters the abandoned corridor and slows under the phone booth pull.. Wardrobe state: Carry over the escape dirt: wet gray on face, hands, bag strap and sleeves.. Emotion state: Shock, dissociation, listening, moving as if pulled by the ring.. Environment stage lock: Cold green corridor, long perspective, fluorescent flicker, warm white phone booth glow.. Identity locks: A Lei is the tall older brother with old thin metal-frame glasses, a blue worn tracksuit, protective posture, and a habit of pushing his glasses. Xiao Chuan is the middle/protagonist boy with round eyes, a slightly protruding right ear, half-open mouth, red scarf, blue school jacket and green schoolbag, often gripping the bag straps. Xiao Man is the smallest younger brother with a round head, rounder body, timid downcast eyes, warm old vest or pale shirt, hands gripping his hem, toes turned inward. Binzi is the short bully boss with dyed yellow hair and a compact aggressive body. The other three bullies must have distinct tall-thin, heavy, and errand-runner silhouettes. The image must look like a final movie frame or clean keyframe, not a storyboard drawing.","No text, no captions, no Chinese characters, no English letters, no labels, no arrows, no diagrams, no storyboard frame, no contact sheet, no sketch lines, no watermark. Avoid modern phones, modern cars, LED shop signs, polished mall interiors, fashionable contemporary clothes, glossy advertisement lighting, heroic violence, gore, blood focus, glamorized fighting, or characters looking like adults. Avoid panel-specific problems: 大幅空间扭曲、鬼怪、换成医院学校、180度翻轴、现代电梯. Do not lose the escape dirt; do not return to arcade lighting or show modern phone hardware.","Follow whitebox_renders_v2/B05/WB2_CORRIDOR_MSB138.png; preserve axis, scale, foreground/midground/background, and subject blocking.",S6_CORRIDOR_PHONE_SHOCK,corridor phone shock,Xiao Chuan enters the abandoned corridor and slows under the phone booth pull.,"Carry over the escape dirt: wet gray on face, hands, bag strap and sleeves.","Shock, dissociation, listening, moving as if pulled by the ring.","Cold green corridor, long perspective, fluorescent flicker, warm white phone booth glow.",whitebox_renders_v2/B05/WB2_CORRIDOR_MSB138.png
MSB139,B05,15,远处电话亭,SCN_PHONE,CAM_PHONE_01_DISTANT_GLOW,keyframe,A,visual_assets/pure/micro_storyboard/B05/MSB139_v001.png,visual_assets/annotated/micro_storyboard/B05/MSB139_v001_annotated.png,"Create a pure cinematic film still for AIGC video generation, 16:9 landscape, high-resolution, photoreal Chinese dreamcore realism, 1990s small-town China, humid yellowed childhood memory, low light, restrained VHS grain, real old clothes, lived-in surfaces, no visible text or annotations. Use the whitebox reference for composition and spatial relationship: whitebox_renders_v2/B05/WB2_PHONE_MSB139.png. Panel MSB139, Clip 15 远处电话亭, time 04:10. Scene lock: SCN_PHONE. Camera reference: CAM_PHONE_01_DISTANT_GLOW. Shot size: 远景. Beat: 暖光明确. Visual focus: 走廊尽头暖白光变清楚，电话亭轮廓第一次可辨. Character focus: 电话亭/环境. Expression: 无人物或小川远处. Blocking and motion: locked-off. Continuity anchors: 走廊尽头旧电话亭，暖白微光对冷绿走廊，小川在远处停下. Story stage: S6_CORRIDOR_PHONE_SHOCK / corridor phone shock. Character stage lock: Xiao Chuan enters the abandoned corridor and slows under the phone booth pull.. Wardrobe state: Carry over the escape dirt: wet gray on face, hands, bag strap and sleeves.. Emotion state: Shock, dissociation, listening, moving as if pulled by the ring.. Environment stage lock: Cold green corridor, long perspective, fluorescent flicker, warm white phone booth glow.. Identity locks: A Lei is the tall older brother with old thin metal-frame glasses, a blue worn tracksuit, protective posture, and a habit of pushing his glasses. Xiao Chuan is the middle/protagonist boy with round eyes, a slightly protruding right ear, half-open mouth, red scarf, blue school jacket and green schoolbag, often gripping the bag straps. Xiao Man is the smallest younger brother with a round head, rounder body, timid downcast eyes, warm old vest or pale shirt, hands gripping his hem, toes turned inward. Binzi is the short bully boss with dyed yellow hair and a compact aggressive body. The other three bullies must have distinct tall-thin, heavy, and errand-runner silhouettes. The image must look like a final movie frame or clean keyframe, not a storyboard drawing.","No text, no captions, no Chinese characters, no English letters, no labels, no arrows, no diagrams, no storyboard frame, no contact sheet, no sketch lines, no watermark. Avoid modern phones, modern cars, LED shop signs, polished mall interiors, fashionable contemporary clothes, glossy advertisement lighting, heroic violence, gore, blood focus, glamorized fighting, or characters looking like adults. Avoid panel-specific problems: 科幻设备、现代电话亭、全息屏、其他出口、电话亭移动. Do not lose the escape dirt; do not return to arcade lighting or show modern phone hardware.","Follow whitebox_renders_v2/B05/WB2_PHONE_MSB139.png; preserve axis, scale, foreground/midground/background, and subject blocking.",S6_CORRIDOR_PHONE_SHOCK,corridor phone shock,Xiao Chuan enters the abandoned corridor and slows under the phone booth pull.,"Carry over the escape dirt: wet gray on face, hands, bag strap and sleeves.","Shock, dissociation, listening, moving as if pulled by the ring.","Cold green corridor, long perspective, fluorescent flicker, warm white phone booth glow.",whitebox_renders_v2/B05/WB2_PHONE_MSB139.png
MSB140,B05,15,远处电话亭,SCN_PHONE,CAM_PHONE_01_DISTANT_GLOW,start_frame,A,visual_assets/pure/micro_storyboard/B05/MSB140_v001.png,visual_assets/annotated/micro_storyboard/B05/MSB140_v001_annotated.png,"Create a pure cinematic film still for AIGC video generation, 16:9 landscape, high-resolution, photoreal Chinese dreamcore realism, 1990s small-town China, humid yellowed childhood memory, low light, restrained VHS grain, real old clothes, lived-in surfaces, no visible text or annotations. Use the whitebox reference for composition and spatial relationship: whitebox_renders_v2/B05/WB2_PHONE_MSB140.png. Panel MSB140, Clip 15 远处电话亭, time 04:11. Scene lock: SCN_PHONE. Camera reference: CAM_PHONE_01_DISTANT_GLOW. Shot size: 远景. Beat: 小川远处停住. Visual focus: 小川在走廊中段停下，面对远处电话亭，比例很小. Character focus: 小川/电话亭. Expression: 被召唤，犹豫. Blocking and motion: 身体停住. Continuity anchors: 走廊尽头旧电话亭，暖白微光对冷绿走廊，小川在远处停下. Story stage: S6_CORRIDOR_PHONE_SHOCK / corridor phone shock. Character stage lock: Xiao Chuan enters the abandoned corridor and slows under the phone booth pull.. Wardrobe state: Carry over the escape dirt: wet gray on face, hands, bag strap and sleeves.. Emotion state: Shock, dissociation, listening, moving as if pulled by the ring.. Environment stage lock: Cold green corridor, long perspective, fluorescent flicker, warm white phone booth glow.. Identity locks: A Lei is the tall older brother with old thin metal-frame glasses, a blue worn tracksuit, protective posture, and a habit of pushing his glasses. Xiao Chuan is the middle/protagonist boy with round eyes, a slightly protruding right ear, half-open mouth, red scarf, blue school jacket and green schoolbag, often gripping the bag straps. Xiao Man is the smallest younger brother with a round head, rounder body, timid downcast eyes, warm old vest or pale shirt, hands gripping his hem, toes turned inward. Binzi is the short bully boss with dyed yellow hair and a compact aggressive body. The other three bullies must have distinct tall-thin, heavy, and errand-runner silhouettes. The image must look like a final movie frame or clean keyframe, not a storyboard drawing.","No text, no captions, no Chinese characters, no English letters, no labels, no arrows, no diagrams, no storyboard frame, no contact sheet, no sketch lines, no watermark. Avoid modern phones, modern cars, LED shop signs, polished mall interiors, fashionable contemporary clothes, glossy advertisement lighting, heroic violence, gore, blood focus, glamorized fighting, or characters looking like adults. Avoid panel-specific problems: 科幻设备、现代电话亭、全息屏、其他出口、电话亭移动. Do not lose the escape dirt; do not return to arcade lighting or show modern phone hardware.","Follow whitebox_renders_v2/B05/WB2_PHONE_MSB140.png; preserve axis, scale, foreground/midground/background, and subject blocking.",S6_CORRIDOR_PHONE_SHOCK,corridor phone shock,Xiao Chuan enters the abandoned corridor and slows under the phone booth pull.,"Carry over the escape dirt: wet gray on face, hands, bag strap and sleeves.","Shock, dissociation, listening, moving as if pulled by the ring.","Cold green corridor, long perspective, fluorescent flicker, warm white phone booth glow.",whitebox_renders_v2/B05/WB2_PHONE_MSB140.png
MSB141,B05,15,远处电话亭,SCN_PHONE,CAM_PHONE_01_DISTANT_GLOW,storyboard,A,visual_assets/pure/micro_storyboard/B05/MSB141_v001.png,visual_assets/annotated/micro_storyboard/B05/MSB141_v001_annotated.png,"Create a pure cinematic film still for AIGC video generation, 16:9 landscape, high-resolution, photoreal Chinese dreamcore realism, 1990s small-town China, humid yellowed childhood memory, low light, restrained VHS grain, real old clothes, lived-in surfaces, no visible text or annotations. Use the whitebox reference for composition and spatial relationship: whitebox_renders_v2/B05/WB2_PHONE_MSB141.png. Panel MSB141, Clip 15 远处电话亭, time 04:13. Scene lock: SCN_PHONE. Camera reference: CAM_PHONE_01_DISTANT_GLOW. Shot size: 中景. Beat: 铃声来源. Visual focus: 小川侧脸听铃声，眼睛看向暖光，红领巾微亮. Character focus: 小川. Expression: 害怕但被吸引. Blocking and motion: 头慢慢抬. Continuity anchors: 走廊尽头旧电话亭，暖白微光对冷绿走廊，小川在远处停下. Story stage: S6_CORRIDOR_PHONE_SHOCK / corridor phone shock. Character stage lock: Xiao Chuan enters the abandoned corridor and slows under the phone booth pull.. Wardrobe state: Carry over the escape dirt: wet gray on face, hands, bag strap and sleeves.. Emotion state: Shock, dissociation, listening, moving as if pulled by the ring.. Environment stage lock: Cold green corridor, long perspective, fluorescent flicker, warm white phone booth glow.. Identity locks: A Lei is the tall older brother with old thin metal-frame glasses, a blue worn tracksuit, protective posture, and a habit of pushing his glasses. Xiao Chuan is the middle/protagonist boy with round eyes, a slightly protruding right ear, half-open mouth, red scarf, blue school jacket and green schoolbag, often gripping the bag straps. Xiao Man is the smallest younger brother with a round head, rounder body, timid downcast eyes, warm old vest or pale shirt, hands gripping his hem, toes turned inward. Binzi is the short bully boss with dyed yellow hair and a compact aggressive body. The other three bullies must have distinct tall-thin, heavy, and errand-runner silhouettes. The image must look like a final movie frame or clean keyframe, not a storyboard drawing.","No text, no captions, no Chinese characters, no English letters, no labels, no arrows, no diagrams, no storyboard frame, no contact sheet, no sketch lines, no watermark. Avoid modern phones, modern cars, LED shop signs, polished mall interiors, fashionable contemporary clothes, glossy advertisement lighting, heroic violence, gore, blood focus, glamorized fighting, or characters looking like adults. Avoid panel-specific problems: 科幻设备、现代电话亭、全息屏、其他出口、电话亭移动. Do not lose the escape dirt; do not return to arcade lighting or show modern phone hardware.","Follow whitebox_renders_v2/B05/WB2_PHONE_MSB141.png; preserve axis, scale, foreground/midground/background, and subject blocking.",S6_CORRIDOR_PHONE_SHOCK,corridor phone shock,Xiao Chuan enters the abandoned corridor and slows under the phone booth pull.,"Carry over the escape dirt: wet gray on face, hands, bag strap and sleeves.","Shock, dissociation, listening, moving as if pulled by the ring.","Cold green corridor, long perspective, fluorescent flicker, warm white phone booth glow.",whitebox_renders_v2/B05/WB2_PHONE_MSB141.png
MSB142,B05,15,远处电话亭,SCN_PHONE,CAM_PHONE_01_DISTANT_GLOW,storyboard,A,visual_assets/pure/micro_storyboard/B05/MSB142_v001.png,visual_assets/annotated/micro_storyboard/B05/MSB142_v001_annotated.png,"Create a pure cinematic film still for AIGC video generation, 16:9 landscape, high-resolution, photoreal Chinese dreamcore realism, 1990s small-town China, humid yellowed childhood memory, low light, restrained VHS grain, real old clothes, lived-in surfaces, no visible text or annotations. Use the whitebox reference for composition and spatial relationship: whitebox_renders_v2/B05/WB2_PHONE_MSB142.png. Panel MSB142, Clip 15 远处电话亭, time 04:15. Scene lock: SCN_PHONE. Camera reference: CAM_PHONE_01_DISTANT_GLOW. Shot size: 远景. Beat: 电话亭像错误物. Visual focus: 电话亭不合理地嵌在废楼深处，但材质是旧玻璃和金属. Character focus: 电话亭. Expression: 现实错误感. Blocking and motion: 不移动，只发光. Continuity anchors: 走廊尽头旧电话亭，暖白微光对冷绿走廊，小川在远处停下. Story stage: S6_CORRIDOR_PHONE_SHOCK / corridor phone shock. Character stage lock: Xiao Chuan enters the abandoned corridor and slows under the phone booth pull.. Wardrobe state: Carry over the escape dirt: wet gray on face, hands, bag strap and sleeves.. Emotion state: Shock, dissociation, listening, moving as if pulled by the ring.. Environment stage lock: Cold green corridor, long perspective, fluorescent flicker, warm white phone booth glow.. Identity locks: A Lei is the tall older brother with old thin metal-frame glasses, a blue worn tracksuit, protective posture, and a habit of pushing his glasses. Xiao Chuan is the middle/protagonist boy with round eyes, a slightly protruding right ear, half-open mouth, red scarf, blue school jacket and green schoolbag, often gripping the bag straps. Xiao Man is the smallest younger brother with a round head, rounder body, timid downcast eyes, warm old vest or pale shirt, hands gripping his hem, toes turned inward. Binzi is the short bully boss with dyed yellow hair and a compact aggressive body. The other three bullies must have distinct tall-thin, heavy, and errand-runner silhouettes. The image must look like a final movie frame or clean keyframe, not a storyboard drawing.","No text, no captions, no Chinese characters, no English letters, no labels, no arrows, no diagrams, no storyboard frame, no contact sheet, no sketch lines, no watermark. Avoid modern phones, modern cars, LED shop signs, polished mall interiors, fashionable contemporary clothes, glossy advertisement lighting, heroic violence, gore, blood focus, glamorized fighting, or characters looking like adults. Avoid panel-specific problems: 科幻设备、现代电话亭、全息屏、其他出口、电话亭移动. Do not lose the escape dirt; do not return to arcade lighting or show modern phone hardware.","Follow whitebox_renders_v2/B05/WB2_PHONE_MSB142.png; preserve axis, scale, foreground/midground/background, and subject blocking.",S6_CORRIDOR_PHONE_SHOCK,corridor phone shock,Xiao Chuan enters the abandoned corridor and slows under the phone booth pull.,"Carry over the escape dirt: wet gray on face, hands, bag strap and sleeves.","Shock, dissociation, listening, moving as if pulled by the ring.","Cold green corridor, long perspective, fluorescent flicker, warm white phone booth glow.",whitebox_renders_v2/B05/WB2_PHONE_MSB142.png
MSB143,B05,15,远处电话亭,SCN_PHONE,CAM_PHONE_01_DISTANT_GLOW,keyframe,A,visual_assets/pure/micro_storyboard/B05/MSB143_v001.png,visual_assets/annotated/micro_storyboard/B05/MSB143_v001_annotated.png,"Create a pure cinematic film still for AIGC video generation, 16:9 landscape, high-resolution, photoreal Chinese dreamcore realism, 1990s small-town China, humid yellowed childhood memory, low light, restrained VHS grain, real old clothes, lived-in surfaces, no visible text or annotations. Use the whitebox reference for composition and spatial relationship: whitebox_renders_v2/B05/WB2_PHONE_MSB143.png. Panel MSB143, Clip 15 远处电话亭, time 04:17. Scene lock: SCN_PHONE. Camera reference: CAM_PHONE_01_DISTANT_GLOW. Shot size: 中远景. Beat: 冷暖对比. Visual focus: 冷绿走廊和暖白电话亭形成明确色块，小川夹在中间. Character focus: 环境/小川. Expression: 临界点. Blocking and motion: 构图对称. Continuity anchors: 走廊尽头旧电话亭，暖白微光对冷绿走廊，小川在远处停下. Story stage: S6_CORRIDOR_PHONE_SHOCK / corridor phone shock. Character stage lock: Xiao Chuan enters the abandoned corridor and slows under the phone booth pull.. Wardrobe state: Carry over the escape dirt: wet gray on face, hands, bag strap and sleeves.. Emotion state: Shock, dissociation, listening, moving as if pulled by the ring.. Environment stage lock: Cold green corridor, long perspective, fluorescent flicker, warm white phone booth glow.. Identity locks: A Lei is the tall older brother with old thin metal-frame glasses, a blue worn tracksuit, protective posture, and a habit of pushing his glasses. Xiao Chuan is the middle/protagonist boy with round eyes, a slightly protruding right ear, half-open mouth, red scarf, blue school jacket and green schoolbag, often gripping the bag straps. Xiao Man is the smallest younger brother with a round head, rounder body, timid downcast eyes, warm old vest or pale shirt, hands gripping his hem, toes turned inward. Binzi is the short bully boss with dyed yellow hair and a compact aggressive body. The other three bullies must have distinct tall-thin, heavy, and errand-runner silhouettes. The image must look like a final movie frame or clean keyframe, not a storyboard drawing.","No text, no captions, no Chinese characters, no English letters, no labels, no arrows, no diagrams, no storyboard frame, no contact sheet, no sketch lines, no watermark. Avoid modern phones, modern cars, LED shop signs, polished mall interiors, fashionable contemporary clothes, glossy advertisement lighting, heroic violence, gore, blood focus, glamorized fighting, or characters looking like adults. Avoid panel-specific problems: 科幻设备、现代电话亭、全息屏、其他出口、电话亭移动. Do not lose the escape dirt; do not return to arcade lighting or show modern phone hardware.","Follow whitebox_renders_v2/B05/WB2_PHONE_MSB143.png; preserve axis, scale, foreground/midground/background, and subject blocking.",S6_CORRIDOR_PHONE_SHOCK,corridor phone shock,Xiao Chuan enters the abandoned corridor and slows under the phone booth pull.,"Carry over the escape dirt: wet gray on face, hands, bag strap and sleeves.","Shock, dissociation, listening, moving as if pulled by the ring.","Cold green corridor, long perspective, fluorescent flicker, warm white phone booth glow.",whitebox_renders_v2/B05/WB2_PHONE_MSB143.png
MSB144,B05,15,远处电话亭,SCN_PHONE,CAM_PHONE_01_DISTANT_GLOW,storyboard,B,visual_assets/pure/micro_storyboard/B05/MSB144_v001.png,visual_assets/annotated/micro_storyboard/B05/MSB144_v001_annotated.png,"Create a pure cinematic film still for AIGC video generation, 16:9 landscape, high-resolution, photoreal Chinese dreamcore realism, 1990s small-town China, humid yellowed childhood memory, low light, restrained VHS grain, real old clothes, lived-in surfaces, no visible text or annotations. Use the whitebox reference for composition and spatial relationship: whitebox_renders_v2/B05/WB2_PHONE_MSB144.png. Panel MSB144, Clip 15 远处电话亭, time 04:18. Scene lock: SCN_PHONE. Camera reference: CAM_PHONE_01_DISTANT_GLOW. Shot size: 全景. Beat: 小川迈出第一步. Visual focus: 小川很慢地向电话亭方向迈一步，不是逃跑. Character focus: 小川. Expression: 被铃声牵引. Blocking and motion: 慢步向前. Continuity anchors: 走廊尽头旧电话亭，暖白微光对冷绿走廊，小川在远处停下. Story stage: S6_CORRIDOR_PHONE_SHOCK / corridor phone shock. Character stage lock: Xiao Chuan enters the abandoned corridor and slows under the phone booth pull.. Wardrobe state: Carry over the escape dirt: wet gray on face, hands, bag strap and sleeves.. Emotion state: Shock, dissociation, listening, moving as if pulled by the ring.. Environment stage lock: Cold green corridor, long perspective, fluorescent flicker, warm white phone booth glow.. Identity locks: A Lei is the tall older brother with old thin metal-frame glasses, a blue worn tracksuit, protective posture, and a habit of pushing his glasses. Xiao Chuan is the middle/protagonist boy with round eyes, a slightly protruding right ear, half-open mouth, red scarf, blue school jacket and green schoolbag, often gripping the bag straps. Xiao Man is the smallest younger brother with a round head, rounder body, timid downcast eyes, warm old vest or pale shirt, hands gripping his hem, toes turned inward. Binzi is the short bully boss with dyed yellow hair and a compact aggressive body. The other three bullies must have distinct tall-thin, heavy, and errand-runner silhouettes. The image must look like a final movie frame or clean keyframe, not a storyboard drawing.","No text, no captions, no Chinese characters, no English letters, no labels, no arrows, no diagrams, no storyboard frame, no contact sheet, no sketch lines, no watermark. Avoid modern phones, modern cars, LED shop signs, polished mall interiors, fashionable contemporary clothes, glossy advertisement lighting, heroic violence, gore, blood focus, glamorized fighting, or characters looking like adults. Avoid panel-specific problems: 科幻设备、现代电话亭、全息屏、其他出口、电话亭移动. Do not lose the escape dirt; do not return to arcade lighting or show modern phone hardware.","Follow whitebox_renders_v2/B05/WB2_PHONE_MSB144.png; preserve axis, scale, foreground/midground/background, and subject blocking.",S6_CORRIDOR_PHONE_SHOCK,corridor phone shock,Xiao Chuan enters the abandoned corridor and slows under the phone booth pull.,"Carry over the escape dirt: wet gray on face, hands, bag strap and sleeves.","Shock, dissociation, listening, moving as if pulled by the ring.","Cold green corridor, long perspective, fluorescent flicker, warm white phone booth glow.",whitebox_renders_v2/B05/WB2_PHONE_MSB144.png
MSB145,B05,15,远处电话亭,SCN_PHONE,CAM_PHONE_01_DISTANT_GLOW,storyboard,B,visual_assets/pure/micro_storyboard/B05/MSB145_v001.png,visual_assets/annotated/micro_storyboard/B05/MSB145_v001_annotated.png,"Create a pure cinematic film still for AIGC video generation, 16:9 landscape, high-resolution, photoreal Chinese dreamcore realism, 1990s small-town China, humid yellowed childhood memory, low light, restrained VHS grain, real old clothes, lived-in surfaces, no visible text or annotations. Use the whitebox reference for composition and spatial relationship: whitebox_renders_v2/B05/WB2_PHONE_MSB145.png. Panel MSB145, Clip 15 远处电话亭, time 04:20. Scene lock: SCN_PHONE. Camera reference: CAM_PHONE_01_DISTANT_GLOW. Shot size: 中远景. Beat: 电话线细节远现. Visual focus: 电话亭内旧电话和垂下电话线隐约可见. Character focus: 电话亭/道具. Expression: 危险道具出现. Blocking and motion: 微 push-in. Continuity anchors: 走廊尽头旧电话亭，暖白微光对冷绿走廊，小川在远处停下. Story stage: S6_CORRIDOR_PHONE_SHOCK / corridor phone shock. Character stage lock: Xiao Chuan enters the abandoned corridor and slows under the phone booth pull.. Wardrobe state: Carry over the escape dirt: wet gray on face, hands, bag strap and sleeves.. Emotion state: Shock, dissociation, listening, moving as if pulled by the ring.. Environment stage lock: Cold green corridor, long perspective, fluorescent flicker, warm white phone booth glow.. Identity locks: A Lei is the tall older brother with old thin metal-frame glasses, a blue worn tracksuit, protective posture, and a habit of pushing his glasses. Xiao Chuan is the middle/protagonist boy with round eyes, a slightly protruding right ear, half-open mouth, red scarf, blue school jacket and green schoolbag, often gripping the bag straps. Xiao Man is the smallest younger brother with a round head, rounder body, timid downcast eyes, warm old vest or pale shirt, hands gripping his hem, toes turned inward. Binzi is the short bully boss with dyed yellow hair and a compact aggressive body. The other three bullies must have distinct tall-thin, heavy, and errand-runner silhouettes. The image must look like a final movie frame or clean keyframe, not a storyboard drawing.","No text, no captions, no Chinese characters, no English letters, no labels, no arrows, no diagrams, no storyboard frame, no contact sheet, no sketch lines, no watermark. Avoid modern phones, modern cars, LED shop signs, polished mall interiors, fashionable contemporary clothes, glossy advertisement lighting, heroic violence, gore, blood focus, glamorized fighting, or characters looking like adults. Avoid panel-specific problems: 科幻设备、现代电话亭、全息屏、其他出口、电话亭移动. Do not lose the escape dirt; do not return to arcade lighting or show modern phone hardware.","Follow whitebox_renders_v2/B05/WB2_PHONE_MSB145.png; preserve axis, scale, foreground/midground/background, and subject blocking.",S6_CORRIDOR_PHONE_SHOCK,corridor phone shock,Xiao Chuan enters the abandoned corridor and slows under the phone booth pull.,"Carry over the escape dirt: wet gray on face, hands, bag strap and sleeves.","Shock, dissociation, listening, moving as if pulled by the ring.","Cold green corridor, long perspective, fluorescent flicker, warm white phone booth glow.",whitebox_renders_v2/B05/WB2_PHONE_MSB145.png
MSB146,B05,15,远处电话亭,SCN_PHONE,CAM_PHONE_01_DISTANT_GLOW,end_frame,A,visual_assets/pure/micro_storyboard/B05/MSB146_v001.png,visual_assets/annotated/micro_storyboard/B05/MSB146_v001_annotated.png,"Create a pure cinematic film still for AIGC video generation, 16:9 landscape, high-resolution, photoreal Chinese dreamcore realism, 1990s small-town China, humid yellowed childhood memory, low light, restrained VHS grain, real old clothes, lived-in surfaces, no visible text or annotations. Use the whitebox reference for composition and spatial relationship: whitebox_renders_v2/B05/WB2_PHONE_MSB146.png. Panel MSB146, Clip 15 远处电话亭, time 04:22. Scene lock: SCN_PHONE. Camera reference: CAM_PHONE_01_DISTANT_GLOW. Shot size: 远景. Beat: 靠近前停顿. Visual focus: 小川在电话亭前方一段距离停下，暖光照到鞋尖. Character focus: 小川/电话亭. Expression: 最后犹豫. Blocking and motion: 停顿一拍. Continuity anchors: 走廊尽头旧电话亭，暖白微光对冷绿走廊，小川在远处停下. Story stage: S6_CORRIDOR_PHONE_SHOCK / corridor phone shock. Character stage lock: Xiao Chuan enters the abandoned corridor and slows under the phone booth pull.. Wardrobe state: Carry over the escape dirt: wet gray on face, hands, bag strap and sleeves.. Emotion state: Shock, dissociation, listening, moving as if pulled by the ring.. Environment stage lock: Cold green corridor, long perspective, fluorescent flicker, warm white phone booth glow.. Identity locks: A Lei is the tall older brother with old thin metal-frame glasses, a blue worn tracksuit, protective posture, and a habit of pushing his glasses. Xiao Chuan is the middle/protagonist boy with round eyes, a slightly protruding right ear, half-open mouth, red scarf, blue school jacket and green schoolbag, often gripping the bag straps. Xiao Man is the smallest younger brother with a round head, rounder body, timid downcast eyes, warm old vest or pale shirt, hands gripping his hem, toes turned inward. Binzi is the short bully boss with dyed yellow hair and a compact aggressive body. The other three bullies must have distinct tall-thin, heavy, and errand-runner silhouettes. The image must look like a final movie frame or clean keyframe, not a storyboard drawing.","No text, no captions, no Chinese characters, no English letters, no labels, no arrows, no diagrams, no storyboard frame, no contact sheet, no sketch lines, no watermark. Avoid modern phones, modern cars, LED shop signs, polished mall interiors, fashionable contemporary clothes, glossy advertisement lighting, heroic violence, gore, blood focus, glamorized fighting, or characters looking like adults. Avoid panel-specific problems: 科幻设备、现代电话亭、全息屏、其他出口、电话亭移动. Do not lose the escape dirt; do not return to arcade lighting or show modern phone hardware.","Follow whitebox_renders_v2/B05/WB2_PHONE_MSB146.png; preserve axis, scale, foreground/midground/background, and subject blocking.",S6_CORRIDOR_PHONE_SHOCK,corridor phone shock,Xiao Chuan enters the abandoned corridor and slows under the phone booth pull.,"Carry over the escape dirt: wet gray on face, hands, bag strap and sleeves.","Shock, dissociation, listening, moving as if pulled by the ring.","Cold green corridor, long perspective, fluorescent flicker, warm white phone booth glow.",whitebox_renders_v2/B05/WB2_PHONE_MSB146.png
MSB147,B05,16,靠近电话亭,SCN_PHONE,CAM_PHONE_02_APPROACH_CLOSE,start_frame,A,visual_assets/pure/micro_storyboard/B05/MSB147_v001.png,visual_assets/annotated/micro_storyboard/B05/MSB147_v001_annotated.png,"Create a pure cinematic film still for AIGC video generation, 16:9 landscape, high-resolution, photoreal Chinese dreamcore realism, 1990s small-town China, humid yellowed childhood memory, low light, restrained VHS grain, real old clothes, lived-in surfaces, no visible text or annotations. Use the whitebox reference for composition and spatial relationship: whitebox_renders_v2/B05/WB2_PHONE_MSB147.png. Panel MSB147, Clip 16 靠近电话亭, time 04:24. Scene lock: SCN_PHONE. Camera reference: CAM_PHONE_02_APPROACH_CLOSE. Shot size: 中景. Beat: 电话亭门框前景. Visual focus: 电话亭门框占前景，小川从左侧黑暗靠近. Character focus: 小川/电话亭. Expression: 紧张，被光吸引. Blocking and motion: slow dolly in. Continuity anchors: 小川从左侧黑暗靠近，电话亭暖白光，红领巾、浅绿书包边缘，旧电话亭材质. Story stage: S6_CORRIDOR_PHONE_SHOCK / corridor phone shock. Character stage lock: Xiao Chuan enters the abandoned corridor and slows under the phone booth pull.. Wardrobe state: Carry over the escape dirt: wet gray on face, hands, bag strap and sleeves.. Emotion state: Shock, dissociation, listening, moving as if pulled by the ring.. Environment stage lock: Cold green corridor, long perspective, fluorescent flicker, warm white phone booth glow.. Identity locks: A Lei is the tall older brother with old thin metal-frame glasses, a blue worn tracksuit, protective posture, and a habit of pushing his glasses. Xiao Chuan is the middle/protagonist boy with round eyes, a slightly protruding right ear, half-open mouth, red scarf, blue school jacket and green schoolbag, often gripping the bag straps. Xiao Man is the smallest younger brother with a round head, rounder body, timid downcast eyes, warm old vest or pale shirt, hands gripping his hem, toes turned inward. Binzi is the short bully boss with dyed yellow hair and a compact aggressive body. The other three bullies must have distinct tall-thin, heavy, and errand-runner silhouettes. The image must look like a final movie frame or clean keyframe, not a storyboard drawing.","No text, no captions, no Chinese characters, no English letters, no labels, no arrows, no diagrams, no storyboard frame, no contact sheet, no sketch lines, no watermark. Avoid modern phones, modern cars, LED shop signs, polished mall interiors, fashionable contemporary clothes, glossy advertisement lighting, heroic violence, gore, blood focus, glamorized fighting, or characters looking like adults. Avoid panel-specific problems: 主角变脸、现代电话亭、科幻屏幕、换服装、电话亭位置改变. Do not lose the escape dirt; do not return to arcade lighting or show modern phone hardware.","Follow whitebox_renders_v2/B05/WB2_PHONE_MSB147.png; preserve axis, scale, foreground/midground/background, and subject blocking.",S6_CORRIDOR_PHONE_SHOCK,corridor phone shock,Xiao Chuan enters the abandoned corridor and slows under the phone booth pull.,"Carry over the escape dirt: wet gray on face, hands, bag strap and sleeves.","Shock, dissociation, listening, moving as if pulled by the ring.","Cold green corridor, long perspective, fluorescent flicker, warm white phone booth glow.",whitebox_renders_v2/B05/WB2_PHONE_MSB147.png
MSB148,B05,16,靠近电话亭,SCN_PHONE,CAM_PHONE_02_APPROACH_CLOSE,storyboard,A,visual_assets/pure/micro_storyboard/B05/MSB148_v001.png,visual_assets/annotated/micro_storyboard/B05/MSB148_v001_annotated.png,"Create a pure cinematic film still for AIGC video generation, 16:9 landscape, high-resolution, photoreal Chinese dreamcore realism, 1990s small-town China, humid yellowed childhood memory, low light, restrained VHS grain, real old clothes, lived-in surfaces, no visible text or annotations. Use the whitebox reference for composition and spatial relationship: whitebox_renders_v2/B05/WB2_PHONE_MSB148.png. Panel MSB148, Clip 16 靠近电话亭, time 04:26. Scene lock: SCN_PHONE. Camera reference: CAM_PHONE_02_APPROACH_CLOSE. Shot size: 近景. Beat: 暖光照红领巾. Visual focus: 暖白光先照到小川红领巾和脸下半部，眼睛仍在阴影里. Character focus: 小川. Expression: 害怕压住呼吸. Blocking and motion: 慢慢前进. Continuity anchors: 小川从左侧黑暗靠近，电话亭暖白光，红领巾、浅绿书包边缘，旧电话亭材质. Story stage: S6_CORRIDOR_PHONE_SHOCK / corridor phone shock. Character stage lock: Xiao Chuan enters the abandoned corridor and slows under the phone booth pull.. Wardrobe state: Carry over the escape dirt: wet gray on face, hands, bag strap and sleeves.. Emotion state: Shock, dissociation, listening, moving as if pulled by the ring.. Environment stage lock: Cold green corridor, long perspective, fluorescent flicker, warm white phone booth glow.. Identity locks: A Lei is the tall older brother with old thin metal-frame glasses, a blue worn tracksuit, protective posture, and a habit of pushing his glasses. Xiao Chuan is the middle/protagonist boy with round eyes, a slightly protruding right ear, half-open mouth, red scarf, blue school jacket and green schoolbag, often gripping the bag straps. Xiao Man is the smallest younger brother with a round head, rounder body, timid downcast eyes, warm old vest or pale shirt, hands gripping his hem, toes turned inward. Binzi is the short bully boss with dyed yellow hair and a compact aggressive body. The other three bullies must have distinct tall-thin, heavy, and errand-runner silhouettes. The image must look like a final movie frame or clean keyframe, not a storyboard drawing.","No text, no captions, no Chinese characters, no English letters, no labels, no arrows, no diagrams, no storyboard frame, no contact sheet, no sketch lines, no watermark. Avoid modern phones, modern cars, LED shop signs, polished mall interiors, fashionable contemporary clothes, glossy advertisement lighting, heroic violence, gore, blood focus, glamorized fighting, or characters looking like adults. Avoid panel-specific problems: 主角变脸、现代电话亭、科幻屏幕、换服装、电话亭位置改变. Do not lose the escape dirt; do not return to arcade lighting or show modern phone hardware.","Follow whitebox_renders_v2/B05/WB2_PHONE_MSB148.png; preserve axis, scale, foreground/midground/background, and subject blocking.",S6_CORRIDOR_PHONE_SHOCK,corridor phone shock,Xiao Chuan enters the abandoned corridor and slows under the phone booth pull.,"Carry over the escape dirt: wet gray on face, hands, bag strap and sleeves.","Shock, dissociation, listening, moving as if pulled by the ring.","Cold green corridor, long perspective, fluorescent flicker, warm white phone booth glow.",whitebox_renders_v2/B05/WB2_PHONE_MSB148.png
MSB149,B05,16,靠近电话亭,SCN_PHONE,CAM_PHONE_02_APPROACH_CLOSE,storyboard,B,visual_assets/pure/micro_storyboard/B05/MSB149_v001.png,visual_assets/annotated/micro_storyboard/B05/MSB149_v001_annotated.png,"Create a pure cinematic film still for AIGC video generation, 16:9 landscape, high-resolution, photoreal Chinese dreamcore realism, 1990s small-town China, humid yellowed childhood memory, low light, restrained VHS grain, real old clothes, lived-in surfaces, no visible text or annotations. Use the whitebox reference for composition and spatial relationship: whitebox_renders_v2/B05/WB2_PHONE_MSB149.png. Panel MSB149, Clip 16 靠近电话亭, time 04:28. Scene lock: SCN_PHONE. Camera reference: CAM_PHONE_02_APPROACH_CLOSE. Shot size: 中近景. Beat: 书包边缘亮起. Visual focus: 浅绿色书包边缘被电话亭光勾出来，肩带一松一紧. Character focus: 小川/道具. Expression: 身份锚点稳定. Blocking and motion: 小步靠近. Continuity anchors: 小川从左侧黑暗靠近，电话亭暖白光，红领巾、浅绿书包边缘，旧电话亭材质. Story stage: S6_CORRIDOR_PHONE_SHOCK / corridor phone shock. Character stage lock: Xiao Chuan enters the abandoned corridor and slows under the phone booth pull.. Wardrobe state: Carry over the escape dirt: wet gray on face, hands, bag strap and sleeves.. Emotion state: Shock, dissociation, listening, moving as if pulled by the ring.. Environment stage lock: Cold green corridor, long perspective, fluorescent flicker, warm white phone booth glow.. Identity locks: A Lei is the tall older brother with old thin metal-frame glasses, a blue worn tracksuit, protective posture, and a habit of pushing his glasses. Xiao Chuan is the middle/protagonist boy with round eyes, a slightly protruding right ear, half-open mouth, red scarf, blue school jacket and green schoolbag, often gripping the bag straps. Xiao Man is the smallest younger brother with a round head, rounder body, timid downcast eyes, warm old vest or pale shirt, hands gripping his hem, toes turned inward. Binzi is the short bully boss with dyed yellow hair and a compact aggressive body. The other three bullies must have distinct tall-thin, heavy, and errand-runner silhouettes. The image must look like a final movie frame or clean keyframe, not a storyboard drawing.","No text, no captions, no Chinese characters, no English letters, no labels, no arrows, no diagrams, no storyboard frame, no contact sheet, no sketch lines, no watermark. Avoid modern phones, modern cars, LED shop signs, polished mall interiors, fashionable contemporary clothes, glossy advertisement lighting, heroic violence, gore, blood focus, glamorized fighting, or characters looking like adults. Avoid panel-specific problems: 主角变脸、现代电话亭、科幻屏幕、换服装、电话亭位置改变. Do not lose the escape dirt; do not return to arcade lighting or show modern phone hardware.","Follow whitebox_renders_v2/B05/WB2_PHONE_MSB149.png; preserve axis, scale, foreground/midground/background, and subject blocking.",S6_CORRIDOR_PHONE_SHOCK,corridor phone shock,Xiao Chuan enters the abandoned corridor and slows under the phone booth pull.,"Carry over the escape dirt: wet gray on face, hands, bag strap and sleeves.","Shock, dissociation, listening, moving as if pulled by the ring.","Cold green corridor, long perspective, fluorescent flicker, warm white phone booth glow.",whitebox_renders_v2/B05/WB2_PHONE_MSB149.png
MSB150,B05,16,靠近电话亭,SCN_PHONE,CAM_PHONE_02_APPROACH_CLOSE,storyboard,A,visual_assets/pure/micro_storyboard/B05/MSB150_v001.png,visual_assets/annotated/micro_storyboard/B05/MSB150_v001_annotated.png,"Create a pure cinematic film still for AIGC video generation, 16:9 landscape, high-resolution, photoreal Chinese dreamcore realism, 1990s small-town China, humid yellowed childhood memory, low light, restrained VHS grain, real old clothes, lived-in surfaces, no visible text or annotations. Use the whitebox reference for composition and spatial relationship: whitebox_renders_v2/B05/WB2_PHONE_MSB150.png. Panel MSB150, Clip 16 靠近电话亭, time 04:30. Scene lock: SCN_PHONE. Camera reference: CAM_PHONE_02_APPROACH_CLOSE. Shot size: 近景. Beat: 小川看听筒. Visual focus: 小川眼睛看向旧听筒，不看镜头，嘴唇半张. Character focus: 小川/电话. Expression: 被听筒吸住. Blocking and motion: 头微转. Continuity anchors: 小川从左侧黑暗靠近，电话亭暖白光，红领巾、浅绿书包边缘，旧电话亭材质. Story stage: S6_CORRIDOR_PHONE_SHOCK / corridor phone shock. Character stage lock: Xiao Chuan enters the abandoned corridor and slows under the phone booth pull.. Wardrobe state: Carry over the escape dirt: wet gray on face, hands, bag strap and sleeves.. Emotion state: Shock, dissociation, listening, moving as if pulled by the ring.. Environment stage lock: Cold green corridor, long perspective, fluorescent flicker, warm white phone booth glow.. Identity locks: A Lei is the tall older brother with old thin metal-frame glasses, a blue worn tracksuit, protective posture, and a habit of pushing his glasses. Xiao Chuan is the middle/protagonist boy with round eyes, a slightly protruding right ear, half-open mouth, red scarf, blue school jacket and green schoolbag, often gripping the bag straps. Xiao Man is the smallest younger brother with a round head, rounder body, timid downcast eyes, warm old vest or pale shirt, hands gripping his hem, toes turned inward. Binzi is the short bully boss with dyed yellow hair and a compact aggressive body. The other three bullies must have distinct tall-thin, heavy, and errand-runner silhouettes. The image must look like a final movie frame or clean keyframe, not a storyboard drawing.","No text, no captions, no Chinese characters, no English letters, no labels, no arrows, no diagrams, no storyboard frame, no contact sheet, no sketch lines, no watermark. Avoid modern phones, modern cars, LED shop signs, polished mall interiors, fashionable contemporary clothes, glossy advertisement lighting, heroic violence, gore, blood focus, glamorized fighting, or characters looking like adults. Avoid panel-specific problems: 主角变脸、现代电话亭、科幻屏幕、换服装、电话亭位置改变. Do not lose the escape dirt; do not return to arcade lighting or show modern phone hardware.","Follow whitebox_renders_v2/B05/WB2_PHONE_MSB150.png; preserve axis, scale, foreground/midground/background, and subject blocking.",S6_CORRIDOR_PHONE_SHOCK,corridor phone shock,Xiao Chuan enters the abandoned corridor and slows under the phone booth pull.,"Carry over the escape dirt: wet gray on face, hands, bag strap and sleeves.","Shock, dissociation, listening, moving as if pulled by the ring.","Cold green corridor, long perspective, fluorescent flicker, warm white phone booth glow.",whitebox_renders_v2/B05/WB2_PHONE_MSB150.png
MSB151,B05,16,靠近电话亭,SCN_PHONE,CAM_PHONE_02_APPROACH_CLOSE,storyboard,A,visual_assets/pure/micro_storyboard/B05/MSB151_v001.png,visual_assets/annotated/micro_storyboard/B05/MSB151_v001_annotated.png,"Create a pure cinematic film still for AIGC video generation, 16:9 landscape, high-resolution, photoreal Chinese dreamcore realism, 1990s small-town China, humid yellowed childhood memory, low light, restrained VHS grain, real old clothes, lived-in surfaces, no visible text or annotations. Use the whitebox reference for composition and spatial relationship: whitebox_renders_v2/B05/WB2_PHONE_MSB151.png. Panel MSB151, Clip 16 靠近电话亭, time 04:32. Scene lock: SCN_PHONE. Camera reference: CAM_PHONE_02_APPROACH_CLOSE. Shot size: 特写. Beat: 伸手又缩. Visual focus: 小川手伸向电话亭边缘又缩回一点，指尖颤. Character focus: 小川/道具. Expression: 犹豫. Blocking and motion: 伸手-停-缩. Continuity anchors: 小川从左侧黑暗靠近，电话亭暖白光，红领巾、浅绿书包边缘，旧电话亭材质. Story stage: S6_CORRIDOR_PHONE_SHOCK / corridor phone shock. Character stage lock: Xiao Chuan enters the abandoned corridor and slows under the phone booth pull.. Wardrobe state: Carry over the escape dirt: wet gray on face, hands, bag strap and sleeves.. Emotion state: Shock, dissociation, listening, moving as if pulled by the ring.. Environment stage lock: Cold green corridor, long perspective, fluorescent flicker, warm white phone booth glow.. Identity locks: A Lei is the tall older brother with old thin metal-frame glasses, a blue worn tracksuit, protective posture, and a habit of pushing his glasses. Xiao Chuan is the middle/protagonist boy with round eyes, a slightly protruding right ear, half-open mouth, red scarf, blue school jacket and green schoolbag, often gripping the bag straps. Xiao Man is the smallest younger brother with a round head, rounder body, timid downcast eyes, warm old vest or pale shirt, hands gripping his hem, toes turned inward. Binzi is the short bully boss with dyed yellow hair and a compact aggressive body. The other three bullies must have distinct tall-thin, heavy, and errand-runner silhouettes. The image must look like a final movie frame or clean keyframe, not a storyboard drawing.","No text, no captions, no Chinese characters, no English letters, no labels, no arrows, no diagrams, no storyboard frame, no contact sheet, no sketch lines, no watermark. Avoid modern phones, modern cars, LED shop signs, polished mall interiors, fashionable contemporary clothes, glossy advertisement lighting, heroic violence, gore, blood focus, glamorized fighting, or characters looking like adults. Avoid panel-specific problems: 主角变脸、现代电话亭、科幻屏幕、换服装、电话亭位置改变. Do not lose the escape dirt; do not return to arcade lighting or show modern phone hardware.","Follow whitebox_renders_v2/B05/WB2_PHONE_MSB151.png; preserve axis, scale, foreground/midground/background, and subject blocking.",S6_CORRIDOR_PHONE_SHOCK,corridor phone shock,Xiao Chuan enters the abandoned corridor and slows under the phone booth pull.,"Carry over the escape dirt: wet gray on face, hands, bag strap and sleeves.","Shock, dissociation, listening, moving as if pulled by the ring.","Cold green corridor, long perspective, fluorescent flicker, warm white phone booth glow.",whitebox_renders_v2/B05/WB2_PHONE_MSB151.png
MSB152,B05,16,靠近电话亭,SCN_PHONE,CAM_PHONE_02_APPROACH_CLOSE,keyframe,A,visual_assets/pure/micro_storyboard/B05/MSB152_v001.png,visual_assets/annotated/micro_storyboard/B05/MSB152_v001_annotated.png,"Create a pure cinematic film still for AIGC video generation, 16:9 landscape, high-resolution, photoreal Chinese dreamcore realism, 1990s small-town China, humid yellowed childhood memory, low light, restrained VHS grain, real old clothes, lived-in surfaces, no visible text or annotations. Use the whitebox reference for composition and spatial relationship: whitebox_renders_v2/B05/WB2_PHONE_MSB152.png. Panel MSB152, Clip 16 靠近电话亭, time 04:34. Scene lock: SCN_PHONE. Camera reference: CAM_PHONE_02_APPROACH_CLOSE. Shot size: 中景. Beat: 站到电话亭前. Visual focus: 小川站在电话亭前，小身体被暖光包住，背后仍是冷绿走廊. Character focus: 小川/电话亭. Expression: 无处可去后的安静. Blocking and motion: 停住. Continuity anchors: 小川从左侧黑暗靠近，电话亭暖白光，红领巾、浅绿书包边缘，旧电话亭材质. Story stage: S6_CORRIDOR_PHONE_SHOCK / corridor phone shock. Character stage lock: Xiao Chuan enters the abandoned corridor and slows under the phone booth pull.. Wardrobe state: Carry over the escape dirt: wet gray on face, hands, bag strap and sleeves.. Emotion state: Shock, dissociation, listening, moving as if pulled by the ring.. Environment stage lock: Cold green corridor, long perspective, fluorescent flicker, warm white phone booth glow.. Identity locks: A Lei is the tall older brother with old thin metal-frame glasses, a blue worn tracksuit, protective posture, and a habit of pushing his glasses. Xiao Chuan is the middle/protagonist boy with round eyes, a slightly protruding right ear, half-open mouth, red scarf, blue school jacket and green schoolbag, often gripping the bag straps. Xiao Man is the smallest younger brother with a round head, rounder body, timid downcast eyes, warm old vest or pale shirt, hands gripping his hem, toes turned inward. Binzi is the short bully boss with dyed yellow hair and a compact aggressive body. The other three bullies must have distinct tall-thin, heavy, and errand-runner silhouettes. The image must look like a final movie frame or clean keyframe, not a storyboard drawing.","No text, no captions, no Chinese characters, no English letters, no labels, no arrows, no diagrams, no storyboard frame, no contact sheet, no sketch lines, no watermark. Avoid modern phones, modern cars, LED shop signs, polished mall interiors, fashionable contemporary clothes, glossy advertisement lighting, heroic violence, gore, blood focus, glamorized fighting, or characters looking like adults. Avoid panel-specific problems: 主角变脸、现代电话亭、科幻屏幕、换服装、电话亭位置改变. Do not lose the escape dirt; do not return to arcade lighting or show modern phone hardware.","Follow whitebox_renders_v2/B05/WB2_PHONE_MSB152.png; preserve axis, scale, foreground/midground/background, and subject blocking.",S6_CORRIDOR_PHONE_SHOCK,corridor phone shock,Xiao Chuan enters the abandoned corridor and slows under the phone booth pull.,"Carry over the escape dirt: wet gray on face, hands, bag strap and sleeves.","Shock, dissociation, listening, moving as if pulled by the ring.","Cold green corridor, long perspective, fluorescent flicker, warm white phone booth glow.",whitebox_renders_v2/B05/WB2_PHONE_MSB152.png
MSB153,B05,16,靠近电话亭,SCN_PHONE,CAM_PHONE_02_APPROACH_CLOSE,storyboard,B,visual_assets/pure/micro_storyboard/B05/MSB153_v001.png,visual_assets/annotated/micro_storyboard/B05/MSB153_v001_annotated.png,"Create a pure cinematic film still for AIGC video generation, 16:9 landscape, high-resolution, photoreal Chinese dreamcore realism, 1990s small-town China, humid yellowed childhood memory, low light, restrained VHS grain, real old clothes, lived-in surfaces, no visible text or annotations. Use the whitebox reference for composition and spatial relationship: whitebox_renders_v2/B05/WB2_PHONE_MSB153.png. Panel MSB153, Clip 16 靠近电话亭, time 04:36. Scene lock: SCN_PHONE. Camera reference: CAM_PHONE_02_APPROACH_CLOSE. Shot size: 特写. Beat: 铃声压迫. Visual focus: 旧电话听筒轻微震动或铃声源头被强调，塑料旧化清楚. Character focus: 电话/道具. Expression: 无人物，铃声逼近. Blocking and motion: 固定特写. Continuity anchors: 小川从左侧黑暗靠近，电话亭暖白光，红领巾、浅绿书包边缘，旧电话亭材质. Story stage: S6_CORRIDOR_PHONE_SHOCK / corridor phone shock. Character stage lock: Xiao Chuan enters the abandoned corridor and slows under the phone booth pull.. Wardrobe state: Carry over the escape dirt: wet gray on face, hands, bag strap and sleeves.. Emotion state: Shock, dissociation, listening, moving as if pulled by the ring.. Environment stage lock: Cold green corridor, long perspective, fluorescent flicker, warm white phone booth glow.. Identity locks: A Lei is the tall older brother with old thin metal-frame glasses, a blue worn tracksuit, protective posture, and a habit of pushing his glasses. Xiao Chuan is the middle/protagonist boy with round eyes, a slightly protruding right ear, half-open mouth, red scarf, blue school jacket and green schoolbag, often gripping the bag straps. Xiao Man is the smallest younger brother with a round head, rounder body, timid downcast eyes, warm old vest or pale shirt, hands gripping his hem, toes turned inward. Binzi is the short bully boss with dyed yellow hair and a compact aggressive body. The other three bullies must have distinct tall-thin, heavy, and errand-runner silhouettes. The image must look like a final movie frame or clean keyframe, not a storyboard drawing.","No text, no captions, no Chinese characters, no English letters, no labels, no arrows, no diagrams, no storyboard frame, no contact sheet, no sketch lines, no watermark. Avoid modern phones, modern cars, LED shop signs, polished mall interiors, fashionable contemporary clothes, glossy advertisement lighting, heroic violence, gore, blood focus, glamorized fighting, or characters looking like adults. Avoid panel-specific problems: 主角变脸、现代电话亭、科幻屏幕、换服装、电话亭位置改变. Do not lose the escape dirt; do not return to arcade lighting or show modern phone hardware.","Follow whitebox_renders_v2/B05/WB2_PHONE_MSB153.png; preserve axis, scale, foreground/midground/background, and subject blocking.",S6_CORRIDOR_PHONE_SHOCK,corridor phone shock,Xiao Chuan enters the abandoned corridor and slows under the phone booth pull.,"Carry over the escape dirt: wet gray on face, hands, bag strap and sleeves.","Shock, dissociation, listening, moving as if pulled by the ring.","Cold green corridor, long perspective, fluorescent flicker, warm white phone booth glow.",whitebox_renders_v2/B05/WB2_PHONE_MSB153.png
MSB154,B05,16,靠近电话亭,SCN_PHONE,CAM_PHONE_02_APPROACH_CLOSE,end_frame,A,visual_assets/pure/micro_storyboard/B05/MSB154_v001.png,visual_assets/annotated/micro_storyboard/B05/MSB154_v001_annotated.png,"Create a pure cinematic film still for AIGC video generation, 16:9 landscape, high-resolution, photoreal Chinese dreamcore realism, 1990s small-town China, humid yellowed childhood memory, low light, restrained VHS grain, real old clothes, lived-in surfaces, no visible text or annotations. Use the whitebox reference for composition and spatial relationship: whitebox_renders_v2/B05/WB2_PHONE_MSB154.png. Panel MSB154, Clip 16 靠近电话亭, time 04:38. Scene lock: SCN_PHONE. Camera reference: CAM_PHONE_02_APPROACH_CLOSE. Shot size: 中近景. Beat: 手准备拿起. Visual focus: 小川手悬在听筒旁，眼泪没落，呼吸压住. Character focus: 小川/电话. Expression: 决定不是勇敢，是被迫. Blocking and motion: 手悬停. Continuity anchors: 小川从左侧黑暗靠近，电话亭暖白光，红领巾、浅绿书包边缘，旧电话亭材质. Story stage: S6_CORRIDOR_PHONE_SHOCK / corridor phone shock. Character stage lock: Xiao Chuan enters the abandoned corridor and slows under the phone booth pull.. Wardrobe state: Carry over the escape dirt: wet gray on face, hands, bag strap and sleeves.. Emotion state: Shock, dissociation, listening, moving as if pulled by the ring.. Environment stage lock: Cold green corridor, long perspective, fluorescent flicker, warm white phone booth glow.. Identity locks: A Lei is the tall older brother with old thin metal-frame glasses, a blue worn tracksuit, protective posture, and a habit of pushing his glasses. Xiao Chuan is the middle/protagonist boy with round eyes, a slightly protruding right ear, half-open mouth, red scarf, blue school jacket and green schoolbag, often gripping the bag straps. Xiao Man is the smallest younger brother with a round head, rounder body, timid downcast eyes, warm old vest or pale shirt, hands gripping his hem, toes turned inward. Binzi is the short bully boss with dyed yellow hair and a compact aggressive body. The other three bullies must have distinct tall-thin, heavy, and errand-runner silhouettes. The image must look like a final movie frame or clean keyframe, not a storyboard drawing.","No text, no captions, no Chinese characters, no English letters, no labels, no arrows, no diagrams, no storyboard frame, no contact sheet, no sketch lines, no watermark. Avoid modern phones, modern cars, LED shop signs, polished mall interiors, fashionable contemporary clothes, glossy advertisement lighting, heroic violence, gore, blood focus, glamorized fighting, or characters looking like adults. Avoid panel-specific problems: 主角变脸、现代电话亭、科幻屏幕、换服装、电话亭位置改变. Do not lose the escape dirt; do not return to arcade lighting or show modern phone hardware.","Follow whitebox_renders_v2/B05/WB2_PHONE_MSB154.png; preserve axis, scale, foreground/midground/background, and subject blocking.",S6_CORRIDOR_PHONE_SHOCK,corridor phone shock,Xiao Chuan enters the abandoned corridor and slows under the phone booth pull.,"Carry over the escape dirt: wet gray on face, hands, bag strap and sleeves.","Shock, dissociation, listening, moving as if pulled by the ring.","Cold green corridor, long perspective, fluorescent flicker, warm white phone booth glow.",whitebox_renders_v2/B05/WB2_PHONE_MSB154.png
MSB155,B06,17,接起电话,SCN_PHONE,CAM_PHONE_03_RECEIVER_INSERT,start_frame,A,visual_assets/pure/micro_storyboard/B06/MSB155_v001.png,visual_assets/annotated/micro_storyboard/B06/MSB155_v001_annotated.png,"Create a pure cinematic film still for AIGC video generation, 16:9 landscape, high-resolution, photoreal Chinese dreamcore realism, 1990s small-town China, humid yellowed childhood memory, low light, restrained VHS grain, real old clothes, lived-in surfaces, no visible text or annotations. Use the whitebox reference for composition and spatial relationship: whitebox_renders_v2/B06/WB2_PHONE_MSB155.png. Panel MSB155, Clip 17 接起电话, time 04:40. Scene lock: SCN_PHONE. Camera reference: CAM_PHONE_03_RECEIVER_INSERT. Shot size: 特写. Beat: 听筒静止. Visual focus: 旧电话听筒安静挂着，暖白光照出塑料划痕. Character focus: 电话. Expression: 无人物，物件压力. Blocking and motion: fixed close-up. Continuity anchors: 旧电话听筒、暖白光、冷绿背景边缘、小川颤抖的手、电话线. Story stage: S7_PHONE_ELECTRONICIZATION / phone electronicization. Character stage lock: Xiao Chuan is pulled into electronicization and pixel slicing.. Wardrobe state: Keep S6 dirt while adding scanline edges, pixel blocks, and color-channel separation.. Emotion state: Fear becomes blank focus, as if the world is parsing him.. Environment stage lock: The phone booth stays fixed while the real space flattens into electronic layers.. Identity locks: A Lei is the tall older brother with old thin metal-frame glasses, a blue worn tracksuit, protective posture, and a habit of pushing his glasses. Xiao Chuan is the middle/protagonist boy with round eyes, a slightly protruding right ear, half-open mouth, red scarf, blue school jacket and green schoolbag, often gripping the bag straps. Xiao Man is the smallest younger brother with a round head, rounder body, timid downcast eyes, warm old vest or pale shirt, hands gripping his hem, toes turned inward. Binzi is the short bully boss with dyed yellow hair and a compact aggressive body. The other three bullies must have distinct tall-thin, heavy, and errand-runner silhouettes. The image must look like a final movie frame or clean keyframe, not a storyboard drawing.","No text, no captions, no Chinese characters, no English letters, no labels, no arrows, no diagrams, no storyboard frame, no contact sheet, no sketch lines, no watermark. Avoid modern phones, modern cars, LED shop signs, polished mall interiors, fashionable contemporary clothes, glossy advertisement lighting, heroic violence, gore, blood focus, glamorized fighting, or characters looking like adults. Avoid panel-specific problems: 智能手机、现代电缆、手指畸形、镜头漂移、突然科幻化. Do not replace identity anchors with generic sci-fi; keep it 1990s arcade-electronic.","Follow whitebox_renders_v2/B06/WB2_PHONE_MSB155.png; preserve axis, scale, foreground/midground/background, and subject blocking.",S7_PHONE_ELECTRONICIZATION,phone electronicization,Xiao Chuan is pulled into electronicization and pixel slicing.,"Keep S6 dirt while adding scanline edges, pixel blocks, and color-channel separation.","Fear becomes blank focus, as if the world is parsing him.",The phone booth stays fixed while the real space flattens into electronic layers.,whitebox_renders_v2/B06/WB2_PHONE_MSB155.png
MSB156,B06,17,接起电话,SCN_PHONE,CAM_PHONE_03_RECEIVER_INSERT,storyboard,A,visual_assets/pure/micro_storyboard/B06/MSB156_v001.png,visual_assets/annotated/micro_storyboard/B06/MSB156_v001_annotated.png,"Create a pure cinematic film still for AIGC video generation, 16:9 landscape, high-resolution, photoreal Chinese dreamcore realism, 1990s small-town China, humid yellowed childhood memory, low light, restrained VHS grain, real old clothes, lived-in surfaces, no visible text or annotations. Use the whitebox reference for composition and spatial relationship: whitebox_renders_v2/B06/WB2_PHONE_MSB156.png. Panel MSB156, Clip 17 接起电话, time 04:41. Scene lock: SCN_PHONE. Camera reference: CAM_PHONE_03_RECEIVER_INSERT. Shot size: 特写. Beat: 手进入画面. Visual focus: 小川的小手从下方进入画面，指尖犹豫. Character focus: 小川/电话. Expression: 紧张. Blocking and motion: 手慢慢靠近. Continuity anchors: 旧电话听筒、暖白光、冷绿背景边缘、小川颤抖的手、电话线. Story stage: S7_PHONE_ELECTRONICIZATION / phone electronicization. Character stage lock: Xiao Chuan is pulled into electronicization and pixel slicing.. Wardrobe state: Keep S6 dirt while adding scanline edges, pixel blocks, and color-channel separation.. Emotion state: Fear becomes blank focus, as if the world is parsing him.. Environment stage lock: The phone booth stays fixed while the real space flattens into electronic layers.. Identity locks: A Lei is the tall older brother with old thin metal-frame glasses, a blue worn tracksuit, protective posture, and a habit of pushing his glasses. Xiao Chuan is the middle/protagonist boy with round eyes, a slightly protruding right ear, half-open mouth, red scarf, blue school jacket and green schoolbag, often gripping the bag straps. Xiao Man is the smallest younger brother with a round head, rounder body, timid downcast eyes, warm old vest or pale shirt, hands gripping his hem, toes turned inward. Binzi is the short bully boss with dyed yellow hair and a compact aggressive body. The other three bullies must have distinct tall-thin, heavy, and errand-runner silhouettes. The image must look like a final movie frame or clean keyframe, not a storyboard drawing.","No text, no captions, no Chinese characters, no English letters, no labels, no arrows, no diagrams, no storyboard frame, no contact sheet, no sketch lines, no watermark. Avoid modern phones, modern cars, LED shop signs, polished mall interiors, fashionable contemporary clothes, glossy advertisement lighting, heroic violence, gore, blood focus, glamorized fighting, or characters looking like adults. Avoid panel-specific problems: 智能手机、现代电缆、手指畸形、镜头漂移、突然科幻化. Do not replace identity anchors with generic sci-fi; keep it 1990s arcade-electronic.","Follow whitebox_renders_v2/B06/WB2_PHONE_MSB156.png; preserve axis, scale, foreground/midground/background, and subject blocking.",S7_PHONE_ELECTRONICIZATION,phone electronicization,Xiao Chuan is pulled into electronicization and pixel slicing.,"Keep S6 dirt while adding scanline edges, pixel blocks, and color-channel separation.","Fear becomes blank focus, as if the world is parsing him.",The phone booth stays fixed while the real space flattens into electronic layers.,whitebox_renders_v2/B06/WB2_PHONE_MSB156.png
MSB157,B06,17,接起电话,SCN_PHONE,CAM_PHONE_03_RECEIVER_INSERT,storyboard,A,visual_assets/pure/micro_storyboard/B06/MSB157_v001.png,visual_assets/annotated/micro_storyboard/B06/MSB157_v001_annotated.png,"Create a pure cinematic film still for AIGC video generation, 16:9 landscape, high-resolution, photoreal Chinese dreamcore realism, 1990s small-town China, humid yellowed childhood memory, low light, restrained VHS grain, real old clothes, lived-in surfaces, no visible text or annotations. Use the whitebox reference for composition and spatial relationship: whitebox_renders_v2/B06/WB2_PHONE_MSB157.png. Panel MSB157, Clip 17 接起电话, time 04:42. Scene lock: SCN_PHONE. Camera reference: CAM_PHONE_03_RECEIVER_INSERT. Shot size: 极近景. Beat: 指尖碰到听筒. Visual focus: 指尖刚碰到旧听筒，手指发僵. Character focus: 小川/电话. Expression: 触碰恐惧. Blocking and motion: 微颤. Continuity anchors: 旧电话听筒、暖白光、冷绿背景边缘、小川颤抖的手、电话线. Story stage: S7_PHONE_ELECTRONICIZATION / phone electronicization. Character stage lock: Xiao Chuan is pulled into electronicization and pixel slicing.. Wardrobe state: Keep S6 dirt while adding scanline edges, pixel blocks, and color-channel separation.. Emotion state: Fear becomes blank focus, as if the world is parsing him.. Environment stage lock: The phone booth stays fixed while the real space flattens into electronic layers.. Identity locks: A Lei is the tall older brother with old thin metal-frame glasses, a blue worn tracksuit, protective posture, and a habit of pushing his glasses. Xiao Chuan is the middle/protagonist boy with round eyes, a slightly protruding right ear, half-open mouth, red scarf, blue school jacket and green schoolbag, often gripping the bag straps. Xiao Man is the smallest younger brother with a round head, rounder body, timid downcast eyes, warm old vest or pale shirt, hands gripping his hem, toes turned inward. Binzi is the short bully boss with dyed yellow hair and a compact aggressive body. The other three bullies must have distinct tall-thin, heavy, and errand-runner silhouettes. The image must look like a final movie frame or clean keyframe, not a storyboard drawing.","No text, no captions, no Chinese characters, no English letters, no labels, no arrows, no diagrams, no storyboard frame, no contact sheet, no sketch lines, no watermark. Avoid modern phones, modern cars, LED shop signs, polished mall interiors, fashionable contemporary clothes, glossy advertisement lighting, heroic violence, gore, blood focus, glamorized fighting, or characters looking like adults. Avoid panel-specific problems: 智能手机、现代电缆、手指畸形、镜头漂移、突然科幻化. Do not replace identity anchors with generic sci-fi; keep it 1990s arcade-electronic.","Follow whitebox_renders_v2/B06/WB2_PHONE_MSB157.png; preserve axis, scale, foreground/midground/background, and subject blocking.",S7_PHONE_ELECTRONICIZATION,phone electronicization,Xiao Chuan is pulled into electronicization and pixel slicing.,"Keep S6 dirt while adding scanline edges, pixel blocks, and color-channel separation.","Fear becomes blank focus, as if the world is parsing him.",The phone booth stays fixed while the real space flattens into electronic layers.,whitebox_renders_v2/B06/WB2_PHONE_MSB157.png
MSB158,B06,17,接起电话,SCN_PHONE,CAM_PHONE_03_RECEIVER_INSERT,keyframe,A,visual_assets/pure/micro_storyboard/B06/MSB158_v001.png,visual_assets/annotated/micro_storyboard/B06/MSB158_v001_annotated.png,"Create a pure cinematic film still for AIGC video generation, 16:9 landscape, high-resolution, photoreal Chinese dreamcore realism, 1990s small-town China, humid yellowed childhood memory, low light, restrained VHS grain, real old clothes, lived-in surfaces, no visible text or annotations. Use the whitebox reference for composition and spatial relationship: whitebox_renders_v2/B06/WB2_PHONE_MSB158.png. Panel MSB158, Clip 17 接起电话, time 04:44. Scene lock: SCN_PHONE. Camera reference: CAM_PHONE_03_RECEIVER_INSERT. Shot size: 特写. Beat: 听筒离座. Visual focus: 听筒被轻轻拿起，底座弹起，电话线开始晃. Character focus: 电话/小川. Expression: 动作小但不可逆. Blocking and motion: 向上拿起. Continuity anchors: 旧电话听筒、暖白光、冷绿背景边缘、小川颤抖的手、电话线. Story stage: S7_PHONE_ELECTRONICIZATION / phone electronicization. Character stage lock: Xiao Chuan is pulled into electronicization and pixel slicing.. Wardrobe state: Keep S6 dirt while adding scanline edges, pixel blocks, and color-channel separation.. Emotion state: Fear becomes blank focus, as if the world is parsing him.. Environment stage lock: The phone booth stays fixed while the real space flattens into electronic layers.. Identity locks: A Lei is the tall older brother with old thin metal-frame glasses, a blue worn tracksuit, protective posture, and a habit of pushing his glasses. Xiao Chuan is the middle/protagonist boy with round eyes, a slightly protruding right ear, half-open mouth, red scarf, blue school jacket and green schoolbag, often gripping the bag straps. Xiao Man is the smallest younger brother with a round head, rounder body, timid downcast eyes, warm old vest or pale shirt, hands gripping his hem, toes turned inward. Binzi is the short bully boss with dyed yellow hair and a compact aggressive body. The other three bullies must have distinct tall-thin, heavy, and errand-runner silhouettes. The image must look like a final movie frame or clean keyframe, not a storyboard drawing.","No text, no captions, no Chinese characters, no English letters, no labels, no arrows, no diagrams, no storyboard frame, no contact sheet, no sketch lines, no watermark. Avoid modern phones, modern cars, LED shop signs, polished mall interiors, fashionable contemporary clothes, glossy advertisement lighting, heroic violence, gore, blood focus, glamorized fighting, or characters looking like adults. Avoid panel-specific problems: 智能手机、现代电缆、手指畸形、镜头漂移、突然科幻化. Do not replace identity anchors with generic sci-fi; keep it 1990s arcade-electronic.","Follow whitebox_renders_v2/B06/WB2_PHONE_MSB158.png; preserve axis, scale, foreground/midground/background, and subject blocking.",S7_PHONE_ELECTRONICIZATION,phone electronicization,Xiao Chuan is pulled into electronicization and pixel slicing.,"Keep S6 dirt while adding scanline edges, pixel blocks, and color-channel separation.","Fear becomes blank focus, as if the world is parsing him.",The phone booth stays fixed while the real space flattens into electronic layers.,whitebox_renders_v2/B06/WB2_PHONE_MSB158.png
MSB159,B06,17,接起电话,SCN_PHONE,CAM_PHONE_03_RECEIVER_INSERT,storyboard,B,visual_assets/pure/micro_storyboard/B06/MSB159_v001.png,visual_assets/annotated/micro_storyboard/B06/MSB159_v001_annotated.png,"Create a pure cinematic film still for AIGC video generation, 16:9 landscape, high-resolution, photoreal Chinese dreamcore realism, 1990s small-town China, humid yellowed childhood memory, low light, restrained VHS grain, real old clothes, lived-in surfaces, no visible text or annotations. Use the whitebox reference for composition and spatial relationship: whitebox_renders_v2/B06/WB2_PHONE_MSB159.png. Panel MSB159, Clip 17 接起电话, time 04:45. Scene lock: SCN_PHONE. Camera reference: CAM_PHONE_03_RECEIVER_INSERT. Shot size: 近景. Beat: 电话线晃动. Visual focus: 旧电话线轻轻晃，形状像之后的像素线条. Character focus: 电话线. Expression: 无人物，转场预兆. Blocking and motion: 轻摆. Continuity anchors: 旧电话听筒、暖白光、冷绿背景边缘、小川颤抖的手、电话线. Story stage: S7_PHONE_ELECTRONICIZATION / phone electronicization. Character stage lock: Xiao Chuan is pulled into electronicization and pixel slicing.. Wardrobe state: Keep S6 dirt while adding scanline edges, pixel blocks, and color-channel separation.. Emotion state: Fear becomes blank focus, as if the world is parsing him.. Environment stage lock: The phone booth stays fixed while the real space flattens into electronic layers.. Identity locks: A Lei is the tall older brother with old thin metal-frame glasses, a blue worn tracksuit, protective posture, and a habit of pushing his glasses. Xiao Chuan is the middle/protagonist boy with round eyes, a slightly protruding right ear, half-open mouth, red scarf, blue school jacket and green schoolbag, often gripping the bag straps. Xiao Man is the smallest younger brother with a round head, rounder body, timid downcast eyes, warm old vest or pale shirt, hands gripping his hem, toes turned inward. Binzi is the short bully boss with dyed yellow hair and a compact aggressive body. The other three bullies must have distinct tall-thin, heavy, and errand-runner silhouettes. The image must look like a final movie frame or clean keyframe, not a storyboard drawing.","No text, no captions, no Chinese characters, no English letters, no labels, no arrows, no diagrams, no storyboard frame, no contact sheet, no sketch lines, no watermark. Avoid modern phones, modern cars, LED shop signs, polished mall interiors, fashionable contemporary clothes, glossy advertisement lighting, heroic violence, gore, blood focus, glamorized fighting, or characters looking like adults. Avoid panel-specific problems: 智能手机、现代电缆、手指畸形、镜头漂移、突然科幻化. Do not replace identity anchors with generic sci-fi; keep it 1990s arcade-electronic.","Follow whitebox_renders_v2/B06/WB2_PHONE_MSB159.png; preserve axis, scale, foreground/midground/background, and subject blocking.",S7_PHONE_ELECTRONICIZATION,phone electronicization,Xiao Chuan is pulled into electronicization and pixel slicing.,"Keep S6 dirt while adding scanline edges, pixel blocks, and color-channel separation.","Fear becomes blank focus, as if the world is parsing him.",The phone booth stays fixed while the real space flattens into electronic layers.,whitebox_renders_v2/B06/WB2_PHONE_MSB159.png
MSB160,B06,17,接起电话,SCN_PHONE,CAM_PHONE_03_RECEIVER_INSERT,end_frame,A,visual_assets/pure/micro_storyboard/B06/MSB160_v001.png,visual_assets/annotated/micro_storyboard/B06/MSB160_v001_annotated.png,"Create a pure cinematic film still for AIGC video generation, 16:9 landscape, high-resolution, photoreal Chinese dreamcore realism, 1990s small-town China, humid yellowed childhood memory, low light, restrained VHS grain, real old clothes, lived-in surfaces, no visible text or annotations. Use the whitebox reference for composition and spatial relationship: whitebox_renders_v2/B06/WB2_PHONE_MSB160.png. Panel MSB160, Clip 17 接起电话, time 04:47. Scene lock: SCN_PHONE. Camera reference: CAM_PHONE_03_RECEIVER_INSERT. Shot size: 中近景. Beat: 听筒贴耳. Visual focus: 小川把听筒贴近耳边，眼睛看向空处. Character focus: 小川. Expression: 像听见不该听的东西. Blocking and motion: 手停在耳边. Continuity anchors: 旧电话听筒、暖白光、冷绿背景边缘、小川颤抖的手、电话线. Story stage: S7_PHONE_ELECTRONICIZATION / phone electronicization. Character stage lock: Xiao Chuan is pulled into electronicization and pixel slicing.. Wardrobe state: Keep S6 dirt while adding scanline edges, pixel blocks, and color-channel separation.. Emotion state: Fear becomes blank focus, as if the world is parsing him.. Environment stage lock: The phone booth stays fixed while the real space flattens into electronic layers.. Identity locks: A Lei is the tall older brother with old thin metal-frame glasses, a blue worn tracksuit, protective posture, and a habit of pushing his glasses. Xiao Chuan is the middle/protagonist boy with round eyes, a slightly protruding right ear, half-open mouth, red scarf, blue school jacket and green schoolbag, often gripping the bag straps. Xiao Man is the smallest younger brother with a round head, rounder body, timid downcast eyes, warm old vest or pale shirt, hands gripping his hem, toes turned inward. Binzi is the short bully boss with dyed yellow hair and a compact aggressive body. The other three bullies must have distinct tall-thin, heavy, and errand-runner silhouettes. The image must look like a final movie frame or clean keyframe, not a storyboard drawing.","No text, no captions, no Chinese characters, no English letters, no labels, no arrows, no diagrams, no storyboard frame, no contact sheet, no sketch lines, no watermark. Avoid modern phones, modern cars, LED shop signs, polished mall interiors, fashionable contemporary clothes, glossy advertisement lighting, heroic violence, gore, blood focus, glamorized fighting, or characters looking like adults. Avoid panel-specific problems: 智能手机、现代电缆、手指畸形、镜头漂移、突然科幻化. Do not replace identity anchors with generic sci-fi; keep it 1990s arcade-electronic.","Follow whitebox_renders_v2/B06/WB2_PHONE_MSB160.png; preserve axis, scale, foreground/midground/background, and subject blocking.",S7_PHONE_ELECTRONICIZATION,phone electronicization,Xiao Chuan is pulled into electronicization and pixel slicing.,"Keep S6 dirt while adding scanline edges, pixel blocks, and color-channel separation.","Fear becomes blank focus, as if the world is parsing him.",The phone booth stays fixed while the real space flattens into electronic layers.,whitebox_renders_v2/B06/WB2_PHONE_MSB160.png
MSB161,B06,17,接起电话,SCN_PHONE,CAM_PHONE_03_RECEIVER_INSERT,keyframe,A,visual_assets/pure/micro_storyboard/B06/MSB161_v001.png,visual_assets/annotated/micro_storyboard/B06/MSB161_v001_annotated.png,"Create a pure cinematic film still for AIGC video generation, 16:9 landscape, high-resolution, photoreal Chinese dreamcore realism, 1990s small-town China, humid yellowed childhood memory, low light, restrained VHS grain, real old clothes, lived-in surfaces, no visible text or annotations. Use the whitebox reference for composition and spatial relationship: whitebox_renders_v2/B06/WB2_PHONE_MSB161.png. Panel MSB161, Clip 17 接起电话, time 04:48. Scene lock: SCN_PHONE. Camera reference: CAM_PHONE_03_RECEIVER_INSERT. Shot size: 近景. Beat: 声音进入身体. Visual focus: 小川脸部微微僵住，暖光与冷绿在脸上分裂. Character focus: 小川. Expression: 被系统接入. Blocking and motion: 完全静止一拍. Continuity anchors: 旧电话听筒、暖白光、冷绿背景边缘、小川颤抖的手、电话线. Story stage: S7_PHONE_ELECTRONICIZATION / phone electronicization. Character stage lock: Xiao Chuan is pulled into electronicization and pixel slicing.. Wardrobe state: Keep S6 dirt while adding scanline edges, pixel blocks, and color-channel separation.. Emotion state: Fear becomes blank focus, as if the world is parsing him.. Environment stage lock: The phone booth stays fixed while the real space flattens into electronic layers.. Identity locks: A Lei is the tall older brother with old thin metal-frame glasses, a blue worn tracksuit, protective posture, and a habit of pushing his glasses. Xiao Chuan is the middle/protagonist boy with round eyes, a slightly protruding right ear, half-open mouth, red scarf, blue school jacket and green schoolbag, often gripping the bag straps. Xiao Man is the smallest younger brother with a round head, rounder body, timid downcast eyes, warm old vest or pale shirt, hands gripping his hem, toes turned inward. Binzi is the short bully boss with dyed yellow hair and a compact aggressive body. The other three bullies must have distinct tall-thin, heavy, and errand-runner silhouettes. The image must look like a final movie frame or clean keyframe, not a storyboard drawing.","No text, no captions, no Chinese characters, no English letters, no labels, no arrows, no diagrams, no storyboard frame, no contact sheet, no sketch lines, no watermark. Avoid modern phones, modern cars, LED shop signs, polished mall interiors, fashionable contemporary clothes, glossy advertisement lighting, heroic violence, gore, blood focus, glamorized fighting, or characters looking like adults. Avoid panel-specific problems: 智能手机、现代电缆、手指畸形、镜头漂移、突然科幻化. Do not replace identity anchors with generic sci-fi; keep it 1990s arcade-electronic.","Follow whitebox_renders_v2/B06/WB2_PHONE_MSB161.png; preserve axis, scale, foreground/midground/background, and subject blocking.",S7_PHONE_ELECTRONICIZATION,phone electronicization,Xiao Chuan is pulled into electronicization and pixel slicing.,"Keep S6 dirt while adding scanline edges, pixel blocks, and color-channel separation.","Fear becomes blank focus, as if the world is parsing him.",The phone booth stays fixed while the real space flattens into electronic layers.,whitebox_renders_v2/B06/WB2_PHONE_MSB161.png
MSB162,B06,18,电子化,SCN_PHONE,CAM_PHONE_02_APPROACH_CLOSE,start_frame,A,visual_assets/pure/micro_storyboard/B06/MSB162_v001.png,visual_assets/annotated/micro_storyboard/B06/MSB162_v001_annotated.png,"Create a pure cinematic film still for AIGC video generation, 16:9 landscape, high-resolution, photoreal Chinese dreamcore realism, 1990s small-town China, humid yellowed childhood memory, low light, restrained VHS grain, real old clothes, lived-in surfaces, no visible text or annotations. Use the whitebox reference for composition and spatial relationship: whitebox_renders_v2/B06/WB2_PHONE_MSB162.png. Panel MSB162, Clip 18 电子化, time 04:50. Scene lock: SCN_PHONE. Camera reference: CAM_PHONE_02_APPROACH_CLOSE. Shot size: 特写. Beat: 电话线起扫描. Visual focus: 电话线表面出现细微 CRT 扫描线，不是科幻电流. Character focus: 电话线. Expression: 无人物，变化起点. Blocking and motion: 线条轻闪. Continuity anchors: 电话线、CRT 扫描线、主角身体轮廓、电话亭固定、走廊边缘像素化. Story stage: S7_PHONE_ELECTRONICIZATION / phone electronicization. Character stage lock: Xiao Chuan is pulled into electronicization and pixel slicing.. Wardrobe state: Keep S6 dirt while adding scanline edges, pixel blocks, and color-channel separation.. Emotion state: Fear becomes blank focus, as if the world is parsing him.. Environment stage lock: The phone booth stays fixed while the real space flattens into electronic layers.. Identity locks: A Lei is the tall older brother with old thin metal-frame glasses, a blue worn tracksuit, protective posture, and a habit of pushing his glasses. Xiao Chuan is the middle/protagonist boy with round eyes, a slightly protruding right ear, half-open mouth, red scarf, blue school jacket and green schoolbag, often gripping the bag straps. Xiao Man is the smallest younger brother with a round head, rounder body, timid downcast eyes, warm old vest or pale shirt, hands gripping his hem, toes turned inward. Binzi is the short bully boss with dyed yellow hair and a compact aggressive body. The other three bullies must have distinct tall-thin, heavy, and errand-runner silhouettes. The image must look like a final movie frame or clean keyframe, not a storyboard drawing.","No text, no captions, no Chinese characters, no English letters, no labels, no arrows, no diagrams, no storyboard frame, no contact sheet, no sketch lines, no watermark. Avoid modern phones, modern cars, LED shop signs, polished mall interiors, fashionable contemporary clothes, glossy advertisement lighting, heroic violence, gore, blood focus, glamorized fighting, or characters looking like adults. Avoid panel-specific problems: 绿色代码雨、未来城市、机器人化、突然换成3D游戏、主角离开电话亭. Do not replace identity anchors with generic sci-fi; keep it 1990s arcade-electronic.","Follow whitebox_renders_v2/B06/WB2_PHONE_MSB162.png; preserve axis, scale, foreground/midground/background, and subject blocking.",S7_PHONE_ELECTRONICIZATION,phone electronicization,Xiao Chuan is pulled into electronicization and pixel slicing.,"Keep S6 dirt while adding scanline edges, pixel blocks, and color-channel separation.","Fear becomes blank focus, as if the world is parsing him.",The phone booth stays fixed while the real space flattens into electronic layers.,whitebox_renders_v2/B06/WB2_PHONE_MSB162.png
MSB163,B06,18,电子化,SCN_PHONE,CAM_PHONE_02_APPROACH_CLOSE,storyboard,A,visual_assets/pure/micro_storyboard/B06/MSB163_v001.png,visual_assets/annotated/micro_storyboard/B06/MSB163_v001_annotated.png,"Create a pure cinematic film still for AIGC video generation, 16:9 landscape, high-resolution, photoreal Chinese dreamcore realism, 1990s small-town China, humid yellowed childhood memory, low light, restrained VHS grain, real old clothes, lived-in surfaces, no visible text or annotations. Use the whitebox reference for composition and spatial relationship: whitebox_renders_v2/B06/WB2_PHONE_MSB163.png. Panel MSB163, Clip 18 电子化, time 04:52. Scene lock: SCN_PHONE. Camera reference: CAM_PHONE_02_APPROACH_CLOSE. Shot size: 近景. Beat: 扫描到手腕. Visual focus: 扫描线从听筒沿电话线到小川手腕，手仍颤. Character focus: 小川/电话线. Expression: 惊住. Blocking and motion: 不移动位置. Continuity anchors: 电话线、CRT 扫描线、主角身体轮廓、电话亭固定、走廊边缘像素化. Story stage: S7_PHONE_ELECTRONICIZATION / phone electronicization. Character stage lock: Xiao Chuan is pulled into electronicization and pixel slicing.. Wardrobe state: Keep S6 dirt while adding scanline edges, pixel blocks, and color-channel separation.. Emotion state: Fear becomes blank focus, as if the world is parsing him.. Environment stage lock: The phone booth stays fixed while the real space flattens into electronic layers.. Identity locks: A Lei is the tall older brother with old thin metal-frame glasses, a blue worn tracksuit, protective posture, and a habit of pushing his glasses. Xiao Chuan is the middle/protagonist boy with round eyes, a slightly protruding right ear, half-open mouth, red scarf, blue school jacket and green schoolbag, often gripping the bag straps. Xiao Man is the smallest younger brother with a round head, rounder body, timid downcast eyes, warm old vest or pale shirt, hands gripping his hem, toes turned inward. Binzi is the short bully boss with dyed yellow hair and a compact aggressive body. The other three bullies must have distinct tall-thin, heavy, and errand-runner silhouettes. The image must look like a final movie frame or clean keyframe, not a storyboard drawing.","No text, no captions, no Chinese characters, no English letters, no labels, no arrows, no diagrams, no storyboard frame, no contact sheet, no sketch lines, no watermark. Avoid modern phones, modern cars, LED shop signs, polished mall interiors, fashionable contemporary clothes, glossy advertisement lighting, heroic violence, gore, blood focus, glamorized fighting, or characters looking like adults. Avoid panel-specific problems: 绿色代码雨、未来城市、机器人化、突然换成3D游戏、主角离开电话亭. Do not replace identity anchors with generic sci-fi; keep it 1990s arcade-electronic.","Follow whitebox_renders_v2/B06/WB2_PHONE_MSB163.png; preserve axis, scale, foreground/midground/background, and subject blocking.",S7_PHONE_ELECTRONICIZATION,phone electronicization,Xiao Chuan is pulled into electronicization and pixel slicing.,"Keep S6 dirt while adding scanline edges, pixel blocks, and color-channel separation.","Fear becomes blank focus, as if the world is parsing him.",The phone booth stays fixed while the real space flattens into electronic layers.,whitebox_renders_v2/B06/WB2_PHONE_MSB163.png
MSB164,B06,18,电子化,SCN_PHONE,CAM_PHONE_02_APPROACH_CLOSE,storyboard,A,visual_assets/pure/micro_storyboard/B06/MSB164_v001.png,visual_assets/annotated/micro_storyboard/B06/MSB164_v001_annotated.png,"Create a pure cinematic film still for AIGC video generation, 16:9 landscape, high-resolution, photoreal Chinese dreamcore realism, 1990s small-town China, humid yellowed childhood memory, low light, restrained VHS grain, real old clothes, lived-in surfaces, no visible text or annotations. Use the whitebox reference for composition and spatial relationship: whitebox_renders_v2/B06/WB2_PHONE_MSB164.png. Panel MSB164, Clip 18 电子化, time 04:54. Scene lock: SCN_PHONE. Camera reference: CAM_PHONE_02_APPROACH_CLOSE. Shot size: 近景. Beat: 红领巾色块化. Visual focus: 小川红领巾边缘出现低分辨率色块，但脸仍真实. Character focus: 小川. Expression: 恐惧凝固. Blocking and motion: 像素从边缘开始. Continuity anchors: 电话线、CRT 扫描线、主角身体轮廓、电话亭固定、走廊边缘像素化. Story stage: S7_PHONE_ELECTRONICIZATION / phone electronicization. Character stage lock: Xiao Chuan is pulled into electronicization and pixel slicing.. Wardrobe state: Keep S6 dirt while adding scanline edges, pixel blocks, and color-channel separation.. Emotion state: Fear becomes blank focus, as if the world is parsing him.. Environment stage lock: The phone booth stays fixed while the real space flattens into electronic layers.. Identity locks: A Lei is the tall older brother with old thin metal-frame glasses, a blue worn tracksuit, protective posture, and a habit of pushing his glasses. Xiao Chuan is the middle/protagonist boy with round eyes, a slightly protruding right ear, half-open mouth, red scarf, blue school jacket and green schoolbag, often gripping the bag straps. Xiao Man is the smallest younger brother with a round head, rounder body, timid downcast eyes, warm old vest or pale shirt, hands gripping his hem, toes turned inward. Binzi is the short bully boss with dyed yellow hair and a compact aggressive body. The other three bullies must have distinct tall-thin, heavy, and errand-runner silhouettes. The image must look like a final movie frame or clean keyframe, not a storyboard drawing.","No text, no captions, no Chinese characters, no English letters, no labels, no arrows, no diagrams, no storyboard frame, no contact sheet, no sketch lines, no watermark. Avoid modern phones, modern cars, LED shop signs, polished mall interiors, fashionable contemporary clothes, glossy advertisement lighting, heroic violence, gore, blood focus, glamorized fighting, or characters looking like adults. Avoid panel-specific problems: 绿色代码雨、未来城市、机器人化、突然换成3D游戏、主角离开电话亭. Do not replace identity anchors with generic sci-fi; keep it 1990s arcade-electronic.","Follow whitebox_renders_v2/B06/WB2_PHONE_MSB164.png; preserve axis, scale, foreground/midground/background, and subject blocking.",S7_PHONE_ELECTRONICIZATION,phone electronicization,Xiao Chuan is pulled into electronicization and pixel slicing.,"Keep S6 dirt while adding scanline edges, pixel blocks, and color-channel separation.","Fear becomes blank focus, as if the world is parsing him.",The phone booth stays fixed while the real space flattens into electronic layers.,whitebox_renders_v2/B06/WB2_PHONE_MSB164.png
MSB165,B06,18,电子化,SCN_PHONE,CAM_PHONE_02_APPROACH_CLOSE,storyboard,B,visual_assets/pure/micro_storyboard/B06/MSB165_v001.png,visual_assets/annotated/micro_storyboard/B06/MSB165_v001_annotated.png,"Create a pure cinematic film still for AIGC video generation, 16:9 landscape, high-resolution, photoreal Chinese dreamcore realism, 1990s small-town China, humid yellowed childhood memory, low light, restrained VHS grain, real old clothes, lived-in surfaces, no visible text or annotations. Use the whitebox reference for composition and spatial relationship: whitebox_renders_v2/B06/WB2_PHONE_MSB165.png. Panel MSB165, Clip 18 电子化, time 04:56. Scene lock: SCN_PHONE. Camera reference: CAM_PHONE_02_APPROACH_CLOSE. Shot size: 中近景. Beat: 书包变色块. Visual focus: 浅绿色书包边缘被像素块切开，身份锚点保留. Character focus: 小川/书包. Expression: 不明所以. Blocking and motion: 身体不动. Continuity anchors: 电话线、CRT 扫描线、主角身体轮廓、电话亭固定、走廊边缘像素化. Story stage: S7_PHONE_ELECTRONICIZATION / phone electronicization. Character stage lock: Xiao Chuan is pulled into electronicization and pixel slicing.. Wardrobe state: Keep S6 dirt while adding scanline edges, pixel blocks, and color-channel separation.. Emotion state: Fear becomes blank focus, as if the world is parsing him.. Environment stage lock: The phone booth stays fixed while the real space flattens into electronic layers.. Identity locks: A Lei is the tall older brother with old thin metal-frame glasses, a blue worn tracksuit, protective posture, and a habit of pushing his glasses. Xiao Chuan is the middle/protagonist boy with round eyes, a slightly protruding right ear, half-open mouth, red scarf, blue school jacket and green schoolbag, often gripping the bag straps. Xiao Man is the smallest younger brother with a round head, rounder body, timid downcast eyes, warm old vest or pale shirt, hands gripping his hem, toes turned inward. Binzi is the short bully boss with dyed yellow hair and a compact aggressive body. The other three bullies must have distinct tall-thin, heavy, and errand-runner silhouettes. The image must look like a final movie frame or clean keyframe, not a storyboard drawing.","No text, no captions, no Chinese characters, no English letters, no labels, no arrows, no diagrams, no storyboard frame, no contact sheet, no sketch lines, no watermark. Avoid modern phones, modern cars, LED shop signs, polished mall interiors, fashionable contemporary clothes, glossy advertisement lighting, heroic violence, gore, blood focus, glamorized fighting, or characters looking like adults. Avoid panel-specific problems: 绿色代码雨、未来城市、机器人化、突然换成3D游戏、主角离开电话亭. Do not replace identity anchors with generic sci-fi; keep it 1990s arcade-electronic.","Follow whitebox_renders_v2/B06/WB2_PHONE_MSB165.png; preserve axis, scale, foreground/midground/background, and subject blocking.",S7_PHONE_ELECTRONICIZATION,phone electronicization,Xiao Chuan is pulled into electronicization and pixel slicing.,"Keep S6 dirt while adding scanline edges, pixel blocks, and color-channel separation.","Fear becomes blank focus, as if the world is parsing him.",The phone booth stays fixed while the real space flattens into electronic layers.,whitebox_renders_v2/B06/WB2_PHONE_MSB165.png
MSB166,B06,18,电子化,SCN_PHONE,CAM_PHONE_02_APPROACH_CLOSE,keyframe,A,visual_assets/pure/micro_storyboard/B06/MSB166_v001.png,visual_assets/annotated/micro_storyboard/B06/MSB166_v001_annotated.png,"Create a pure cinematic film still for AIGC video generation, 16:9 landscape, high-resolution, photoreal Chinese dreamcore realism, 1990s small-town China, humid yellowed childhood memory, low light, restrained VHS grain, real old clothes, lived-in surfaces, no visible text or annotations. Use the whitebox reference for composition and spatial relationship: whitebox_renders_v2/B06/WB2_PHONE_MSB166.png. Panel MSB166, Clip 18 电子化, time 04:59. Scene lock: SCN_PHONE. Camera reference: CAM_PHONE_02_APPROACH_CLOSE. Shot size: 中景. Beat: 走廊边缘分裂. Visual focus: 电话亭后方走廊墙砖和灯管边缘开始色彩错位. Character focus: 环境. Expression: 空间被重写. Blocking and motion: locked-off. Continuity anchors: 电话线、CRT 扫描线、主角身体轮廓、电话亭固定、走廊边缘像素化. Story stage: S7_PHONE_ELECTRONICIZATION / phone electronicization. Character stage lock: Xiao Chuan is pulled into electronicization and pixel slicing.. Wardrobe state: Keep S6 dirt while adding scanline edges, pixel blocks, and color-channel separation.. Emotion state: Fear becomes blank focus, as if the world is parsing him.. Environment stage lock: The phone booth stays fixed while the real space flattens into electronic layers.. Identity locks: A Lei is the tall older brother with old thin metal-frame glasses, a blue worn tracksuit, protective posture, and a habit of pushing his glasses. Xiao Chuan is the middle/protagonist boy with round eyes, a slightly protruding right ear, half-open mouth, red scarf, blue school jacket and green schoolbag, often gripping the bag straps. Xiao Man is the smallest younger brother with a round head, rounder body, timid downcast eyes, warm old vest or pale shirt, hands gripping his hem, toes turned inward. Binzi is the short bully boss with dyed yellow hair and a compact aggressive body. The other three bullies must have distinct tall-thin, heavy, and errand-runner silhouettes. The image must look like a final movie frame or clean keyframe, not a storyboard drawing.","No text, no captions, no Chinese characters, no English letters, no labels, no arrows, no diagrams, no storyboard frame, no contact sheet, no sketch lines, no watermark. Avoid modern phones, modern cars, LED shop signs, polished mall interiors, fashionable contemporary clothes, glossy advertisement lighting, heroic violence, gore, blood focus, glamorized fighting, or characters looking like adults. Avoid panel-specific problems: 绿色代码雨、未来城市、机器人化、突然换成3D游戏、主角离开电话亭. Do not replace identity anchors with generic sci-fi; keep it 1990s arcade-electronic.","Follow whitebox_renders_v2/B06/WB2_PHONE_MSB166.png; preserve axis, scale, foreground/midground/background, and subject blocking.",S7_PHONE_ELECTRONICIZATION,phone electronicization,Xiao Chuan is pulled into electronicization and pixel slicing.,"Keep S6 dirt while adding scanline edges, pixel blocks, and color-channel separation.","Fear becomes blank focus, as if the world is parsing him.",The phone booth stays fixed while the real space flattens into electronic layers.,whitebox_renders_v2/B06/WB2_PHONE_MSB166.png
MSB167,B06,18,电子化,SCN_PHONE,CAM_PHONE_02_APPROACH_CLOSE,storyboard,A,visual_assets/pure/micro_storyboard/B06/MSB167_v001.png,visual_assets/annotated/micro_storyboard/B06/MSB167_v001_annotated.png,"Create a pure cinematic film still for AIGC video generation, 16:9 landscape, high-resolution, photoreal Chinese dreamcore realism, 1990s small-town China, humid yellowed childhood memory, low light, restrained VHS grain, real old clothes, lived-in surfaces, no visible text or annotations. Use the whitebox reference for composition and spatial relationship: whitebox_renders_v2/B06/WB2_PHONE_MSB167.png. Panel MSB167, Clip 18 电子化, time 05:01. Scene lock: SCN_PHONE. Camera reference: CAM_PHONE_02_APPROACH_CLOSE. Shot size: 近景. Beat: 脸部半电子化. Visual focus: 小川半张脸仍真实，半张脸被扫描线切割. Character focus: 小川. Expression: 被吞没但仍是孩子. Blocking and motion: 保持同一脸. Continuity anchors: 电话线、CRT 扫描线、主角身体轮廓、电话亭固定、走廊边缘像素化. Story stage: S7_PHONE_ELECTRONICIZATION / phone electronicization. Character stage lock: Xiao Chuan is pulled into electronicization and pixel slicing.. Wardrobe state: Keep S6 dirt while adding scanline edges, pixel blocks, and color-channel separation.. Emotion state: Fear becomes blank focus, as if the world is parsing him.. Environment stage lock: The phone booth stays fixed while the real space flattens into electronic layers.. Identity locks: A Lei is the tall older brother with old thin metal-frame glasses, a blue worn tracksuit, protective posture, and a habit of pushing his glasses. Xiao Chuan is the middle/protagonist boy with round eyes, a slightly protruding right ear, half-open mouth, red scarf, blue school jacket and green schoolbag, often gripping the bag straps. Xiao Man is the smallest younger brother with a round head, rounder body, timid downcast eyes, warm old vest or pale shirt, hands gripping his hem, toes turned inward. Binzi is the short bully boss with dyed yellow hair and a compact aggressive body. The other three bullies must have distinct tall-thin, heavy, and errand-runner silhouettes. The image must look like a final movie frame or clean keyframe, not a storyboard drawing.","No text, no captions, no Chinese characters, no English letters, no labels, no arrows, no diagrams, no storyboard frame, no contact sheet, no sketch lines, no watermark. Avoid modern phones, modern cars, LED shop signs, polished mall interiors, fashionable contemporary clothes, glossy advertisement lighting, heroic violence, gore, blood focus, glamorized fighting, or characters looking like adults. Avoid panel-specific problems: 绿色代码雨、未来城市、机器人化、突然换成3D游戏、主角离开电话亭. Do not replace identity anchors with generic sci-fi; keep it 1990s arcade-electronic.","Follow whitebox_renders_v2/B06/WB2_PHONE_MSB167.png; preserve axis, scale, foreground/midground/background, and subject blocking.",S7_PHONE_ELECTRONICIZATION,phone electronicization,Xiao Chuan is pulled into electronicization and pixel slicing.,"Keep S6 dirt while adding scanline edges, pixel blocks, and color-channel separation.","Fear becomes blank focus, as if the world is parsing him.",The phone booth stays fixed while the real space flattens into electronic layers.,whitebox_renders_v2/B06/WB2_PHONE_MSB167.png
MSB168,B06,18,电子化,SCN_PHONE,CAM_PHONE_02_APPROACH_CLOSE,end_frame,A,visual_assets/pure/micro_storyboard/B06/MSB168_v001.png,visual_assets/annotated/micro_storyboard/B06/MSB168_v001_annotated.png,"Create a pure cinematic film still for AIGC video generation, 16:9 landscape, high-resolution, photoreal Chinese dreamcore realism, 1990s small-town China, humid yellowed childhood memory, low light, restrained VHS grain, real old clothes, lived-in surfaces, no visible text or annotations. Use the whitebox reference for composition and spatial relationship: whitebox_renders_v2/B06/WB2_PHONE_MSB168.png. Panel MSB168, Clip 18 电子化, time 05:03. Scene lock: SCN_PHONE. Camera reference: CAM_PHONE_02_APPROACH_CLOSE. Shot size: 远景. Beat: 纵深展平前. Visual focus: 走廊纵深像纸片一样被压平，电话亭位置仍在深处. Character focus: 环境/电话亭. Expression: 临界转换. Blocking and motion: 空间压平. Continuity anchors: 电话线、CRT 扫描线、主角身体轮廓、电话亭固定、走廊边缘像素化. Story stage: S7_PHONE_ELECTRONICIZATION / phone electronicization. Character stage lock: Xiao Chuan is pulled into electronicization and pixel slicing.. Wardrobe state: Keep S6 dirt while adding scanline edges, pixel blocks, and color-channel separation.. Emotion state: Fear becomes blank focus, as if the world is parsing him.. Environment stage lock: The phone booth stays fixed while the real space flattens into electronic layers.. Identity locks: A Lei is the tall older brother with old thin metal-frame glasses, a blue worn tracksuit, protective posture, and a habit of pushing his glasses. Xiao Chuan is the middle/protagonist boy with round eyes, a slightly protruding right ear, half-open mouth, red scarf, blue school jacket and green schoolbag, often gripping the bag straps. Xiao Man is the smallest younger brother with a round head, rounder body, timid downcast eyes, warm old vest or pale shirt, hands gripping his hem, toes turned inward. Binzi is the short bully boss with dyed yellow hair and a compact aggressive body. The other three bullies must have distinct tall-thin, heavy, and errand-runner silhouettes. The image must look like a final movie frame or clean keyframe, not a storyboard drawing.","No text, no captions, no Chinese characters, no English letters, no labels, no arrows, no diagrams, no storyboard frame, no contact sheet, no sketch lines, no watermark. Avoid modern phones, modern cars, LED shop signs, polished mall interiors, fashionable contemporary clothes, glossy advertisement lighting, heroic violence, gore, blood focus, glamorized fighting, or characters looking like adults. Avoid panel-specific problems: 绿色代码雨、未来城市、机器人化、突然换成3D游戏、主角离开电话亭. Do not replace identity anchors with generic sci-fi; keep it 1990s arcade-electronic.","Follow whitebox_renders_v2/B06/WB2_PHONE_MSB168.png; preserve axis, scale, foreground/midground/background, and subject blocking.",S7_PHONE_ELECTRONICIZATION,phone electronicization,Xiao Chuan is pulled into electronicization and pixel slicing.,"Keep S6 dirt while adding scanline edges, pixel blocks, and color-channel separation.","Fear becomes blank focus, as if the world is parsing him.",The phone booth stays fixed while the real space flattens into electronic layers.,whitebox_renders_v2/B06/WB2_PHONE_MSB168.png
MSB169,B06,18,电子化,SCN_PHONE,CAM_PHONE_02_APPROACH_CLOSE,keyframe,A,visual_assets/pure/micro_storyboard/B06/MSB169_v001.png,visual_assets/annotated/micro_storyboard/B06/MSB169_v001_annotated.png,"Create a pure cinematic film still for AIGC video generation, 16:9 landscape, high-resolution, photoreal Chinese dreamcore realism, 1990s small-town China, humid yellowed childhood memory, low light, restrained VHS grain, real old clothes, lived-in surfaces, no visible text or annotations. Use the whitebox reference for composition and spatial relationship: whitebox_renders_v2/B06/WB2_PHONE_MSB169.png. Panel MSB169, Clip 18 电子化, time 05:05. Scene lock: SCN_PHONE. Camera reference: CAM_PHONE_02_APPROACH_CLOSE. Shot size: 全景. Beat: 像素闪白. Visual focus: CRT 扫描线和像素块闪白，作为进入 8-bit 的隐藏剪辑. Character focus: 环境/小川. Expression: 不可逆转场. Blocking and motion: 强光但不换主题. Continuity anchors: 电话线、CRT 扫描线、主角身体轮廓、电话亭固定、走廊边缘像素化. Story stage: S7_PHONE_ELECTRONICIZATION / phone electronicization. Character stage lock: Xiao Chuan is pulled into electronicization and pixel slicing.. Wardrobe state: Keep S6 dirt while adding scanline edges, pixel blocks, and color-channel separation.. Emotion state: Fear becomes blank focus, as if the world is parsing him.. Environment stage lock: The phone booth stays fixed while the real space flattens into electronic layers.. Identity locks: A Lei is the tall older brother with old thin metal-frame glasses, a blue worn tracksuit, protective posture, and a habit of pushing his glasses. Xiao Chuan is the middle/protagonist boy with round eyes, a slightly protruding right ear, half-open mouth, red scarf, blue school jacket and green schoolbag, often gripping the bag straps. Xiao Man is the smallest younger brother with a round head, rounder body, timid downcast eyes, warm old vest or pale shirt, hands gripping his hem, toes turned inward. Binzi is the short bully boss with dyed yellow hair and a compact aggressive body. The other three bullies must have distinct tall-thin, heavy, and errand-runner silhouettes. The image must look like a final movie frame or clean keyframe, not a storyboard drawing.","No text, no captions, no Chinese characters, no English letters, no labels, no arrows, no diagrams, no storyboard frame, no contact sheet, no sketch lines, no watermark. Avoid modern phones, modern cars, LED shop signs, polished mall interiors, fashionable contemporary clothes, glossy advertisement lighting, heroic violence, gore, blood focus, glamorized fighting, or characters looking like adults. Avoid panel-specific problems: 绿色代码雨、未来城市、机器人化、突然换成3D游戏、主角离开电话亭. Do not replace identity anchors with generic sci-fi; keep it 1990s arcade-electronic.","Follow whitebox_renders_v2/B06/WB2_PHONE_MSB169.png; preserve axis, scale, foreground/midground/background, and subject blocking.",S7_PHONE_ELECTRONICIZATION,phone electronicization,Xiao Chuan is pulled into electronicization and pixel slicing.,"Keep S6 dirt while adding scanline edges, pixel blocks, and color-channel separation.","Fear becomes blank focus, as if the world is parsing him.",The phone booth stays fixed while the real space flattens into electronic layers.,whitebox_renders_v2/B06/WB2_PHONE_MSB169.png
MSB170,B06,19,进入8-bit关卡,SCN_8BIT,CAM_8BIT_01_STAGE_WIDE,keyframe,A,visual_assets/pure/micro_storyboard/B06/MSB170_v001.png,visual_assets/annotated/micro_storyboard/B06/MSB170_v001_annotated.png,"Create a pure cinematic film still for AIGC video generation, 16:9 landscape, high-resolution, photoreal Chinese dreamcore realism, 1990s small-town China, humid yellowed childhood memory, low light, restrained VHS grain, real old clothes, lived-in surfaces, no visible text or annotations. Use the whitebox reference for composition and spatial relationship: whitebox_renders_v2/B06/WB2_8BIT_MSB170.png. Panel MSB170, Clip 19 进入8-bit关卡, time 05:08. Scene lock: SCN_8BIT. Camera reference: CAM_8BIT_01_STAGE_WIDE. Shot size: 横版远景. Beat: 横版舞台建立. Visual focus: 废楼走廊变成像素横版舞台，电话亭在背景中右. Character focus: 环境/电话亭. Expression: 游戏规则建立. Blocking and motion: orthographic fixed. Continuity anchors: 废楼走廊展平成90年代横版清版街机，保留电话亭、墙砖、消防箱，小川像素色块. Story stage: S8_8BIT_TRANSLATED / 8-bit translated stage. Character stage lock: The real characters are translated into side-scrolling arcade rules while identity anchors remain.. Wardrobe state: Pixel versions retain red scarf, green bag, yellow hair, body-size differences and earlier dirt logic.. Emotion state: Game-rule intensity, mechanical resolve, then empty win-state stillness.. Environment stage lock: Low-resolution 1990s side-scrolling beat-em-up stage with the phone booth as background anchor.. Identity locks: A Lei is the tall older brother with old thin metal-frame glasses, a blue worn tracksuit, protective posture, and a habit of pushing his glasses. Xiao Chuan is the middle/protagonist boy with round eyes, a slightly protruding right ear, half-open mouth, red scarf, blue school jacket and green schoolbag, often gripping the bag straps. Xiao Man is the smallest younger brother with a round head, rounder body, timid downcast eyes, warm old vest or pale shirt, hands gripping his hem, toes turned inward. Binzi is the short bully boss with dyed yellow hair and a compact aggressive body. The other three bullies must have distinct tall-thin, heavy, and errand-runner silhouettes. The image must look like a final movie frame or clean keyframe, not a storyboard drawing.","No text, no captions, no Chinese characters, no English letters, no labels, no arrows, no diagrams, no storyboard frame, no contact sheet, no sketch lines, no watermark. Avoid modern phones, modern cars, LED shop signs, polished mall interiors, fashionable contemporary clothes, glossy advertisement lighting, heroic violence, gore, blood focus, glamorized fighting, or characters looking like adults. Avoid panel-specific problems: 现代手游UI、3D卡通、西方街景、高清动漫、完全换场景. Do not use modern mobile-game polish, 3D cartoon style, neon cyberpunk, or high-res fantasy UI.","Follow whitebox_renders_v2/B06/WB2_8BIT_MSB170.png; preserve axis, scale, foreground/midground/background, and subject blocking.",S8_8BIT_TRANSLATED,8-bit translated stage,The real characters are translated into side-scrolling arcade rules while identity anchors remain.,"Pixel versions retain red scarf, green bag, yellow hair, body-size differences and earlier dirt logic.","Game-rule intensity, mechanical resolve, then empty win-state stillness.",Low-resolution 1990s side-scrolling beat-em-up stage with the phone booth as background anchor.,whitebox_renders_v2/B06/WB2_8BIT_MSB170.png
MSB171,B06,19,进入8-bit关卡,SCN_8BIT,CAM_8BIT_01_STAGE_WIDE,start_frame,A,visual_assets/pure/micro_storyboard/B06/MSB171_v001.png,visual_assets/annotated/micro_storyboard/B06/MSB171_v001_annotated.png,"Create a pure cinematic film still for AIGC video generation, 16:9 landscape, high-resolution, photoreal Chinese dreamcore realism, 1990s small-town China, humid yellowed childhood memory, low light, restrained VHS grain, real old clothes, lived-in surfaces, no visible text or annotations. Use the whitebox reference for composition and spatial relationship: whitebox_renders_v2/B06/WB2_8BIT_MSB171.png. Panel MSB171, Clip 19 进入8-bit关卡, time 05:10. Scene lock: SCN_8BIT. Camera reference: CAM_8BIT_01_STAGE_WIDE. Shot size: 横版中景. Beat: 像素小川待机. Visual focus: 像素小川站在左侧，蓝白外套、红领巾、浅绿书包色块清楚. Character focus: 小川像素. Expression: 紧张待机，不庆祝. Blocking and motion: 小幅 idle. Continuity anchors: 废楼走廊展平成90年代横版清版街机，保留电话亭、墙砖、消防箱，小川像素色块. Story stage: S8_8BIT_TRANSLATED / 8-bit translated stage. Character stage lock: The real characters are translated into side-scrolling arcade rules while identity anchors remain.. Wardrobe state: Pixel versions retain red scarf, green bag, yellow hair, body-size differences and earlier dirt logic.. Emotion state: Game-rule intensity, mechanical resolve, then empty win-state stillness.. Environment stage lock: Low-resolution 1990s side-scrolling beat-em-up stage with the phone booth as background anchor.. Identity locks: A Lei is the tall older brother with old thin metal-frame glasses, a blue worn tracksuit, protective posture, and a habit of pushing his glasses. Xiao Chuan is the middle/protagonist boy with round eyes, a slightly protruding right ear, half-open mouth, red scarf, blue school jacket and green schoolbag, often gripping the bag straps. Xiao Man is the smallest younger brother with a round head, rounder body, timid downcast eyes, warm old vest or pale shirt, hands gripping his hem, toes turned inward. Binzi is the short bully boss with dyed yellow hair and a compact aggressive body. The other three bullies must have distinct tall-thin, heavy, and errand-runner silhouettes. The image must look like a final movie frame or clean keyframe, not a storyboard drawing.","No text, no captions, no Chinese characters, no English letters, no labels, no arrows, no diagrams, no storyboard frame, no contact sheet, no sketch lines, no watermark. Avoid modern phones, modern cars, LED shop signs, polished mall interiors, fashionable contemporary clothes, glossy advertisement lighting, heroic violence, gore, blood focus, glamorized fighting, or characters looking like adults. Avoid panel-specific problems: 现代手游UI、3D卡通、西方街景、高清动漫、完全换场景. Do not use modern mobile-game polish, 3D cartoon style, neon cyberpunk, or high-res fantasy UI.","Follow whitebox_renders_v2/B06/WB2_8BIT_MSB171.png; preserve axis, scale, foreground/midground/background, and subject blocking.",S8_8BIT_TRANSLATED,8-bit translated stage,The real characters are translated into side-scrolling arcade rules while identity anchors remain.,"Pixel versions retain red scarf, green bag, yellow hair, body-size differences and earlier dirt logic.","Game-rule intensity, mechanical resolve, then empty win-state stillness.",Low-resolution 1990s side-scrolling beat-em-up stage with the phone booth as background anchor.,whitebox_renders_v2/B06/WB2_8BIT_MSB171.png
MSB172,B06,19,进入8-bit关卡,SCN_8BIT,CAM_8BIT_01_STAGE_WIDE,storyboard,B,visual_assets/pure/micro_storyboard/B06/MSB172_v001.png,visual_assets/annotated/micro_storyboard/B06/MSB172_v001_annotated.png,"Create a pure cinematic film still for AIGC video generation, 16:9 landscape, high-resolution, photoreal Chinese dreamcore realism, 1990s small-town China, humid yellowed childhood memory, low light, restrained VHS grain, real old clothes, lived-in surfaces, no visible text or annotations. Use the whitebox reference for composition and spatial relationship: whitebox_renders_v2/B06/WB2_8BIT_MSB172.png. Panel MSB172, Clip 19 进入8-bit关卡, time 05:12. Scene lock: SCN_8BIT. Camera reference: CAM_8BIT_01_STAGE_WIDE. Shot size: 横版全景. Beat: UI 初现. Visual focus: 老街机 UI 边缘出现，血条/分数有限色盘，不遮挡角色. Character focus: UI/环境. Expression: 规则感. Blocking and motion: UI 静止. Continuity anchors: 废楼走廊展平成90年代横版清版街机，保留电话亭、墙砖、消防箱，小川像素色块. Story stage: S8_8BIT_TRANSLATED / 8-bit translated stage. Character stage lock: The real characters are translated into side-scrolling arcade rules while identity anchors remain.. Wardrobe state: Pixel versions retain red scarf, green bag, yellow hair, body-size differences and earlier dirt logic.. Emotion state: Game-rule intensity, mechanical resolve, then empty win-state stillness.. Environment stage lock: Low-resolution 1990s side-scrolling beat-em-up stage with the phone booth as background anchor.. Identity locks: A Lei is the tall older brother with old thin metal-frame glasses, a blue worn tracksuit, protective posture, and a habit of pushing his glasses. Xiao Chuan is the middle/protagonist boy with round eyes, a slightly protruding right ear, half-open mouth, red scarf, blue school jacket and green schoolbag, often gripping the bag straps. Xiao Man is the smallest younger brother with a round head, rounder body, timid downcast eyes, warm old vest or pale shirt, hands gripping his hem, toes turned inward. Binzi is the short bully boss with dyed yellow hair and a compact aggressive body. The other three bullies must have distinct tall-thin, heavy, and errand-runner silhouettes. The image must look like a final movie frame or clean keyframe, not a storyboard drawing.","No text, no captions, no Chinese characters, no English letters, no labels, no arrows, no diagrams, no storyboard frame, no contact sheet, no sketch lines, no watermark. Avoid modern phones, modern cars, LED shop signs, polished mall interiors, fashionable contemporary clothes, glossy advertisement lighting, heroic violence, gore, blood focus, glamorized fighting, or characters looking like adults. Avoid panel-specific problems: 现代手游UI、3D卡通、西方街景、高清动漫、完全换场景. Do not use modern mobile-game polish, 3D cartoon style, neon cyberpunk, or high-res fantasy UI.","Follow whitebox_renders_v2/B06/WB2_8BIT_MSB172.png; preserve axis, scale, foreground/midground/background, and subject blocking.",S8_8BIT_TRANSLATED,8-bit translated stage,The real characters are translated into side-scrolling arcade rules while identity anchors remain.,"Pixel versions retain red scarf, green bag, yellow hair, body-size differences and earlier dirt logic.","Game-rule intensity, mechanical resolve, then empty win-state stillness.",Low-resolution 1990s side-scrolling beat-em-up stage with the phone booth as background anchor.,whitebox_renders_v2/B06/WB2_8BIT_MSB172.png
MSB173,B06,19,进入8-bit关卡,SCN_8BIT,CAM_8BIT_01_STAGE_WIDE,storyboard,A,visual_assets/pure/micro_storyboard/B06/MSB173_v001.png,visual_assets/annotated/micro_storyboard/B06/MSB173_v001_annotated.png,"Create a pure cinematic film still for AIGC video generation, 16:9 landscape, high-resolution, photoreal Chinese dreamcore realism, 1990s small-town China, humid yellowed childhood memory, low light, restrained VHS grain, real old clothes, lived-in surfaces, no visible text or annotations. Use the whitebox reference for composition and spatial relationship: whitebox_renders_v2/B06/WB2_8BIT_MSB173.png. Panel MSB173, Clip 19 进入8-bit关卡, time 05:14. Scene lock: SCN_8BIT. Camera reference: CAM_8BIT_01_STAGE_WIDE. Shot size: 横版全景. Beat: 敌人影子右侧. Visual focus: 四个像素敌人的影子从右侧进入，轮廓差异先出现. Character focus: 混混像素. Expression: 威胁回归. Blocking and motion: 右到左入场. Continuity anchors: 废楼走廊展平成90年代横版清版街机，保留电话亭、墙砖、消防箱，小川像素色块. Story stage: S8_8BIT_TRANSLATED / 8-bit translated stage. Character stage lock: The real characters are translated into side-scrolling arcade rules while identity anchors remain.. Wardrobe state: Pixel versions retain red scarf, green bag, yellow hair, body-size differences and earlier dirt logic.. Emotion state: Game-rule intensity, mechanical resolve, then empty win-state stillness.. Environment stage lock: Low-resolution 1990s side-scrolling beat-em-up stage with the phone booth as background anchor.. Identity locks: A Lei is the tall older brother with old thin metal-frame glasses, a blue worn tracksuit, protective posture, and a habit of pushing his glasses. Xiao Chuan is the middle/protagonist boy with round eyes, a slightly protruding right ear, half-open mouth, red scarf, blue school jacket and green schoolbag, often gripping the bag straps. Xiao Man is the smallest younger brother with a round head, rounder body, timid downcast eyes, warm old vest or pale shirt, hands gripping his hem, toes turned inward. Binzi is the short bully boss with dyed yellow hair and a compact aggressive body. The other three bullies must have distinct tall-thin, heavy, and errand-runner silhouettes. The image must look like a final movie frame or clean keyframe, not a storyboard drawing.","No text, no captions, no Chinese characters, no English letters, no labels, no arrows, no diagrams, no storyboard frame, no contact sheet, no sketch lines, no watermark. Avoid modern phones, modern cars, LED shop signs, polished mall interiors, fashionable contemporary clothes, glossy advertisement lighting, heroic violence, gore, blood focus, glamorized fighting, or characters looking like adults. Avoid panel-specific problems: 现代手游UI、3D卡通、西方街景、高清动漫、完全换场景. Do not use modern mobile-game polish, 3D cartoon style, neon cyberpunk, or high-res fantasy UI.","Follow whitebox_renders_v2/B06/WB2_8BIT_MSB173.png; preserve axis, scale, foreground/midground/background, and subject blocking.",S8_8BIT_TRANSLATED,8-bit translated stage,The real characters are translated into side-scrolling arcade rules while identity anchors remain.,"Pixel versions retain red scarf, green bag, yellow hair, body-size differences and earlier dirt logic.","Game-rule intensity, mechanical resolve, then empty win-state stillness.",Low-resolution 1990s side-scrolling beat-em-up stage with the phone booth as background anchor.,whitebox_renders_v2/B06/WB2_8BIT_MSB173.png
MSB174,B06,19,进入8-bit关卡,SCN_8BIT,CAM_8BIT_01_STAGE_WIDE,keyframe,A,visual_assets/pure/micro_storyboard/B06/MSB174_v001.png,visual_assets/annotated/micro_storyboard/B06/MSB174_v001_annotated.png,"Create a pure cinematic film still for AIGC video generation, 16:9 landscape, high-resolution, photoreal Chinese dreamcore realism, 1990s small-town China, humid yellowed childhood memory, low light, restrained VHS grain, real old clothes, lived-in surfaces, no visible text or annotations. Use the whitebox reference for composition and spatial relationship: whitebox_renders_v2/B06/WB2_8BIT_MSB174.png. Panel MSB174, Clip 19 进入8-bit关卡, time 05:16. Scene lock: SCN_8BIT. Camera reference: CAM_8BIT_01_STAGE_WIDE. Shot size: 横版中景. Beat: 彬子 mini-boss. Visual focus: 短小黑夹克黄发像素敌人站在前方，腰包小色块可读. Character focus: 彬子像素. Expression: 凶但游戏化. Blocking and motion: 前压 idle. Continuity anchors: 废楼走廊展平成90年代横版清版街机，保留电话亭、墙砖、消防箱，小川像素色块. Story stage: S8_8BIT_TRANSLATED / 8-bit translated stage. Character stage lock: The real characters are translated into side-scrolling arcade rules while identity anchors remain.. Wardrobe state: Pixel versions retain red scarf, green bag, yellow hair, body-size differences and earlier dirt logic.. Emotion state: Game-rule intensity, mechanical resolve, then empty win-state stillness.. Environment stage lock: Low-resolution 1990s side-scrolling beat-em-up stage with the phone booth as background anchor.. Identity locks: A Lei is the tall older brother with old thin metal-frame glasses, a blue worn tracksuit, protective posture, and a habit of pushing his glasses. Xiao Chuan is the middle/protagonist boy with round eyes, a slightly protruding right ear, half-open mouth, red scarf, blue school jacket and green schoolbag, often gripping the bag straps. Xiao Man is the smallest younger brother with a round head, rounder body, timid downcast eyes, warm old vest or pale shirt, hands gripping his hem, toes turned inward. Binzi is the short bully boss with dyed yellow hair and a compact aggressive body. The other three bullies must have distinct tall-thin, heavy, and errand-runner silhouettes. The image must look like a final movie frame or clean keyframe, not a storyboard drawing.","No text, no captions, no Chinese characters, no English letters, no labels, no arrows, no diagrams, no storyboard frame, no contact sheet, no sketch lines, no watermark. Avoid modern phones, modern cars, LED shop signs, polished mall interiors, fashionable contemporary clothes, glossy advertisement lighting, heroic violence, gore, blood focus, glamorized fighting, or characters looking like adults. Avoid panel-specific problems: 现代手游UI、3D卡通、西方街景、高清动漫、完全换场景. Do not use modern mobile-game polish, 3D cartoon style, neon cyberpunk, or high-res fantasy UI.","Follow whitebox_renders_v2/B06/WB2_8BIT_MSB174.png; preserve axis, scale, foreground/midground/background, and subject blocking.",S8_8BIT_TRANSLATED,8-bit translated stage,The real characters are translated into side-scrolling arcade rules while identity anchors remain.,"Pixel versions retain red scarf, green bag, yellow hair, body-size differences and earlier dirt logic.","Game-rule intensity, mechanical resolve, then empty win-state stillness.",Low-resolution 1990s side-scrolling beat-em-up stage with the phone booth as background anchor.,whitebox_renders_v2/B06/WB2_8BIT_MSB174.png
MSB175,B06,19,进入8-bit关卡,SCN_8BIT,CAM_8BIT_01_STAGE_WIDE,storyboard,B,visual_assets/pure/micro_storyboard/B06/MSB175_v001.png,visual_assets/annotated/micro_storyboard/B06/MSB175_v001_annotated.png,"Create a pure cinematic film still for AIGC video generation, 16:9 landscape, high-resolution, photoreal Chinese dreamcore realism, 1990s small-town China, humid yellowed childhood memory, low light, restrained VHS grain, real old clothes, lived-in surfaces, no visible text or annotations. Use the whitebox reference for composition and spatial relationship: whitebox_renders_v2/B06/WB2_8BIT_MSB175.png. Panel MSB175, Clip 19 进入8-bit关卡, time 05:18. Scene lock: SCN_8BIT. Camera reference: CAM_8BIT_01_STAGE_WIDE. Shot size: 横版中景. Beat: 高杆长条敌人. Visual focus: 高杆像素敌人长条身形，横臂封路动作保留. Character focus: 高杆像素. Expression: 冷压迫. Blocking and motion: 横臂待机. Continuity anchors: 废楼走廊展平成90年代横版清版街机，保留电话亭、墙砖、消防箱，小川像素色块. Story stage: S8_8BIT_TRANSLATED / 8-bit translated stage. Character stage lock: The real characters are translated into side-scrolling arcade rules while identity anchors remain.. Wardrobe state: Pixel versions retain red scarf, green bag, yellow hair, body-size differences and earlier dirt logic.. Emotion state: Game-rule intensity, mechanical resolve, then empty win-state stillness.. Environment stage lock: Low-resolution 1990s side-scrolling beat-em-up stage with the phone booth as background anchor.. Identity locks: A Lei is the tall older brother with old thin metal-frame glasses, a blue worn tracksuit, protective posture, and a habit of pushing his glasses. Xiao Chuan is the middle/protagonist boy with round eyes, a slightly protruding right ear, half-open mouth, red scarf, blue school jacket and green schoolbag, often gripping the bag straps. Xiao Man is the smallest younger brother with a round head, rounder body, timid downcast eyes, warm old vest or pale shirt, hands gripping his hem, toes turned inward. Binzi is the short bully boss with dyed yellow hair and a compact aggressive body. The other three bullies must have distinct tall-thin, heavy, and errand-runner silhouettes. The image must look like a final movie frame or clean keyframe, not a storyboard drawing.","No text, no captions, no Chinese characters, no English letters, no labels, no arrows, no diagrams, no storyboard frame, no contact sheet, no sketch lines, no watermark. Avoid modern phones, modern cars, LED shop signs, polished mall interiors, fashionable contemporary clothes, glossy advertisement lighting, heroic violence, gore, blood focus, glamorized fighting, or characters looking like adults. Avoid panel-specific problems: 现代手游UI、3D卡通、西方街景、高清动漫、完全换场景. Do not use modern mobile-game polish, 3D cartoon style, neon cyberpunk, or high-res fantasy UI.","Follow whitebox_renders_v2/B06/WB2_8BIT_MSB175.png; preserve axis, scale, foreground/midground/background, and subject blocking.",S8_8BIT_TRANSLATED,8-bit translated stage,The real characters are translated into side-scrolling arcade rules while identity anchors remain.,"Pixel versions retain red scarf, green bag, yellow hair, body-size differences and earlier dirt logic.","Game-rule intensity, mechanical resolve, then empty win-state stillness.",Low-resolution 1990s side-scrolling beat-em-up stage with the phone booth as background anchor.,whitebox_renders_v2/B06/WB2_8BIT_MSB175.png
MSB176,B06,19,进入8-bit关卡,SCN_8BIT,CAM_8BIT_01_STAGE_WIDE,storyboard,A,visual_assets/pure/micro_storyboard/B06/MSB176_v001.png,visual_assets/annotated/micro_storyboard/B06/MSB176_v001_annotated.png,"Create a pure cinematic film still for AIGC video generation, 16:9 landscape, high-resolution, photoreal Chinese dreamcore realism, 1990s small-town China, humid yellowed childhood memory, low light, restrained VHS grain, real old clothes, lived-in surfaces, no visible text or annotations. Use the whitebox reference for composition and spatial relationship: whitebox_renders_v2/B06/WB2_8BIT_MSB176.png. Panel MSB176, Clip 19 进入8-bit关卡, time 05:20. Scene lock: SCN_8BIT. Camera reference: CAM_8BIT_01_STAGE_WIDE. Shot size: 横版全景. Beat: 大海小齐入位. Visual focus: 宽体块大海和抖动小齐进入队形，四人功能清楚. Character focus: 混混像素. Expression: 敌群完整. Blocking and motion: 右侧站位. Continuity anchors: 废楼走廊展平成90年代横版清版街机，保留电话亭、墙砖、消防箱，小川像素色块. Story stage: S8_8BIT_TRANSLATED / 8-bit translated stage. Character stage lock: The real characters are translated into side-scrolling arcade rules while identity anchors remain.. Wardrobe state: Pixel versions retain red scarf, green bag, yellow hair, body-size differences and earlier dirt logic.. Emotion state: Game-rule intensity, mechanical resolve, then empty win-state stillness.. Environment stage lock: Low-resolution 1990s side-scrolling beat-em-up stage with the phone booth as background anchor.. Identity locks: A Lei is the tall older brother with old thin metal-frame glasses, a blue worn tracksuit, protective posture, and a habit of pushing his glasses. Xiao Chuan is the middle/protagonist boy with round eyes, a slightly protruding right ear, half-open mouth, red scarf, blue school jacket and green schoolbag, often gripping the bag straps. Xiao Man is the smallest younger brother with a round head, rounder body, timid downcast eyes, warm old vest or pale shirt, hands gripping his hem, toes turned inward. Binzi is the short bully boss with dyed yellow hair and a compact aggressive body. The other three bullies must have distinct tall-thin, heavy, and errand-runner silhouettes. The image must look like a final movie frame or clean keyframe, not a storyboard drawing.","No text, no captions, no Chinese characters, no English letters, no labels, no arrows, no diagrams, no storyboard frame, no contact sheet, no sketch lines, no watermark. Avoid modern phones, modern cars, LED shop signs, polished mall interiors, fashionable contemporary clothes, glossy advertisement lighting, heroic violence, gore, blood focus, glamorized fighting, or characters looking like adults. Avoid panel-specific problems: 现代手游UI、3D卡通、西方街景、高清动漫、完全换场景. Do not use modern mobile-game polish, 3D cartoon style, neon cyberpunk, or high-res fantasy UI.","Follow whitebox_renders_v2/B06/WB2_8BIT_MSB176.png; preserve axis, scale, foreground/midground/background, and subject blocking.",S8_8BIT_TRANSLATED,8-bit translated stage,The real characters are translated into side-scrolling arcade rules while identity anchors remain.,"Pixel versions retain red scarf, green bag, yellow hair, body-size differences and earlier dirt logic.","Game-rule intensity, mechanical resolve, then empty win-state stillness.",Low-resolution 1990s side-scrolling beat-em-up stage with the phone booth as background anchor.,whitebox_renders_v2/B06/WB2_8BIT_MSB176.png
MSB177,B06,19,进入8-bit关卡,SCN_8BIT,CAM_8BIT_01_STAGE_WIDE,end_frame,A,visual_assets/pure/micro_storyboard/B06/MSB177_v001.png,visual_assets/annotated/micro_storyboard/B06/MSB177_v001_annotated.png,"Create a pure cinematic film still for AIGC video generation, 16:9 landscape, high-resolution, photoreal Chinese dreamcore realism, 1990s small-town China, humid yellowed childhood memory, low light, restrained VHS grain, real old clothes, lived-in surfaces, no visible text or annotations. Use the whitebox reference for composition and spatial relationship: whitebox_renders_v2/B06/WB2_8BIT_MSB177.png. Panel MSB177, Clip 19 进入8-bit关卡, time 05:22. Scene lock: SCN_8BIT. Camera reference: CAM_8BIT_01_STAGE_WIDE. Shot size: 横版全景. Beat: 战斗开始前静止. Visual focus: 像素小川左侧，四个敌人右侧，电话亭仍在背景，开战前停一拍. Character focus: 全体像素. Expression: 不安而非快乐. Blocking and motion: 全体 idle. Continuity anchors: 废楼走廊展平成90年代横版清版街机，保留电话亭、墙砖、消防箱，小川像素色块. Story stage: S8_8BIT_TRANSLATED / 8-bit translated stage. Character stage lock: The real characters are translated into side-scrolling arcade rules while identity anchors remain.. Wardrobe state: Pixel versions retain red scarf, green bag, yellow hair, body-size differences and earlier dirt logic.. Emotion state: Game-rule intensity, mechanical resolve, then empty win-state stillness.. Environment stage lock: Low-resolution 1990s side-scrolling beat-em-up stage with the phone booth as background anchor.. Identity locks: A Lei is the tall older brother with old thin metal-frame glasses, a blue worn tracksuit, protective posture, and a habit of pushing his glasses. Xiao Chuan is the middle/protagonist boy with round eyes, a slightly protruding right ear, half-open mouth, red scarf, blue school jacket and green schoolbag, often gripping the bag straps. Xiao Man is the smallest younger brother with a round head, rounder body, timid downcast eyes, warm old vest or pale shirt, hands gripping his hem, toes turned inward. Binzi is the short bully boss with dyed yellow hair and a compact aggressive body. The other three bullies must have distinct tall-thin, heavy, and errand-runner silhouettes. The image must look like a final movie frame or clean keyframe, not a storyboard drawing.","No text, no captions, no Chinese characters, no English letters, no labels, no arrows, no diagrams, no storyboard frame, no contact sheet, no sketch lines, no watermark. Avoid modern phones, modern cars, LED shop signs, polished mall interiors, fashionable contemporary clothes, glossy advertisement lighting, heroic violence, gore, blood focus, glamorized fighting, or characters looking like adults. Avoid panel-specific problems: 现代手游UI、3D卡通、西方街景、高清动漫、完全换场景. Do not use modern mobile-game polish, 3D cartoon style, neon cyberpunk, or high-res fantasy UI.","Follow whitebox_renders_v2/B06/WB2_8BIT_MSB177.png; preserve axis, scale, foreground/midground/background, and subject blocking.",S8_8BIT_TRANSLATED,8-bit translated stage,The real characters are translated into side-scrolling arcade rules while identity anchors remain.,"Pixel versions retain red scarf, green bag, yellow hair, body-size differences and earlier dirt logic.","Game-rule intensity, mechanical resolve, then empty win-state stillness.",Low-resolution 1990s side-scrolling beat-em-up stage with the phone booth as background anchor.,whitebox_renders_v2/B06/WB2_8BIT_MSB177.png
MSB178,B06,20,WIN / INSERT COIN,SCN_8BIT,CAM_8BIT_02_WIN_SCREEN,storyboard,A,visual_assets/pure/micro_storyboard/B06/MSB178_v001.png,visual_assets/annotated/micro_storyboard/B06/MSB178_v001_annotated.png,"Create a pure cinematic film still for AIGC video generation, 16:9 landscape, high-resolution, photoreal Chinese dreamcore realism, 1990s small-town China, humid yellowed childhood memory, low light, restrained VHS grain, real old clothes, lived-in surfaces, no visible text or annotations. Use the whitebox reference for composition and spatial relationship: whitebox_renders_v2/B06/WB2_8BIT_MSB178.png. Panel MSB178, Clip 20 WIN / INSERT COIN, time 05:24. Scene lock: SCN_8BIT. Camera reference: CAM_8BIT_02_WIN_SCREEN. Shot size: 横版中景. Beat: 第一下书包旋风. Visual focus: 像素小川用浅绿书包色块形成短促旋风，击退最近敌人. Character focus: 小川像素/敌人. Expression: 被迫反击，不是英雄炫技. Blocking and motion: 动作不超过一拍. Continuity anchors: 横版固定机位，像素小川，四个敌人，书包旋风、硬币冲击波，WIN 后一秒安静，再 INSERT COIN. Story stage: S8_8BIT_TRANSLATED / 8-bit translated stage. Character stage lock: The real characters are translated into side-scrolling arcade rules while identity anchors remain.. Wardrobe state: Pixel versions retain red scarf, green bag, yellow hair, body-size differences and earlier dirt logic.. Emotion state: Game-rule intensity, mechanical resolve, then empty win-state stillness.. Environment stage lock: Low-resolution 1990s side-scrolling beat-em-up stage with the phone booth as background anchor.. Identity locks: A Lei is the tall older brother with old thin metal-frame glasses, a blue worn tracksuit, protective posture, and a habit of pushing his glasses. Xiao Chuan is the middle/protagonist boy with round eyes, a slightly protruding right ear, half-open mouth, red scarf, blue school jacket and green schoolbag, often gripping the bag straps. Xiao Man is the smallest younger brother with a round head, rounder body, timid downcast eyes, warm old vest or pale shirt, hands gripping his hem, toes turned inward. Binzi is the short bully boss with dyed yellow hair and a compact aggressive body. The other three bullies must have distinct tall-thin, heavy, and errand-runner silhouettes. The image must look like a final movie frame or clean keyframe, not a storyboard drawing.","No text, no captions, no Chinese characters, no English letters, no labels, no arrows, no diagrams, no storyboard frame, no contact sheet, no sketch lines, no watermark. Avoid modern phones, modern cars, LED shop signs, polished mall interiors, fashionable contemporary clothes, glossy advertisement lighting, heroic violence, gore, blood focus, glamorized fighting, or characters looking like adults. Avoid panel-specific problems: 复杂连招、写实血腥、欢乐庆祝、现代UI、改写文字、解释结局. Do not use modern mobile-game polish, 3D cartoon style, neon cyberpunk, or high-res fantasy UI.","Follow whitebox_renders_v2/B06/WB2_8BIT_MSB178.png; preserve axis, scale, foreground/midground/background, and subject blocking.",S8_8BIT_TRANSLATED,8-bit translated stage,The real characters are translated into side-scrolling arcade rules while identity anchors remain.,"Pixel versions retain red scarf, green bag, yellow hair, body-size differences and earlier dirt logic.","Game-rule intensity, mechanical resolve, then empty win-state stillness.",Low-resolution 1990s side-scrolling beat-em-up stage with the phone booth as background anchor.,whitebox_renders_v2/B06/WB2_8BIT_MSB178.png
MSB179,B06,20,WIN / INSERT COIN,SCN_8BIT,CAM_8BIT_02_WIN_SCREEN,storyboard,A,visual_assets/pure/micro_storyboard/B06/MSB179_v001.png,visual_assets/annotated/micro_storyboard/B06/MSB179_v001_annotated.png,"Create a pure cinematic film still for AIGC video generation, 16:9 landscape, high-resolution, photoreal Chinese dreamcore realism, 1990s small-town China, humid yellowed childhood memory, low light, restrained VHS grain, real old clothes, lived-in surfaces, no visible text or annotations. Use the whitebox reference for composition and spatial relationship: whitebox_renders_v2/B06/WB2_8BIT_MSB179.png. Panel MSB179, Clip 20 WIN / INSERT COIN, time 05:26. Scene lock: SCN_8BIT. Camera reference: CAM_8BIT_02_WIN_SCREEN. Shot size: 横版中景. Beat: 硬币冲击波. Visual focus: 一枚像素硬币从小川方向弹出，形成低分辨率冲击波. Character focus: 小川像素/道具. Expression: 游戏规则接管现实. Blocking and motion: 左到右短促. Continuity anchors: 横版固定机位，像素小川，四个敌人，书包旋风、硬币冲击波，WIN 后一秒安静，再 INSERT COIN. Story stage: S8_8BIT_TRANSLATED / 8-bit translated stage. Character stage lock: The real characters are translated into side-scrolling arcade rules while identity anchors remain.. Wardrobe state: Pixel versions retain red scarf, green bag, yellow hair, body-size differences and earlier dirt logic.. Emotion state: Game-rule intensity, mechanical resolve, then empty win-state stillness.. Environment stage lock: Low-resolution 1990s side-scrolling beat-em-up stage with the phone booth as background anchor.. Identity locks: A Lei is the tall older brother with old thin metal-frame glasses, a blue worn tracksuit, protective posture, and a habit of pushing his glasses. Xiao Chuan is the middle/protagonist boy with round eyes, a slightly protruding right ear, half-open mouth, red scarf, blue school jacket and green schoolbag, often gripping the bag straps. Xiao Man is the smallest younger brother with a round head, rounder body, timid downcast eyes, warm old vest or pale shirt, hands gripping his hem, toes turned inward. Binzi is the short bully boss with dyed yellow hair and a compact aggressive body. The other three bullies must have distinct tall-thin, heavy, and errand-runner silhouettes. The image must look like a final movie frame or clean keyframe, not a storyboard drawing.","No text, no captions, no Chinese characters, no English letters, no labels, no arrows, no diagrams, no storyboard frame, no contact sheet, no sketch lines, no watermark. Avoid modern phones, modern cars, LED shop signs, polished mall interiors, fashionable contemporary clothes, glossy advertisement lighting, heroic violence, gore, blood focus, glamorized fighting, or characters looking like adults. Avoid panel-specific problems: 复杂连招、写实血腥、欢乐庆祝、现代UI、改写文字、解释结局. Do not use modern mobile-game polish, 3D cartoon style, neon cyberpunk, or high-res fantasy UI.","Follow whitebox_renders_v2/B06/WB2_8BIT_MSB179.png; preserve axis, scale, foreground/midground/background, and subject blocking.",S8_8BIT_TRANSLATED,8-bit translated stage,The real characters are translated into side-scrolling arcade rules while identity anchors remain.,"Pixel versions retain red scarf, green bag, yellow hair, body-size differences and earlier dirt logic.","Game-rule intensity, mechanical resolve, then empty win-state stillness.",Low-resolution 1990s side-scrolling beat-em-up stage with the phone booth as background anchor.,whitebox_renders_v2/B06/WB2_8BIT_MSB179.png
MSB180,B06,20,WIN / INSERT COIN,SCN_8BIT,CAM_8BIT_02_WIN_SCREEN,storyboard,B,visual_assets/pure/micro_storyboard/B06/MSB180_v001.png,visual_assets/annotated/micro_storyboard/B06/MSB180_v001_annotated.png,"Create a pure cinematic film still for AIGC video generation, 16:9 landscape, high-resolution, photoreal Chinese dreamcore realism, 1990s small-town China, humid yellowed childhood memory, low light, restrained VHS grain, real old clothes, lived-in surfaces, no visible text or annotations. Use the whitebox reference for composition and spatial relationship: whitebox_renders_v2/B06/WB2_8BIT_MSB180.png. Panel MSB180, Clip 20 WIN / INSERT COIN, time 05:28. Scene lock: SCN_8BIT. Camera reference: CAM_8BIT_02_WIN_SCREEN. Shot size: 横版全景. Beat: 高杆被击退. Visual focus: 高杆长条像素敌人向后滑，横臂封路姿态瓦解. Character focus: 高杆像素. Expression: 功能被解除. Blocking and motion: 右侧后退. Continuity anchors: 横版固定机位，像素小川，四个敌人，书包旋风、硬币冲击波，WIN 后一秒安静，再 INSERT COIN. Story stage: S8_8BIT_TRANSLATED / 8-bit translated stage. Character stage lock: The real characters are translated into side-scrolling arcade rules while identity anchors remain.. Wardrobe state: Pixel versions retain red scarf, green bag, yellow hair, body-size differences and earlier dirt logic.. Emotion state: Game-rule intensity, mechanical resolve, then empty win-state stillness.. Environment stage lock: Low-resolution 1990s side-scrolling beat-em-up stage with the phone booth as background anchor.. Identity locks: A Lei is the tall older brother with old thin metal-frame glasses, a blue worn tracksuit, protective posture, and a habit of pushing his glasses. Xiao Chuan is the middle/protagonist boy with round eyes, a slightly protruding right ear, half-open mouth, red scarf, blue school jacket and green schoolbag, often gripping the bag straps. Xiao Man is the smallest younger brother with a round head, rounder body, timid downcast eyes, warm old vest or pale shirt, hands gripping his hem, toes turned inward. Binzi is the short bully boss with dyed yellow hair and a compact aggressive body. The other three bullies must have distinct tall-thin, heavy, and errand-runner silhouettes. The image must look like a final movie frame or clean keyframe, not a storyboard drawing.","No text, no captions, no Chinese characters, no English letters, no labels, no arrows, no diagrams, no storyboard frame, no contact sheet, no sketch lines, no watermark. Avoid modern phones, modern cars, LED shop signs, polished mall interiors, fashionable contemporary clothes, glossy advertisement lighting, heroic violence, gore, blood focus, glamorized fighting, or characters looking like adults. Avoid panel-specific problems: 复杂连招、写实血腥、欢乐庆祝、现代UI、改写文字、解释结局. Do not use modern mobile-game polish, 3D cartoon style, neon cyberpunk, or high-res fantasy UI.","Follow whitebox_renders_v2/B06/WB2_8BIT_MSB180.png; preserve axis, scale, foreground/midground/background, and subject blocking.",S8_8BIT_TRANSLATED,8-bit translated stage,The real characters are translated into side-scrolling arcade rules while identity anchors remain.,"Pixel versions retain red scarf, green bag, yellow hair, body-size differences and earlier dirt logic.","Game-rule intensity, mechanical resolve, then empty win-state stillness.",Low-resolution 1990s side-scrolling beat-em-up stage with the phone booth as background anchor.,whitebox_renders_v2/B06/WB2_8BIT_MSB180.png
MSB181,B06,20,WIN / INSERT COIN,SCN_8BIT,CAM_8BIT_02_WIN_SCREEN,storyboard,B,visual_assets/pure/micro_storyboard/B06/MSB181_v001.png,visual_assets/annotated/micro_storyboard/B06/MSB181_v001_annotated.png,"Create a pure cinematic film still for AIGC video generation, 16:9 landscape, high-resolution, photoreal Chinese dreamcore realism, 1990s small-town China, humid yellowed childhood memory, low light, restrained VHS grain, real old clothes, lived-in surfaces, no visible text or annotations. Use the whitebox reference for composition and spatial relationship: whitebox_renders_v2/B06/WB2_8BIT_MSB181.png. Panel MSB181, Clip 20 WIN / INSERT COIN, time 05:31. Scene lock: SCN_8BIT. Camera reference: CAM_8BIT_02_WIN_SCREEN. Shot size: 横版全景. Beat: 大海倒退. Visual focus: 大海宽体块敌人被推回，挡路墙感消失. Character focus: 大海像素. Expression: 压迫减弱. Blocking and motion: 后退两格. Continuity anchors: 横版固定机位，像素小川，四个敌人，书包旋风、硬币冲击波，WIN 后一秒安静，再 INSERT COIN. Story stage: S8_8BIT_TRANSLATED / 8-bit translated stage. Character stage lock: The real characters are translated into side-scrolling arcade rules while identity anchors remain.. Wardrobe state: Pixel versions retain red scarf, green bag, yellow hair, body-size differences and earlier dirt logic.. Emotion state: Game-rule intensity, mechanical resolve, then empty win-state stillness.. Environment stage lock: Low-resolution 1990s side-scrolling beat-em-up stage with the phone booth as background anchor.. Identity locks: A Lei is the tall older brother with old thin metal-frame glasses, a blue worn tracksuit, protective posture, and a habit of pushing his glasses. Xiao Chuan is the middle/protagonist boy with round eyes, a slightly protruding right ear, half-open mouth, red scarf, blue school jacket and green schoolbag, often gripping the bag straps. Xiao Man is the smallest younger brother with a round head, rounder body, timid downcast eyes, warm old vest or pale shirt, hands gripping his hem, toes turned inward. Binzi is the short bully boss with dyed yellow hair and a compact aggressive body. The other three bullies must have distinct tall-thin, heavy, and errand-runner silhouettes. The image must look like a final movie frame or clean keyframe, not a storyboard drawing.","No text, no captions, no Chinese characters, no English letters, no labels, no arrows, no diagrams, no storyboard frame, no contact sheet, no sketch lines, no watermark. Avoid modern phones, modern cars, LED shop signs, polished mall interiors, fashionable contemporary clothes, glossy advertisement lighting, heroic violence, gore, blood focus, glamorized fighting, or characters looking like adults. Avoid panel-specific problems: 复杂连招、写实血腥、欢乐庆祝、现代UI、改写文字、解释结局. Do not use modern mobile-game polish, 3D cartoon style, neon cyberpunk, or high-res fantasy UI.","Follow whitebox_renders_v2/B06/WB2_8BIT_MSB181.png; preserve axis, scale, foreground/midground/background, and subject blocking.",S8_8BIT_TRANSLATED,8-bit translated stage,The real characters are translated into side-scrolling arcade rules while identity anchors remain.,"Pixel versions retain red scarf, green bag, yellow hair, body-size differences and earlier dirt logic.","Game-rule intensity, mechanical resolve, then empty win-state stillness.",Low-resolution 1990s side-scrolling beat-em-up stage with the phone booth as background anchor.,whitebox_renders_v2/B06/WB2_8BIT_MSB181.png
MSB182,B06,20,WIN / INSERT COIN,SCN_8BIT,CAM_8BIT_02_WIN_SCREEN,storyboard,B,visual_assets/pure/micro_storyboard/B06/MSB182_v001.png,visual_assets/annotated/micro_storyboard/B06/MSB182_v001_annotated.png,"Create a pure cinematic film still for AIGC video generation, 16:9 landscape, high-resolution, photoreal Chinese dreamcore realism, 1990s small-town China, humid yellowed childhood memory, low light, restrained VHS grain, real old clothes, lived-in surfaces, no visible text or annotations. Use the whitebox reference for composition and spatial relationship: whitebox_renders_v2/B06/WB2_8BIT_MSB182.png. Panel MSB182, Clip 20 WIN / INSERT COIN, time 05:33. Scene lock: SCN_8BIT. Camera reference: CAM_8BIT_02_WIN_SCREEN. Shot size: 横版中景. Beat: 小齐闪退. Visual focus: 小齐小像素敌人第一个慌张后跳，条纹色块抖动. Character focus: 小齐像素. Expression: 害怕暴露. Blocking and motion: 快速后跳. Continuity anchors: 横版固定机位，像素小川，四个敌人，书包旋风、硬币冲击波，WIN 后一秒安静，再 INSERT COIN. Story stage: S8_8BIT_TRANSLATED / 8-bit translated stage. Character stage lock: The real characters are translated into side-scrolling arcade rules while identity anchors remain.. Wardrobe state: Pixel versions retain red scarf, green bag, yellow hair, body-size differences and earlier dirt logic.. Emotion state: Game-rule intensity, mechanical resolve, then empty win-state stillness.. Environment stage lock: Low-resolution 1990s side-scrolling beat-em-up stage with the phone booth as background anchor.. Identity locks: A Lei is the tall older brother with old thin metal-frame glasses, a blue worn tracksuit, protective posture, and a habit of pushing his glasses. Xiao Chuan is the middle/protagonist boy with round eyes, a slightly protruding right ear, half-open mouth, red scarf, blue school jacket and green schoolbag, often gripping the bag straps. Xiao Man is the smallest younger brother with a round head, rounder body, timid downcast eyes, warm old vest or pale shirt, hands gripping his hem, toes turned inward. Binzi is the short bully boss with dyed yellow hair and a compact aggressive body. The other three bullies must have distinct tall-thin, heavy, and errand-runner silhouettes. The image must look like a final movie frame or clean keyframe, not a storyboard drawing.","No text, no captions, no Chinese characters, no English letters, no labels, no arrows, no diagrams, no storyboard frame, no contact sheet, no sketch lines, no watermark. Avoid modern phones, modern cars, LED shop signs, polished mall interiors, fashionable contemporary clothes, glossy advertisement lighting, heroic violence, gore, blood focus, glamorized fighting, or characters looking like adults. Avoid panel-specific problems: 复杂连招、写实血腥、欢乐庆祝、现代UI、改写文字、解释结局. Do not use modern mobile-game polish, 3D cartoon style, neon cyberpunk, or high-res fantasy UI.","Follow whitebox_renders_v2/B06/WB2_8BIT_MSB182.png; preserve axis, scale, foreground/midground/background, and subject blocking.",S8_8BIT_TRANSLATED,8-bit translated stage,The real characters are translated into side-scrolling arcade rules while identity anchors remain.,"Pixel versions retain red scarf, green bag, yellow hair, body-size differences and earlier dirt logic.","Game-rule intensity, mechanical resolve, then empty win-state stillness.",Low-resolution 1990s side-scrolling beat-em-up stage with the phone booth as background anchor.,whitebox_renders_v2/B06/WB2_8BIT_MSB182.png
MSB183,B06,20,WIN / INSERT COIN,SCN_8BIT,CAM_8BIT_02_WIN_SCREEN,keyframe,A,visual_assets/pure/micro_storyboard/B06/MSB183_v001.png,visual_assets/annotated/micro_storyboard/B06/MSB183_v001_annotated.png,"Create a pure cinematic film still for AIGC video generation, 16:9 landscape, high-resolution, photoreal Chinese dreamcore realism, 1990s small-town China, humid yellowed childhood memory, low light, restrained VHS grain, real old clothes, lived-in surfaces, no visible text or annotations. Use the whitebox reference for composition and spatial relationship: whitebox_renders_v2/B06/WB2_8BIT_MSB183.png. Panel MSB183, Clip 20 WIN / INSERT COIN, time 05:35. Scene lock: SCN_8BIT. Camera reference: CAM_8BIT_02_WIN_SCREEN. Shot size: 横版中景. Beat: 彬子 mini-boss 停住. Visual focus: 彬子像素敌人最后停住，黄发黑夹克色块仍清楚. Character focus: 彬子像素. Expression: 不可置信. Blocking and motion: 短暂停住. Continuity anchors: 横版固定机位，像素小川，四个敌人，书包旋风、硬币冲击波，WIN 后一秒安静，再 INSERT COIN. Story stage: S8_8BIT_TRANSLATED / 8-bit translated stage. Character stage lock: The real characters are translated into side-scrolling arcade rules while identity anchors remain.. Wardrobe state: Pixel versions retain red scarf, green bag, yellow hair, body-size differences and earlier dirt logic.. Emotion state: Game-rule intensity, mechanical resolve, then empty win-state stillness.. Environment stage lock: Low-resolution 1990s side-scrolling beat-em-up stage with the phone booth as background anchor.. Identity locks: A Lei is the tall older brother with old thin metal-frame glasses, a blue worn tracksuit, protective posture, and a habit of pushing his glasses. Xiao Chuan is the middle/protagonist boy with round eyes, a slightly protruding right ear, half-open mouth, red scarf, blue school jacket and green schoolbag, often gripping the bag straps. Xiao Man is the smallest younger brother with a round head, rounder body, timid downcast eyes, warm old vest or pale shirt, hands gripping his hem, toes turned inward. Binzi is the short bully boss with dyed yellow hair and a compact aggressive body. The other three bullies must have distinct tall-thin, heavy, and errand-runner silhouettes. The image must look like a final movie frame or clean keyframe, not a storyboard drawing.","No text, no captions, no Chinese characters, no English letters, no labels, no arrows, no diagrams, no storyboard frame, no contact sheet, no sketch lines, no watermark. Avoid modern phones, modern cars, LED shop signs, polished mall interiors, fashionable contemporary clothes, glossy advertisement lighting, heroic violence, gore, blood focus, glamorized fighting, or characters looking like adults. Avoid panel-specific problems: 复杂连招、写实血腥、欢乐庆祝、现代UI、改写文字、解释结局. Do not use modern mobile-game polish, 3D cartoon style, neon cyberpunk, or high-res fantasy UI.","Follow whitebox_renders_v2/B06/WB2_8BIT_MSB183.png; preserve axis, scale, foreground/midground/background, and subject blocking.",S8_8BIT_TRANSLATED,8-bit translated stage,The real characters are translated into side-scrolling arcade rules while identity anchors remain.,"Pixel versions retain red scarf, green bag, yellow hair, body-size differences and earlier dirt logic.","Game-rule intensity, mechanical resolve, then empty win-state stillness.",Low-resolution 1990s side-scrolling beat-em-up stage with the phone booth as background anchor.,whitebox_renders_v2/B06/WB2_8BIT_MSB183.png
MSB184,B06,20,WIN / INSERT COIN,SCN_8BIT,CAM_8BIT_02_WIN_SCREEN,end_frame,A,visual_assets/pure/micro_storyboard/B06/MSB184_v001.png,visual_assets/annotated/micro_storyboard/B06/MSB184_v001_annotated.png,"Create a pure cinematic film still for AIGC video generation, 16:9 landscape, high-resolution, photoreal Chinese dreamcore realism, 1990s small-town China, humid yellowed childhood memory, low light, restrained VHS grain, real old clothes, lived-in surfaces, no visible text or annotations. Use the whitebox reference for composition and spatial relationship: whitebox_renders_v2/B06/WB2_8BIT_MSB184.png. Panel MSB184, Clip 20 WIN / INSERT COIN, time 05:38. Scene lock: SCN_8BIT. Camera reference: CAM_8BIT_02_WIN_SCREEN. Shot size: 横版全景. Beat: 清场瞬间. Visual focus: 敌人全部消失或倒地成低分辨率闪烁，不做血腥表现. Character focus: 全体像素. Expression: 声音抽空式胜利. Blocking and motion: 画面短促闪白. Continuity anchors: 横版固定机位，像素小川，四个敌人，书包旋风、硬币冲击波，WIN 后一秒安静，再 INSERT COIN. Story stage: S8_8BIT_TRANSLATED / 8-bit translated stage. Character stage lock: The real characters are translated into side-scrolling arcade rules while identity anchors remain.. Wardrobe state: Pixel versions retain red scarf, green bag, yellow hair, body-size differences and earlier dirt logic.. Emotion state: Game-rule intensity, mechanical resolve, then empty win-state stillness.. Environment stage lock: Low-resolution 1990s side-scrolling beat-em-up stage with the phone booth as background anchor.. Identity locks: A Lei is the tall older brother with old thin metal-frame glasses, a blue worn tracksuit, protective posture, and a habit of pushing his glasses. Xiao Chuan is the middle/protagonist boy with round eyes, a slightly protruding right ear, half-open mouth, red scarf, blue school jacket and green schoolbag, often gripping the bag straps. Xiao Man is the smallest younger brother with a round head, rounder body, timid downcast eyes, warm old vest or pale shirt, hands gripping his hem, toes turned inward. Binzi is the short bully boss with dyed yellow hair and a compact aggressive body. The other three bullies must have distinct tall-thin, heavy, and errand-runner silhouettes. The image must look like a final movie frame or clean keyframe, not a storyboard drawing.","No text, no captions, no Chinese characters, no English letters, no labels, no arrows, no diagrams, no storyboard frame, no contact sheet, no sketch lines, no watermark. Avoid modern phones, modern cars, LED shop signs, polished mall interiors, fashionable contemporary clothes, glossy advertisement lighting, heroic violence, gore, blood focus, glamorized fighting, or characters looking like adults. Avoid panel-specific problems: 复杂连招、写实血腥、欢乐庆祝、现代UI、改写文字、解释结局. Do not use modern mobile-game polish, 3D cartoon style, neon cyberpunk, or high-res fantasy UI.","Follow whitebox_renders_v2/B06/WB2_8BIT_MSB184.png; preserve axis, scale, foreground/midground/background, and subject blocking.",S8_8BIT_TRANSLATED,8-bit translated stage,The real characters are translated into side-scrolling arcade rules while identity anchors remain.,"Pixel versions retain red scarf, green bag, yellow hair, body-size differences and earlier dirt logic.","Game-rule intensity, mechanical resolve, then empty win-state stillness.",Low-resolution 1990s side-scrolling beat-em-up stage with the phone booth as background anchor.,whitebox_renders_v2/B06/WB2_8BIT_MSB184.png
MSB185,B06,20,WIN / INSERT COIN,SCN_8BIT,CAM_8BIT_02_WIN_SCREEN,storyboard,A,visual_assets/pure/micro_storyboard/B06/MSB185_v001.png,visual_assets/annotated/micro_storyboard/B06/MSB185_v001_annotated.png,"Create a pure cinematic film still for AIGC video generation, 16:9 landscape, high-resolution, photoreal Chinese dreamcore realism, 1990s small-town China, humid yellowed childhood memory, low light, restrained VHS grain, real old clothes, lived-in surfaces, no visible text or annotations. Use the whitebox reference for composition and spatial relationship: whitebox_renders_v2/B06/WB2_8BIT_MSB185.png. Panel MSB185, Clip 20 WIN / INSERT COIN, time 05:40. Scene lock: SCN_8BIT. Camera reference: CAM_8BIT_02_WIN_SCREEN. Shot size: 横版中景. Beat: 小川不庆祝. Visual focus: 像素小川站在左中，仍是紧张待机动作，没有胜利姿势. Character focus: 小川像素. Expression: 空白，不明白胜利. Blocking and motion: 静止. Continuity anchors: 横版固定机位，像素小川，四个敌人，书包旋风、硬币冲击波，WIN 后一秒安静，再 INSERT COIN. Story stage: S8_8BIT_TRANSLATED / 8-bit translated stage. Character stage lock: The real characters are translated into side-scrolling arcade rules while identity anchors remain.. Wardrobe state: Pixel versions retain red scarf, green bag, yellow hair, body-size differences and earlier dirt logic.. Emotion state: Game-rule intensity, mechanical resolve, then empty win-state stillness.. Environment stage lock: Low-resolution 1990s side-scrolling beat-em-up stage with the phone booth as background anchor.. Identity locks: A Lei is the tall older brother with old thin metal-frame glasses, a blue worn tracksuit, protective posture, and a habit of pushing his glasses. Xiao Chuan is the middle/protagonist boy with round eyes, a slightly protruding right ear, half-open mouth, red scarf, blue school jacket and green schoolbag, often gripping the bag straps. Xiao Man is the smallest younger brother with a round head, rounder body, timid downcast eyes, warm old vest or pale shirt, hands gripping his hem, toes turned inward. Binzi is the short bully boss with dyed yellow hair and a compact aggressive body. The other three bullies must have distinct tall-thin, heavy, and errand-runner silhouettes. The image must look like a final movie frame or clean keyframe, not a storyboard drawing.","No text, no captions, no Chinese characters, no English letters, no labels, no arrows, no diagrams, no storyboard frame, no contact sheet, no sketch lines, no watermark. Avoid modern phones, modern cars, LED shop signs, polished mall interiors, fashionable contemporary clothes, glossy advertisement lighting, heroic violence, gore, blood focus, glamorized fighting, or characters looking like adults. Avoid panel-specific problems: 复杂连招、写实血腥、欢乐庆祝、现代UI、改写文字、解释结局. Do not use modern mobile-game polish, 3D cartoon style, neon cyberpunk, or high-res fantasy UI.","Follow whitebox_renders_v2/B06/WB2_8BIT_MSB185.png; preserve axis, scale, foreground/midground/background, and subject blocking.",S8_8BIT_TRANSLATED,8-bit translated stage,The real characters are translated into side-scrolling arcade rules while identity anchors remain.,"Pixel versions retain red scarf, green bag, yellow hair, body-size differences and earlier dirt logic.","Game-rule intensity, mechanical resolve, then empty win-state stillness.",Low-resolution 1990s side-scrolling beat-em-up stage with the phone booth as background anchor.,whitebox_renders_v2/B06/WB2_8BIT_MSB185.png
MSB186,B06,20,WIN / INSERT COIN,SCN_8BIT,CAM_8BIT_02_WIN_SCREEN,keyframe,A,visual_assets/pure/micro_storyboard/B06/MSB186_v001.png,visual_assets/annotated/micro_storyboard/B06/MSB186_v001_annotated.png,"Create a pure cinematic film still for AIGC video generation, 16:9 landscape, high-resolution, photoreal Chinese dreamcore realism, 1990s small-town China, humid yellowed childhood memory, low light, restrained VHS grain, real old clothes, lived-in surfaces, no visible text or annotations. Use the whitebox reference for composition and spatial relationship: whitebox_renders_v2/B06/WB2_8BIT_MSB186.png. Panel MSB186, Clip 20 WIN / INSERT COIN, time 05:42. Scene lock: SCN_8BIT. Camera reference: CAM_8BIT_02_WIN_SCREEN. Shot size: 横版全景/UI. Beat: WIN 居中. Visual focus: 巨大黄色像素字 WIN 出现在画面中央，背景仍是废楼像素走廊. Character focus: UI/小川. Expression: 爽感被压住. Blocking and motion: UI 弹出. Continuity anchors: 横版固定机位，像素小川，四个敌人，书包旋风、硬币冲击波，WIN 后一秒安静，再 INSERT COIN. Story stage: S8_8BIT_TRANSLATED / 8-bit translated stage. Character stage lock: The real characters are translated into side-scrolling arcade rules while identity anchors remain.. Wardrobe state: Pixel versions retain red scarf, green bag, yellow hair, body-size differences and earlier dirt logic.. Emotion state: Game-rule intensity, mechanical resolve, then empty win-state stillness.. Environment stage lock: Low-resolution 1990s side-scrolling beat-em-up stage with the phone booth as background anchor.. Identity locks: A Lei is the tall older brother with old thin metal-frame glasses, a blue worn tracksuit, protective posture, and a habit of pushing his glasses. Xiao Chuan is the middle/protagonist boy with round eyes, a slightly protruding right ear, half-open mouth, red scarf, blue school jacket and green schoolbag, often gripping the bag straps. Xiao Man is the smallest younger brother with a round head, rounder body, timid downcast eyes, warm old vest or pale shirt, hands gripping his hem, toes turned inward. Binzi is the short bully boss with dyed yellow hair and a compact aggressive body. The other three bullies must have distinct tall-thin, heavy, and errand-runner silhouettes. The image must look like a final movie frame or clean keyframe, not a storyboard drawing.","No text, no captions, no Chinese characters, no English letters, no labels, no arrows, no diagrams, no storyboard frame, no contact sheet, no sketch lines, no watermark. Avoid modern phones, modern cars, LED shop signs, polished mall interiors, fashionable contemporary clothes, glossy advertisement lighting, heroic violence, gore, blood focus, glamorized fighting, or characters looking like adults. Avoid panel-specific problems: 复杂连招、写实血腥、欢乐庆祝、现代UI、改写文字、解释结局. Do not use modern mobile-game polish, 3D cartoon style, neon cyberpunk, or high-res fantasy UI.","Follow whitebox_renders_v2/B06/WB2_8BIT_MSB186.png; preserve axis, scale, foreground/midground/background, and subject blocking.",S8_8BIT_TRANSLATED,8-bit translated stage,The real characters are translated into side-scrolling arcade rules while identity anchors remain.,"Pixel versions retain red scarf, green bag, yellow hair, body-size differences and earlier dirt logic.","Game-rule intensity, mechanical resolve, then empty win-state stillness.",Low-resolution 1990s side-scrolling beat-em-up stage with the phone booth as background anchor.,whitebox_renders_v2/B06/WB2_8BIT_MSB186.png
MSB187,B06,20,WIN / INSERT COIN,SCN_8BIT,CAM_8BIT_02_WIN_SCREEN,storyboard,A,visual_assets/pure/micro_storyboard/B06/MSB187_v001.png,visual_assets/annotated/micro_storyboard/B06/MSB187_v001_annotated.png,"Create a pure cinematic film still for AIGC video generation, 16:9 landscape, high-resolution, photoreal Chinese dreamcore realism, 1990s small-town China, humid yellowed childhood memory, low light, restrained VHS grain, real old clothes, lived-in surfaces, no visible text or annotations. Use the whitebox reference for composition and spatial relationship: whitebox_renders_v2/B06/WB2_8BIT_MSB187.png. Panel MSB187, Clip 20 WIN / INSERT COIN, time 05:45. Scene lock: SCN_8BIT. Camera reference: CAM_8BIT_02_WIN_SCREEN. Shot size: 横版全景/UI. Beat: 一秒安静. Visual focus: WIN 保持不动，像街机卡住一样安静，电话亭轮廓仍在背景. Character focus: UI/环境. Expression: 不安停顿. Blocking and motion: 几乎静止. Continuity anchors: 横版固定机位，像素小川，四个敌人，书包旋风、硬币冲击波，WIN 后一秒安静，再 INSERT COIN. Story stage: S8_8BIT_TRANSLATED / 8-bit translated stage. Character stage lock: The real characters are translated into side-scrolling arcade rules while identity anchors remain.. Wardrobe state: Pixel versions retain red scarf, green bag, yellow hair, body-size differences and earlier dirt logic.. Emotion state: Game-rule intensity, mechanical resolve, then empty win-state stillness.. Environment stage lock: Low-resolution 1990s side-scrolling beat-em-up stage with the phone booth as background anchor.. Identity locks: A Lei is the tall older brother with old thin metal-frame glasses, a blue worn tracksuit, protective posture, and a habit of pushing his glasses. Xiao Chuan is the middle/protagonist boy with round eyes, a slightly protruding right ear, half-open mouth, red scarf, blue school jacket and green schoolbag, often gripping the bag straps. Xiao Man is the smallest younger brother with a round head, rounder body, timid downcast eyes, warm old vest or pale shirt, hands gripping his hem, toes turned inward. Binzi is the short bully boss with dyed yellow hair and a compact aggressive body. The other three bullies must have distinct tall-thin, heavy, and errand-runner silhouettes. The image must look like a final movie frame or clean keyframe, not a storyboard drawing.","No text, no captions, no Chinese characters, no English letters, no labels, no arrows, no diagrams, no storyboard frame, no contact sheet, no sketch lines, no watermark. Avoid modern phones, modern cars, LED shop signs, polished mall interiors, fashionable contemporary clothes, glossy advertisement lighting, heroic violence, gore, blood focus, glamorized fighting, or characters looking like adults. Avoid panel-specific problems: 复杂连招、写实血腥、欢乐庆祝、现代UI、改写文字、解释结局. Do not use modern mobile-game polish, 3D cartoon style, neon cyberpunk, or high-res fantasy UI.","Follow whitebox_renders_v2/B06/WB2_8BIT_MSB187.png; preserve axis, scale, foreground/midground/background, and subject blocking.",S8_8BIT_TRANSLATED,8-bit translated stage,The real characters are translated into side-scrolling arcade rules while identity anchors remain.,"Pixel versions retain red scarf, green bag, yellow hair, body-size differences and earlier dirt logic.","Game-rule intensity, mechanical resolve, then empty win-state stillness.",Low-resolution 1990s side-scrolling beat-em-up stage with the phone booth as background anchor.,whitebox_renders_v2/B06/WB2_8BIT_MSB187.png
MSB188,B06,20,WIN / INSERT COIN,SCN_8BIT,CAM_8BIT_02_WIN_SCREEN,keyframe,A,visual_assets/pure/micro_storyboard/B06/MSB188_v001.png,visual_assets/annotated/micro_storyboard/B06/MSB188_v001_annotated.png,"Create a pure cinematic film still for AIGC video generation, 16:9 landscape, high-resolution, photoreal Chinese dreamcore realism, 1990s small-town China, humid yellowed childhood memory, low light, restrained VHS grain, real old clothes, lived-in surfaces, no visible text or annotations. Use the whitebox reference for composition and spatial relationship: whitebox_renders_v2/B06/WB2_8BIT_MSB188.png. Panel MSB188, Clip 20 WIN / INSERT COIN, time 05:47. Scene lock: SCN_8BIT. Camera reference: CAM_8BIT_02_WIN_SCREEN. Shot size: 横版全景/UI. Beat: INSERT COIN 尾针. Visual focus: 画面角落闪出 INSERT COIN，WIN 仍在，街机待机感吞掉结局. Character focus: UI/环境. Expression: 胜利变成循环. Blocking and motion: 文字闪烁. Continuity anchors: 横版固定机位，像素小川，四个敌人，书包旋风、硬币冲击波，WIN 后一秒安静，再 INSERT COIN. Story stage: S8_8BIT_TRANSLATED / 8-bit translated stage. Character stage lock: The real characters are translated into side-scrolling arcade rules while identity anchors remain.. Wardrobe state: Pixel versions retain red scarf, green bag, yellow hair, body-size differences and earlier dirt logic.. Emotion state: Game-rule intensity, mechanical resolve, then empty win-state stillness.. Environment stage lock: Low-resolution 1990s side-scrolling beat-em-up stage with the phone booth as background anchor.. Identity locks: A Lei is the tall older brother with old thin metal-frame glasses, a blue worn tracksuit, protective posture, and a habit of pushing his glasses. Xiao Chuan is the middle/protagonist boy with round eyes, a slightly protruding right ear, half-open mouth, red scarf, blue school jacket and green schoolbag, often gripping the bag straps. Xiao Man is the smallest younger brother with a round head, rounder body, timid downcast eyes, warm old vest or pale shirt, hands gripping his hem, toes turned inward. Binzi is the short bully boss with dyed yellow hair and a compact aggressive body. The other three bullies must have distinct tall-thin, heavy, and errand-runner silhouettes. The image must look like a final movie frame or clean keyframe, not a storyboard drawing.","No text, no captions, no Chinese characters, no English letters, no labels, no arrows, no diagrams, no storyboard frame, no contact sheet, no sketch lines, no watermark. Avoid modern phones, modern cars, LED shop signs, polished mall interiors, fashionable contemporary clothes, glossy advertisement lighting, heroic violence, gore, blood focus, glamorized fighting, or characters looking like adults. Avoid panel-specific problems: 复杂连招、写实血腥、欢乐庆祝、现代UI、改写文字、解释结局. Do not use modern mobile-game polish, 3D cartoon style, neon cyberpunk, or high-res fantasy UI.","Follow whitebox_renders_v2/B06/WB2_8BIT_MSB188.png; preserve axis, scale, foreground/midground/background, and subject blocking.",S8_8BIT_TRANSLATED,8-bit translated stage,The real characters are translated into side-scrolling arcade rules while identity anchors remain.,"Pixel versions retain red scarf, green bag, yellow hair, body-size differences and earlier dirt logic.","Game-rule intensity, mechanical resolve, then empty win-state stillness.",Low-resolution 1990s side-scrolling beat-em-up stage with the phone booth as background anchor.,whitebox_renders_v2/B06/WB2_8BIT_MSB188.png
