panel_id,batch,clip,clip_title,asset_type,priority,planned_path,zh_prompt,negative_prompt,continuity_check,story_stage,stage_name,character_stage_lock,wardrobe_state,environment_stage_lock,whitebox_reference_path
MSB001,B01,01,老小区建立,storyboard,A,micro_storyboard_panels/B01/MSB001_01_空镜压低视线.png,90年代中国小城，中式梦核现实电影质感，潮湿发黄的童年记忆，低照度，轻微 VHS 噪点，儿童低视角，真实旧衣服和生活痕迹，不漂亮化。人物必须继承 v2 设定：阿磊海军蓝旧运动外套和左眉断点；小川右耳微外翻、过紧红领巾、浅绿色塌书包；小满浅色大衬衫、抓衣角、脚尖内扣；彬子黄发梢、破黑夹克、腰包；高杆高瘦长手臂；大海宽身体褪色 T 恤；小齐条纹内衫和抠袖口。 画面编号 MSB001，段落 01《老小区建立》。景别：远景。参考机位：CAM_COMPOUND_01_ESTABLISH。本张只画一个画面状态：空镜压低视线。画面焦点：潮湿地面和破自行车占前景，居民楼底层角落被压在画面右后方。人物焦点：环境。表情要求：无人物，只有潮湿和静默。姿态/运动路径：locked-off，低机位，轻微前推。连续性锚点：老旧居民楼一楼偏僻角落、发黄水泥墙、晾衣绳、破自行车、潮湿地面、门内微弱 CRT 蓝绿光。画面应像可用于电影分镜的单张 production storyboard panel，构图清楚，动作状态明确，不要把前后动作合在一张里 【部分原文损坏，需从源文件重建 / Partial source text corrupted; rebuild from source】,不要统一脸型，不要统一发型，不要统一身材，不要童模脸，不要网红脸，不要现代校服，不要现代手机，不要液晶屏，不要女生，不要额外角色，不要成年人黑帮，不要动漫化，不要血腥，不要英雄化暴力。 本张特别避免：现代商业街、明亮商铺、现代招牌、人群拥挤 【部分原文损坏，需从源文件重建 / Partial source text corrupted; rebuild from source】,确认 环境 可识别；确认 老旧居民楼一楼偏僻角落、发黄水泥墙、晾衣绳、破自行车、潮湿地面、门内微弱 CRT 蓝绿光 未漂移；确认只表达「空镜压低视线」一个状态。,S0_START_CLEAN,起始干净阶段 / Start clean,角色焦点：环境；连续性：老旧居民楼一楼偏僻角落、发黄水泥墙、晾衣绳、破自行车、潮湿地面、门内微弱 CRT 蓝绿光 / Character focus: 环境; continuity: 老旧居民楼一楼偏僻角落、发黄水泥墙、晾衣绳、破自行车、潮湿地面、门内微弱 CRT 蓝绿光,角色焦点：环境；连续性：老旧居民楼一楼偏僻角落、发黄水泥墙、晾衣绳、破自行车、潮湿地面、门内微弱 CRT 蓝绿光 / Character focus: 环境; continuity: 老旧居民楼一楼偏僻角落、发黄水泥墙、晾衣绳、破自行车、潮湿地面、门内微弱 CRT 蓝绿光,老旧居民楼一楼偏僻角落、发黄水泥墙、晾衣绳、破自行车、潮湿地面、门内微弱 CRT 蓝绿光 / Environment continuity lock,whitebox_renders_v2/B01/WB2_COMPOUND_MSB001.png
MSB002,B01,01,老小区建立,storyboard,A,micro_storyboard_panels/B01/MSB002_01_居民楼像迷宫.png,90年代中国小城，中式梦核现实电影质感，潮湿发黄的童年记忆，低照度，轻微 VHS 噪点，儿童低视角，真实旧衣服和生活痕迹，不漂亮化。人物必须继承 v2 设定：阿磊海军蓝旧运动外套和左眉断点；小川右耳微外翻、过紧红领巾、浅绿色塌书包；小满浅色大衬衫、抓衣角、脚尖内扣；彬子黄发梢、破黑夹克、腰包；高杆高瘦长手臂；大海宽身体褪色 T 恤；小齐条纹内衫和抠袖口。 画面编号 MSB002，段落 01《老小区建立》。景别：远景。参考机位：CAM_COMPOUND_01_ESTABLISH。本张只画一个画面状态：居民楼像迷宫。画面焦点：发黄楼体、铁栏杆、晾衣绳形成遮挡，游戏机房入口几乎被墙角吞掉。人物焦点：环境。表情要求：无人物，空间有被遗忘感。姿态/运动路径：镜头保持低，建筑线条压迫。连续性锚点：老旧居民楼一楼偏僻角落、发黄水泥墙、晾衣绳、破自行车、潮湿地面、门内微弱 CRT 蓝绿光。画面应像可用于电影分镜的单张 production storyboard panel，构图清楚，动作状态明确，不要把前后动作合在一张里 【部分原文损坏，需从源文件重建 / Partial source text corrupted; rebuild from source】,不要统一脸型，不要统一发型，不要统一身材，不要童模脸，不要网红脸，不要现代校服，不要现代手机，不要液晶屏，不要女生，不要额外角色，不要成年人黑帮，不要动漫化，不要血腥，不要英雄化暴力。 本张特别避免：现代商业街、明亮商铺、现代招牌、人群拥挤 【部分原文损坏，需从源文件重建 / Partial source text corrupted; rebuild from source】,确认 环境 可识别；确认 老旧居民楼一楼偏僻角落、发黄水泥墙、晾衣绳、破自行车、潮湿地面、门内微弱 CRT 蓝绿光 未漂移；确认只表达「居民楼像迷宫」一个状态。,S0_START_CLEAN,起始干净阶段 / Start clean,角色焦点：环境；连续性：老旧居民楼一楼偏僻角落、发黄水泥墙、晾衣绳、破自行车、潮湿地面、门内微弱 CRT 蓝绿光 / Character focus: 环境; continuity: 老旧居民楼一楼偏僻角落、发黄水泥墙、晾衣绳、破自行车、潮湿地面、门内微弱 CRT 蓝绿光,角色焦点：环境；连续性：老旧居民楼一楼偏僻角落、发黄水泥墙、晾衣绳、破自行车、潮湿地面、门内微弱 CRT 蓝绿光 / Character focus: 环境; continuity: 老旧居民楼一楼偏僻角落、发黄水泥墙、晾衣绳、破自行车、潮湿地面、门内微弱 CRT 蓝绿光,老旧居民楼一楼偏僻角落、发黄水泥墙、晾衣绳、破自行车、潮湿地面、门内微弱 CRT 蓝绿光 / Environment continuity lock,whitebox_renders_v2/B01/WB2_COMPOUND_MSB002.png
MSB003,B01,01,老小区建立,keyframe,A,micro_storyboard_panels/B01/MSB003_01_门缝_CRT_光.png,90年代中国小城，中式梦核现实电影质感，潮湿发黄的童年记忆，低照度，轻微 VHS 噪点，儿童低视角，真实旧衣服和生活痕迹，不漂亮化。人物必须继承 v2 设定：阿磊海军蓝旧运动外套和左眉断点；小川右耳微外翻、过紧红领巾、浅绿色塌书包；小满浅色大衬衫、抓衣角、脚尖内扣；彬子黄发梢、破黑夹克、腰包；高杆高瘦长手臂；大海宽身体褪色 T 恤；小齐条纹内衫和抠袖口。 画面编号 MSB003，段落 01《老小区建立》。景别：中远景。参考机位：CAM_COMPOUND_01_ESTABLISH。本张只画一个画面状态：门缝 CRT 光。画面焦点：一扇不起眼的门里漏出蓝绿 CRT 光，门口杂草和水渍清楚。人物焦点：环境。表情要求：无人物，光像诱饵。姿态/运动路径：只允许光轻闪。连续性锚点：老旧居民楼一楼偏僻角落、发黄水泥墙、晾衣绳、破自行车、潮湿地面、门内微弱 CRT 蓝绿光。画面应像可用于电影分镜的单张 production storyboard panel，构图清楚，动作状态明确，不要把前后动作合在一张里 【部分原文损坏，需从源文件重建 / Partial source text corrupted; rebuild from source】,不要统一脸型，不要统一发型，不要统一身材，不要童模脸，不要网红脸，不要现代校服，不要现代手机，不要液晶屏，不要女生，不要额外角色，不要成年人黑帮，不要动漫化，不要血腥，不要英雄化暴力。 本张特别避免：现代商业街、明亮商铺、现代招牌、人群拥挤 【部分原文损坏，需从源文件重建 / Partial source text corrupted; rebuild from source】,确认 环境 可识别；确认 老旧居民楼一楼偏僻角落、发黄水泥墙、晾衣绳、破自行车、潮湿地面、门内微弱 CRT 蓝绿光 未漂移；确认只表达「门缝 CRT 光」一个状态。,S0_START_CLEAN,起始干净阶段 / Start clean,角色焦点：环境；连续性：老旧居民楼一楼偏僻角落、发黄水泥墙、晾衣绳、破自行车、潮湿地面、门内微弱 CRT 蓝绿光 / Character focus: 环境; continuity: 老旧居民楼一楼偏僻角落、发黄水泥墙、晾衣绳、破自行车、潮湿地面、门内微弱 CRT 蓝绿光,角色焦点：环境；连续性：老旧居民楼一楼偏僻角落、发黄水泥墙、晾衣绳、破自行车、潮湿地面、门内微弱 CRT 蓝绿光 / Character focus: 环境; continuity: 老旧居民楼一楼偏僻角落、发黄水泥墙、晾衣绳、破自行车、潮湿地面、门内微弱 CRT 蓝绿光,老旧居民楼一楼偏僻角落、发黄水泥墙、晾衣绳、破自行车、潮湿地面、门内微弱 CRT 蓝绿光 / Environment continuity lock,whitebox_renders_v2/B01/WB2_COMPOUND_MSB003.png
MSB004,B01,01,老小区建立,storyboard,B,micro_storyboard_panels/B01/MSB004_01_旧招牌细节.png,90年代中国小城，中式梦核现实电影质感，潮湿发黄的童年记忆，低照度，轻微 VHS 噪点，儿童低视角，真实旧衣服和生活痕迹，不漂亮化。人物必须继承 v2 设定：阿磊海军蓝旧运动外套和左眉断点；小川右耳微外翻、过紧红领巾、浅绿色塌书包；小满浅色大衬衫、抓衣角、脚尖内扣；彬子黄发梢、破黑夹克、腰包；高杆高瘦长手臂；大海宽身体褪色 T 恤；小齐条纹内衫和抠袖口。 画面编号 MSB004，段落 01《老小区建立》。景别：中景。参考机位：CAM_COMPOUND_01_ESTABLISH。本张只画一个画面状态：旧招牌细节。画面焦点：旧门头、卷帘门边缘、贴坏的游戏贴纸和墙皮脱落。人物焦点：环境。表情要求：无人物，怀旧但不漂亮。姿态/运动路径：固定构图，细节可读。连续性锚点：老旧居民楼一楼偏僻角落、发黄水泥墙、晾衣绳、破自行车、潮湿地面、门内微弱 CRT 蓝绿光。画面应像可用于电影分镜的单张 production storyboard panel，构图清楚，动作状态明确，不要把前后动作合在一张里 【部分原文损坏，需从源文件重建 / Partial source text corrupted; rebuild from source】,不要统一脸型，不要统一发型，不要统一身材，不要童模脸，不要网红脸，不要现代校服，不要现代手机，不要液晶屏，不要女生，不要额外角色，不要成年人黑帮，不要动漫化，不要血腥，不要英雄化暴力。 本张特别避免：现代商业街、明亮商铺、现代招牌、人群拥挤 【部分原文损坏，需从源文件重建 / Partial source text corrupted; rebuild from source】,确认 环境 可识别；确认 老旧居民楼一楼偏僻角落、发黄水泥墙、晾衣绳、破自行车、潮湿地面、门内微弱 CRT 蓝绿光 未漂移；确认只表达「旧招牌细节」一个状态。,S0_START_CLEAN,起始干净阶段 / Start clean,角色焦点：环境；连续性：老旧居民楼一楼偏僻角落、发黄水泥墙、晾衣绳、破自行车、潮湿地面、门内微弱 CRT 蓝绿光 / Character focus: 环境; continuity: 老旧居民楼一楼偏僻角落、发黄水泥墙、晾衣绳、破自行车、潮湿地面、门内微弱 CRT 蓝绿光,角色焦点：环境；连续性：老旧居民楼一楼偏僻角落、发黄水泥墙、晾衣绳、破自行车、潮湿地面、门内微弱 CRT 蓝绿光 / Character focus: 环境; continuity: 老旧居民楼一楼偏僻角落、发黄水泥墙、晾衣绳、破自行车、潮湿地面、门内微弱 CRT 蓝绿光,老旧居民楼一楼偏僻角落、发黄水泥墙、晾衣绳、破自行车、潮湿地面、门内微弱 CRT 蓝绿光 / Environment continuity lock,whitebox_renders_v2/B01/WB2_COMPOUND_MSB004.png
MSB005,B01,01,老小区建立,storyboard,B,micro_storyboard_panels/B01/MSB005_01_楼道暗处.png,90年代中国小城，中式梦核现实电影质感，潮湿发黄的童年记忆，低照度，轻微 VHS 噪点，儿童低视角，真实旧衣服和生活痕迹，不漂亮化。人物必须继承 v2 设定：阿磊海军蓝旧运动外套和左眉断点；小川右耳微外翻、过紧红领巾、浅绿色塌书包；小满浅色大衬衫、抓衣角、脚尖内扣；彬子黄发梢、破黑夹克、腰包；高杆高瘦长手臂；大海宽身体褪色 T 恤；小齐条纹内衫和抠袖口。 画面编号 MSB005，段落 01《老小区建立》。景别：中远景。参考机位：CAM_COMPOUND_01_ESTABLISH。本张只画一个画面状态：楼道暗处。画面焦点：楼道黑洞和游戏机房门口形成两个入口，观众不确定哪个更危险。人物焦点：环境。表情要求：无人物，安静偏僻。姿态/运动路径：微 push-in。连续性锚点：老旧居民楼一楼偏僻角落、发黄水泥墙、晾衣绳、破自行车、潮湿地面、门内微弱 CRT 蓝绿光。画面应像可用于电影分镜的单张 production storyboard panel，构图清楚，动作状态明确，不要把前后动作合在一张里 【部分原文损坏，需从源文件重建 / Partial source text corrupted; rebuild from source】,不要统一脸型，不要统一发型，不要统一身材，不要童模脸，不要网红脸，不要现代校服，不要现代手机，不要液晶屏，不要女生，不要额外角色，不要成年人黑帮，不要动漫化，不要血腥，不要英雄化暴力。 本张特别避免：现代商业街、明亮商铺、现代招牌、人群拥挤 【部分原文损坏，需从源文件重建 / Partial source text corrupted; rebuild from source】,确认 环境 可识别；确认 老旧居民楼一楼偏僻角落、发黄水泥墙、晾衣绳、破自行车、潮湿地面、门内微弱 CRT 蓝绿光 未漂移；确认只表达「楼道暗处」一个状态。,S0_START_CLEAN,起始干净阶段 / Start clean,角色焦点：环境；连续性：老旧居民楼一楼偏僻角落、发黄水泥墙、晾衣绳、破自行车、潮湿地面、门内微弱 CRT 蓝绿光 / Character focus: 环境; continuity: 老旧居民楼一楼偏僻角落、发黄水泥墙、晾衣绳、破自行车、潮湿地面、门内微弱 CRT 蓝绿光,角色焦点：环境；连续性：老旧居民楼一楼偏僻角落、发黄水泥墙、晾衣绳、破自行车、潮湿地面、门内微弱 CRT 蓝绿光 / Character focus: 环境; continuity: 老旧居民楼一楼偏僻角落、发黄水泥墙、晾衣绳、破自行车、潮湿地面、门内微弱 CRT 蓝绿光,老旧居民楼一楼偏僻角落、发黄水泥墙、晾衣绳、破自行车、潮湿地面、门内微弱 CRT 蓝绿光 / Environment continuity lock,whitebox_renders_v2/B01/WB2_COMPOUND_MSB005.png
MSB006,B01,01,老小区建立,storyboard,B,micro_storyboard_panels/B01/MSB006_01_CRT_反光到水面.png,90年代中国小城，中式梦核现实电影质感，潮湿发黄的童年记忆，低照度，轻微 VHS 噪点，儿童低视角，真实旧衣服和生活痕迹，不漂亮化。人物必须继承 v2 设定：阿磊海军蓝旧运动外套和左眉断点；小川右耳微外翻、过紧红领巾、浅绿色塌书包；小满浅色大衬衫、抓衣角、脚尖内扣；彬子黄发梢、破黑夹克、腰包；高杆高瘦长手臂；大海宽身体褪色 T 恤；小齐条纹内衫和抠袖口。 画面编号 MSB006，段落 01《老小区建立》。景别：特写。参考机位：CAM_COMPOUND_01_ESTABLISH。本张只画一个画面状态：CRT 反光到水面。画面焦点：潮湿地面水洼反射出微弱 CRT 色块，旁边有碎石和烟头。人物焦点：环境/道具。表情要求：无人物，现实细节。姿态/运动路径：低角度近景。连续性锚点：老旧居民楼一楼偏僻角落、发黄水泥墙、晾衣绳、破自行车、潮湿地面、门内微弱 CRT 蓝绿光。画面应像可用于电影分镜的单张 production storyboard panel，构图清楚，动作状态明确，不要把前后动作合在一张里 【部分原文损坏，需从源文件重建 / Partial source text corrupted; rebuild from source】,不要统一脸型，不要统一发型，不要统一身材，不要童模脸，不要网红脸，不要现代校服，不要现代手机，不要液晶屏，不要女生，不要额外角色，不要成年人黑帮，不要动漫化，不要血腥，不要英雄化暴力。 本张特别避免：现代商业街、明亮商铺、现代招牌、人群拥挤 【部分原文损坏，需从源文件重建 / Partial source text corrupted; rebuild from source】,确认 环境/道具 可识别；确认 老旧居民楼一楼偏僻角落、发黄水泥墙、晾衣绳、破自行车、潮湿地面、门内微弱 CRT 蓝绿光 未漂移；确认只表达「CRT 反光到水面」一个状态。,S0_START_CLEAN,起始干净阶段 / Start clean,角色焦点：环境/道具；连续性：老旧居民楼一楼偏僻角落、发黄水泥墙、晾衣绳、破自行车、潮湿地面、门内微弱 CRT 蓝绿光 / Character focus: 环境/道具; continuity: 老旧居民楼一楼偏僻角落、发黄水泥墙、晾衣绳、破自行车、潮湿地面、门内微弱 CRT 蓝绿光,角色焦点：环境/道具；连续性：老旧居民楼一楼偏僻角落、发黄水泥墙、晾衣绳、破自行车、潮湿地面、门内微弱 CRT 蓝绿光 / Character focus: 环境/道具; continuity: 老旧居民楼一楼偏僻角落、发黄水泥墙、晾衣绳、破自行车、潮湿地面、门内微弱 CRT 蓝绿光,老旧居民楼一楼偏僻角落、发黄水泥墙、晾衣绳、破自行车、潮湿地面、门内微弱 CRT 蓝绿光 / Environment continuity lock,whitebox_renders_v2/B01/WB2_COMPOUND_MSB006.png
MSB007,B01,01,老小区建立,start_frame,A,micro_storyboard_panels/B01/MSB007_01_空间方向确认.png,90年代中国小城，中式梦核现实电影质感，潮湿发黄的童年记忆，低照度，轻微 VHS 噪点，儿童低视角，真实旧衣服和生活痕迹，不漂亮化。人物必须继承 v2 设定：阿磊海军蓝旧运动外套和左眉断点；小川右耳微外翻、过紧红领巾、浅绿色塌书包；小满浅色大衬衫、抓衣角、脚尖内扣；彬子黄发梢、破黑夹克、腰包；高杆高瘦长手臂；大海宽身体褪色 T 恤；小齐条纹内衫和抠袖口。 画面编号 MSB007，段落 01《老小区建立》。景别：远景。参考机位：CAM_COMPOUND_01_ESTABLISH。本张只画一个画面状态：空间方向确认。画面焦点：从院子深处看向游戏机房角落，给出三兄弟稍后进入的路线。人物焦点：环境。表情要求：无人物，路径清楚。姿态/运动路径：低位广角。连续性锚点：老旧居民楼一楼偏僻角落、发黄水泥墙、晾衣绳、破自行车、潮湿地面、门内微弱 CRT 蓝绿光。画面应像可用于电影分镜的单张 production storyboard panel，构图清楚，动作状态明确，不要把前后动作合在一张里 【部分原文损坏，需从源文件重建 / Partial source text corrupted; rebuild from source】,不要统一脸型，不要统一发型，不要统一身材，不要童模脸，不要网红脸，不要现代校服，不要现代手机，不要液晶屏，不要女生，不要额外角色，不要成年人黑帮，不要动漫化，不要血腥，不要英雄化暴力。 本张特别避免：现代商业街、明亮商铺、现代招牌、人群拥挤 【部分原文损坏，需从源文件重建 / Partial source text corrupted; rebuild from source】,确认 环境 可识别；确认 老旧居民楼一楼偏僻角落、发黄水泥墙、晾衣绳、破自行车、潮湿地面、门内微弱 CRT 蓝绿光 未漂移；确认只表达「空间方向确认」一个状态。,S0_START_CLEAN,起始干净阶段 / Start clean,角色焦点：环境；连续性：老旧居民楼一楼偏僻角落、发黄水泥墙、晾衣绳、破自行车、潮湿地面、门内微弱 CRT 蓝绿光 / Character focus: 环境; continuity: 老旧居民楼一楼偏僻角落、发黄水泥墙、晾衣绳、破自行车、潮湿地面、门内微弱 CRT 蓝绿光,角色焦点：环境；连续性：老旧居民楼一楼偏僻角落、发黄水泥墙、晾衣绳、破自行车、潮湿地面、门内微弱 CRT 蓝绿光 / Character focus: 环境; continuity: 老旧居民楼一楼偏僻角落、发黄水泥墙、晾衣绳、破自行车、潮湿地面、门内微弱 CRT 蓝绿光,老旧居民楼一楼偏僻角落、发黄水泥墙、晾衣绳、破自行车、潮湿地面、门内微弱 CRT 蓝绿光 / Environment continuity lock,whitebox_renders_v2/B01/WB2_COMPOUND_MSB007.png
MSB008,B01,01,老小区建立,end_frame,A,micro_storyboard_panels/B01/MSB008_01_等待人物进入.png,90年代中国小城，中式梦核现实电影质感，潮湿发黄的童年记忆，低照度，轻微 VHS 噪点，儿童低视角，真实旧衣服和生活痕迹，不漂亮化。人物必须继承 v2 设定：阿磊海军蓝旧运动外套和左眉断点；小川右耳微外翻、过紧红领巾、浅绿色塌书包；小满浅色大衬衫、抓衣角、脚尖内扣；彬子黄发梢、破黑夹克、腰包；高杆高瘦长手臂；大海宽身体褪色 T 恤；小齐条纹内衫和抠袖口。 画面编号 MSB008，段落 01《老小区建立》。景别：远景。参考机位：CAM_COMPOUND_01_ESTABLISH。本张只画一个画面状态：等待人物进入。画面焦点：画面左后方留出空位，门口 CRT 光稳定，像在等待孩子靠近。人物焦点：环境。表情要求：无人物，悬念。姿态/运动路径：locked-off。连续性锚点：老旧居民楼一楼偏僻角落、发黄水泥墙、晾衣绳、破自行车、潮湿地面、门内微弱 CRT 蓝绿光。画面应像可用于电影分镜的单张 production storyboard panel，构图清楚，动作状态明确，不要把前后动作合在一张里 【部分原文损坏，需从源文件重建 / Partial source text corrupted; rebuild from source】,不要统一脸型，不要统一发型，不要统一身材，不要童模脸，不要网红脸，不要现代校服，不要现代手机，不要液晶屏，不要女生，不要额外角色，不要成年人黑帮，不要动漫化，不要血腥，不要英雄化暴力。 本张特别避免：现代商业街、明亮商铺、现代招牌、人群拥挤 【部分原文损坏，需从源文件重建 / Partial source text corrupted; rebuild from source】,确认 环境 可识别；确认 老旧居民楼一楼偏僻角落、发黄水泥墙、晾衣绳、破自行车、潮湿地面、门内微弱 CRT 蓝绿光 未漂移；确认只表达「等待人物进入」一个状态。,S0_START_CLEAN,起始干净阶段 / Start clean,角色焦点：环境；连续性：老旧居民楼一楼偏僻角落、发黄水泥墙、晾衣绳、破自行车、潮湿地面、门内微弱 CRT 蓝绿光 / Character focus: 环境; continuity: 老旧居民楼一楼偏僻角落、发黄水泥墙、晾衣绳、破自行车、潮湿地面、门内微弱 CRT 蓝绿光,角色焦点：环境；连续性：老旧居民楼一楼偏僻角落、发黄水泥墙、晾衣绳、破自行车、潮湿地面、门内微弱 CRT 蓝绿光 / Character focus: 环境; continuity: 老旧居民楼一楼偏僻角落、发黄水泥墙、晾衣绳、破自行车、潮湿地面、门内微弱 CRT 蓝绿光,老旧居民楼一楼偏僻角落、发黄水泥墙、晾衣绳、破自行车、潮湿地面、门内微弱 CRT 蓝绿光 / Environment continuity lock,whitebox_renders_v2/B01/WB2_COMPOUND_MSB008.png
MSB009,B01,02,三兄弟靠近,storyboard,A,micro_storyboard_panels/B01/MSB009_02_阿磊先进画.png,90年代中国小城，中式梦核现实电影质感，潮湿发黄的童年记忆，低照度，轻微 VHS 噪点，儿童低视角，真实旧衣服和生活痕迹，不漂亮化。人物必须继承 v2 设定：阿磊海军蓝旧运动外套和左眉断点；小川右耳微外翻、过紧红领巾、浅绿色塌书包；小满浅色大衬衫、抓衣角、脚尖内扣；彬子黄发梢、破黑夹克、腰包；高杆高瘦长手臂；大海宽身体褪色 T 恤；小齐条纹内衫和抠袖口。 画面编号 MSB009，段落 02《三兄弟靠近》。景别：全景。参考机位：CAM_COMPOUND_02_BROTHERS_APPROACH。本张只画一个画面状态：阿磊先进画。画面焦点：阿磊从画面左后方先出现，双手插兜，装作熟门熟路。人物焦点：阿磊。表情要求：假装镇定，下巴微扬。姿态/运动路径：步子比弟弟大半拍。连续性锚点：阿磊海军蓝外套红白斜条，小川蓝白外套红领巾浅绿书包，小满浅色大衬衫，三人从院内走向角落。画面应像可用于电影分镜的单张 production storyboard panel，构图清楚，动作状态明确，不要把前后动作合在一张里 【部分原文损坏，需从源文件重建 / Partial source text corrupted; rebuild from source】,不要统一脸型，不要统一发型，不要统一身材，不要童模脸，不要网红脸，不要现代校服，不要现代手机，不要液晶屏，不要女生，不要额外角色，不要成年人黑帮，不要动漫化，不要血腥，不要英雄化暴力。 本张特别避免：三个孩子同款脸、同款发型、女生、学生队伍、现代校服 【部分原文损坏，需从源文件重建 / Partial source text corrupted; rebuild from source】,确认 阿磊 可识别；确认 阿磊海军蓝外套红白斜条，小川蓝白外套红领巾浅绿书包，小满浅色大衬衫，三人从院内走向角落 未漂移；确认只表达「阿磊先进画」一个状态。,S0_START_CLEAN,起始干净阶段 / Start clean,角色焦点：阿磊；连续性：阿磊海军蓝外套红白斜条，小川蓝白外套红领巾浅绿书包，小满浅色大衬衫，三人从院内走向角落 / Character focus: 阿磊; continuity: 阿磊海军蓝外套红白斜条，小川蓝白外套红领巾浅绿书包，小满浅色大衬衫，三人从院内走向角落,角色焦点：阿磊；连续性：阿磊海军蓝外套红白斜条，小川蓝白外套红领巾浅绿书包，小满浅色大衬衫，三人从院内走向角落 / Character focus: 阿磊; continuity: 阿磊海军蓝外套红白斜条，小川蓝白外套红领巾浅绿书包，小满浅色大衬衫，三人从院内走向角落,阿磊海军蓝外套红白斜条，小川蓝白外套红领巾浅绿书包，小满浅色大衬衫，三人从院内走向角落 / Environment continuity lock,whitebox_renders_v2/B01/WB2_COMPOUND_MSB009.png
MSB010,B01,02,三兄弟靠近,storyboard,A,micro_storyboard_panels/B01/MSB010_02_小川跟半步.png,90年代中国小城，中式梦核现实电影质感，潮湿发黄的童年记忆，低照度，轻微 VHS 噪点，儿童低视角，真实旧衣服和生活痕迹，不漂亮化。人物必须继承 v2 设定：阿磊海军蓝旧运动外套和左眉断点；小川右耳微外翻、过紧红领巾、浅绿色塌书包；小满浅色大衬衫、抓衣角、脚尖内扣；彬子黄发梢、破黑夹克、腰包；高杆高瘦长手臂；大海宽身体褪色 T 恤；小齐条纹内衫和抠袖口。 画面编号 MSB010，段落 02《三兄弟靠近》。景别：全景。参考机位：CAM_COMPOUND_02_BROTHERS_APPROACH。本张只画一个画面状态：小川跟半步。画面焦点：小川背浅绿色塌书包跟在半步后，两手攥书包带。人物焦点：小川。表情要求：紧张又好奇，眼睛看阿磊后背。姿态/运动路径：肩膀缩，步子短。连续性锚点：阿磊海军蓝外套红白斜条，小川蓝白外套红领巾浅绿书包，小满浅色大衬衫，三人从院内走向角落。画面应像可用于电影分镜的单张 production storyboard panel，构图清楚，动作状态明确，不要把前后动作合在一张里 【部分原文损坏，需从源文件重建 / Partial source text corrupted; rebuild from source】,不要统一脸型，不要统一发型，不要统一身材，不要童模脸，不要网红脸，不要现代校服，不要现代手机，不要液晶屏，不要女生，不要额外角色，不要成年人黑帮，不要动漫化，不要血腥，不要英雄化暴力。 本张特别避免：三个孩子同款脸、同款发型、女生、学生队伍、现代校服 【部分原文损坏，需从源文件重建 / Partial source text corrupted; rebuild from source】,确认 小川 可识别；确认 阿磊海军蓝外套红白斜条，小川蓝白外套红领巾浅绿书包，小满浅色大衬衫，三人从院内走向角落 未漂移；确认只表达「小川跟半步」一个状态。,S0_START_CLEAN,起始干净阶段 / Start clean,角色焦点：小川；连续性：阿磊海军蓝外套红白斜条，小川蓝白外套红领巾浅绿书包，小满浅色大衬衫，三人从院内走向角落 / Character focus: 小川; continuity: 阿磊海军蓝外套红白斜条，小川蓝白外套红领巾浅绿书包，小满浅色大衬衫，三人从院内走向角落,角色焦点：小川；连续性：阿磊海军蓝外套红白斜条，小川蓝白外套红领巾浅绿书包，小满浅色大衬衫，三人从院内走向角落 / Character focus: 小川; continuity: 阿磊海军蓝外套红白斜条，小川蓝白外套红领巾浅绿书包，小满浅色大衬衫，三人从院内走向角落,阿磊海军蓝外套红白斜条，小川蓝白外套红领巾浅绿书包，小满浅色大衬衫，三人从院内走向角落 / Environment continuity lock,whitebox_renders_v2/B01/WB2_COMPOUND_MSB010.png
MSB011,B01,02,三兄弟靠近,storyboard,A,micro_storyboard_panels/B01/MSB011_02_小满贴最后.png,90年代中国小城，中式梦核现实电影质感，潮湿发黄的童年记忆，低照度，轻微 VHS 噪点，儿童低视角，真实旧衣服和生活痕迹，不漂亮化。人物必须继承 v2 设定：阿磊海军蓝旧运动外套和左眉断点；小川右耳微外翻、过紧红领巾、浅绿色塌书包；小满浅色大衬衫、抓衣角、脚尖内扣；彬子黄发梢、破黑夹克、腰包；高杆高瘦长手臂；大海宽身体褪色 T 恤；小齐条纹内衫和抠袖口。 画面编号 MSB011，段落 02《三兄弟靠近》。景别：全景。参考机位：CAM_COMPOUND_02_BROTHERS_APPROACH。本张只画一个画面状态：小满贴最后。画面焦点：小满更小，浅色大衬衫，抓衣角，脚尖内扣地跟上。人物焦点：小满。表情要求：茫然，慢半拍。姿态/运动路径：贴着小川的路线走。连续性锚点：阿磊海军蓝外套红白斜条，小川蓝白外套红领巾浅绿书包，小满浅色大衬衫，三人从院内走向角落。画面应像可用于电影分镜的单张 production storyboard panel，构图清楚，动作状态明确，不要把前后动作合在一张里 【部分原文损坏，需从源文件重建 / Partial source text corrupted; rebuild from source】,不要统一脸型，不要统一发型，不要统一身材，不要童模脸，不要网红脸，不要现代校服，不要现代手机，不要液晶屏，不要女生，不要额外角色，不要成年人黑帮，不要动漫化，不要血腥，不要英雄化暴力。 本张特别避免：三个孩子同款脸、同款发型、女生、学生队伍、现代校服 【部分原文损坏，需从源文件重建 / Partial source text corrupted; rebuild from source】,确认 小满 可识别；确认 阿磊海军蓝外套红白斜条，小川蓝白外套红领巾浅绿书包，小满浅色大衬衫，三人从院内走向角落 未漂移；确认只表达「小满贴最后」一个状态。,S0_START_CLEAN,起始干净阶段 / Start clean,角色焦点：小满；连续性：阿磊海军蓝外套红白斜条，小川蓝白外套红领巾浅绿书包，小满浅色大衬衫，三人从院内走向角落 / Character focus: 小满; continuity: 阿磊海军蓝外套红白斜条，小川蓝白外套红领巾浅绿书包，小满浅色大衬衫，三人从院内走向角落,角色焦点：小满；连续性：阿磊海军蓝外套红白斜条，小川蓝白外套红领巾浅绿书包，小满浅色大衬衫，三人从院内走向角落 / Character focus: 小满; continuity: 阿磊海军蓝外套红白斜条，小川蓝白外套红领巾浅绿书包，小满浅色大衬衫，三人从院内走向角落,阿磊海军蓝外套红白斜条，小川蓝白外套红领巾浅绿书包，小满浅色大衬衫，三人从院内走向角落 / Environment continuity lock,whitebox_renders_v2/B01/WB2_COMPOUND_MSB011.png
MSB012,B01,02,三兄弟靠近,keyframe,A,micro_storyboard_panels/B01/MSB012_02_三人身高差.png,90年代中国小城，中式梦核现实电影质感，潮湿发黄的童年记忆，低照度，轻微 VHS 噪点，儿童低视角，真实旧衣服和生活痕迹，不漂亮化。人物必须继承 v2 设定：阿磊海军蓝旧运动外套和左眉断点；小川右耳微外翻、过紧红领巾、浅绿色塌书包；小满浅色大衬衫、抓衣角、脚尖内扣；彬子黄发梢、破黑夹克、腰包；高杆高瘦长手臂；大海宽身体褪色 T 恤；小齐条纹内衫和抠袖口。 画面编号 MSB012，段落 02《三兄弟靠近》。景别：中远景。参考机位：CAM_COMPOUND_02_BROTHERS_APPROACH。本张只画一个画面状态：三人身高差。画面焦点：三兄弟同框，阿磊高一头，小川中间，小满明显更小。人物焦点：三兄弟。表情要求：三种不同反应：逞强、紧张、茫然。姿态/运动路径：三角形站位建立。连续性锚点：阿磊海军蓝外套红白斜条，小川蓝白外套红领巾浅绿书包，小满浅色大衬衫，三人从院内走向角落。画面应像可用于电影分镜的单张 production storyboard panel，构图清楚，动作状态明确，不要把前后动作合在一张里 【部分原文损坏，需从源文件重建 / Partial source text corrupted; rebuild from source】,不要统一脸型，不要统一发型，不要统一身材，不要童模脸，不要网红脸，不要现代校服，不要现代手机，不要液晶屏，不要女生，不要额外角色，不要成年人黑帮，不要动漫化，不要血腥，不要英雄化暴力。 本张特别避免：三个孩子同款脸、同款发型、女生、学生队伍、现代校服 【部分原文损坏，需从源文件重建 / Partial source text corrupted; rebuild from source】,确认 三兄弟 可识别；确认 阿磊海军蓝外套红白斜条，小川蓝白外套红领巾浅绿书包，小满浅色大衬衫，三人从院内走向角落 未漂移；确认只表达「三人身高差」一个状态。,S0_START_CLEAN,起始干净阶段 / Start clean,角色焦点：三兄弟；连续性：阿磊海军蓝外套红白斜条，小川蓝白外套红领巾浅绿书包，小满浅色大衬衫，三人从院内走向角落 / Character focus: 三兄弟; continuity: 阿磊海军蓝外套红白斜条，小川蓝白外套红领巾浅绿书包，小满浅色大衬衫，三人从院内走向角落,角色焦点：三兄弟；连续性：阿磊海军蓝外套红白斜条，小川蓝白外套红领巾浅绿书包，小满浅色大衬衫，三人从院内走向角落 / Character focus: 三兄弟; continuity: 阿磊海军蓝外套红白斜条，小川蓝白外套红领巾浅绿书包，小满浅色大衬衫，三人从院内走向角落,阿磊海军蓝外套红白斜条，小川蓝白外套红领巾浅绿书包，小满浅色大衬衫，三人从院内走向角落 / Environment continuity lock,whitebox_renders_v2/B01/WB2_COMPOUND_MSB012.png
MSB013,B01,02,三兄弟靠近,storyboard,B,micro_storyboard_panels/B01/MSB013_02_阿磊回头催.png,90年代中国小城，中式梦核现实电影质感，潮湿发黄的童年记忆，低照度，轻微 VHS 噪点，儿童低视角，真实旧衣服和生活痕迹，不漂亮化。人物必须继承 v2 设定：阿磊海军蓝旧运动外套和左眉断点；小川右耳微外翻、过紧红领巾、浅绿色塌书包；小满浅色大衬衫、抓衣角、脚尖内扣；彬子黄发梢、破黑夹克、腰包；高杆高瘦长手臂；大海宽身体褪色 T 恤；小齐条纹内衫和抠袖口。 画面编号 MSB013，段落 02《三兄弟靠近》。景别：中景。参考机位：CAM_COMPOUND_02_BROTHERS_APPROACH。本张只画一个画面状态：阿磊回头催。画面焦点：阿磊半回头催弟弟，手背蹭鼻尖，小川抬眼看他。人物焦点：阿磊/小川。表情要求：阿磊不耐烦，小川确认哥哥表情。姿态/运动路径：轻微回头，不改变路线。连续性锚点：阿磊海军蓝外套红白斜条，小川蓝白外套红领巾浅绿书包，小满浅色大衬衫，三人从院内走向角落。画面应像可用于电影分镜的单张 production storyboard panel，构图清楚，动作状态明确，不要把前后动作合在一张里 【部分原文损坏，需从源文件重建 / Partial source text corrupted; rebuild from source】,不要统一脸型，不要统一发型，不要统一身材，不要童模脸，不要网红脸，不要现代校服，不要现代手机，不要液晶屏，不要女生，不要额外角色，不要成年人黑帮，不要动漫化，不要血腥，不要英雄化暴力。 本张特别避免：三个孩子同款脸、同款发型、女生、学生队伍、现代校服 【部分原文损坏，需从源文件重建 / Partial source text corrupted; rebuild from source】,确认 阿磊/小川 可识别；确认 阿磊海军蓝外套红白斜条，小川蓝白外套红领巾浅绿书包，小满浅色大衬衫，三人从院内走向角落 未漂移；确认只表达「阿磊回头催」一个状态。,S0_START_CLEAN,起始干净阶段 / Start clean,角色焦点：阿磊/小川；连续性：阿磊海军蓝外套红白斜条，小川蓝白外套红领巾浅绿书包，小满浅色大衬衫，三人从院内走向角落 / Character focus: 阿磊/小川; continuity: 阿磊海军蓝外套红白斜条，小川蓝白外套红领巾浅绿书包，小满浅色大衬衫，三人从院内走向角落,角色焦点：阿磊/小川；连续性：阿磊海军蓝外套红白斜条，小川蓝白外套红领巾浅绿书包，小满浅色大衬衫，三人从院内走向角落 / Character focus: 阿磊/小川; continuity: 阿磊海军蓝外套红白斜条，小川蓝白外套红领巾浅绿书包，小满浅色大衬衫，三人从院内走向角落,阿磊海军蓝外套红白斜条，小川蓝白外套红领巾浅绿书包，小满浅色大衬衫，三人从院内走向角落 / Environment continuity lock,whitebox_renders_v2/B01/WB2_COMPOUND_MSB013.png
MSB014,B01,02,三兄弟靠近,storyboard,A,micro_storyboard_panels/B01/MSB014_02_门口吸引小川.png,90年代中国小城，中式梦核现实电影质感，潮湿发黄的童年记忆，低照度，轻微 VHS 噪点，儿童低视角，真实旧衣服和生活痕迹，不漂亮化。人物必须继承 v2 设定：阿磊海军蓝旧运动外套和左眉断点；小川右耳微外翻、过紧红领巾、浅绿色塌书包；小满浅色大衬衫、抓衣角、脚尖内扣；彬子黄发梢、破黑夹克、腰包；高杆高瘦长手臂；大海宽身体褪色 T 恤；小齐条纹内衫和抠袖口。 画面编号 MSB014，段落 02《三兄弟靠近》。景别：中景。参考机位：CAM_COMPOUND_02_BROTHERS_APPROACH。本张只画一个画面状态：门口吸引小川。画面焦点：CRT 光照到小川眼睛和红领巾，小川嘴微张。人物焦点：小川。表情要求：被光吸引，怕但想看。姿态/运动路径：手仍攥书包带。连续性锚点：阿磊海军蓝外套红白斜条，小川蓝白外套红领巾浅绿书包，小满浅色大衬衫，三人从院内走向角落。画面应像可用于电影分镜的单张 production storyboard panel，构图清楚，动作状态明确，不要把前后动作合在一张里 【部分原文损坏，需从源文件重建 / Partial source text corrupted; rebuild from source】,不要统一脸型，不要统一发型，不要统一身材，不要童模脸，不要网红脸，不要现代校服，不要现代手机，不要液晶屏，不要女生，不要额外角色，不要成年人黑帮，不要动漫化，不要血腥，不要英雄化暴力。 本张特别避免：三个孩子同款脸、同款发型、女生、学生队伍、现代校服 【部分原文损坏，需从源文件重建 / Partial source text corrupted; rebuild from source】,确认 小川 可识别；确认 阿磊海军蓝外套红白斜条，小川蓝白外套红领巾浅绿书包，小满浅色大衬衫，三人从院内走向角落 未漂移；确认只表达「门口吸引小川」一个状态。,S0_START_CLEAN,起始干净阶段 / Start clean,角色焦点：小川；连续性：阿磊海军蓝外套红白斜条，小川蓝白外套红领巾浅绿书包，小满浅色大衬衫，三人从院内走向角落 / Character focus: 小川; continuity: 阿磊海军蓝外套红白斜条，小川蓝白外套红领巾浅绿书包，小满浅色大衬衫，三人从院内走向角落,角色焦点：小川；连续性：阿磊海军蓝外套红白斜条，小川蓝白外套红领巾浅绿书包，小满浅色大衬衫，三人从院内走向角落 / Character focus: 小川; continuity: 阿磊海军蓝外套红白斜条，小川蓝白外套红领巾浅绿书包，小满浅色大衬衫，三人从院内走向角落,阿磊海军蓝外套红白斜条，小川蓝白外套红领巾浅绿书包，小满浅色大衬衫，三人从院内走向角落 / Environment continuity lock,whitebox_renders_v2/B01/WB2_COMPOUND_MSB014.png
MSB015,B01,02,三兄弟靠近,storyboard,B,micro_storyboard_panels/B01/MSB015_02_小满被光吓到.png,90年代中国小城，中式梦核现实电影质感，潮湿发黄的童年记忆，低照度，轻微 VHS 噪点，儿童低视角，真实旧衣服和生活痕迹，不漂亮化。人物必须继承 v2 设定：阿磊海军蓝旧运动外套和左眉断点；小川右耳微外翻、过紧红领巾、浅绿色塌书包；小满浅色大衬衫、抓衣角、脚尖内扣；彬子黄发梢、破黑夹克、腰包；高杆高瘦长手臂；大海宽身体褪色 T 恤；小齐条纹内衫和抠袖口。 画面编号 MSB015，段落 02《三兄弟靠近》。景别：中景。参考机位：CAM_COMPOUND_02_BROTHERS_APPROACH。本张只画一个画面状态：小满被光吓到。画面焦点：小满在后面眨眼，抓衣角更紧，身体往小川背后缩。人物焦点：小满。表情要求：被亮光吓到又好奇。姿态/运动路径：脚尖内扣停一下。连续性锚点：阿磊海军蓝外套红白斜条，小川蓝白外套红领巾浅绿书包，小满浅色大衬衫，三人从院内走向角落。画面应像可用于电影分镜的单张 production storyboard panel，构图清楚，动作状态明确，不要把前后动作合在一张里 【部分原文损坏，需从源文件重建 / Partial source text corrupted; rebuild from source】,不要统一脸型，不要统一发型，不要统一身材，不要童模脸，不要网红脸，不要现代校服，不要现代手机，不要液晶屏，不要女生，不要额外角色，不要成年人黑帮，不要动漫化，不要血腥，不要英雄化暴力。 本张特别避免：三个孩子同款脸、同款发型、女生、学生队伍、现代校服 【部分原文损坏，需从源文件重建 / Partial source text corrupted; rebuild from source】,确认 小满 可识别；确认 阿磊海军蓝外套红白斜条，小川蓝白外套红领巾浅绿书包，小满浅色大衬衫，三人从院内走向角落 未漂移；确认只表达「小满被光吓到」一个状态。,S0_START_CLEAN,起始干净阶段 / Start clean,角色焦点：小满；连续性：阿磊海军蓝外套红白斜条，小川蓝白外套红领巾浅绿书包，小满浅色大衬衫，三人从院内走向角落 / Character focus: 小满; continuity: 阿磊海军蓝外套红白斜条，小川蓝白外套红领巾浅绿书包，小满浅色大衬衫，三人从院内走向角落,角色焦点：小满；连续性：阿磊海军蓝外套红白斜条，小川蓝白外套红领巾浅绿书包，小满浅色大衬衫，三人从院内走向角落 / Character focus: 小满; continuity: 阿磊海军蓝外套红白斜条，小川蓝白外套红领巾浅绿书包，小满浅色大衬衫，三人从院内走向角落,阿磊海军蓝外套红白斜条，小川蓝白外套红领巾浅绿书包，小满浅色大衬衫，三人从院内走向角落 / Environment continuity lock,whitebox_renders_v2/B01/WB2_COMPOUND_MSB015.png
MSB016,B01,02,三兄弟靠近,end_frame,A,micro_storyboard_panels/B01/MSB016_02_三人到门前.png,90年代中国小城，中式梦核现实电影质感，潮湿发黄的童年记忆，低照度，轻微 VHS 噪点，儿童低视角，真实旧衣服和生活痕迹，不漂亮化。人物必须继承 v2 设定：阿磊海军蓝旧运动外套和左眉断点；小川右耳微外翻、过紧红领巾、浅绿色塌书包；小满浅色大衬衫、抓衣角、脚尖内扣；彬子黄发梢、破黑夹克、腰包；高杆高瘦长手臂；大海宽身体褪色 T 恤；小齐条纹内衫和抠袖口。 画面编号 MSB016，段落 02《三兄弟靠近》。景别：中远景。参考机位：CAM_COMPOUND_02_BROTHERS_APPROACH。本张只画一个画面状态：三人到门前。画面焦点：三兄弟停在门口，门缝光打到鞋尖，阿磊站最前。人物焦点：三兄弟。表情要求：阿磊撑住，小川犹豫，小满躲后。姿态/运动路径：队形稳定。连续性锚点：阿磊海军蓝外套红白斜条，小川蓝白外套红领巾浅绿书包，小满浅色大衬衫，三人从院内走向角落。画面应像可用于电影分镜的单张 production storyboard panel，构图清楚，动作状态明确，不要把前后动作合在一张里 【部分原文损坏，需从源文件重建 / Partial source text corrupted; rebuild from source】,不要统一脸型，不要统一发型，不要统一身材，不要童模脸，不要网红脸，不要现代校服，不要现代手机，不要液晶屏，不要女生，不要额外角色，不要成年人黑帮，不要动漫化，不要血腥，不要英雄化暴力。 本张特别避免：三个孩子同款脸、同款发型、女生、学生队伍、现代校服 【部分原文损坏，需从源文件重建 / Partial source text corrupted; rebuild from source】,确认 三兄弟 可识别；确认 阿磊海军蓝外套红白斜条，小川蓝白外套红领巾浅绿书包，小满浅色大衬衫，三人从院内走向角落 未漂移；确认只表达「三人到门前」一个状态。,S0_START_CLEAN,起始干净阶段 / Start clean,角色焦点：三兄弟；连续性：阿磊海军蓝外套红白斜条，小川蓝白外套红领巾浅绿书包，小满浅色大衬衫，三人从院内走向角落 / Character focus: 三兄弟; continuity: 阿磊海军蓝外套红白斜条，小川蓝白外套红领巾浅绿书包，小满浅色大衬衫，三人从院内走向角落,角色焦点：三兄弟；连续性：阿磊海军蓝外套红白斜条，小川蓝白外套红领巾浅绿书包，小满浅色大衬衫，三人从院内走向角落 / Character focus: 三兄弟; continuity: 阿磊海军蓝外套红白斜条，小川蓝白外套红领巾浅绿书包，小满浅色大衬衫，三人从院内走向角落,阿磊海军蓝外套红白斜条，小川蓝白外套红领巾浅绿书包，小满浅色大衬衫，三人从院内走向角落 / Environment continuity lock,whitebox_renders_v2/B01/WB2_COMPOUND_MSB016.png
MSB017,B01,02,三兄弟靠近,storyboard,B,micro_storyboard_panels/B01/MSB017_02_阿磊伸手.png,90年代中国小城，中式梦核现实电影质感，潮湿发黄的童年记忆，低照度，轻微 VHS 噪点，儿童低视角，真实旧衣服和生活痕迹，不漂亮化。人物必须继承 v2 设定：阿磊海军蓝旧运动外套和左眉断点；小川右耳微外翻、过紧红领巾、浅绿色塌书包；小满浅色大衬衫、抓衣角、脚尖内扣；彬子黄发梢、破黑夹克、腰包；高杆高瘦长手臂；大海宽身体褪色 T 恤；小齐条纹内衫和抠袖口。 画面编号 MSB017，段落 02《三兄弟靠近》。景别：近景。参考机位：CAM_COMPOUND_02_BROTHERS_APPROACH。本张只画一个画面状态：阿磊伸手。画面焦点：阿磊的手伸向脏门帘或门边，袖口磨毛清楚。人物焦点：阿磊/道具。表情要求：手势故作自然。姿态/运动路径：手从口袋抽出。连续性锚点：阿磊海军蓝外套红白斜条，小川蓝白外套红领巾浅绿书包，小满浅色大衬衫，三人从院内走向角落。画面应像可用于电影分镜的单张 production storyboard panel，构图清楚，动作状态明确，不要把前后动作合在一张里 【部分原文损坏，需从源文件重建 / Partial source text corrupted; rebuild from source】,不要统一脸型，不要统一发型，不要统一身材，不要童模脸，不要网红脸，不要现代校服，不要现代手机，不要液晶屏，不要女生，不要额外角色，不要成年人黑帮，不要动漫化，不要血腥，不要英雄化暴力。 本张特别避免：三个孩子同款脸、同款发型、女生、学生队伍、现代校服 【部分原文损坏，需从源文件重建 / Partial source text corrupted; rebuild from source】,确认 阿磊/道具 可识别；确认 阿磊海军蓝外套红白斜条，小川蓝白外套红领巾浅绿书包，小满浅色大衬衫，三人从院内走向角落 未漂移；确认只表达「阿磊伸手」一个状态。,S0_START_CLEAN,起始干净阶段 / Start clean,角色焦点：阿磊/道具；连续性：阿磊海军蓝外套红白斜条，小川蓝白外套红领巾浅绿书包，小满浅色大衬衫，三人从院内走向角落 / Character focus: 阿磊/道具; continuity: 阿磊海军蓝外套红白斜条，小川蓝白外套红领巾浅绿书包，小满浅色大衬衫，三人从院内走向角落,角色焦点：阿磊/道具；连续性：阿磊海军蓝外套红白斜条，小川蓝白外套红领巾浅绿书包，小满浅色大衬衫，三人从院内走向角落 / Character focus: 阿磊/道具; continuity: 阿磊海军蓝外套红白斜条，小川蓝白外套红领巾浅绿书包，小满浅色大衬衫，三人从院内走向角落,阿磊海军蓝外套红白斜条，小川蓝白外套红领巾浅绿书包，小满浅色大衬衫，三人从院内走向角落 / Environment continuity lock,whitebox_renders_v2/B01/WB2_COMPOUND_MSB017.png
MSB018,B01,02,三兄弟靠近,keyframe,A,micro_storyboard_panels/B01/MSB018_02_门帘前停顿.png,90年代中国小城，中式梦核现实电影质感，潮湿发黄的童年记忆，低照度，轻微 VHS 噪点，儿童低视角，真实旧衣服和生活痕迹，不漂亮化。人物必须继承 v2 设定：阿磊海军蓝旧运动外套和左眉断点；小川右耳微外翻、过紧红领巾、浅绿色塌书包；小满浅色大衬衫、抓衣角、脚尖内扣；彬子黄发梢、破黑夹克、腰包；高杆高瘦长手臂；大海宽身体褪色 T 恤；小齐条纹内衫和抠袖口。 画面编号 MSB018，段落 02《三兄弟靠近》。景别：中景。参考机位：CAM_COMPOUND_02_BROTHERS_APPROACH。本张只画一个画面状态：门帘前停顿。画面焦点：门帘在三兄弟面前轻晃，三张不同年龄的脸被 CRT 光分层照亮。人物焦点：三兄弟。表情要求：期待、紧张、害怕同时出现。姿态/运动路径：静止一拍。连续性锚点：阿磊海军蓝外套红白斜条，小川蓝白外套红领巾浅绿书包，小满浅色大衬衫，三人从院内走向角落。画面应像可用于电影分镜的单张 production storyboard panel，构图清楚，动作状态明确，不要把前后动作合在一张里 【部分原文损坏，需从源文件重建 / Partial source text corrupted; rebuild from source】,不要统一脸型，不要统一发型，不要统一身材，不要童模脸，不要网红脸，不要现代校服，不要现代手机，不要液晶屏，不要女生，不要额外角色，不要成年人黑帮，不要动漫化，不要血腥，不要英雄化暴力。 本张特别避免：三个孩子同款脸、同款发型、女生、学生队伍、现代校服 【部分原文损坏，需从源文件重建 / Partial source text corrupted; rebuild from source】,确认 三兄弟 可识别；确认 阿磊海军蓝外套红白斜条，小川蓝白外套红领巾浅绿书包，小满浅色大衬衫，三人从院内走向角落 未漂移；确认只表达「门帘前停顿」一个状态。,S0_START_CLEAN,起始干净阶段 / Start clean,角色焦点：三兄弟；连续性：阿磊海军蓝外套红白斜条，小川蓝白外套红领巾浅绿书包，小满浅色大衬衫，三人从院内走向角落 / Character focus: 三兄弟; continuity: 阿磊海军蓝外套红白斜条，小川蓝白外套红领巾浅绿书包，小满浅色大衬衫，三人从院内走向角落,角色焦点：三兄弟；连续性：阿磊海军蓝外套红白斜条，小川蓝白外套红领巾浅绿书包，小满浅色大衬衫，三人从院内走向角落 / Character focus: 三兄弟; continuity: 阿磊海军蓝外套红白斜条，小川蓝白外套红领巾浅绿书包，小满浅色大衬衫，三人从院内走向角落,阿磊海军蓝外套红白斜条，小川蓝白外套红领巾浅绿书包，小满浅色大衬衫，三人从院内走向角落 / Environment continuity lock,whitebox_renders_v2/B01/WB2_COMPOUND_MSB018.png
MSB019,B01,03,游戏厅入口,storyboard,A,micro_storyboard_panels/B01/MSB019_03_门帘擦镜.png,90年代中国小城，中式梦核现实电影质感，潮湿发黄的童年记忆，低照度，轻微 VHS 噪点，儿童低视角，真实旧衣服和生活痕迹，不漂亮化。人物必须继承 v2 设定：阿磊海军蓝旧运动外套和左眉断点；小川右耳微外翻、过紧红领巾、浅绿色塌书包；小满浅色大衬衫、抓衣角、脚尖内扣；彬子黄发梢、破黑夹克、腰包；高杆高瘦长手臂；大海宽身体褪色 T 恤；小齐条纹内衫和抠袖口。 画面编号 MSB019，段落 03《游戏厅入口》。景别：近景。参考机位：CAM_ARCADE_01_ENTRANCE_WIDE。本张只画一个画面状态：门帘擦镜。画面焦点：脏塑料门帘贴着镜头擦过，后面露出旧街机彩光。人物焦点：环境/道具。表情要求：无人物，进入感。姿态/运动路径：门帘晃动作为隐藏剪辑。连续性锚点：低天花旧游戏机房、两侧街机、CRT 红蓝绿光、烟雾、脏塑料门帘。画面应像可用于电影分镜的单张 production storyboard panel，构图清楚，动作状态明确，不要把前后动作合在一张里 【部分原文损坏，需从源文件重建 / Partial source text corrupted; rebuild from source】,不要统一脸型，不要统一发型，不要统一身材，不要童模脸，不要网红脸，不要现代校服，不要现代手机，不要液晶屏，不要女生，不要额外角色，不要成年人黑帮，不要动漫化，不要血腥，不要英雄化暴力。 本张特别避免：现代电玩城、液晶屏、抓娃娃机、明亮商业空间、额外女生 【部分原文损坏，需从源文件重建 / Partial source text corrupted; rebuild from source】,确认 环境/道具 可识别；确认 低天花旧游戏机房、两侧街机、CRT 红蓝绿光、烟雾、脏塑料门帘 未漂移；确认只表达「门帘擦镜」一个状态。,S1_ARCADE_PLAY,游戏厅游玩阶段 / Arcade play,角色焦点：环境/道具；连续性：低天花旧游戏机房、两侧街机、CRT 红蓝绿光、烟雾、脏塑料门帘 / Character focus: 环境/道具; continuity: 低天花旧游戏机房、两侧街机、CRT 红蓝绿光、烟雾、脏塑料门帘,角色焦点：环境/道具；连续性：低天花旧游戏机房、两侧街机、CRT 红蓝绿光、烟雾、脏塑料门帘 / Character focus: 环境/道具; continuity: 低天花旧游戏机房、两侧街机、CRT 红蓝绿光、烟雾、脏塑料门帘,低天花旧游戏机房、两侧街机、CRT 红蓝绿光、烟雾、脏塑料门帘 / Environment continuity lock,whitebox_renders_v2/B01/WB2_ARCADE_MSB019.png
MSB020,B01,03,游戏厅入口,start_frame,A,micro_storyboard_panels/B01/MSB020_03_三兄弟入口剪影.png,90年代中国小城，中式梦核现实电影质感，潮湿发黄的童年记忆，低照度，轻微 VHS 噪点，儿童低视角，真实旧衣服和生活痕迹，不漂亮化。人物必须继承 v2 设定：阿磊海军蓝旧运动外套和左眉断点；小川右耳微外翻、过紧红领巾、浅绿色塌书包；小满浅色大衬衫、抓衣角、脚尖内扣；彬子黄发梢、破黑夹克、腰包；高杆高瘦长手臂；大海宽身体褪色 T 恤；小齐条纹内衫和抠袖口。 画面编号 MSB020，段落 03《游戏厅入口》。景别：全景。参考机位：CAM_ARCADE_01_ENTRANCE_WIDE。本张只画一个画面状态：三兄弟入口剪影。画面焦点：三兄弟站在入口下方，室内低天花和两侧街机压住他们。人物焦点：三兄弟。表情要求：被空间吞进去的惊讶。姿态/运动路径：站位保持阿磊前、小川中、小满后。连续性锚点：低天花旧游戏机房、两侧街机、CRT 红蓝绿光、烟雾、脏塑料门帘。画面应像可用于电影分镜的单张 production storyboard panel，构图清楚，动作状态明确，不要把前后动作合在一张里 【部分原文损坏，需从源文件重建 / Partial source text corrupted; rebuild from source】,不要统一脸型，不要统一发型，不要统一身材，不要童模脸，不要网红脸，不要现代校服，不要现代手机，不要液晶屏，不要女生，不要额外角色，不要成年人黑帮，不要动漫化，不要血腥，不要英雄化暴力。 本张特别避免：现代电玩城、液晶屏、抓娃娃机、明亮商业空间、额外女生 【部分原文损坏，需从源文件重建 / Partial source text corrupted; rebuild from source】,确认 三兄弟 可识别；确认 低天花旧游戏机房、两侧街机、CRT 红蓝绿光、烟雾、脏塑料门帘 未漂移；确认只表达「三兄弟入口剪影」一个状态。,S1_ARCADE_PLAY,游戏厅游玩阶段 / Arcade play,角色焦点：三兄弟；连续性：低天花旧游戏机房、两侧街机、CRT 红蓝绿光、烟雾、脏塑料门帘 / Character focus: 三兄弟; continuity: 低天花旧游戏机房、两侧街机、CRT 红蓝绿光、烟雾、脏塑料门帘,角色焦点：三兄弟；连续性：低天花旧游戏机房、两侧街机、CRT 红蓝绿光、烟雾、脏塑料门帘 / Character focus: 三兄弟; continuity: 低天花旧游戏机房、两侧街机、CRT 红蓝绿光、烟雾、脏塑料门帘,低天花旧游戏机房、两侧街机、CRT 红蓝绿光、烟雾、脏塑料门帘 / Environment continuity lock,whitebox_renders_v2/B01/WB2_ARCADE_MSB020.png
MSB021,B01,03,游戏厅入口,storyboard,A,micro_storyboard_panels/B01/MSB021_03_阿磊先迈入.png,90年代中国小城，中式梦核现实电影质感，潮湿发黄的童年记忆，低照度，轻微 VHS 噪点，儿童低视角，真实旧衣服和生活痕迹，不漂亮化。人物必须继承 v2 设定：阿磊海军蓝旧运动外套和左眉断点；小川右耳微外翻、过紧红领巾、浅绿色塌书包；小满浅色大衬衫、抓衣角、脚尖内扣；彬子黄发梢、破黑夹克、腰包；高杆高瘦长手臂；大海宽身体褪色 T 恤；小齐条纹内衫和抠袖口。 画面编号 MSB021，段落 03《游戏厅入口》。景别：中景。参考机位：CAM_ARCADE_01_ENTRANCE_WIDE。本张只画一个画面状态：阿磊先迈入。画面焦点：阿磊向前迈一步，肩膀故意撑开，小川和小满还在门口。人物焦点：阿磊。表情要求：装作熟悉，其实眼睛快速扫动。姿态/运动路径：向前一步后停。连续性锚点：低天花旧游戏机房、两侧街机、CRT 红蓝绿光、烟雾、脏塑料门帘。画面应像可用于电影分镜的单张 production storyboard panel，构图清楚，动作状态明确，不要把前后动作合在一张里 【部分原文损坏，需从源文件重建 / Partial source text corrupted; rebuild from source】,不要统一脸型，不要统一发型，不要统一身材，不要童模脸，不要网红脸，不要现代校服，不要现代手机，不要液晶屏，不要女生，不要额外角色，不要成年人黑帮，不要动漫化，不要血腥，不要英雄化暴力。 本张特别避免：现代电玩城、液晶屏、抓娃娃机、明亮商业空间、额外女生 【部分原文损坏，需从源文件重建 / Partial source text corrupted; rebuild from source】,确认 阿磊 可识别；确认 低天花旧游戏机房、两侧街机、CRT 红蓝绿光、烟雾、脏塑料门帘 未漂移；确认只表达「阿磊先迈入」一个状态。,S1_ARCADE_PLAY,游戏厅游玩阶段 / Arcade play,角色焦点：阿磊；连续性：低天花旧游戏机房、两侧街机、CRT 红蓝绿光、烟雾、脏塑料门帘 / Character focus: 阿磊; continuity: 低天花旧游戏机房、两侧街机、CRT 红蓝绿光、烟雾、脏塑料门帘,角色焦点：阿磊；连续性：低天花旧游戏机房、两侧街机、CRT 红蓝绿光、烟雾、脏塑料门帘 / Character focus: 阿磊; continuity: 低天花旧游戏机房、两侧街机、CRT 红蓝绿光、烟雾、脏塑料门帘,低天花旧游戏机房、两侧街机、CRT 红蓝绿光、烟雾、脏塑料门帘 / Environment continuity lock,whitebox_renders_v2/B01/WB2_ARCADE_MSB021.png
MSB022,B01,03,游戏厅入口,storyboard,A,micro_storyboard_panels/B01/MSB022_03_小川看屏幕.png,90年代中国小城，中式梦核现实电影质感，潮湿发黄的童年记忆，低照度，轻微 VHS 噪点，儿童低视角，真实旧衣服和生活痕迹，不漂亮化。人物必须继承 v2 设定：阿磊海军蓝旧运动外套和左眉断点；小川右耳微外翻、过紧红领巾、浅绿色塌书包；小满浅色大衬衫、抓衣角、脚尖内扣；彬子黄发梢、破黑夹克、腰包；高杆高瘦长手臂；大海宽身体褪色 T 恤；小齐条纹内衫和抠袖口。 画面编号 MSB022，段落 03《游戏厅入口》。景别：中景。参考机位：CAM_ARCADE_01_ENTRANCE_WIDE。本张只画一个画面状态：小川看屏幕。画面焦点：小川侧脸被蓝绿屏幕光照亮，红领巾和书包边缘清楚。人物焦点：小川。表情要求：好奇压过害怕。姿态/运动路径：头部小幅转向街机。连续性锚点：低天花旧游戏机房、两侧街机、CRT 红蓝绿光、烟雾、脏塑料门帘。画面应像可用于电影分镜的单张 production storyboard panel，构图清楚，动作状态明确，不要把前后动作合在一张里 【部分原文损坏，需从源文件重建 / Partial source text corrupted; rebuild from source】,不要统一脸型，不要统一发型，不要统一身材，不要童模脸，不要网红脸，不要现代校服，不要现代手机，不要液晶屏，不要女生，不要额外角色，不要成年人黑帮，不要动漫化，不要血腥，不要英雄化暴力。 本张特别避免：现代电玩城、液晶屏、抓娃娃机、明亮商业空间、额外女生 【部分原文损坏，需从源文件重建 / Partial source text corrupted; rebuild from source】,确认 小川 可识别；确认 低天花旧游戏机房、两侧街机、CRT 红蓝绿光、烟雾、脏塑料门帘 未漂移；确认只表达「小川看屏幕」一个状态。,S1_ARCADE_PLAY,游戏厅游玩阶段 / Arcade play,角色焦点：小川；连续性：低天花旧游戏机房、两侧街机、CRT 红蓝绿光、烟雾、脏塑料门帘 / Character focus: 小川; continuity: 低天花旧游戏机房、两侧街机、CRT 红蓝绿光、烟雾、脏塑料门帘,角色焦点：小川；连续性：低天花旧游戏机房、两侧街机、CRT 红蓝绿光、烟雾、脏塑料门帘 / Character focus: 小川; continuity: 低天花旧游戏机房、两侧街机、CRT 红蓝绿光、烟雾、脏塑料门帘,低天花旧游戏机房、两侧街机、CRT 红蓝绿光、烟雾、脏塑料门帘 / Environment continuity lock,whitebox_renders_v2/B01/WB2_ARCADE_MSB022.png
MSB023,B01,03,游戏厅入口,storyboard,B,micro_storyboard_panels/B01/MSB023_03_小满贴近.png,90年代中国小城，中式梦核现实电影质感，潮湿发黄的童年记忆，低照度，轻微 VHS 噪点，儿童低视角，真实旧衣服和生活痕迹，不漂亮化。人物必须继承 v2 设定：阿磊海军蓝旧运动外套和左眉断点；小川右耳微外翻、过紧红领巾、浅绿色塌书包；小满浅色大衬衫、抓衣角、脚尖内扣；彬子黄发梢、破黑夹克、腰包；高杆高瘦长手臂；大海宽身体褪色 T 恤；小齐条纹内衫和抠袖口。 画面编号 MSB023，段落 03《游戏厅入口》。景别：中景。参考机位：CAM_ARCADE_01_ENTRANCE_WIDE。本张只画一个画面状态：小满贴近。画面焦点：小满靠近小川身后，只露半个身体，看向发光屏幕。人物焦点：小满。表情要求：迟疑，眨眼快。姿态/运动路径：抓衣角，跟半步。连续性锚点：低天花旧游戏机房、两侧街机、CRT 红蓝绿光、烟雾、脏塑料门帘。画面应像可用于电影分镜的单张 production storyboard panel，构图清楚，动作状态明确，不要把前后动作合在一张里 【部分原文损坏，需从源文件重建 / Partial source text corrupted; rebuild from source】,不要统一脸型，不要统一发型，不要统一身材，不要童模脸，不要网红脸，不要现代校服，不要现代手机，不要液晶屏，不要女生，不要额外角色，不要成年人黑帮，不要动漫化，不要血腥，不要英雄化暴力。 本张特别避免：现代电玩城、液晶屏、抓娃娃机、明亮商业空间、额外女生 【部分原文损坏，需从源文件重建 / Partial source text corrupted; rebuild from source】,确认 小满 可识别；确认 低天花旧游戏机房、两侧街机、CRT 红蓝绿光、烟雾、脏塑料门帘 未漂移；确认只表达「小满贴近」一个状态。,S1_ARCADE_PLAY,游戏厅游玩阶段 / Arcade play,角色焦点：小满；连续性：低天花旧游戏机房、两侧街机、CRT 红蓝绿光、烟雾、脏塑料门帘 / Character focus: 小满; continuity: 低天花旧游戏机房、两侧街机、CRT 红蓝绿光、烟雾、脏塑料门帘,角色焦点：小满；连续性：低天花旧游戏机房、两侧街机、CRT 红蓝绿光、烟雾、脏塑料门帘 / Character focus: 小满; continuity: 低天花旧游戏机房、两侧街机、CRT 红蓝绿光、烟雾、脏塑料门帘,低天花旧游戏机房、两侧街机、CRT 红蓝绿光、烟雾、脏塑料门帘 / Environment continuity lock,whitebox_renders_v2/B01/WB2_ARCADE_MSB023.png
MSB024,B01,03,游戏厅入口,keyframe,A,micro_storyboard_panels/B01/MSB024_03_街机排布.png,90年代中国小城，中式梦核现实电影质感，潮湿发黄的童年记忆，低照度，轻微 VHS 噪点，儿童低视角，真实旧衣服和生活痕迹，不漂亮化。人物必须继承 v2 设定：阿磊海军蓝旧运动外套和左眉断点；小川右耳微外翻、过紧红领巾、浅绿色塌书包；小满浅色大衬衫、抓衣角、脚尖内扣；彬子黄发梢、破黑夹克、腰包；高杆高瘦长手臂；大海宽身体褪色 T 恤；小齐条纹内衫和抠袖口。 画面编号 MSB024，段落 03《游戏厅入口》。景别：广角。参考机位：CAM_ARCADE_01_ENTRANCE_WIDE。本张只画一个画面状态：街机排布。画面焦点：两排旧街机形成狭窄通道，远处有人影但不抢主体。人物焦点：环境。表情要求：压迫、热闹但脏旧。姿态/运动路径：slow dolly in。连续性锚点：低天花旧游戏机房、两侧街机、CRT 红蓝绿光、烟雾、脏塑料门帘。画面应像可用于电影分镜的单张 production storyboard panel，构图清楚，动作状态明确，不要把前后动作合在一张里 【部分原文损坏，需从源文件重建 / Partial source text corrupted; rebuild from source】,不要统一脸型，不要统一发型，不要统一身材，不要童模脸，不要网红脸，不要现代校服，不要现代手机，不要液晶屏，不要女生，不要额外角色，不要成年人黑帮，不要动漫化，不要血腥，不要英雄化暴力。 本张特别避免：现代电玩城、液晶屏、抓娃娃机、明亮商业空间、额外女生 【部分原文损坏，需从源文件重建 / Partial source text corrupted; rebuild from source】,确认 环境 可识别；确认 低天花旧游戏机房、两侧街机、CRT 红蓝绿光、烟雾、脏塑料门帘 未漂移；确认只表达「街机排布」一个状态。,S1_ARCADE_PLAY,游戏厅游玩阶段 / Arcade play,角色焦点：环境；连续性：低天花旧游戏机房、两侧街机、CRT 红蓝绿光、烟雾、脏塑料门帘 / Character focus: 环境; continuity: 低天花旧游戏机房、两侧街机、CRT 红蓝绿光、烟雾、脏塑料门帘,角色焦点：环境；连续性：低天花旧游戏机房、两侧街机、CRT 红蓝绿光、烟雾、脏塑料门帘 / Character focus: 环境; continuity: 低天花旧游戏机房、两侧街机、CRT 红蓝绿光、烟雾、脏塑料门帘,低天花旧游戏机房、两侧街机、CRT 红蓝绿光、烟雾、脏塑料门帘 / Environment continuity lock,whitebox_renders_v2/B01/WB2_ARCADE_MSB024.png
MSB025,B01,03,游戏厅入口,storyboard,B,micro_storyboard_panels/B01/MSB025_03_摇杆按钮前景.png,90年代中国小城，中式梦核现实电影质感，潮湿发黄的童年记忆，低照度，轻微 VHS 噪点，儿童低视角，真实旧衣服和生活痕迹，不漂亮化。人物必须继承 v2 设定：阿磊海军蓝旧运动外套和左眉断点；小川右耳微外翻、过紧红领巾、浅绿色塌书包；小满浅色大衬衫、抓衣角、脚尖内扣；彬子黄发梢、破黑夹克、腰包；高杆高瘦长手臂；大海宽身体褪色 T 恤；小齐条纹内衫和抠袖口。 画面编号 MSB025，段落 03《游戏厅入口》。景别：特写。参考机位：CAM_ARCADE_01_ENTRANCE_WIDE。本张只画一个画面状态：摇杆按钮前景。画面焦点：磨损摇杆、彩色按钮、硬币槽，孩子的手和旧机器比例对比。人物焦点：道具。表情要求：无表情，物件记忆。姿态/运动路径：固定近景。连续性锚点：低天花旧游戏机房、两侧街机、CRT 红蓝绿光、烟雾、脏塑料门帘。画面应像可用于电影分镜的单张 production storyboard panel，构图清楚，动作状态明确，不要把前后动作合在一张里 【部分原文损坏，需从源文件重建 / Partial source text corrupted; rebuild from source】,不要统一脸型，不要统一发型，不要统一身材，不要童模脸，不要网红脸，不要现代校服，不要现代手机，不要液晶屏，不要女生，不要额外角色，不要成年人黑帮，不要动漫化，不要血腥，不要英雄化暴力。 本张特别避免：现代电玩城、液晶屏、抓娃娃机、明亮商业空间、额外女生 【部分原文损坏，需从源文件重建 / Partial source text corrupted; rebuild from source】,确认 道具 可识别；确认 低天花旧游戏机房、两侧街机、CRT 红蓝绿光、烟雾、脏塑料门帘 未漂移；确认只表达「摇杆按钮前景」一个状态。,S1_ARCADE_PLAY,游戏厅游玩阶段 / Arcade play,角色焦点：道具；连续性：低天花旧游戏机房、两侧街机、CRT 红蓝绿光、烟雾、脏塑料门帘 / Character focus: 道具; continuity: 低天花旧游戏机房、两侧街机、CRT 红蓝绿光、烟雾、脏塑料门帘,角色焦点：道具；连续性：低天花旧游戏机房、两侧街机、CRT 红蓝绿光、烟雾、脏塑料门帘 / Character focus: 道具; continuity: 低天花旧游戏机房、两侧街机、CRT 红蓝绿光、烟雾、脏塑料门帘,低天花旧游戏机房、两侧街机、CRT 红蓝绿光、烟雾、脏塑料门帘 / Environment continuity lock,whitebox_renders_v2/B01/WB2_ARCADE_MSB025.png
MSB026,B01,03,游戏厅入口,storyboard,C,micro_storyboard_panels/B01/MSB026_03_烟雾和顶灯.png,90年代中国小城，中式梦核现实电影质感，潮湿发黄的童年记忆，低照度，轻微 VHS 噪点，儿童低视角，真实旧衣服和生活痕迹，不漂亮化。人物必须继承 v2 设定：阿磊海军蓝旧运动外套和左眉断点；小川右耳微外翻、过紧红领巾、浅绿色塌书包；小满浅色大衬衫、抓衣角、脚尖内扣；彬子黄发梢、破黑夹克、腰包；高杆高瘦长手臂；大海宽身体褪色 T 恤；小齐条纹内衫和抠袖口。 画面编号 MSB026，段落 03《游戏厅入口》。景别：中远景。参考机位：CAM_ARCADE_01_ENTRANCE_WIDE。本张只画一个画面状态：烟雾和顶灯。画面焦点：昏暗顶灯、烟雾、墙上海报和老旧天花板形成密闭感。人物焦点：环境。表情要求：不安的兴奋。姿态/运动路径：只允许烟雾轻动。连续性锚点：低天花旧游戏机房、两侧街机、CRT 红蓝绿光、烟雾、脏塑料门帘。画面应像可用于电影分镜的单张 production storyboard panel，构图清楚，动作状态明确，不要把前后动作合在一张里 【部分原文损坏，需从源文件重建 / Partial source text corrupted; rebuild from source】,不要统一脸型，不要统一发型，不要统一身材，不要童模脸，不要网红脸，不要现代校服，不要现代手机，不要液晶屏，不要女生，不要额外角色，不要成年人黑帮，不要动漫化，不要血腥，不要英雄化暴力。 本张特别避免：现代电玩城、液晶屏、抓娃娃机、明亮商业空间、额外女生 【部分原文损坏，需从源文件重建 / Partial source text corrupted; rebuild from source】,确认 环境 可识别；确认 低天花旧游戏机房、两侧街机、CRT 红蓝绿光、烟雾、脏塑料门帘 未漂移；确认只表达「烟雾和顶灯」一个状态。,S1_ARCADE_PLAY,游戏厅游玩阶段 / Arcade play,角色焦点：环境；连续性：低天花旧游戏机房、两侧街机、CRT 红蓝绿光、烟雾、脏塑料门帘 / Character focus: 环境; continuity: 低天花旧游戏机房、两侧街机、CRT 红蓝绿光、烟雾、脏塑料门帘,角色焦点：环境；连续性：低天花旧游戏机房、两侧街机、CRT 红蓝绿光、烟雾、脏塑料门帘 / Character focus: 环境; continuity: 低天花旧游戏机房、两侧街机、CRT 红蓝绿光、烟雾、脏塑料门帘,低天花旧游戏机房、两侧街机、CRT 红蓝绿光、烟雾、脏塑料门帘 / Environment continuity lock,whitebox_renders_v2/B01/WB2_ARCADE_MSB026.png
MSB027,B01,03,游戏厅入口,storyboard,A,micro_storyboard_panels/B01/MSB027_03_三兄弟深入.png,90年代中国小城，中式梦核现实电影质感，潮湿发黄的童年记忆，低照度，轻微 VHS 噪点，儿童低视角，真实旧衣服和生活痕迹，不漂亮化。人物必须继承 v2 设定：阿磊海军蓝旧运动外套和左眉断点；小川右耳微外翻、过紧红领巾、浅绿色塌书包；小满浅色大衬衫、抓衣角、脚尖内扣；彬子黄发梢、破黑夹克、腰包；高杆高瘦长手臂；大海宽身体褪色 T 恤；小齐条纹内衫和抠袖口。 画面编号 MSB027，段落 03《游戏厅入口》。景别：全景。参考机位：CAM_ARCADE_01_ENTRANCE_WIDE。本张只画一个画面状态：三兄弟深入。画面焦点：三人沿街机通道向里走，阿磊被机器吸引，小川跟着看，小满被拉着走。人物焦点：三兄弟。表情要求：兴奋、跟随、被动。姿态/运动路径：前进方向清楚。连续性锚点：低天花旧游戏机房、两侧街机、CRT 红蓝绿光、烟雾、脏塑料门帘。画面应像可用于电影分镜的单张 production storyboard panel，构图清楚，动作状态明确，不要把前后动作合在一张里 【部分原文损坏，需从源文件重建 / Partial source text corrupted; rebuild from source】,不要统一脸型，不要统一发型，不要统一身材，不要童模脸，不要网红脸，不要现代校服，不要现代手机，不要液晶屏，不要女生，不要额外角色，不要成年人黑帮，不要动漫化，不要血腥，不要英雄化暴力。 本张特别避免：现代电玩城、液晶屏、抓娃娃机、明亮商业空间、额外女生 【部分原文损坏，需从源文件重建 / Partial source text corrupted; rebuild from source】,确认 三兄弟 可识别；确认 低天花旧游戏机房、两侧街机、CRT 红蓝绿光、烟雾、脏塑料门帘 未漂移；确认只表达「三兄弟深入」一个状态。,S1_ARCADE_PLAY,游戏厅游玩阶段 / Arcade play,角色焦点：三兄弟；连续性：低天花旧游戏机房、两侧街机、CRT 红蓝绿光、烟雾、脏塑料门帘 / Character focus: 三兄弟; continuity: 低天花旧游戏机房、两侧街机、CRT 红蓝绿光、烟雾、脏塑料门帘,角色焦点：三兄弟；连续性：低天花旧游戏机房、两侧街机、CRT 红蓝绿光、烟雾、脏塑料门帘 / Character focus: 三兄弟; continuity: 低天花旧游戏机房、两侧街机、CRT 红蓝绿光、烟雾、脏塑料门帘,低天花旧游戏机房、两侧街机、CRT 红蓝绿光、烟雾、脏塑料门帘 / Environment continuity lock,whitebox_renders_v2/B01/WB2_ARCADE_MSB027.png
MSB028,B01,03,游戏厅入口,end_frame,A,micro_storyboard_panels/B01/MSB028_03_街霸机远处出现.png,90年代中国小城，中式梦核现实电影质感，潮湿发黄的童年记忆，低照度，轻微 VHS 噪点，儿童低视角，真实旧衣服和生活痕迹，不漂亮化。人物必须继承 v2 设定：阿磊海军蓝旧运动外套和左眉断点；小川右耳微外翻、过紧红领巾、浅绿色塌书包；小满浅色大衬衫、抓衣角、脚尖内扣；彬子黄发梢、破黑夹克、腰包；高杆高瘦长手臂；大海宽身体褪色 T 恤；小齐条纹内衫和抠袖口。 画面编号 MSB028，段落 03《游戏厅入口》。景别：中远景。参考机位：CAM_ARCADE_01_ENTRANCE_WIDE。本张只画一个画面状态：街霸机远处出现。画面焦点：远处一台街头霸王机器的屏幕更亮，像目标点。人物焦点：环境/道具。表情要求：无人物表情，目标明确。姿态/运动路径：镜头停在机器方向。连续性锚点：低天花旧游戏机房、两侧街机、CRT 红蓝绿光、烟雾、脏塑料门帘。画面应像可用于电影分镜的单张 production storyboard panel，构图清楚，动作状态明确，不要把前后动作合在一张里 【部分原文损坏，需从源文件重建 / Partial source text corrupted; rebuild from source】,不要统一脸型，不要统一发型，不要统一身材，不要童模脸，不要网红脸，不要现代校服，不要现代手机，不要液晶屏，不要女生，不要额外角色，不要成年人黑帮，不要动漫化，不要血腥，不要英雄化暴力。 本张特别避免：现代电玩城、液晶屏、抓娃娃机、明亮商业空间、额外女生 【部分原文损坏，需从源文件重建 / Partial source text corrupted; rebuild from source】,确认 环境/道具 可识别；确认 低天花旧游戏机房、两侧街机、CRT 红蓝绿光、烟雾、脏塑料门帘 未漂移；确认只表达「街霸机远处出现」一个状态。,S1_ARCADE_PLAY,游戏厅游玩阶段 / Arcade play,角色焦点：环境/道具；连续性：低天花旧游戏机房、两侧街机、CRT 红蓝绿光、烟雾、脏塑料门帘 / Character focus: 环境/道具; continuity: 低天花旧游戏机房、两侧街机、CRT 红蓝绿光、烟雾、脏塑料门帘,角色焦点：环境/道具；连续性：低天花旧游戏机房、两侧街机、CRT 红蓝绿光、烟雾、脏塑料门帘 / Character focus: 环境/道具; continuity: 低天花旧游戏机房、两侧街机、CRT 红蓝绿光、烟雾、脏塑料门帘,低天花旧游戏机房、两侧街机、CRT 红蓝绿光、烟雾、脏塑料门帘 / Environment continuity lock,whitebox_renders_v2/B01/WB2_ARCADE_MSB028.png
MSB029,B02,04,找到街霸,keyframe,A,micro_storyboard_panels/B02/MSB029_04_街霸机正面.png,90年代中国小城，中式梦核现实电影质感，潮湿发黄的童年记忆，低照度，轻微 VHS 噪点，儿童低视角，真实旧衣服和生活痕迹，不漂亮化。人物必须继承 v2 设定：阿磊海军蓝旧运动外套和左眉断点；小川右耳微外翻、过紧红领巾、浅绿色塌书包；小满浅色大衬衫、抓衣角、脚尖内扣；彬子黄发梢、破黑夹克、腰包；高杆高瘦长手臂；大海宽身体褪色 T 恤；小齐条纹内衫和抠袖口。 画面编号 MSB029，段落 04《找到街霸》。景别：中景。参考机位：CAM_ARCADE_02_STREET_FIGHTER_CABINET。本张只画一个画面状态：街霸机正面。画面焦点：街头霸王街机占画面中心，屏幕和操作台磨损清楚。人物焦点：街机。表情要求：无人物，机器作为冲突种子。姿态/运动路径：固定构图。连续性锚点：街头霸王街机、磨损摇杆、哥哥站操作位、主角旁观、小弟弟躲后、CRT 光。画面应像可用于电影分镜的单张 production storyboard panel，构图清楚，动作状态明确，不要把前后动作合在一张里 【部分原文损坏，需从源文件重建 / Partial source text corrupted; rebuild from source】,不要统一脸型，不要统一发型，不要统一身材，不要童模脸，不要网红脸，不要现代校服，不要现代手机，不要液晶屏，不要女生，不要额外角色，不要成年人黑帮，不要动漫化，不要血腥，不要英雄化暴力。 本张特别避免：现代格斗游戏、哥哥和老大现实打斗、主角参与对战、多人混乱 【部分原文损坏，需从源文件重建 / Partial source text corrupted; rebuild from source】,确认 街机 可识别；确认 街头霸王街机、磨损摇杆、哥哥站操作位、主角旁观、小弟弟躲后、CRT 光 未漂移；确认只表达「街霸机正面」一个状态。,S1_ARCADE_PLAY,游戏厅游玩阶段 / Arcade play,角色焦点：街机；连续性：街头霸王街机、磨损摇杆、哥哥站操作位、主角旁观、小弟弟躲后、CRT 光 / Character focus: 街机; continuity: 街头霸王街机、磨损摇杆、哥哥站操作位、主角旁观、小弟弟躲后、CRT 光,角色焦点：街机；连续性：街头霸王街机、磨损摇杆、哥哥站操作位、主角旁观、小弟弟躲后、CRT 光 / Character focus: 街机; continuity: 街头霸王街机、磨损摇杆、哥哥站操作位、主角旁观、小弟弟躲后、CRT 光,街头霸王街机、磨损摇杆、哥哥站操作位、主角旁观、小弟弟躲后、CRT 光 / Environment continuity lock,whitebox_renders_v2/B02/WB2_ARCADE_MSB029.png
MSB030,B02,04,找到街霸,storyboard,A,micro_storyboard_panels/B02/MSB030_04_阿磊抢到操作位.png,90年代中国小城，中式梦核现实电影质感，潮湿发黄的童年记忆，低照度，轻微 VHS 噪点，儿童低视角，真实旧衣服和生活痕迹，不漂亮化。人物必须继承 v2 设定：阿磊海军蓝旧运动外套和左眉断点；小川右耳微外翻、过紧红领巾、浅绿色塌书包；小满浅色大衬衫、抓衣角、脚尖内扣；彬子黄发梢、破黑夹克、腰包；高杆高瘦长手臂；大海宽身体褪色 T 恤；小齐条纹内衫和抠袖口。 画面编号 MSB030，段落 04《找到街霸》。景别：中景。参考机位：CAM_ARCADE_02_STREET_FIGHTER_CABINET。本张只画一个画面状态：阿磊抢到操作位。画面焦点：阿磊站到操作位，手放在摇杆旁，下巴微扬。人物焦点：阿磊。表情要求：兴奋但故作淡定。姿态/运动路径：身体前倾，肩膀撑开。连续性锚点：街头霸王街机、磨损摇杆、哥哥站操作位、主角旁观、小弟弟躲后、CRT 光。画面应像可用于电影分镜的单张 production storyboard panel，构图清楚，动作状态明确，不要把前后动作合在一张里 【部分原文损坏，需从源文件重建 / Partial source text corrupted; rebuild from source】,不要统一脸型，不要统一发型，不要统一身材，不要童模脸，不要网红脸，不要现代校服，不要现代手机，不要液晶屏，不要女生，不要额外角色，不要成年人黑帮，不要动漫化，不要血腥，不要英雄化暴力。 本张特别避免：现代格斗游戏、哥哥和老大现实打斗、主角参与对战、多人混乱 【部分原文损坏，需从源文件重建 / Partial source text corrupted; rebuild from source】,确认 阿磊 可识别；确认 街头霸王街机、磨损摇杆、哥哥站操作位、主角旁观、小弟弟躲后、CRT 光 未漂移；确认只表达「阿磊抢到操作位」一个状态。,S1_ARCADE_PLAY,游戏厅游玩阶段 / Arcade play,角色焦点：阿磊；连续性：街头霸王街机、磨损摇杆、哥哥站操作位、主角旁观、小弟弟躲后、CRT 光 / Character focus: 阿磊; continuity: 街头霸王街机、磨损摇杆、哥哥站操作位、主角旁观、小弟弟躲后、CRT 光,角色焦点：阿磊；连续性：街头霸王街机、磨损摇杆、哥哥站操作位、主角旁观、小弟弟躲后、CRT 光 / Character focus: 阿磊; continuity: 街头霸王街机、磨损摇杆、哥哥站操作位、主角旁观、小弟弟躲后、CRT 光,街头霸王街机、磨损摇杆、哥哥站操作位、主角旁观、小弟弟躲后、CRT 光 / Environment continuity lock,whitebox_renders_v2/B02/WB2_ARCADE_MSB030.png
MSB031,B02,04,找到街霸,storyboard,A,micro_storyboard_panels/B02/MSB031_04_小川靠旁边看.png,90年代中国小城，中式梦核现实电影质感，潮湿发黄的童年记忆，低照度，轻微 VHS 噪点，儿童低视角，真实旧衣服和生活痕迹，不漂亮化。人物必须继承 v2 设定：阿磊海军蓝旧运动外套和左眉断点；小川右耳微外翻、过紧红领巾、浅绿色塌书包；小满浅色大衬衫、抓衣角、脚尖内扣；彬子黄发梢、破黑夹克、腰包；高杆高瘦长手臂；大海宽身体褪色 T 恤；小齐条纹内衫和抠袖口。 画面编号 MSB031，段落 04《找到街霸》。景别：中景。参考机位：CAM_ARCADE_02_STREET_FIGHTER_CABINET。本张只画一个画面状态：小川靠旁边看。画面焦点：小川站在阿磊侧后，红领巾被屏幕光照亮，手还抓书包带。人物焦点：小川。表情要求：羡慕和紧张混合。姿态/运动路径：不碰机器，只看。连续性锚点：街头霸王街机、磨损摇杆、哥哥站操作位、主角旁观、小弟弟躲后、CRT 光。画面应像可用于电影分镜的单张 production storyboard panel，构图清楚，动作状态明确，不要把前后动作合在一张里 【部分原文损坏，需从源文件重建 / Partial source text corrupted; rebuild from source】,不要统一脸型，不要统一发型，不要统一身材，不要童模脸，不要网红脸，不要现代校服，不要现代手机，不要液晶屏，不要女生，不要额外角色，不要成年人黑帮，不要动漫化，不要血腥，不要英雄化暴力。 本张特别避免：现代格斗游戏、哥哥和老大现实打斗、主角参与对战、多人混乱 【部分原文损坏，需从源文件重建 / Partial source text corrupted; rebuild from source】,确认 小川 可识别；确认 街头霸王街机、磨损摇杆、哥哥站操作位、主角旁观、小弟弟躲后、CRT 光 未漂移；确认只表达「小川靠旁边看」一个状态。,S1_ARCADE_PLAY,游戏厅游玩阶段 / Arcade play,角色焦点：小川；连续性：街头霸王街机、磨损摇杆、哥哥站操作位、主角旁观、小弟弟躲后、CRT 光 / Character focus: 小川; continuity: 街头霸王街机、磨损摇杆、哥哥站操作位、主角旁观、小弟弟躲后、CRT 光,角色焦点：小川；连续性：街头霸王街机、磨损摇杆、哥哥站操作位、主角旁观、小弟弟躲后、CRT 光 / Character focus: 小川; continuity: 街头霸王街机、磨损摇杆、哥哥站操作位、主角旁观、小弟弟躲后、CRT 光,街头霸王街机、磨损摇杆、哥哥站操作位、主角旁观、小弟弟躲后、CRT 光 / Environment continuity lock,whitebox_renders_v2/B02/WB2_ARCADE_MSB031.png
MSB032,B02,04,找到街霸,storyboard,B,micro_storyboard_panels/B02/MSB032_04_小满躲机器后.png,90年代中国小城，中式梦核现实电影质感，潮湿发黄的童年记忆，低照度，轻微 VHS 噪点，儿童低视角，真实旧衣服和生活痕迹，不漂亮化。人物必须继承 v2 设定：阿磊海军蓝旧运动外套和左眉断点；小川右耳微外翻、过紧红领巾、浅绿色塌书包；小满浅色大衬衫、抓衣角、脚尖内扣；彬子黄发梢、破黑夹克、腰包；高杆高瘦长手臂；大海宽身体褪色 T 恤；小齐条纹内衫和抠袖口。 画面编号 MSB032，段落 04《找到街霸》。景别：中景。参考机位：CAM_ARCADE_02_STREET_FIGHTER_CABINET。本张只画一个画面状态：小满躲机器后。画面焦点：小满只露出半张脸和浅色衬衫，躲在小川身后看屏幕。人物焦点：小满。表情要求：好奇但怕人群。姿态/运动路径：贴近小川。连续性锚点：街头霸王街机、磨损摇杆、哥哥站操作位、主角旁观、小弟弟躲后、CRT 光。画面应像可用于电影分镜的单张 production storyboard panel，构图清楚，动作状态明确，不要把前后动作合在一张里 【部分原文损坏，需从源文件重建 / Partial source text corrupted; rebuild from source】,不要统一脸型，不要统一发型，不要统一身材，不要童模脸，不要网红脸，不要现代校服，不要现代手机，不要液晶屏，不要女生，不要额外角色，不要成年人黑帮，不要动漫化，不要血腥，不要英雄化暴力。 本张特别避免：现代格斗游戏、哥哥和老大现实打斗、主角参与对战、多人混乱 【部分原文损坏，需从源文件重建 / Partial source text corrupted; rebuild from source】,确认 小满 可识别；确认 街头霸王街机、磨损摇杆、哥哥站操作位、主角旁观、小弟弟躲后、CRT 光 未漂移；确认只表达「小满躲机器后」一个状态。,S1_ARCADE_PLAY,游戏厅游玩阶段 / Arcade play,角色焦点：小满；连续性：街头霸王街机、磨损摇杆、哥哥站操作位、主角旁观、小弟弟躲后、CRT 光 / Character focus: 小满; continuity: 街头霸王街机、磨损摇杆、哥哥站操作位、主角旁观、小弟弟躲后、CRT 光,角色焦点：小满；连续性：街头霸王街机、磨损摇杆、哥哥站操作位、主角旁观、小弟弟躲后、CRT 光 / Character focus: 小满; continuity: 街头霸王街机、磨损摇杆、哥哥站操作位、主角旁观、小弟弟躲后、CRT 光,街头霸王街机、磨损摇杆、哥哥站操作位、主角旁观、小弟弟躲后、CRT 光 / Environment continuity lock,whitebox_renders_v2/B02/WB2_ARCADE_MSB032.png
MSB033,B02,04,找到街霸,storyboard,B,micro_storyboard_panels/B02/MSB033_04_按钮手部.png,90年代中国小城，中式梦核现实电影质感，潮湿发黄的童年记忆，低照度，轻微 VHS 噪点，儿童低视角，真实旧衣服和生活痕迹，不漂亮化。人物必须继承 v2 设定：阿磊海军蓝旧运动外套和左眉断点；小川右耳微外翻、过紧红领巾、浅绿色塌书包；小满浅色大衬衫、抓衣角、脚尖内扣；彬子黄发梢、破黑夹克、腰包；高杆高瘦长手臂；大海宽身体褪色 T 恤；小齐条纹内衫和抠袖口。 画面编号 MSB033，段落 04《找到街霸》。景别：特写。参考机位：CAM_ARCADE_02_STREET_FIGHTER_CABINET。本张只画一个画面状态：按钮手部。画面焦点：阿磊的儿童手指放到彩色按钮上，袖口磨毛和按钮划痕同框。人物焦点：阿磊/道具。表情要求：专注。姿态/运动路径：手开始操作前的准备。连续性锚点：街头霸王街机、磨损摇杆、哥哥站操作位、主角旁观、小弟弟躲后、CRT 光。画面应像可用于电影分镜的单张 production storyboard panel，构图清楚，动作状态明确，不要把前后动作合在一张里 【部分原文损坏，需从源文件重建 / Partial source text corrupted; rebuild from source】,不要统一脸型，不要统一发型，不要统一身材，不要童模脸，不要网红脸，不要现代校服，不要现代手机，不要液晶屏，不要女生，不要额外角色，不要成年人黑帮，不要动漫化，不要血腥，不要英雄化暴力。 本张特别避免：现代格斗游戏、哥哥和老大现实打斗、主角参与对战、多人混乱 【部分原文损坏，需从源文件重建 / Partial source text corrupted; rebuild from source】,确认 阿磊/道具 可识别；确认 街头霸王街机、磨损摇杆、哥哥站操作位、主角旁观、小弟弟躲后、CRT 光 未漂移；确认只表达「按钮手部」一个状态。,S1_ARCADE_PLAY,游戏厅游玩阶段 / Arcade play,角色焦点：阿磊/道具；连续性：街头霸王街机、磨损摇杆、哥哥站操作位、主角旁观、小弟弟躲后、CRT 光 / Character focus: 阿磊/道具; continuity: 街头霸王街机、磨损摇杆、哥哥站操作位、主角旁观、小弟弟躲后、CRT 光,角色焦点：阿磊/道具；连续性：街头霸王街机、磨损摇杆、哥哥站操作位、主角旁观、小弟弟躲后、CRT 光 / Character focus: 阿磊/道具; continuity: 街头霸王街机、磨损摇杆、哥哥站操作位、主角旁观、小弟弟躲后、CRT 光,街头霸王街机、磨损摇杆、哥哥站操作位、主角旁观、小弟弟躲后、CRT 光 / Environment continuity lock,whitebox_renders_v2/B02/WB2_ARCADE_MSB033.png
MSB034,B02,04,找到街霸,storyboard,A,micro_storyboard_panels/B02/MSB034_04_彬子进入边缘.png,90年代中国小城，中式梦核现实电影质感，潮湿发黄的童年记忆，低照度，轻微 VHS 噪点，儿童低视角，真实旧衣服和生活痕迹，不漂亮化。人物必须继承 v2 设定：阿磊海军蓝旧运动外套和左眉断点；小川右耳微外翻、过紧红领巾、浅绿色塌书包；小满浅色大衬衫、抓衣角、脚尖内扣；彬子黄发梢、破黑夹克、腰包；高杆高瘦长手臂；大海宽身体褪色 T 恤；小齐条纹内衫和抠袖口。 画面编号 MSB034，段落 04《找到街霸》。景别：中景。参考机位：CAM_ARCADE_02_STREET_FIGHTER_CABINET。本张只画一个画面状态：彬子进入边缘。画面焦点：彬子从机器另一侧进入画面，黄发梢和黑夹克先被看见。人物焦点：彬子。表情要求：挑衅假笑。姿态/运动路径：下巴前顶，靠近机器。连续性锚点：街头霸王街机、磨损摇杆、哥哥站操作位、主角旁观、小弟弟躲后、CRT 光。画面应像可用于电影分镜的单张 production storyboard panel，构图清楚，动作状态明确，不要把前后动作合在一张里 【部分原文损坏，需从源文件重建 / Partial source text corrupted; rebuild from source】,不要统一脸型，不要统一发型，不要统一身材，不要童模脸，不要网红脸，不要现代校服，不要现代手机，不要液晶屏，不要女生，不要额外角色，不要成年人黑帮，不要动漫化，不要血腥，不要英雄化暴力。 本张特别避免：现代格斗游戏、哥哥和老大现实打斗、主角参与对战、多人混乱 【部分原文损坏，需从源文件重建 / Partial source text corrupted; rebuild from source】,确认 彬子 可识别；确认 街头霸王街机、磨损摇杆、哥哥站操作位、主角旁观、小弟弟躲后、CRT 光 未漂移；确认只表达「彬子进入边缘」一个状态。,S1_ARCADE_PLAY,游戏厅游玩阶段 / Arcade play,角色焦点：彬子；连续性：街头霸王街机、磨损摇杆、哥哥站操作位、主角旁观、小弟弟躲后、CRT 光 / Character focus: 彬子; continuity: 街头霸王街机、磨损摇杆、哥哥站操作位、主角旁观、小弟弟躲后、CRT 光,角色焦点：彬子；连续性：街头霸王街机、磨损摇杆、哥哥站操作位、主角旁观、小弟弟躲后、CRT 光 / Character focus: 彬子; continuity: 街头霸王街机、磨损摇杆、哥哥站操作位、主角旁观、小弟弟躲后、CRT 光,街头霸王街机、磨损摇杆、哥哥站操作位、主角旁观、小弟弟躲后、CRT 光 / Environment continuity lock,whitebox_renders_v2/B02/WB2_ARCADE_MSB034.png
MSB035,B02,04,找到街霸,start_frame,A,micro_storyboard_panels/B02/MSB035_04_两侧对位.png,90年代中国小城，中式梦核现实电影质感，潮湿发黄的童年记忆，低照度，轻微 VHS 噪点，儿童低视角，真实旧衣服和生活痕迹，不漂亮化。人物必须继承 v2 设定：阿磊海军蓝旧运动外套和左眉断点；小川右耳微外翻、过紧红领巾、浅绿色塌书包；小满浅色大衬衫、抓衣角、脚尖内扣；彬子黄发梢、破黑夹克、腰包；高杆高瘦长手臂；大海宽身体褪色 T 恤；小齐条纹内衫和抠袖口。 画面编号 MSB035，段落 04《找到街霸》。景别：中景。参考机位：CAM_ARCADE_02_STREET_FIGHTER_CABINET。本张只画一个画面状态：两侧对位。画面焦点：阿磊和彬子分别站在机器两侧，屏幕在中间，身高差和气势差清楚。人物焦点：阿磊/彬子。表情要求：阿磊装稳，彬子轻蔑。姿态/运动路径：对战站位锁定。连续性锚点：街头霸王街机、磨损摇杆、哥哥站操作位、主角旁观、小弟弟躲后、CRT 光。画面应像可用于电影分镜的单张 production storyboard panel，构图清楚，动作状态明确，不要把前后动作合在一张里 【部分原文损坏，需从源文件重建 / Partial source text corrupted; rebuild from source】,不要统一脸型，不要统一发型，不要统一身材，不要童模脸，不要网红脸，不要现代校服，不要现代手机，不要液晶屏，不要女生，不要额外角色，不要成年人黑帮，不要动漫化，不要血腥，不要英雄化暴力。 本张特别避免：现代格斗游戏、哥哥和老大现实打斗、主角参与对战、多人混乱 【部分原文损坏，需从源文件重建 / Partial source text corrupted; rebuild from source】,确认 阿磊/彬子 可识别；确认 街头霸王街机、磨损摇杆、哥哥站操作位、主角旁观、小弟弟躲后、CRT 光 未漂移；确认只表达「两侧对位」一个状态。,S1_ARCADE_PLAY,游戏厅游玩阶段 / Arcade play,角色焦点：阿磊/彬子；连续性：街头霸王街机、磨损摇杆、哥哥站操作位、主角旁观、小弟弟躲后、CRT 光 / Character focus: 阿磊/彬子; continuity: 街头霸王街机、磨损摇杆、哥哥站操作位、主角旁观、小弟弟躲后、CRT 光,角色焦点：阿磊/彬子；连续性：街头霸王街机、磨损摇杆、哥哥站操作位、主角旁观、小弟弟躲后、CRT 光 / Character focus: 阿磊/彬子; continuity: 街头霸王街机、磨损摇杆、哥哥站操作位、主角旁观、小弟弟躲后、CRT 光,街头霸王街机、磨损摇杆、哥哥站操作位、主角旁观、小弟弟躲后、CRT 光 / Environment continuity lock,whitebox_renders_v2/B02/WB2_ARCADE_MSB035.png
MSB036,B02,04,找到街霸,storyboard,B,micro_storyboard_panels/B02/MSB036_04_小川反应.png,90年代中国小城，中式梦核现实电影质感，潮湿发黄的童年记忆，低照度，轻微 VHS 噪点，儿童低视角，真实旧衣服和生活痕迹，不漂亮化。人物必须继承 v2 设定：阿磊海军蓝旧运动外套和左眉断点；小川右耳微外翻、过紧红领巾、浅绿色塌书包；小满浅色大衬衫、抓衣角、脚尖内扣；彬子黄发梢、破黑夹克、腰包；高杆高瘦长手臂；大海宽身体褪色 T 恤；小齐条纹内衫和抠袖口。 画面编号 MSB036，段落 04《找到街霸》。景别：近景。参考机位：CAM_ARCADE_02_STREET_FIGHTER_CABINET。本张只画一个画面状态：小川反应。画面焦点：小川看见彬子，笑意收住，眼睛从屏幕移到彬子脸上。人物焦点：小川。表情要求：警觉但不懂危险。姿态/运动路径：头部小幅转移。连续性锚点：街头霸王街机、磨损摇杆、哥哥站操作位、主角旁观、小弟弟躲后、CRT 光。画面应像可用于电影分镜的单张 production storyboard panel，构图清楚，动作状态明确，不要把前后动作合在一张里 【部分原文损坏，需从源文件重建 / Partial source text corrupted; rebuild from source】,不要统一脸型，不要统一发型，不要统一身材，不要童模脸，不要网红脸，不要现代校服，不要现代手机，不要液晶屏，不要女生，不要额外角色，不要成年人黑帮，不要动漫化，不要血腥，不要英雄化暴力。 本张特别避免：现代格斗游戏、哥哥和老大现实打斗、主角参与对战、多人混乱 【部分原文损坏，需从源文件重建 / Partial source text corrupted; rebuild from source】,确认 小川 可识别；确认 街头霸王街机、磨损摇杆、哥哥站操作位、主角旁观、小弟弟躲后、CRT 光 未漂移；确认只表达「小川反应」一个状态。,S1_ARCADE_PLAY,游戏厅游玩阶段 / Arcade play,角色焦点：小川；连续性：街头霸王街机、磨损摇杆、哥哥站操作位、主角旁观、小弟弟躲后、CRT 光 / Character focus: 小川; continuity: 街头霸王街机、磨损摇杆、哥哥站操作位、主角旁观、小弟弟躲后、CRT 光,角色焦点：小川；连续性：街头霸王街机、磨损摇杆、哥哥站操作位、主角旁观、小弟弟躲后、CRT 光 / Character focus: 小川; continuity: 街头霸王街机、磨损摇杆、哥哥站操作位、主角旁观、小弟弟躲后、CRT 光,街头霸王街机、磨损摇杆、哥哥站操作位、主角旁观、小弟弟躲后、CRT 光 / Environment continuity lock,whitebox_renders_v2/B02/WB2_ARCADE_MSB036.png
MSB037,B02,04,找到街霸,end_frame,B,micro_storyboard_panels/B02/MSB037_04_硬币入槽.png,90年代中国小城，中式梦核现实电影质感，潮湿发黄的童年记忆，低照度，轻微 VHS 噪点，儿童低视角，真实旧衣服和生活痕迹，不漂亮化。人物必须继承 v2 设定：阿磊海军蓝旧运动外套和左眉断点；小川右耳微外翻、过紧红领巾、浅绿色塌书包；小满浅色大衬衫、抓衣角、脚尖内扣；彬子黄发梢、破黑夹克、腰包；高杆高瘦长手臂；大海宽身体褪色 T 恤；小齐条纹内衫和抠袖口。 画面编号 MSB037，段落 04《找到街霸》。景别：特写。参考机位：CAM_ARCADE_02_STREET_FIGHTER_CABINET。本张只画一个画面状态：硬币入槽。画面焦点：硬币投入街机槽，金属声和 CRT 光形成对战开始点。人物焦点：道具。表情要求：无人物，仪式感。姿态/运动路径：手离开硬币槽。连续性锚点：街头霸王街机、磨损摇杆、哥哥站操作位、主角旁观、小弟弟躲后、CRT 光。画面应像可用于电影分镜的单张 production storyboard panel，构图清楚，动作状态明确，不要把前后动作合在一张里 【部分原文损坏，需从源文件重建 / Partial source text corrupted; rebuild from source】,不要统一脸型，不要统一发型，不要统一身材，不要童模脸，不要网红脸，不要现代校服，不要现代手机，不要液晶屏，不要女生，不要额外角色，不要成年人黑帮，不要动漫化，不要血腥，不要英雄化暴力。 本张特别避免：现代格斗游戏、哥哥和老大现实打斗、主角参与对战、多人混乱 【部分原文损坏，需从源文件重建 / Partial source text corrupted; rebuild from source】,确认 道具 可识别；确认 街头霸王街机、磨损摇杆、哥哥站操作位、主角旁观、小弟弟躲后、CRT 光 未漂移；确认只表达「硬币入槽」一个状态。,S1_ARCADE_PLAY,游戏厅游玩阶段 / Arcade play,角色焦点：道具；连续性：街头霸王街机、磨损摇杆、哥哥站操作位、主角旁观、小弟弟躲后、CRT 光 / Character focus: 道具; continuity: 街头霸王街机、磨损摇杆、哥哥站操作位、主角旁观、小弟弟躲后、CRT 光,角色焦点：道具；连续性：街头霸王街机、磨损摇杆、哥哥站操作位、主角旁观、小弟弟躲后、CRT 光 / Character focus: 道具; continuity: 街头霸王街机、磨损摇杆、哥哥站操作位、主角旁观、小弟弟躲后、CRT 光,街头霸王街机、磨损摇杆、哥哥站操作位、主角旁观、小弟弟躲后、CRT 光 / Environment continuity lock,whitebox_renders_v2/B02/WB2_ARCADE_MSB037.png
MSB038,B02,05,哥哥打赢老大,start_frame,A,micro_storyboard_panels/B02/MSB038_05_对战开局肩背.png,90年代中国小城，中式梦核现实电影质感，潮湿发黄的童年记忆，低照度，轻微 VHS 噪点，儿童低视角，真实旧衣服和生活痕迹，不漂亮化。人物必须继承 v2 设定：阿磊海军蓝旧运动外套和左眉断点；小川右耳微外翻、过紧红领巾、浅绿色塌书包；小满浅色大衬衫、抓衣角、脚尖内扣；彬子黄发梢、破黑夹克、腰包；高杆高瘦长手臂；大海宽身体褪色 T 恤；小齐条纹内衫和抠袖口。 画面编号 MSB038，段落 05《哥哥打赢老大》。景别：过肩中景。参考机位：CAM_ARCADE_03_DUEL_OVER_SHOULDER。本张只画一个画面状态：对战开局肩背。画面焦点：阿磊左前景肩背、彬子右侧，街霸屏幕夹在中间。人物焦点：阿磊/彬子。表情要求：双方专注，彬子假笑。姿态/运动路径：镜头固定在屏幕和肩背之间。连续性锚点：哥哥左侧，彬子右侧，街霸屏幕居中，CRT 胜利红光，主角旁观。画面应像可用于电影分镜的单张 production storyboard panel，构图清楚，动作状态明确，不要把前后动作合在一张里 【部分原文损坏，需从源文件重建 / Partial source text corrupted; rebuild from source】,不要统一脸型，不要统一发型，不要统一身材，不要童模脸，不要网红脸，不要现代校服，不要现代手机，不要液晶屏，不要女生，不要额外角色，不要成年人黑帮，不要动漫化，不要血腥，不要英雄化暴力。 本张特别避免：现实拳脚打斗、主角参与对战、屏幕变现代游戏、胜利过度欢乐 【部分原文损坏，需从源文件重建 / Partial source text corrupted; rebuild from source】,确认 阿磊/彬子 可识别；确认 哥哥左侧，彬子右侧，街霸屏幕居中，CRT 胜利红光，主角旁观 未漂移；确认只表达「对战开局肩背」一个状态。,S1_ARCADE_PLAY,游戏厅游玩阶段 / Arcade play,角色焦点：阿磊/彬子；连续性：哥哥左侧，彬子右侧，街霸屏幕居中，CRT 胜利红光，主角旁观 / Character focus: 阿磊/彬子; continuity: 哥哥左侧，彬子右侧，街霸屏幕居中，CRT 胜利红光，主角旁观,角色焦点：阿磊/彬子；连续性：哥哥左侧，彬子右侧，街霸屏幕居中，CRT 胜利红光，主角旁观 / Character focus: 阿磊/彬子; continuity: 哥哥左侧，彬子右侧，街霸屏幕居中，CRT 胜利红光，主角旁观,哥哥左侧，彬子右侧，街霸屏幕居中，CRT 胜利红光，主角旁观 / Environment continuity lock,whitebox_renders_v2/B02/WB2_ARCADE_MSB038.png
MSB039,B02,05,哥哥打赢老大,storyboard,B,micro_storyboard_panels/B02/MSB039_05_阿磊快速按键.png,90年代中国小城，中式梦核现实电影质感，潮湿发黄的童年记忆，低照度，轻微 VHS 噪点，儿童低视角，真实旧衣服和生活痕迹，不漂亮化。人物必须继承 v2 设定：阿磊海军蓝旧运动外套和左眉断点；小川右耳微外翻、过紧红领巾、浅绿色塌书包；小满浅色大衬衫、抓衣角、脚尖内扣；彬子黄发梢、破黑夹克、腰包；高杆高瘦长手臂；大海宽身体褪色 T 恤；小齐条纹内衫和抠袖口。 画面编号 MSB039，段落 05《哥哥打赢老大》。景别：特写。参考机位：CAM_ARCADE_03_DUEL_OVER_SHOULDER。本张只画一个画面状态：阿磊快速按键。画面焦点：阿磊手指在彩色按钮上快速动作，袖口磨毛明显。人物焦点：阿磊/道具。表情要求：手部紧张兴奋。姿态/运动路径：只拍手和按钮。连续性锚点：哥哥左侧，彬子右侧，街霸屏幕居中，CRT 胜利红光，主角旁观。画面应像可用于电影分镜的单张 production storyboard panel，构图清楚，动作状态明确，不要把前后动作合在一张里 【部分原文损坏，需从源文件重建 / Partial source text corrupted; rebuild from source】,不要统一脸型，不要统一发型，不要统一身材，不要童模脸，不要网红脸，不要现代校服，不要现代手机，不要液晶屏，不要女生，不要额外角色，不要成年人黑帮，不要动漫化，不要血腥，不要英雄化暴力。 本张特别避免：现实拳脚打斗、主角参与对战、屏幕变现代游戏、胜利过度欢乐 【部分原文损坏，需从源文件重建 / Partial source text corrupted; rebuild from source】,确认 阿磊/道具 可识别；确认 哥哥左侧，彬子右侧，街霸屏幕居中，CRT 胜利红光，主角旁观 未漂移；确认只表达「阿磊快速按键」一个状态。,S1_ARCADE_PLAY,游戏厅游玩阶段 / Arcade play,角色焦点：阿磊/道具；连续性：哥哥左侧，彬子右侧，街霸屏幕居中，CRT 胜利红光，主角旁观 / Character focus: 阿磊/道具; continuity: 哥哥左侧，彬子右侧，街霸屏幕居中，CRT 胜利红光，主角旁观,角色焦点：阿磊/道具；连续性：哥哥左侧，彬子右侧，街霸屏幕居中，CRT 胜利红光，主角旁观 / Character focus: 阿磊/道具; continuity: 哥哥左侧，彬子右侧，街霸屏幕居中，CRT 胜利红光，主角旁观,哥哥左侧，彬子右侧，街霸屏幕居中，CRT 胜利红光，主角旁观 / Environment continuity lock,whitebox_renders_v2/B02/WB2_ARCADE_MSB039.png
MSB040,B02,05,哥哥打赢老大,storyboard,A,micro_storyboard_panels/B02/MSB040_05_彬子挑衅侧脸.png,90年代中国小城，中式梦核现实电影质感，潮湿发黄的童年记忆，低照度，轻微 VHS 噪点，儿童低视角，真实旧衣服和生活痕迹，不漂亮化。人物必须继承 v2 设定：阿磊海军蓝旧运动外套和左眉断点；小川右耳微外翻、过紧红领巾、浅绿色塌书包；小满浅色大衬衫、抓衣角、脚尖内扣；彬子黄发梢、破黑夹克、腰包；高杆高瘦长手臂；大海宽身体褪色 T 恤；小齐条纹内衫和抠袖口。 画面编号 MSB040，段落 05《哥哥打赢老大》。景别：近景。参考机位：CAM_ARCADE_03_DUEL_OVER_SHOULDER。本张只画一个画面状态：彬子挑衅侧脸。画面焦点：彬子侧脸被 CRT 光照亮，嘴角歪，眼睛从下往上瞪。人物焦点：彬子。表情要求：挑衅，觉得必赢。姿态/运动路径：下巴前顶。连续性锚点：哥哥左侧，彬子右侧，街霸屏幕居中，CRT 胜利红光，主角旁观。画面应像可用于电影分镜的单张 production storyboard panel，构图清楚，动作状态明确，不要把前后动作合在一张里 【部分原文损坏，需从源文件重建 / Partial source text corrupted; rebuild from source】,不要统一脸型，不要统一发型，不要统一身材，不要童模脸，不要网红脸，不要现代校服，不要现代手机，不要液晶屏，不要女生，不要额外角色，不要成年人黑帮，不要动漫化，不要血腥，不要英雄化暴力。 本张特别避免：现实拳脚打斗、主角参与对战、屏幕变现代游戏、胜利过度欢乐 【部分原文损坏，需从源文件重建 / Partial source text corrupted; rebuild from source】,确认 彬子 可识别；确认 哥哥左侧，彬子右侧，街霸屏幕居中，CRT 胜利红光，主角旁观 未漂移；确认只表达「彬子挑衅侧脸」一个状态。,S1_ARCADE_PLAY,游戏厅游玩阶段 / Arcade play,角色焦点：彬子；连续性：哥哥左侧，彬子右侧，街霸屏幕居中，CRT 胜利红光，主角旁观 / Character focus: 彬子; continuity: 哥哥左侧，彬子右侧，街霸屏幕居中，CRT 胜利红光，主角旁观,角色焦点：彬子；连续性：哥哥左侧，彬子右侧，街霸屏幕居中，CRT 胜利红光，主角旁观 / Character focus: 彬子; continuity: 哥哥左侧，彬子右侧，街霸屏幕居中，CRT 胜利红光，主角旁观,哥哥左侧，彬子右侧，街霸屏幕居中，CRT 胜利红光，主角旁观 / Environment continuity lock,whitebox_renders_v2/B02/WB2_ARCADE_MSB040.png
MSB041,B02,05,哥哥打赢老大,storyboard,B,micro_storyboard_panels/B02/MSB041_05_小川看哥哥.png,90年代中国小城，中式梦核现实电影质感，潮湿发黄的童年记忆，低照度，轻微 VHS 噪点，儿童低视角，真实旧衣服和生活痕迹，不漂亮化。人物必须继承 v2 设定：阿磊海军蓝旧运动外套和左眉断点；小川右耳微外翻、过紧红领巾、浅绿色塌书包；小满浅色大衬衫、抓衣角、脚尖内扣；彬子黄发梢、破黑夹克、腰包；高杆高瘦长手臂；大海宽身体褪色 T 恤；小齐条纹内衫和抠袖口。 画面编号 MSB041，段落 05《哥哥打赢老大》。景别：近景。参考机位：CAM_ARCADE_03_DUEL_OVER_SHOULDER。本张只画一个画面状态：小川看哥哥。画面焦点：小川不看屏幕，先看阿磊脸色，试图判断能不能高兴。人物焦点：小川。表情要求：期待但谨慎。姿态/运动路径：攥书包带更紧。连续性锚点：哥哥左侧，彬子右侧，街霸屏幕居中，CRT 胜利红光，主角旁观。画面应像可用于电影分镜的单张 production storyboard panel，构图清楚，动作状态明确，不要把前后动作合在一张里 【部分原文损坏，需从源文件重建 / Partial source text corrupted; rebuild from source】,不要统一脸型，不要统一发型，不要统一身材，不要童模脸，不要网红脸，不要现代校服，不要现代手机，不要液晶屏，不要女生，不要额外角色，不要成年人黑帮，不要动漫化，不要血腥，不要英雄化暴力。 本张特别避免：现实拳脚打斗、主角参与对战、屏幕变现代游戏、胜利过度欢乐 【部分原文损坏，需从源文件重建 / Partial source text corrupted; rebuild from source】,确认 小川 可识别；确认 哥哥左侧，彬子右侧，街霸屏幕居中，CRT 胜利红光，主角旁观 未漂移；确认只表达「小川看哥哥」一个状态。,S1_ARCADE_PLAY,游戏厅游玩阶段 / Arcade play,角色焦点：小川；连续性：哥哥左侧，彬子右侧，街霸屏幕居中，CRT 胜利红光，主角旁观 / Character focus: 小川; continuity: 哥哥左侧，彬子右侧，街霸屏幕居中，CRT 胜利红光，主角旁观,角色焦点：小川；连续性：哥哥左侧，彬子右侧，街霸屏幕居中，CRT 胜利红光，主角旁观 / Character focus: 小川; continuity: 哥哥左侧，彬子右侧，街霸屏幕居中，CRT 胜利红光，主角旁观,哥哥左侧，彬子右侧，街霸屏幕居中，CRT 胜利红光，主角旁观 / Environment continuity lock,whitebox_renders_v2/B02/WB2_ARCADE_MSB041.png
MSB042,B02,05,哥哥打赢老大,storyboard,B,micro_storyboard_panels/B02/MSB042_05_屏幕战斗闪白.png,90年代中国小城，中式梦核现实电影质感，潮湿发黄的童年记忆，低照度，轻微 VHS 噪点，儿童低视角，真实旧衣服和生活痕迹，不漂亮化。人物必须继承 v2 设定：阿磊海军蓝旧运动外套和左眉断点；小川右耳微外翻、过紧红领巾、浅绿色塌书包；小满浅色大衬衫、抓衣角、脚尖内扣；彬子黄发梢、破黑夹克、腰包；高杆高瘦长手臂；大海宽身体褪色 T 恤；小齐条纹内衫和抠袖口。 画面编号 MSB042，段落 05《哥哥打赢老大》。景别：特写。参考机位：CAM_ARCADE_03_DUEL_OVER_SHOULDER。本张只画一个画面状态：屏幕战斗闪白。画面焦点：街霸屏幕出现强烈攻击闪光，不需要真实游戏版权细节。人物焦点：街机屏幕。表情要求：激烈但仍在游戏内。姿态/运动路径：CRT 闪烁。连续性锚点：哥哥左侧，彬子右侧，街霸屏幕居中，CRT 胜利红光，主角旁观。画面应像可用于电影分镜的单张 production storyboard panel，构图清楚，动作状态明确，不要把前后动作合在一张里 【部分原文损坏，需从源文件重建 / Partial source text corrupted; rebuild from source】,不要统一脸型，不要统一发型，不要统一身材，不要童模脸，不要网红脸，不要现代校服，不要现代手机，不要液晶屏，不要女生，不要额外角色，不要成年人黑帮，不要动漫化，不要血腥，不要英雄化暴力。 本张特别避免：现实拳脚打斗、主角参与对战、屏幕变现代游戏、胜利过度欢乐 【部分原文损坏，需从源文件重建 / Partial source text corrupted; rebuild from source】,确认 街机屏幕 可识别；确认 哥哥左侧，彬子右侧，街霸屏幕居中，CRT 胜利红光，主角旁观 未漂移；确认只表达「屏幕战斗闪白」一个状态。,S1_ARCADE_PLAY,游戏厅游玩阶段 / Arcade play,角色焦点：街机屏幕；连续性：哥哥左侧，彬子右侧，街霸屏幕居中，CRT 胜利红光，主角旁观 / Character focus: 街机屏幕; continuity: 哥哥左侧，彬子右侧，街霸屏幕居中，CRT 胜利红光，主角旁观,角色焦点：街机屏幕；连续性：哥哥左侧，彬子右侧，街霸屏幕居中，CRT 胜利红光，主角旁观 / Character focus: 街机屏幕; continuity: 哥哥左侧，彬子右侧，街霸屏幕居中，CRT 胜利红光，主角旁观,哥哥左侧，彬子右侧，街霸屏幕居中，CRT 胜利红光，主角旁观 / Environment continuity lock,whitebox_renders_v2/B02/WB2_ARCADE_MSB042.png
MSB043,B02,05,哥哥打赢老大,storyboard,A,micro_storyboard_panels/B02/MSB043_05_阿磊嘴角压不住.png,90年代中国小城，中式梦核现实电影质感，潮湿发黄的童年记忆，低照度，轻微 VHS 噪点，儿童低视角，真实旧衣服和生活痕迹，不漂亮化。人物必须继承 v2 设定：阿磊海军蓝旧运动外套和左眉断点；小川右耳微外翻、过紧红领巾、浅绿色塌书包；小满浅色大衬衫、抓衣角、脚尖内扣；彬子黄发梢、破黑夹克、腰包；高杆高瘦长手臂；大海宽身体褪色 T 恤；小齐条纹内衫和抠袖口。 画面编号 MSB043，段落 05《哥哥打赢老大》。景别：中近景。参考机位：CAM_ARCADE_03_DUEL_OVER_SHOULDER。本张只画一个画面状态：阿磊嘴角压不住。画面焦点：阿磊嘴角轻微上扬但不敢太明显，肩膀一抖。人物焦点：阿磊。表情要求：快赢的得意。姿态/运动路径：手继续操作。连续性锚点：哥哥左侧，彬子右侧，街霸屏幕居中，CRT 胜利红光，主角旁观。画面应像可用于电影分镜的单张 production storyboard panel，构图清楚，动作状态明确，不要把前后动作合在一张里 【部分原文损坏，需从源文件重建 / Partial source text corrupted; rebuild from source】,不要统一脸型，不要统一发型，不要统一身材，不要童模脸，不要网红脸，不要现代校服，不要现代手机，不要液晶屏，不要女生，不要额外角色，不要成年人黑帮，不要动漫化，不要血腥，不要英雄化暴力。 本张特别避免：现实拳脚打斗、主角参与对战、屏幕变现代游戏、胜利过度欢乐 【部分原文损坏，需从源文件重建 / Partial source text corrupted; rebuild from source】,确认 阿磊 可识别；确认 哥哥左侧，彬子右侧，街霸屏幕居中，CRT 胜利红光，主角旁观 未漂移；确认只表达「阿磊嘴角压不住」一个状态。,S1_ARCADE_PLAY,游戏厅游玩阶段 / Arcade play,角色焦点：阿磊；连续性：哥哥左侧，彬子右侧，街霸屏幕居中，CRT 胜利红光，主角旁观 / Character focus: 阿磊; continuity: 哥哥左侧，彬子右侧，街霸屏幕居中，CRT 胜利红光，主角旁观,角色焦点：阿磊；连续性：哥哥左侧，彬子右侧，街霸屏幕居中，CRT 胜利红光，主角旁观 / Character focus: 阿磊; continuity: 哥哥左侧，彬子右侧，街霸屏幕居中，CRT 胜利红光，主角旁观,哥哥左侧，彬子右侧，街霸屏幕居中，CRT 胜利红光，主角旁观 / Environment continuity lock,whitebox_renders_v2/B02/WB2_ARCADE_MSB043.png
MSB044,B02,05,哥哥打赢老大,storyboard,A,micro_storyboard_panels/B02/MSB044_05_彬子表情变僵.png,90年代中国小城，中式梦核现实电影质感，潮湿发黄的童年记忆，低照度，轻微 VHS 噪点，儿童低视角，真实旧衣服和生活痕迹，不漂亮化。人物必须继承 v2 设定：阿磊海军蓝旧运动外套和左眉断点；小川右耳微外翻、过紧红领巾、浅绿色塌书包；小满浅色大衬衫、抓衣角、脚尖内扣；彬子黄发梢、破黑夹克、腰包；高杆高瘦长手臂；大海宽身体褪色 T 恤；小齐条纹内衫和抠袖口。 画面编号 MSB044，段落 05《哥哥打赢老大》。景别：中近景。参考机位：CAM_ARCADE_03_DUEL_OVER_SHOULDER。本张只画一个画面状态：彬子表情变僵。画面焦点：彬子笑意消失，眨眼变少，鼻翼绷紧。人物焦点：彬子。表情要求：从轻蔑转为不信。姿态/运动路径：身体僵住。连续性锚点：哥哥左侧，彬子右侧，街霸屏幕居中，CRT 胜利红光，主角旁观。画面应像可用于电影分镜的单张 production storyboard panel，构图清楚，动作状态明确，不要把前后动作合在一张里 【部分原文损坏，需从源文件重建 / Partial source text corrupted; rebuild from source】,不要统一脸型，不要统一发型，不要统一身材，不要童模脸，不要网红脸，不要现代校服，不要现代手机，不要液晶屏，不要女生，不要额外角色，不要成年人黑帮，不要动漫化，不要血腥，不要英雄化暴力。 本张特别避免：现实拳脚打斗、主角参与对战、屏幕变现代游戏、胜利过度欢乐 【部分原文损坏，需从源文件重建 / Partial source text corrupted; rebuild from source】,确认 彬子 可识别；确认 哥哥左侧，彬子右侧，街霸屏幕居中，CRT 胜利红光，主角旁观 未漂移；确认只表达「彬子表情变僵」一个状态。,S1_ARCADE_PLAY,游戏厅游玩阶段 / Arcade play,角色焦点：彬子；连续性：哥哥左侧，彬子右侧，街霸屏幕居中，CRT 胜利红光，主角旁观 / Character focus: 彬子; continuity: 哥哥左侧，彬子右侧，街霸屏幕居中，CRT 胜利红光，主角旁观,角色焦点：彬子；连续性：哥哥左侧，彬子右侧，街霸屏幕居中，CRT 胜利红光，主角旁观 / Character focus: 彬子; continuity: 哥哥左侧，彬子右侧，街霸屏幕居中，CRT 胜利红光，主角旁观,哥哥左侧，彬子右侧，街霸屏幕居中，CRT 胜利红光，主角旁观 / Environment continuity lock,whitebox_renders_v2/B02/WB2_ARCADE_MSB044.png
MSB045,B02,05,哥哥打赢老大,keyframe,A,micro_storyboard_panels/B02/MSB045_05_胜利画面亮起.png,90年代中国小城，中式梦核现实电影质感，潮湿发黄的童年记忆，低照度，轻微 VHS 噪点，儿童低视角，真实旧衣服和生活痕迹，不漂亮化。人物必须继承 v2 设定：阿磊海军蓝旧运动外套和左眉断点；小川右耳微外翻、过紧红领巾、浅绿色塌书包；小满浅色大衬衫、抓衣角、脚尖内扣；彬子黄发梢、破黑夹克、腰包；高杆高瘦长手臂；大海宽身体褪色 T 恤；小齐条纹内衫和抠袖口。 画面编号 MSB045，段落 05《哥哥打赢老大》。景别：特写。参考机位：CAM_ARCADE_03_DUEL_OVER_SHOULDER。本张只画一个画面状态：胜利画面亮起。画面焦点：CRT 胜利画面红光爆亮，屏幕边缘反射在机身上。人物焦点：街机屏幕。表情要求：无人物，胜负确定。姿态/运动路径：画面闪红。连续性锚点：哥哥左侧，彬子右侧，街霸屏幕居中，CRT 胜利红光，主角旁观。画面应像可用于电影分镜的单张 production storyboard panel，构图清楚，动作状态明确，不要把前后动作合在一张里 【部分原文损坏，需从源文件重建 / Partial source text corrupted; rebuild from source】,不要统一脸型，不要统一发型，不要统一身材，不要童模脸，不要网红脸，不要现代校服，不要现代手机，不要液晶屏，不要女生，不要额外角色，不要成年人黑帮，不要动漫化，不要血腥，不要英雄化暴力。 本张特别避免：现实拳脚打斗、主角参与对战、屏幕变现代游戏、胜利过度欢乐 【部分原文损坏，需从源文件重建 / Partial source text corrupted; rebuild from source】,确认 街机屏幕 可识别；确认 哥哥左侧，彬子右侧，街霸屏幕居中，CRT 胜利红光，主角旁观 未漂移；确认只表达「胜利画面亮起」一个状态。,S1_ARCADE_PLAY,游戏厅游玩阶段 / Arcade play,角色焦点：街机屏幕；连续性：哥哥左侧，彬子右侧，街霸屏幕居中，CRT 胜利红光，主角旁观 / Character focus: 街机屏幕; continuity: 哥哥左侧，彬子右侧，街霸屏幕居中，CRT 胜利红光，主角旁观,角色焦点：街机屏幕；连续性：哥哥左侧，彬子右侧，街霸屏幕居中，CRT 胜利红光，主角旁观 / Character focus: 街机屏幕; continuity: 哥哥左侧，彬子右侧，街霸屏幕居中，CRT 胜利红光，主角旁观,哥哥左侧，彬子右侧，街霸屏幕居中，CRT 胜利红光，主角旁观 / Environment continuity lock,whitebox_renders_v2/B02/WB2_ARCADE_MSB045.png
MSB046,B02,05,哥哥打赢老大,keyframe,A,micro_storyboard_panels/B02/MSB046_05_红光照彬子.png,90年代中国小城，中式梦核现实电影质感，潮湿发黄的童年记忆，低照度，轻微 VHS 噪点，儿童低视角，真实旧衣服和生活痕迹，不漂亮化。人物必须继承 v2 设定：阿磊海军蓝旧运动外套和左眉断点；小川右耳微外翻、过紧红领巾、浅绿色塌书包；小满浅色大衬衫、抓衣角、脚尖内扣；彬子黄发梢、破黑夹克、腰包；高杆高瘦长手臂；大海宽身体褪色 T 恤；小齐条纹内衫和抠袖口。 画面编号 MSB046，段落 05《哥哥打赢老大》。景别：近景。参考机位：CAM_ARCADE_03_DUEL_OVER_SHOULDER。本张只画一个画面状态：红光照彬子。画面焦点：胜利红光照到彬子脸，黄发梢和嘴角小痣清楚。人物焦点：彬子。表情要求：受辱后僵住。姿态/运动路径：完全停住一拍。连续性锚点：哥哥左侧，彬子右侧，街霸屏幕居中，CRT 胜利红光，主角旁观。画面应像可用于电影分镜的单张 production storyboard panel，构图清楚，动作状态明确，不要把前后动作合在一张里 【部分原文损坏，需从源文件重建 / Partial source text corrupted; rebuild from source】,不要统一脸型，不要统一发型，不要统一身材，不要童模脸，不要网红脸，不要现代校服，不要现代手机，不要液晶屏，不要女生，不要额外角色，不要成年人黑帮，不要动漫化，不要血腥，不要英雄化暴力。 本张特别避免：现实拳脚打斗、主角参与对战、屏幕变现代游戏、胜利过度欢乐 【部分原文损坏，需从源文件重建 / Partial source text corrupted; rebuild from source】,确认 彬子 可识别；确认 哥哥左侧，彬子右侧，街霸屏幕居中，CRT 胜利红光，主角旁观 未漂移；确认只表达「红光照彬子」一个状态。,S1_ARCADE_PLAY,游戏厅游玩阶段 / Arcade play,角色焦点：彬子；连续性：哥哥左侧，彬子右侧，街霸屏幕居中，CRT 胜利红光，主角旁观 / Character focus: 彬子; continuity: 哥哥左侧，彬子右侧，街霸屏幕居中，CRT 胜利红光，主角旁观,角色焦点：彬子；连续性：哥哥左侧，彬子右侧，街霸屏幕居中，CRT 胜利红光，主角旁观 / Character focus: 彬子; continuity: 哥哥左侧，彬子右侧，街霸屏幕居中，CRT 胜利红光，主角旁观,哥哥左侧，彬子右侧，街霸屏幕居中，CRT 胜利红光，主角旁观 / Environment continuity lock,whitebox_renders_v2/B02/WB2_ARCADE_MSB046.png
MSB047,B02,05,哥哥打赢老大,storyboard,A,micro_storyboard_panels/B02/MSB047_05_阿磊装不在乎.png,90年代中国小城，中式梦核现实电影质感，潮湿发黄的童年记忆，低照度，轻微 VHS 噪点，儿童低视角，真实旧衣服和生活痕迹，不漂亮化。人物必须继承 v2 设定：阿磊海军蓝旧运动外套和左眉断点；小川右耳微外翻、过紧红领巾、浅绿色塌书包；小满浅色大衬衫、抓衣角、脚尖内扣；彬子黄发梢、破黑夹克、腰包；高杆高瘦长手臂；大海宽身体褪色 T 恤；小齐条纹内衫和抠袖口。 画面编号 MSB047，段落 05《哥哥打赢老大》。景别：中景。参考机位：CAM_ARCADE_03_DUEL_OVER_SHOULDER。本张只画一个画面状态：阿磊装不在乎。画面焦点：阿磊想笑又忍住，手从按钮上离开，下巴更高。人物焦点：阿磊。表情要求：得意但装成熟。姿态/运动路径：肩膀轻抖。连续性锚点：哥哥左侧，彬子右侧，街霸屏幕居中，CRT 胜利红光，主角旁观。画面应像可用于电影分镜的单张 production storyboard panel，构图清楚，动作状态明确，不要把前后动作合在一张里 【部分原文损坏，需从源文件重建 / Partial source text corrupted; rebuild from source】,不要统一脸型，不要统一发型，不要统一身材，不要童模脸，不要网红脸，不要现代校服，不要现代手机，不要液晶屏，不要女生，不要额外角色，不要成年人黑帮，不要动漫化，不要血腥，不要英雄化暴力。 本张特别避免：现实拳脚打斗、主角参与对战、屏幕变现代游戏、胜利过度欢乐 【部分原文损坏，需从源文件重建 / Partial source text corrupted; rebuild from source】,确认 阿磊 可识别；确认 哥哥左侧，彬子右侧，街霸屏幕居中，CRT 胜利红光，主角旁观 未漂移；确认只表达「阿磊装不在乎」一个状态。,S1_ARCADE_PLAY,游戏厅游玩阶段 / Arcade play,角色焦点：阿磊；连续性：哥哥左侧，彬子右侧，街霸屏幕居中，CRT 胜利红光，主角旁观 / Character focus: 阿磊; continuity: 哥哥左侧，彬子右侧，街霸屏幕居中，CRT 胜利红光，主角旁观,角色焦点：阿磊；连续性：哥哥左侧，彬子右侧，街霸屏幕居中，CRT 胜利红光，主角旁观 / Character focus: 阿磊; continuity: 哥哥左侧，彬子右侧，街霸屏幕居中，CRT 胜利红光，主角旁观,哥哥左侧，彬子右侧，街霸屏幕居中，CRT 胜利红光，主角旁观 / Environment continuity lock,whitebox_renders_v2/B02/WB2_ARCADE_MSB047.png
MSB048,B02,05,哥哥打赢老大,storyboard,B,micro_storyboard_panels/B02/MSB048_05_小川半笑.png,90年代中国小城，中式梦核现实电影质感，潮湿发黄的童年记忆，低照度，轻微 VHS 噪点，儿童低视角，真实旧衣服和生活痕迹，不漂亮化。人物必须继承 v2 设定：阿磊海军蓝旧运动外套和左眉断点；小川右耳微外翻、过紧红领巾、浅绿色塌书包；小满浅色大衬衫、抓衣角、脚尖内扣；彬子黄发梢、破黑夹克、腰包；高杆高瘦长手臂；大海宽身体褪色 T 恤；小齐条纹内衫和抠袖口。 画面编号 MSB048，段落 05《哥哥打赢老大》。景别：近景。参考机位：CAM_ARCADE_03_DUEL_OVER_SHOULDER。本张只画一个画面状态：小川半笑。画面焦点：小川看到哥哥赢，嘴角刚要笑，眼睛还看彬子反应。人物焦点：小川。表情要求：半笑半怕。姿态/运动路径：身体没有靠前。连续性锚点：哥哥左侧，彬子右侧，街霸屏幕居中，CRT 胜利红光，主角旁观。画面应像可用于电影分镜的单张 production storyboard panel，构图清楚，动作状态明确，不要把前后动作合在一张里 【部分原文损坏，需从源文件重建 / Partial source text corrupted; rebuild from source】,不要统一脸型，不要统一发型，不要统一身材，不要童模脸，不要网红脸，不要现代校服，不要现代手机，不要液晶屏，不要女生，不要额外角色，不要成年人黑帮，不要动漫化，不要血腥，不要英雄化暴力。 本张特别避免：现实拳脚打斗、主角参与对战、屏幕变现代游戏、胜利过度欢乐 【部分原文损坏，需从源文件重建 / Partial source text corrupted; rebuild from source】,确认 小川 可识别；确认 哥哥左侧，彬子右侧，街霸屏幕居中，CRT 胜利红光，主角旁观 未漂移；确认只表达「小川半笑」一个状态。,S1_ARCADE_PLAY,游戏厅游玩阶段 / Arcade play,角色焦点：小川；连续性：哥哥左侧，彬子右侧，街霸屏幕居中，CRT 胜利红光，主角旁观 / Character focus: 小川; continuity: 哥哥左侧，彬子右侧，街霸屏幕居中，CRT 胜利红光，主角旁观,角色焦点：小川；连续性：哥哥左侧，彬子右侧，街霸屏幕居中，CRT 胜利红光，主角旁观 / Character focus: 小川; continuity: 哥哥左侧，彬子右侧，街霸屏幕居中，CRT 胜利红光，主角旁观,哥哥左侧，彬子右侧，街霸屏幕居中，CRT 胜利红光，主角旁观 / Environment continuity lock,whitebox_renders_v2/B02/WB2_ARCADE_MSB048.png
MSB049,B02,05,哥哥打赢老大,end_frame,A,micro_storyboard_panels/B02/MSB049_05_彬子视线钉住阿磊.png,90年代中国小城，中式梦核现实电影质感，潮湿发黄的童年记忆，低照度，轻微 VHS 噪点，儿童低视角，真实旧衣服和生活痕迹，不漂亮化。人物必须继承 v2 设定：阿磊海军蓝旧运动外套和左眉断点；小川右耳微外翻、过紧红领巾、浅绿色塌书包；小满浅色大衬衫、抓衣角、脚尖内扣；彬子黄发梢、破黑夹克、腰包；高杆高瘦长手臂；大海宽身体褪色 T 恤；小齐条纹内衫和抠袖口。 画面编号 MSB049，段落 05《哥哥打赢老大》。景别：中景。参考机位：CAM_ARCADE_03_DUEL_OVER_SHOULDER。本张只画一个画面状态：彬子视线钉住阿磊。画面焦点：彬子越过街机盯住阿磊，背景三同伙模糊出现。人物焦点：彬子/阿磊。表情要求：羞辱转为报复。姿态/运动路径：彬子不动，只看。连续性锚点：哥哥左侧，彬子右侧，街霸屏幕居中，CRT 胜利红光，主角旁观。画面应像可用于电影分镜的单张 production storyboard panel，构图清楚，动作状态明确，不要把前后动作合在一张里 【部分原文损坏，需从源文件重建 / Partial source text corrupted; rebuild from source】,不要统一脸型，不要统一发型，不要统一身材，不要童模脸，不要网红脸，不要现代校服，不要现代手机，不要液晶屏，不要女生，不要额外角色，不要成年人黑帮，不要动漫化，不要血腥，不要英雄化暴力。 本张特别避免：现实拳脚打斗、主角参与对战、屏幕变现代游戏、胜利过度欢乐 【部分原文损坏，需从源文件重建 / Partial source text corrupted; rebuild from source】,确认 彬子/阿磊 可识别；确认 哥哥左侧，彬子右侧，街霸屏幕居中，CRT 胜利红光，主角旁观 未漂移；确认只表达「彬子视线钉住阿磊」一个状态。,S1_ARCADE_PLAY,游戏厅游玩阶段 / Arcade play,角色焦点：彬子/阿磊；连续性：哥哥左侧，彬子右侧，街霸屏幕居中，CRT 胜利红光，主角旁观 / Character focus: 彬子/阿磊; continuity: 哥哥左侧，彬子右侧，街霸屏幕居中，CRT 胜利红光，主角旁观,角色焦点：彬子/阿磊；连续性：哥哥左侧，彬子右侧，街霸屏幕居中，CRT 胜利红光，主角旁观 / Character focus: 彬子/阿磊; continuity: 哥哥左侧，彬子右侧，街霸屏幕居中，CRT 胜利红光，主角旁观,哥哥左侧，彬子右侧，街霸屏幕居中，CRT 胜利红光，主角旁观 / Environment continuity lock,whitebox_renders_v2/B02/WB2_ARCADE_MSB049.png
MSB050,B02,06,老大记仇,keyframe,A,micro_storyboard_panels/B02/MSB050_06_彬子脸色沉下.png,90年代中国小城，中式梦核现实电影质感，潮湿发黄的童年记忆，低照度，轻微 VHS 噪点，儿童低视角，真实旧衣服和生活痕迹，不漂亮化。人物必须继承 v2 设定：阿磊海军蓝旧运动外套和左眉断点；小川右耳微外翻、过紧红领巾、浅绿色塌书包；小满浅色大衬衫、抓衣角、脚尖内扣；彬子黄发梢、破黑夹克、腰包；高杆高瘦长手臂；大海宽身体褪色 T 恤；小齐条纹内衫和抠袖口。 画面编号 MSB050，段落 06《老大记仇》。景别：近景。参考机位：CAM_ARCADE_04_BOSS_LOSES_REACTION。本张只画一个画面状态：彬子脸色沉下。画面焦点：彬子脸在红光里僵住，嘴角歪笑消失，下颌咬紧。人物焦点：彬子。表情要求：受辱憋怒。姿态/运动路径：只允许眼神变化。连续性锚点：彬子中右前景，高杆、大海、小齐聚到身后，CRT 红光和暗黄顶灯。画面应像可用于电影分镜的单张 production storyboard panel，构图清楚，动作状态明确，不要把前后动作合在一张里 【部分原文损坏，需从源文件重建 / Partial source text corrupted; rebuild from source】,不要统一脸型，不要统一发型，不要统一身材，不要童模脸，不要网红脸，不要现代校服，不要现代手机，不要液晶屏，不要女生，不要额外角色，不要成年人黑帮，不要动漫化，不要血腥，不要英雄化暴力。 本张特别避免：立刻动手、四人统一脸、成年人黑帮、西装化、夸张武器 【部分原文损坏，需从源文件重建 / Partial source text corrupted; rebuild from source】,确认 彬子 可识别；确认 彬子中右前景，高杆、大海、小齐聚到身后，CRT 红光和暗黄顶灯 未漂移；确认只表达「彬子脸色沉下」一个状态。,S1_ARCADE_PLAY,游戏厅游玩阶段 / Arcade play,角色焦点：彬子；连续性：彬子中右前景，高杆、大海、小齐聚到身后，CRT 红光和暗黄顶灯 / Character focus: 彬子; continuity: 彬子中右前景，高杆、大海、小齐聚到身后，CRT 红光和暗黄顶灯,角色焦点：彬子；连续性：彬子中右前景，高杆、大海、小齐聚到身后，CRT 红光和暗黄顶灯 / Character focus: 彬子; continuity: 彬子中右前景，高杆、大海、小齐聚到身后，CRT 红光和暗黄顶灯,彬子中右前景，高杆、大海、小齐聚到身后，CRT 红光和暗黄顶灯 / Environment continuity lock,whitebox_renders_v2/B02/WB2_ARCADE_MSB050.png
MSB051,B02,06,老大记仇,storyboard,A,micro_storyboard_panels/B02/MSB051_06_高杆入背景.png,90年代中国小城，中式梦核现实电影质感，潮湿发黄的童年记忆，低照度，轻微 VHS 噪点，儿童低视角，真实旧衣服和生活痕迹，不漂亮化。人物必须继承 v2 设定：阿磊海军蓝旧运动外套和左眉断点；小川右耳微外翻、过紧红领巾、浅绿色塌书包；小满浅色大衬衫、抓衣角、脚尖内扣；彬子黄发梢、破黑夹克、腰包；高杆高瘦长手臂；大海宽身体褪色 T 恤；小齐条纹内衫和抠袖口。 画面编号 MSB051，段落 06《老大记仇》。景别：中景。参考机位：CAM_ARCADE_04_BOSS_LOSES_REACTION。本张只画一个画面状态：高杆入背景。画面焦点：高杆从背景一侧靠近，灰白夹克和长手臂先形成剪影。人物焦点：高杆。表情要求：半垂眼，无聊但压迫。姿态/运动路径：慢慢站到边缘。连续性锚点：彬子中右前景，高杆、大海、小齐聚到身后，CRT 红光和暗黄顶灯。画面应像可用于电影分镜的单张 production storyboard panel，构图清楚，动作状态明确，不要把前后动作合在一张里 【部分原文损坏，需从源文件重建 / Partial source text corrupted; rebuild from source】,不要统一脸型，不要统一发型，不要统一身材，不要童模脸，不要网红脸，不要现代校服，不要现代手机，不要液晶屏，不要女生，不要额外角色，不要成年人黑帮，不要动漫化，不要血腥，不要英雄化暴力。 本张特别避免：立刻动手、四人统一脸、成年人黑帮、西装化、夸张武器 【部分原文损坏，需从源文件重建 / Partial source text corrupted; rebuild from source】,确认 高杆 可识别；确认 彬子中右前景，高杆、大海、小齐聚到身后，CRT 红光和暗黄顶灯 未漂移；确认只表达「高杆入背景」一个状态。,S1_ARCADE_PLAY,游戏厅游玩阶段 / Arcade play,角色焦点：高杆；连续性：彬子中右前景，高杆、大海、小齐聚到身后，CRT 红光和暗黄顶灯 / Character focus: 高杆; continuity: 彬子中右前景，高杆、大海、小齐聚到身后，CRT 红光和暗黄顶灯,角色焦点：高杆；连续性：彬子中右前景，高杆、大海、小齐聚到身后，CRT 红光和暗黄顶灯 / Character focus: 高杆; continuity: 彬子中右前景，高杆、大海、小齐聚到身后，CRT 红光和暗黄顶灯,彬子中右前景，高杆、大海、小齐聚到身后，CRT 红光和暗黄顶灯 / Environment continuity lock,whitebox_renders_v2/B02/WB2_ARCADE_MSB051.png
MSB052,B02,06,老大记仇,storyboard,B,micro_storyboard_panels/B02/MSB052_06_大海堵住后方.png,90年代中国小城，中式梦核现实电影质感，潮湿发黄的童年记忆，低照度，轻微 VHS 噪点，儿童低视角，真实旧衣服和生活痕迹，不漂亮化。人物必须继承 v2 设定：阿磊海军蓝旧运动外套和左眉断点；小川右耳微外翻、过紧红领巾、浅绿色塌书包；小满浅色大衬衫、抓衣角、脚尖内扣；彬子黄发梢、破黑夹克、腰包；高杆高瘦长手臂；大海宽身体褪色 T 恤；小齐条纹内衫和抠袖口。 画面编号 MSB052，段落 06《老大记仇》。景别：中景。参考机位：CAM_ARCADE_04_BOSS_LOSES_REACTION。本张只画一个画面状态：大海堵住后方。画面焦点：大海宽身体进入背景，褪色 T 恤和宽站姿把空间堵住。人物焦点：大海。表情要求：看彬子脸色。姿态/运动路径：脚站宽，抹汗。连续性锚点：彬子中右前景，高杆、大海、小齐聚到身后，CRT 红光和暗黄顶灯。画面应像可用于电影分镜的单张 production storyboard panel，构图清楚，动作状态明确，不要把前后动作合在一张里 【部分原文损坏，需从源文件重建 / Partial source text corrupted; rebuild from source】,不要统一脸型，不要统一发型，不要统一身材，不要童模脸，不要网红脸，不要现代校服，不要现代手机，不要液晶屏，不要女生，不要额外角色，不要成年人黑帮，不要动漫化，不要血腥，不要英雄化暴力。 本张特别避免：立刻动手、四人统一脸、成年人黑帮、西装化、夸张武器 【部分原文损坏，需从源文件重建 / Partial source text corrupted; rebuild from source】,确认 大海 可识别；确认 彬子中右前景，高杆、大海、小齐聚到身后，CRT 红光和暗黄顶灯 未漂移；确认只表达「大海堵住后方」一个状态。,S1_ARCADE_PLAY,游戏厅游玩阶段 / Arcade play,角色焦点：大海；连续性：彬子中右前景，高杆、大海、小齐聚到身后，CRT 红光和暗黄顶灯 / Character focus: 大海; continuity: 彬子中右前景，高杆、大海、小齐聚到身后，CRT 红光和暗黄顶灯,角色焦点：大海；连续性：彬子中右前景，高杆、大海、小齐聚到身后，CRT 红光和暗黄顶灯 / Character focus: 大海; continuity: 彬子中右前景，高杆、大海、小齐聚到身后，CRT 红光和暗黄顶灯,彬子中右前景，高杆、大海、小齐聚到身后，CRT 红光和暗黄顶灯 / Environment continuity lock,whitebox_renders_v2/B02/WB2_ARCADE_MSB052.png
MSB053,B02,06,老大记仇,storyboard,B,micro_storyboard_panels/B02/MSB053_06_小齐起哄收声.png,90年代中国小城，中式梦核现实电影质感，潮湿发黄的童年记忆，低照度，轻微 VHS 噪点，儿童低视角，真实旧衣服和生活痕迹，不漂亮化。人物必须继承 v2 设定：阿磊海军蓝旧运动外套和左眉断点；小川右耳微外翻、过紧红领巾、浅绿色塌书包；小满浅色大衬衫、抓衣角、脚尖内扣；彬子黄发梢、破黑夹克、腰包；高杆高瘦长手臂；大海宽身体褪色 T 恤；小齐条纹内衫和抠袖口。 画面编号 MSB053，段落 06《老大记仇》。景别：中景。参考机位：CAM_ARCADE_04_BOSS_LOSES_REACTION。本张只画一个画面状态：小齐起哄收声。画面焦点：小齐本来想笑，看到彬子脸色后笑收住，手抠袖口。人物焦点：小齐。表情要求：讨好转紧张。姿态/运动路径：身体前探又缩回。连续性锚点：彬子中右前景，高杆、大海、小齐聚到身后，CRT 红光和暗黄顶灯。画面应像可用于电影分镜的单张 production storyboard panel，构图清楚，动作状态明确，不要把前后动作合在一张里 【部分原文损坏，需从源文件重建 / Partial source text corrupted; rebuild from source】,不要统一脸型，不要统一发型，不要统一身材，不要童模脸，不要网红脸，不要现代校服，不要现代手机，不要液晶屏，不要女生，不要额外角色，不要成年人黑帮，不要动漫化，不要血腥，不要英雄化暴力。 本张特别避免：立刻动手、四人统一脸、成年人黑帮、西装化、夸张武器 【部分原文损坏，需从源文件重建 / Partial source text corrupted; rebuild from source】,确认 小齐 可识别；确认 彬子中右前景，高杆、大海、小齐聚到身后，CRT 红光和暗黄顶灯 未漂移；确认只表达「小齐起哄收声」一个状态。,S1_ARCADE_PLAY,游戏厅游玩阶段 / Arcade play,角色焦点：小齐；连续性：彬子中右前景，高杆、大海、小齐聚到身后，CRT 红光和暗黄顶灯 / Character focus: 小齐; continuity: 彬子中右前景，高杆、大海、小齐聚到身后，CRT 红光和暗黄顶灯,角色焦点：小齐；连续性：彬子中右前景，高杆、大海、小齐聚到身后，CRT 红光和暗黄顶灯 / Character focus: 小齐; continuity: 彬子中右前景，高杆、大海、小齐聚到身后，CRT 红光和暗黄顶灯,彬子中右前景，高杆、大海、小齐聚到身后，CRT 红光和暗黄顶灯 / Environment continuity lock,whitebox_renders_v2/B02/WB2_ARCADE_MSB053.png
MSB054,B02,06,老大记仇,keyframe,A,micro_storyboard_panels/B02/MSB054_06_四人轮廓成组.png,90年代中国小城，中式梦核现实电影质感，潮湿发黄的童年记忆，低照度，轻微 VHS 噪点，儿童低视角，真实旧衣服和生活痕迹，不漂亮化。人物必须继承 v2 设定：阿磊海军蓝旧运动外套和左眉断点；小川右耳微外翻、过紧红领巾、浅绿色塌书包；小满浅色大衬衫、抓衣角、脚尖内扣；彬子黄发梢、破黑夹克、腰包；高杆高瘦长手臂；大海宽身体褪色 T 恤；小齐条纹内衫和抠袖口。 画面编号 MSB054，段落 06《老大记仇》。景别：中景。参考机位：CAM_ARCADE_04_BOSS_LOSES_REACTION。本张只画一个画面状态：四人轮廓成组。画面焦点：彬子矮在前，高杆高瘦、大海宽、小齐飘在边缘，轮廓差异清楚。人物焦点：混混四人。表情要求：不同情绪：憋怒、冷、等命令、慌兴奋。姿态/运动路径：slow push-in。连续性锚点：彬子中右前景，高杆、大海、小齐聚到身后，CRT 红光和暗黄顶灯。画面应像可用于电影分镜的单张 production storyboard panel，构图清楚，动作状态明确，不要把前后动作合在一张里 【部分原文损坏，需从源文件重建 / Partial source text corrupted; rebuild from source】,不要统一脸型，不要统一发型，不要统一身材，不要童模脸，不要网红脸，不要现代校服，不要现代手机，不要液晶屏，不要女生，不要额外角色，不要成年人黑帮，不要动漫化，不要血腥，不要英雄化暴力。 本张特别避免：立刻动手、四人统一脸、成年人黑帮、西装化、夸张武器 【部分原文损坏，需从源文件重建 / Partial source text corrupted; rebuild from source】,确认 混混四人 可识别；确认 彬子中右前景，高杆、大海、小齐聚到身后，CRT 红光和暗黄顶灯 未漂移；确认只表达「四人轮廓成组」一个状态。,S1_ARCADE_PLAY,游戏厅游玩阶段 / Arcade play,角色焦点：混混四人；连续性：彬子中右前景，高杆、大海、小齐聚到身后，CRT 红光和暗黄顶灯 / Character focus: 混混四人; continuity: 彬子中右前景，高杆、大海、小齐聚到身后，CRT 红光和暗黄顶灯,角色焦点：混混四人；连续性：彬子中右前景，高杆、大海、小齐聚到身后，CRT 红光和暗黄顶灯 / Character focus: 混混四人; continuity: 彬子中右前景，高杆、大海、小齐聚到身后，CRT 红光和暗黄顶灯,彬子中右前景，高杆、大海、小齐聚到身后，CRT 红光和暗黄顶灯 / Environment continuity lock,whitebox_renders_v2/B02/WB2_ARCADE_MSB054.png
MSB055,B02,06,老大记仇,storyboard,A,micro_storyboard_panels/B02/MSB055_06_阿磊没察觉后果.png,90年代中国小城，中式梦核现实电影质感，潮湿发黄的童年记忆，低照度，轻微 VHS 噪点，儿童低视角，真实旧衣服和生活痕迹，不漂亮化。人物必须继承 v2 设定：阿磊海军蓝旧运动外套和左眉断点；小川右耳微外翻、过紧红领巾、浅绿色塌书包；小满浅色大衬衫、抓衣角、脚尖内扣；彬子黄发梢、破黑夹克、腰包；高杆高瘦长手臂；大海宽身体褪色 T 恤；小齐条纹内衫和抠袖口。 画面编号 MSB055，段落 06《老大记仇》。景别：反打中景。参考机位：CAM_ARCADE_04_BOSS_LOSES_REACTION。本张只画一个画面状态：阿磊没察觉后果。画面焦点：阿磊带着弟弟准备离开，还在压住笑意。人物焦点：阿磊/三兄弟。表情要求：阿磊得意，小川不安，小满跟随。姿态/运动路径：向门口方向转身。连续性锚点：彬子中右前景，高杆、大海、小齐聚到身后，CRT 红光和暗黄顶灯。画面应像可用于电影分镜的单张 production storyboard panel，构图清楚，动作状态明确，不要把前后动作合在一张里 【部分原文损坏，需从源文件重建 / Partial source text corrupted; rebuild from source】,不要统一脸型，不要统一发型，不要统一身材，不要童模脸，不要网红脸，不要现代校服，不要现代手机，不要液晶屏，不要女生，不要额外角色，不要成年人黑帮，不要动漫化，不要血腥，不要英雄化暴力。 本张特别避免：立刻动手、四人统一脸、成年人黑帮、西装化、夸张武器 【部分原文损坏，需从源文件重建 / Partial source text corrupted; rebuild from source】,确认 阿磊/三兄弟 可识别；确认 彬子中右前景，高杆、大海、小齐聚到身后，CRT 红光和暗黄顶灯 未漂移；确认只表达「阿磊没察觉后果」一个状态。,S1_ARCADE_PLAY,游戏厅游玩阶段 / Arcade play,角色焦点：阿磊/三兄弟；连续性：彬子中右前景，高杆、大海、小齐聚到身后，CRT 红光和暗黄顶灯 / Character focus: 阿磊/三兄弟; continuity: 彬子中右前景，高杆、大海、小齐聚到身后，CRT 红光和暗黄顶灯,角色焦点：阿磊/三兄弟；连续性：彬子中右前景，高杆、大海、小齐聚到身后，CRT 红光和暗黄顶灯 / Character focus: 阿磊/三兄弟; continuity: 彬子中右前景，高杆、大海、小齐聚到身后，CRT 红光和暗黄顶灯,彬子中右前景，高杆、大海、小齐聚到身后，CRT 红光和暗黄顶灯 / Environment continuity lock,whitebox_renders_v2/B02/WB2_ARCADE_MSB055.png
MSB056,B02,06,老大记仇,storyboard,A,micro_storyboard_panels/B02/MSB056_06_彬子看背影.png,90年代中国小城，中式梦核现实电影质感，潮湿发黄的童年记忆，低照度，轻微 VHS 噪点，儿童低视角，真实旧衣服和生活痕迹，不漂亮化。人物必须继承 v2 设定：阿磊海军蓝旧运动外套和左眉断点；小川右耳微外翻、过紧红领巾、浅绿色塌书包；小满浅色大衬衫、抓衣角、脚尖内扣；彬子黄发梢、破黑夹克、腰包；高杆高瘦长手臂；大海宽身体褪色 T 恤；小齐条纹内衫和抠袖口。 画面编号 MSB056，段落 06《老大记仇》。景别：中近景。参考机位：CAM_ARCADE_04_BOSS_LOSES_REACTION。本张只画一个画面状态：彬子看背影。画面焦点：彬子盯着阿磊背影，手把腰包往上一拽。人物焦点：彬子。表情要求：决定报复。姿态/运动路径：手部动作短促。连续性锚点：彬子中右前景，高杆、大海、小齐聚到身后，CRT 红光和暗黄顶灯。画面应像可用于电影分镜的单张 production storyboard panel，构图清楚，动作状态明确，不要把前后动作合在一张里 【部分原文损坏，需从源文件重建 / Partial source text corrupted; rebuild from source】,不要统一脸型，不要统一发型，不要统一身材，不要童模脸，不要网红脸，不要现代校服，不要现代手机，不要液晶屏，不要女生，不要额外角色，不要成年人黑帮，不要动漫化，不要血腥，不要英雄化暴力。 本张特别避免：立刻动手、四人统一脸、成年人黑帮、西装化、夸张武器 【部分原文损坏，需从源文件重建 / Partial source text corrupted; rebuild from source】,确认 彬子 可识别；确认 彬子中右前景，高杆、大海、小齐聚到身后，CRT 红光和暗黄顶灯 未漂移；确认只表达「彬子看背影」一个状态。,S1_ARCADE_PLAY,游戏厅游玩阶段 / Arcade play,角色焦点：彬子；连续性：彬子中右前景，高杆、大海、小齐聚到身后，CRT 红光和暗黄顶灯 / Character focus: 彬子; continuity: 彬子中右前景，高杆、大海、小齐聚到身后，CRT 红光和暗黄顶灯,角色焦点：彬子；连续性：彬子中右前景，高杆、大海、小齐聚到身后，CRT 红光和暗黄顶灯 / Character focus: 彬子; continuity: 彬子中右前景，高杆、大海、小齐聚到身后，CRT 红光和暗黄顶灯,彬子中右前景，高杆、大海、小齐聚到身后，CRT 红光和暗黄顶灯 / Environment continuity lock,whitebox_renders_v2/B02/WB2_ARCADE_MSB056.png
MSB057,B02,06,老大记仇,end_frame,B,micro_storyboard_panels/B02/MSB057_06_街机声变闷.png,90年代中国小城，中式梦核现实电影质感，潮湿发黄的童年记忆，低照度，轻微 VHS 噪点，儿童低视角，真实旧衣服和生活痕迹，不漂亮化。人物必须继承 v2 设定：阿磊海军蓝旧运动外套和左眉断点；小川右耳微外翻、过紧红领巾、浅绿色塌书包；小满浅色大衬衫、抓衣角、脚尖内扣；彬子黄发梢、破黑夹克、腰包；高杆高瘦长手臂；大海宽身体褪色 T 恤；小齐条纹内衫和抠袖口。 画面编号 MSB057，段落 06《老大记仇》。景别：中远景。参考机位：CAM_ARCADE_04_BOSS_LOSES_REACTION。本张只画一个画面状态：街机声变闷。画面焦点：游戏厅仍热闹，但四人组所在区域像被声音抽空。人物焦点：混混四人/环境。表情要求：压住的怒气。姿态/运动路径：背景人模糊不抢主体。连续性锚点：彬子中右前景，高杆、大海、小齐聚到身后，CRT 红光和暗黄顶灯。画面应像可用于电影分镜的单张 production storyboard panel，构图清楚，动作状态明确，不要把前后动作合在一张里 【部分原文损坏，需从源文件重建 / Partial source text corrupted; rebuild from source】,不要统一脸型，不要统一发型，不要统一身材，不要童模脸，不要网红脸，不要现代校服，不要现代手机，不要液晶屏，不要女生，不要额外角色，不要成年人黑帮，不要动漫化，不要血腥，不要英雄化暴力。 本张特别避免：立刻动手、四人统一脸、成年人黑帮、西装化、夸张武器 【部分原文损坏，需从源文件重建 / Partial source text corrupted; rebuild from source】,确认 混混四人/环境 可识别；确认 彬子中右前景，高杆、大海、小齐聚到身后，CRT 红光和暗黄顶灯 未漂移；确认只表达「街机声变闷」一个状态。,S1_ARCADE_PLAY,游戏厅游玩阶段 / Arcade play,角色焦点：混混四人/环境；连续性：彬子中右前景，高杆、大海、小齐聚到身后，CRT 红光和暗黄顶灯 / Character focus: 混混四人/环境; continuity: 彬子中右前景，高杆、大海、小齐聚到身后，CRT 红光和暗黄顶灯,角色焦点：混混四人/环境；连续性：彬子中右前景，高杆、大海、小齐聚到身后，CRT 红光和暗黄顶灯 / Character focus: 混混四人/环境; continuity: 彬子中右前景，高杆、大海、小齐聚到身后，CRT 红光和暗黄顶灯,彬子中右前景，高杆、大海、小齐聚到身后，CRT 红光和暗黄顶灯 / Environment continuity lock,whitebox_renders_v2/B02/WB2_ARCADE_MSB057.png
MSB058,B03,07,志得意满离开,start_frame,A,micro_storyboard_panels/B03/MSB058_07_门内到门外.png,90年代中国小城，中式梦核现实电影质感，潮湿发黄的童年记忆，低照度，轻微 VHS 噪点，儿童低视角，真实旧衣服和生活痕迹，不漂亮化。人物必须继承 v2 设定：阿磊海军蓝旧运动外套和左眉断点；小川右耳微外翻、过紧红领巾、浅绿色塌书包；小满浅色大衬衫、抓衣角、脚尖内扣；彬子黄发梢、破黑夹克、腰包；高杆高瘦长手臂；大海宽身体褪色 T 恤；小齐条纹内衫和抠袖口。 画面编号 MSB058，段落 07《志得意满离开》。景别：中远景。参考机位：CAM_ARCADE_EXIT_01_LEAVING。本张只画一个画面状态：门内到门外。画面焦点：三兄弟从门内 CRT 彩光走进门外黄路灯，色温切换清楚。人物焦点：三兄弟。表情要求：兴奋后松一口气。姿态/运动路径：从室内到门口。连续性锚点：游戏机房门口、旧卷帘门、昏黄路灯、门内 CRT 漏光、三兄弟全男孩。画面应像可用于电影分镜的单张 production storyboard panel，构图清楚，动作状态明确，不要把前后动作合在一张里 【部分原文损坏，需从源文件重建 / Partial source text corrupted; rebuild from source】,不要统一脸型，不要统一发型，不要统一身材，不要童模脸，不要网红脸，不要现代校服，不要现代手机，不要液晶屏，不要女生，不要额外角色，不要成年人黑帮，不要动漫化，不要血腥，不要英雄化暴力。 本张特别避免：混混立刻追逐、门口开打、现代商业街、女生 【部分原文损坏，需从源文件重建 / Partial source text corrupted; rebuild from source】,确认 三兄弟 可识别；确认 游戏机房门口、旧卷帘门、昏黄路灯、门内 CRT 漏光、三兄弟全男孩 未漂移；确认只表达「门内到门外」一个状态。,S2_EXIT_TO_STANDOFF,离场对峙阶段 / Exit to standoff,角色焦点：三兄弟；连续性：游戏机房门口、旧卷帘门、昏黄路灯、门内 CRT 漏光、三兄弟全男孩 / Character focus: 三兄弟; continuity: 游戏机房门口、旧卷帘门、昏黄路灯、门内 CRT 漏光、三兄弟全男孩,角色焦点：三兄弟；连续性：游戏机房门口、旧卷帘门、昏黄路灯、门内 CRT 漏光、三兄弟全男孩 / Character focus: 三兄弟; continuity: 游戏机房门口、旧卷帘门、昏黄路灯、门内 CRT 漏光、三兄弟全男孩,游戏机房门口、旧卷帘门、昏黄路灯、门内 CRT 漏光、三兄弟全男孩 / Environment continuity lock,whitebox_renders_v2/B03/WB2_EXIT_MSB058.png
MSB059,B03,07,志得意满离开,storyboard,A,micro_storyboard_panels/B03/MSB059_07_阿磊比划胜利.png,90年代中国小城，中式梦核现实电影质感，潮湿发黄的童年记忆，低照度，轻微 VHS 噪点，儿童低视角，真实旧衣服和生活痕迹，不漂亮化。人物必须继承 v2 设定：阿磊海军蓝旧运动外套和左眉断点；小川右耳微外翻、过紧红领巾、浅绿色塌书包；小满浅色大衬衫、抓衣角、脚尖内扣；彬子黄发梢、破黑夹克、腰包；高杆高瘦长手臂；大海宽身体褪色 T 恤；小齐条纹内衫和抠袖口。 画面编号 MSB059，段落 07《志得意满离开》。景别：中景。参考机位：CAM_ARCADE_EXIT_01_LEAVING。本张只画一个画面状态：阿磊比划胜利。画面焦点：阿磊边走边用手模仿刚才的操作，肩膀抖一下。人物焦点：阿磊。表情要求：得意但装酷。姿态/运动路径：手部比划小幅。连续性锚点：游戏机房门口、旧卷帘门、昏黄路灯、门内 CRT 漏光、三兄弟全男孩。画面应像可用于电影分镜的单张 production storyboard panel，构图清楚，动作状态明确，不要把前后动作合在一张里 【部分原文损坏，需从源文件重建 / Partial source text corrupted; rebuild from source】,不要统一脸型，不要统一发型，不要统一身材，不要童模脸，不要网红脸，不要现代校服，不要现代手机，不要液晶屏，不要女生，不要额外角色，不要成年人黑帮，不要动漫化，不要血腥，不要英雄化暴力。 本张特别避免：混混立刻追逐、门口开打、现代商业街、女生 【部分原文损坏，需从源文件重建 / Partial source text corrupted; rebuild from source】,确认 阿磊 可识别；确认 游戏机房门口、旧卷帘门、昏黄路灯、门内 CRT 漏光、三兄弟全男孩 未漂移；确认只表达「阿磊比划胜利」一个状态。,S2_EXIT_TO_STANDOFF,离场对峙阶段 / Exit to standoff,角色焦点：阿磊；连续性：游戏机房门口、旧卷帘门、昏黄路灯、门内 CRT 漏光、三兄弟全男孩 / Character focus: 阿磊; continuity: 游戏机房门口、旧卷帘门、昏黄路灯、门内 CRT 漏光、三兄弟全男孩,角色焦点：阿磊；连续性：游戏机房门口、旧卷帘门、昏黄路灯、门内 CRT 漏光、三兄弟全男孩 / Character focus: 阿磊; continuity: 游戏机房门口、旧卷帘门、昏黄路灯、门内 CRT 漏光、三兄弟全男孩,游戏机房门口、旧卷帘门、昏黄路灯、门内 CRT 漏光、三兄弟全男孩 / Environment continuity lock,whitebox_renders_v2/B03/WB2_EXIT_MSB059.png
MSB060,B03,07,志得意满离开,storyboard,B,micro_storyboard_panels/B03/MSB060_07_小川学了一下.png,90年代中国小城，中式梦核现实电影质感，潮湿发黄的童年记忆，低照度，轻微 VHS 噪点，儿童低视角，真实旧衣服和生活痕迹，不漂亮化。人物必须继承 v2 设定：阿磊海军蓝旧运动外套和左眉断点；小川右耳微外翻、过紧红领巾、浅绿色塌书包；小满浅色大衬衫、抓衣角、脚尖内扣；彬子黄发梢、破黑夹克、腰包；高杆高瘦长手臂；大海宽身体褪色 T 恤；小齐条纹内衫和抠袖口。 画面编号 MSB060，段落 07《志得意满离开》。景别：中景。参考机位：CAM_ARCADE_EXIT_01_LEAVING。本张只画一个画面状态：小川学了一下。画面焦点：小川偷偷学阿磊按键动作，马上又攥回书包带。人物焦点：小川。表情要求：想加入哥哥的得意。姿态/运动路径：动作小而短。连续性锚点：游戏机房门口、旧卷帘门、昏黄路灯、门内 CRT 漏光、三兄弟全男孩。画面应像可用于电影分镜的单张 production storyboard panel，构图清楚，动作状态明确，不要把前后动作合在一张里 【部分原文损坏，需从源文件重建 / Partial source text corrupted; rebuild from source】,不要统一脸型，不要统一发型，不要统一身材，不要童模脸，不要网红脸，不要现代校服，不要现代手机，不要液晶屏，不要女生，不要额外角色，不要成年人黑帮，不要动漫化，不要血腥，不要英雄化暴力。 本张特别避免：混混立刻追逐、门口开打、现代商业街、女生 【部分原文损坏，需从源文件重建 / Partial source text corrupted; rebuild from source】,确认 小川 可识别；确认 游戏机房门口、旧卷帘门、昏黄路灯、门内 CRT 漏光、三兄弟全男孩 未漂移；确认只表达「小川学了一下」一个状态。,S2_EXIT_TO_STANDOFF,离场对峙阶段 / Exit to standoff,角色焦点：小川；连续性：游戏机房门口、旧卷帘门、昏黄路灯、门内 CRT 漏光、三兄弟全男孩 / Character focus: 小川; continuity: 游戏机房门口、旧卷帘门、昏黄路灯、门内 CRT 漏光、三兄弟全男孩,角色焦点：小川；连续性：游戏机房门口、旧卷帘门、昏黄路灯、门内 CRT 漏光、三兄弟全男孩 / Character focus: 小川; continuity: 游戏机房门口、旧卷帘门、昏黄路灯、门内 CRT 漏光、三兄弟全男孩,游戏机房门口、旧卷帘门、昏黄路灯、门内 CRT 漏光、三兄弟全男孩 / Environment continuity lock,whitebox_renders_v2/B03/WB2_EXIT_MSB060.png
MSB061,B03,07,志得意满离开,storyboard,B,micro_storyboard_panels/B03/MSB061_07_小满跟着笑.png,90年代中国小城，中式梦核现实电影质感，潮湿发黄的童年记忆，低照度，轻微 VHS 噪点，儿童低视角，真实旧衣服和生活痕迹，不漂亮化。人物必须继承 v2 设定：阿磊海军蓝旧运动外套和左眉断点；小川右耳微外翻、过紧红领巾、浅绿色塌书包；小满浅色大衬衫、抓衣角、脚尖内扣；彬子黄发梢、破黑夹克、腰包；高杆高瘦长手臂；大海宽身体褪色 T 恤；小齐条纹内衫和抠袖口。 画面编号 MSB061，段落 07《志得意满离开》。景别：中景。参考机位：CAM_ARCADE_EXIT_01_LEAVING。本张只画一个画面状态：小满跟着笑。画面焦点：小满看小川笑才跟着笑，衣角还攥在手里。人物焦点：小满。表情要求：跟随式开心。姿态/运动路径：脚步慢半拍。连续性锚点：游戏机房门口、旧卷帘门、昏黄路灯、门内 CRT 漏光、三兄弟全男孩。画面应像可用于电影分镜的单张 production storyboard panel，构图清楚，动作状态明确，不要把前后动作合在一张里 【部分原文损坏，需从源文件重建 / Partial source text corrupted; rebuild from source】,不要统一脸型，不要统一发型，不要统一身材，不要童模脸，不要网红脸，不要现代校服，不要现代手机，不要液晶屏，不要女生，不要额外角色，不要成年人黑帮，不要动漫化，不要血腥，不要英雄化暴力。 本张特别避免：混混立刻追逐、门口开打、现代商业街、女生 【部分原文损坏，需从源文件重建 / Partial source text corrupted; rebuild from source】,确认 小满 可识别；确认 游戏机房门口、旧卷帘门、昏黄路灯、门内 CRT 漏光、三兄弟全男孩 未漂移；确认只表达「小满跟着笑」一个状态。,S2_EXIT_TO_STANDOFF,离场对峙阶段 / Exit to standoff,角色焦点：小满；连续性：游戏机房门口、旧卷帘门、昏黄路灯、门内 CRT 漏光、三兄弟全男孩 / Character focus: 小满; continuity: 游戏机房门口、旧卷帘门、昏黄路灯、门内 CRT 漏光、三兄弟全男孩,角色焦点：小满；连续性：游戏机房门口、旧卷帘门、昏黄路灯、门内 CRT 漏光、三兄弟全男孩 / Character focus: 小满; continuity: 游戏机房门口、旧卷帘门、昏黄路灯、门内 CRT 漏光、三兄弟全男孩,游戏机房门口、旧卷帘门、昏黄路灯、门内 CRT 漏光、三兄弟全男孩 / Environment continuity lock,whitebox_renders_v2/B03/WB2_EXIT_MSB061.png
MSB062,B03,07,志得意满离开,keyframe,A,micro_storyboard_panels/B03/MSB062_07_门口空间回看.png,90年代中国小城，中式梦核现实电影质感，潮湿发黄的童年记忆，低照度，轻微 VHS 噪点，儿童低视角，真实旧衣服和生活痕迹，不漂亮化。人物必须继承 v2 设定：阿磊海军蓝旧运动外套和左眉断点；小川右耳微外翻、过紧红领巾、浅绿色塌书包；小满浅色大衬衫、抓衣角、脚尖内扣；彬子黄发梢、破黑夹克、腰包；高杆高瘦长手臂；大海宽身体褪色 T 恤；小齐条纹内衫和抠袖口。 画面编号 MSB062，段落 07《志得意满离开》。景别：远景。参考机位：CAM_ARCADE_EXIT_01_LEAVING。本张只画一个画面状态：门口空间回看。画面焦点：游戏机房门口缩在老楼角落里，三兄弟走向小路方向。人物焦点：环境/三兄弟。表情要求：兴奋开始变远。姿态/运动路径：低机位跟拍。连续性锚点：游戏机房门口、旧卷帘门、昏黄路灯、门内 CRT 漏光、三兄弟全男孩。画面应像可用于电影分镜的单张 production storyboard panel，构图清楚，动作状态明确，不要把前后动作合在一张里 【部分原文损坏，需从源文件重建 / Partial source text corrupted; rebuild from source】,不要统一脸型，不要统一发型，不要统一身材，不要童模脸，不要网红脸，不要现代校服，不要现代手机，不要液晶屏，不要女生，不要额外角色，不要成年人黑帮，不要动漫化，不要血腥，不要英雄化暴力。 本张特别避免：混混立刻追逐、门口开打、现代商业街、女生 【部分原文损坏，需从源文件重建 / Partial source text corrupted; rebuild from source】,确认 环境/三兄弟 可识别；确认 游戏机房门口、旧卷帘门、昏黄路灯、门内 CRT 漏光、三兄弟全男孩 未漂移；确认只表达「门口空间回看」一个状态。,S2_EXIT_TO_STANDOFF,离场对峙阶段 / Exit to standoff,角色焦点：环境/三兄弟；连续性：游戏机房门口、旧卷帘门、昏黄路灯、门内 CRT 漏光、三兄弟全男孩 / Character focus: 环境/三兄弟; continuity: 游戏机房门口、旧卷帘门、昏黄路灯、门内 CRT 漏光、三兄弟全男孩,角色焦点：环境/三兄弟；连续性：游戏机房门口、旧卷帘门、昏黄路灯、门内 CRT 漏光、三兄弟全男孩 / Character focus: 环境/三兄弟; continuity: 游戏机房门口、旧卷帘门、昏黄路灯、门内 CRT 漏光、三兄弟全男孩,游戏机房门口、旧卷帘门、昏黄路灯、门内 CRT 漏光、三兄弟全男孩 / Environment continuity lock,whitebox_renders_v2/B03/WB2_EXIT_MSB062.png
MSB063,B03,07,志得意满离开,storyboard,C,micro_storyboard_panels/B03/MSB063_07_CRT_声远去.png,90年代中国小城，中式梦核现实电影质感，潮湿发黄的童年记忆，低照度，轻微 VHS 噪点，儿童低视角，真实旧衣服和生活痕迹，不漂亮化。人物必须继承 v2 设定：阿磊海军蓝旧运动外套和左眉断点；小川右耳微外翻、过紧红领巾、浅绿色塌书包；小满浅色大衬衫、抓衣角、脚尖内扣；彬子黄发梢、破黑夹克、腰包；高杆高瘦长手臂；大海宽身体褪色 T 恤；小齐条纹内衫和抠袖口。 画面编号 MSB063，段落 07《志得意满离开》。景别：特写。参考机位：CAM_ARCADE_EXIT_01_LEAVING。本张只画一个画面状态：CRT 声远去。画面焦点：门口旧招牌和漏出的彩光逐渐留在后景，街机声远去。人物焦点：环境。表情要求：无人物，过渡。姿态/运动路径：镜头被暗处遮挡。连续性锚点：游戏机房门口、旧卷帘门、昏黄路灯、门内 CRT 漏光、三兄弟全男孩。画面应像可用于电影分镜的单张 production storyboard panel，构图清楚，动作状态明确，不要把前后动作合在一张里 【部分原文损坏，需从源文件重建 / Partial source text corrupted; rebuild from source】,不要统一脸型，不要统一发型，不要统一身材，不要童模脸，不要网红脸，不要现代校服，不要现代手机，不要液晶屏，不要女生，不要额外角色，不要成年人黑帮，不要动漫化，不要血腥，不要英雄化暴力。 本张特别避免：混混立刻追逐、门口开打、现代商业街、女生 【部分原文损坏，需从源文件重建 / Partial source text corrupted; rebuild from source】,确认 环境 可识别；确认 游戏机房门口、旧卷帘门、昏黄路灯、门内 CRT 漏光、三兄弟全男孩 未漂移；确认只表达「CRT 声远去」一个状态。,S2_EXIT_TO_STANDOFF,离场对峙阶段 / Exit to standoff,角色焦点：环境；连续性：游戏机房门口、旧卷帘门、昏黄路灯、门内 CRT 漏光、三兄弟全男孩 / Character focus: 环境; continuity: 游戏机房门口、旧卷帘门、昏黄路灯、门内 CRT 漏光、三兄弟全男孩,角色焦点：环境；连续性：游戏机房门口、旧卷帘门、昏黄路灯、门内 CRT 漏光、三兄弟全男孩 / Character focus: 环境; continuity: 游戏机房门口、旧卷帘门、昏黄路灯、门内 CRT 漏光、三兄弟全男孩,游戏机房门口、旧卷帘门、昏黄路灯、门内 CRT 漏光、三兄弟全男孩 / Environment continuity lock,whitebox_renders_v2/B03/WB2_EXIT_MSB063.png
MSB064,B03,07,志得意满离开,storyboard,A,micro_storyboard_panels/B03/MSB064_07_阿磊走在最前.png,90年代中国小城，中式梦核现实电影质感，潮湿发黄的童年记忆，低照度，轻微 VHS 噪点，儿童低视角，真实旧衣服和生活痕迹，不漂亮化。人物必须继承 v2 设定：阿磊海军蓝旧运动外套和左眉断点；小川右耳微外翻、过紧红领巾、浅绿色塌书包；小满浅色大衬衫、抓衣角、脚尖内扣；彬子黄发梢、破黑夹克、腰包；高杆高瘦长手臂；大海宽身体褪色 T 恤；小齐条纹内衫和抠袖口。 画面编号 MSB064，段落 07《志得意满离开》。景别：全景。参考机位：CAM_ARCADE_EXIT_01_LEAVING。本张只画一个画面状态：阿磊走在最前。画面焦点：阿磊保持前方，小川半步后，小满最后，队形回到初始但更放松。人物焦点：三兄弟。表情要求：阿磊得意，小川亮眼，小满放松。姿态/运动路径：向小路方向走。连续性锚点：游戏机房门口、旧卷帘门、昏黄路灯、门内 CRT 漏光、三兄弟全男孩。画面应像可用于电影分镜的单张 production storyboard panel，构图清楚，动作状态明确，不要把前后动作合在一张里 【部分原文损坏，需从源文件重建 / Partial source text corrupted; rebuild from source】,不要统一脸型，不要统一发型，不要统一身材，不要童模脸，不要网红脸，不要现代校服，不要现代手机，不要液晶屏，不要女生，不要额外角色，不要成年人黑帮，不要动漫化，不要血腥，不要英雄化暴力。 本张特别避免：混混立刻追逐、门口开打、现代商业街、女生 【部分原文损坏，需从源文件重建 / Partial source text corrupted; rebuild from source】,确认 三兄弟 可识别；确认 游戏机房门口、旧卷帘门、昏黄路灯、门内 CRT 漏光、三兄弟全男孩 未漂移；确认只表达「阿磊走在最前」一个状态。,S2_EXIT_TO_STANDOFF,离场对峙阶段 / Exit to standoff,角色焦点：三兄弟；连续性：游戏机房门口、旧卷帘门、昏黄路灯、门内 CRT 漏光、三兄弟全男孩 / Character focus: 三兄弟; continuity: 游戏机房门口、旧卷帘门、昏黄路灯、门内 CRT 漏光、三兄弟全男孩,角色焦点：三兄弟；连续性：游戏机房门口、旧卷帘门、昏黄路灯、门内 CRT 漏光、三兄弟全男孩 / Character focus: 三兄弟; continuity: 游戏机房门口、旧卷帘门、昏黄路灯、门内 CRT 漏光、三兄弟全男孩,游戏机房门口、旧卷帘门、昏黄路灯、门内 CRT 漏光、三兄弟全男孩 / Environment continuity lock,whitebox_renders_v2/B03/WB2_EXIT_MSB064.png
MSB065,B03,07,志得意满离开,end_frame,A,micro_storyboard_panels/B03/MSB065_07_暗巷入口.png,90年代中国小城，中式梦核现实电影质感，潮湿发黄的童年记忆，低照度，轻微 VHS 噪点，儿童低视角，真实旧衣服和生活痕迹，不漂亮化。人物必须继承 v2 设定：阿磊海军蓝旧运动外套和左眉断点；小川右耳微外翻、过紧红领巾、浅绿色塌书包；小满浅色大衬衫、抓衣角、脚尖内扣；彬子黄发梢、破黑夹克、腰包；高杆高瘦长手臂；大海宽身体褪色 T 恤；小齐条纹内衫和抠袖口。 画面编号 MSB065，段落 07《志得意满离开》。景别：中远景。参考机位：CAM_ARCADE_EXIT_01_LEAVING。本张只画一个画面状态：暗巷入口。画面焦点：三兄弟走进老小区背后的暗巷入口，黄路灯把影子拉长。人物焦点：三兄弟/环境。表情要求：开心边缘出现不安。姿态/运动路径：影子变长。连续性锚点：游戏机房门口、旧卷帘门、昏黄路灯、门内 CRT 漏光、三兄弟全男孩。画面应像可用于电影分镜的单张 production storyboard panel，构图清楚，动作状态明确，不要把前后动作合在一张里 【部分原文损坏，需从源文件重建 / Partial source text corrupted; rebuild from source】,不要统一脸型，不要统一发型，不要统一身材，不要童模脸，不要网红脸，不要现代校服，不要现代手机，不要液晶屏，不要女生，不要额外角色，不要成年人黑帮，不要动漫化，不要血腥，不要英雄化暴力。 本张特别避免：混混立刻追逐、门口开打、现代商业街、女生 【部分原文损坏，需从源文件重建 / Partial source text corrupted; rebuild from source】,确认 三兄弟/环境 可识别；确认 游戏机房门口、旧卷帘门、昏黄路灯、门内 CRT 漏光、三兄弟全男孩 未漂移；确认只表达「暗巷入口」一个状态。,S2_EXIT_TO_STANDOFF,离场对峙阶段 / Exit to standoff,角色焦点：三兄弟/环境；连续性：游戏机房门口、旧卷帘门、昏黄路灯、门内 CRT 漏光、三兄弟全男孩 / Character focus: 三兄弟/环境; continuity: 游戏机房门口、旧卷帘门、昏黄路灯、门内 CRT 漏光、三兄弟全男孩,角色焦点：三兄弟/环境；连续性：游戏机房门口、旧卷帘门、昏黄路灯、门内 CRT 漏光、三兄弟全男孩 / Character focus: 三兄弟/环境; continuity: 游戏机房门口、旧卷帘门、昏黄路灯、门内 CRT 漏光、三兄弟全男孩,游戏机房门口、旧卷帘门、昏黄路灯、门内 CRT 漏光、三兄弟全男孩 / Environment continuity lock,whitebox_renders_v2/B03/WB2_EXIT_MSB065.png
MSB066,B03,08,偏僻小路,keyframe,A,micro_storyboard_panels/B03/MSB066_08_小路全貌.png,90年代中国小城，中式梦核现实电影质感，潮湿发黄的童年记忆，低照度，轻微 VHS 噪点，儿童低视角，真实旧衣服和生活痕迹，不漂亮化。人物必须继承 v2 设定：阿磊海军蓝旧运动外套和左眉断点；小川右耳微外翻、过紧红领巾、浅绿色塌书包；小满浅色大衬衫、抓衣角、脚尖内扣；彬子黄发梢、破黑夹克、腰包；高杆高瘦长手臂；大海宽身体褪色 T 恤；小齐条纹内衫和抠袖口。 画面编号 MSB066，段落 08《偏僻小路》。景别：远景。参考机位：CAM_ALLEY_01_WALK_HOME。本张只画一个画面状态：小路全貌。画面焦点：狭窄小路两侧围墙和杂草，远处旧路灯，路面湿而空。人物焦点：环境。表情要求：无人物，偏僻感。姿态/运动路径：locked-off。连续性锚点：老小区背后偏僻小路、围墙、杂草、碎砖石、潮湿地面、旧路灯，三兄弟从游戏机房回家。画面应像可用于电影分镜的单张 production storyboard panel，构图清楚，动作状态明确，不要把前后动作合在一张里 【部分原文损坏，需从源文件重建 / Partial source text corrupted; rebuild from source】,不要统一脸型，不要统一发型，不要统一身材，不要童模脸，不要网红脸，不要现代校服，不要现代手机，不要液晶屏，不要女生，不要额外角色，不要成年人黑帮，不要动漫化，不要血腥，不要英雄化暴力。 本张特别避免：大街、车流、现代路灯、人群、追逐提前开始 【部分原文损坏，需从源文件重建 / Partial source text corrupted; rebuild from source】,确认 环境 可识别；确认 老小区背后偏僻小路、围墙、杂草、碎砖石、潮湿地面、旧路灯，三兄弟从游戏机房回家 未漂移；确认只表达「小路全貌」一个状态。,S2_EXIT_TO_STANDOFF,离场对峙阶段 / Exit to standoff,角色焦点：环境；连续性：老小区背后偏僻小路、围墙、杂草、碎砖石、潮湿地面、旧路灯，三兄弟从游戏机房回家 / Character focus: 环境; continuity: 老小区背后偏僻小路、围墙、杂草、碎砖石、潮湿地面、旧路灯，三兄弟从游戏机房回家,角色焦点：环境；连续性：老小区背后偏僻小路、围墙、杂草、碎砖石、潮湿地面、旧路灯，三兄弟从游戏机房回家 / Character focus: 环境; continuity: 老小区背后偏僻小路、围墙、杂草、碎砖石、潮湿地面、旧路灯，三兄弟从游戏机房回家,老小区背后偏僻小路、围墙、杂草、碎砖石、潮湿地面、旧路灯，三兄弟从游戏机房回家 / Environment continuity lock,whitebox_renders_v2/B03/WB2_ALLEY_MSB066.png
MSB067,B03,08,偏僻小路,start_frame,A,micro_storyboard_panels/B03/MSB067_08_三兄弟进入小路.png,90年代中国小城，中式梦核现实电影质感，潮湿发黄的童年记忆，低照度，轻微 VHS 噪点，儿童低视角，真实旧衣服和生活痕迹，不漂亮化。人物必须继承 v2 设定：阿磊海军蓝旧运动外套和左眉断点；小川右耳微外翻、过紧红领巾、浅绿色塌书包；小满浅色大衬衫、抓衣角、脚尖内扣；彬子黄发梢、破黑夹克、腰包；高杆高瘦长手臂；大海宽身体褪色 T 恤；小齐条纹内衫和抠袖口。 画面编号 MSB067，段落 08《偏僻小路》。景别：全景。参考机位：CAM_ALLEY_01_WALK_HOME。本张只画一个画面状态：三兄弟进入小路。画面焦点：三兄弟从画面左侧进入，小路深处留出危险空间。人物焦点：三兄弟。表情要求：还在兴奋。姿态/运动路径：低机位 tracking。连续性锚点：老小区背后偏僻小路、围墙、杂草、碎砖石、潮湿地面、旧路灯，三兄弟从游戏机房回家。画面应像可用于电影分镜的单张 production storyboard panel，构图清楚，动作状态明确，不要把前后动作合在一张里 【部分原文损坏，需从源文件重建 / Partial source text corrupted; rebuild from source】,不要统一脸型，不要统一发型，不要统一身材，不要童模脸，不要网红脸，不要现代校服，不要现代手机，不要液晶屏，不要女生，不要额外角色，不要成年人黑帮，不要动漫化，不要血腥，不要英雄化暴力。 本张特别避免：大街、车流、现代路灯、人群、追逐提前开始 【部分原文损坏，需从源文件重建 / Partial source text corrupted; rebuild from source】,确认 三兄弟 可识别；确认 老小区背后偏僻小路、围墙、杂草、碎砖石、潮湿地面、旧路灯，三兄弟从游戏机房回家 未漂移；确认只表达「三兄弟进入小路」一个状态。,S2_EXIT_TO_STANDOFF,离场对峙阶段 / Exit to standoff,角色焦点：三兄弟；连续性：老小区背后偏僻小路、围墙、杂草、碎砖石、潮湿地面、旧路灯，三兄弟从游戏机房回家 / Character focus: 三兄弟; continuity: 老小区背后偏僻小路、围墙、杂草、碎砖石、潮湿地面、旧路灯，三兄弟从游戏机房回家,角色焦点：三兄弟；连续性：老小区背后偏僻小路、围墙、杂草、碎砖石、潮湿地面、旧路灯，三兄弟从游戏机房回家 / Character focus: 三兄弟; continuity: 老小区背后偏僻小路、围墙、杂草、碎砖石、潮湿地面、旧路灯，三兄弟从游戏机房回家,老小区背后偏僻小路、围墙、杂草、碎砖石、潮湿地面、旧路灯，三兄弟从游戏机房回家 / Environment continuity lock,whitebox_renders_v2/B03/WB2_ALLEY_MSB067.png
MSB068,B03,08,偏僻小路,storyboard,B,micro_storyboard_panels/B03/MSB068_08_阿磊继续讲赢法.png,90年代中国小城，中式梦核现实电影质感，潮湿发黄的童年记忆，低照度，轻微 VHS 噪点，儿童低视角，真实旧衣服和生活痕迹，不漂亮化。人物必须继承 v2 设定：阿磊海军蓝旧运动外套和左眉断点；小川右耳微外翻、过紧红领巾、浅绿色塌书包；小满浅色大衬衫、抓衣角、脚尖内扣；彬子黄发梢、破黑夹克、腰包；高杆高瘦长手臂；大海宽身体褪色 T 恤；小齐条纹内衫和抠袖口。 画面编号 MSB068，段落 08《偏僻小路》。景别：中景。参考机位：CAM_ALLEY_01_WALK_HOME。本张只画一个画面状态：阿磊继续讲赢法。画面焦点：阿磊边走边比划摇杆，小川抬头认真听。人物焦点：阿磊/小川。表情要求：阿磊得意，小川崇拜。姿态/运动路径：向前走，手比划。连续性锚点：老小区背后偏僻小路、围墙、杂草、碎砖石、潮湿地面、旧路灯，三兄弟从游戏机房回家。画面应像可用于电影分镜的单张 production storyboard panel，构图清楚，动作状态明确，不要把前后动作合在一张里 【部分原文损坏，需从源文件重建 / Partial source text corrupted; rebuild from source】,不要统一脸型，不要统一发型，不要统一身材，不要童模脸，不要网红脸，不要现代校服，不要现代手机，不要液晶屏，不要女生，不要额外角色，不要成年人黑帮，不要动漫化，不要血腥，不要英雄化暴力。 本张特别避免：大街、车流、现代路灯、人群、追逐提前开始 【部分原文损坏，需从源文件重建 / Partial source text corrupted; rebuild from source】,确认 阿磊/小川 可识别；确认 老小区背后偏僻小路、围墙、杂草、碎砖石、潮湿地面、旧路灯，三兄弟从游戏机房回家 未漂移；确认只表达「阿磊继续讲赢法」一个状态。,S2_EXIT_TO_STANDOFF,离场对峙阶段 / Exit to standoff,角色焦点：阿磊/小川；连续性：老小区背后偏僻小路、围墙、杂草、碎砖石、潮湿地面、旧路灯，三兄弟从游戏机房回家 / Character focus: 阿磊/小川; continuity: 老小区背后偏僻小路、围墙、杂草、碎砖石、潮湿地面、旧路灯，三兄弟从游戏机房回家,角色焦点：阿磊/小川；连续性：老小区背后偏僻小路、围墙、杂草、碎砖石、潮湿地面、旧路灯，三兄弟从游戏机房回家 / Character focus: 阿磊/小川; continuity: 老小区背后偏僻小路、围墙、杂草、碎砖石、潮湿地面、旧路灯，三兄弟从游戏机房回家,老小区背后偏僻小路、围墙、杂草、碎砖石、潮湿地面、旧路灯，三兄弟从游戏机房回家 / Environment continuity lock,whitebox_renders_v2/B03/WB2_ALLEY_MSB068.png
MSB069,B03,08,偏僻小路,storyboard,C,micro_storyboard_panels/B03/MSB069_08_小满跟不上.png,90年代中国小城，中式梦核现实电影质感，潮湿发黄的童年记忆，低照度，轻微 VHS 噪点，儿童低视角，真实旧衣服和生活痕迹，不漂亮化。人物必须继承 v2 设定：阿磊海军蓝旧运动外套和左眉断点；小川右耳微外翻、过紧红领巾、浅绿色塌书包；小满浅色大衬衫、抓衣角、脚尖内扣；彬子黄发梢、破黑夹克、腰包；高杆高瘦长手臂；大海宽身体褪色 T 恤；小齐条纹内衫和抠袖口。 画面编号 MSB069，段落 08《偏僻小路》。景别：中景。参考机位：CAM_ALLEY_01_WALK_HOME。本张只画一个画面状态：小满跟不上。画面焦点：小满落后半步，脚尖内扣，努力跟上哥哥节奏。人物焦点：小满。表情要求：放松但迟缓。姿态/运动路径：小跑两步追上。连续性锚点：老小区背后偏僻小路、围墙、杂草、碎砖石、潮湿地面、旧路灯，三兄弟从游戏机房回家。画面应像可用于电影分镜的单张 production storyboard panel，构图清楚，动作状态明确，不要把前后动作合在一张里 【部分原文损坏，需从源文件重建 / Partial source text corrupted; rebuild from source】,不要统一脸型，不要统一发型，不要统一身材，不要童模脸，不要网红脸，不要现代校服，不要现代手机，不要液晶屏，不要女生，不要额外角色，不要成年人黑帮，不要动漫化，不要血腥，不要英雄化暴力。 本张特别避免：大街、车流、现代路灯、人群、追逐提前开始 【部分原文损坏，需从源文件重建 / Partial source text corrupted; rebuild from source】,确认 小满 可识别；确认 老小区背后偏僻小路、围墙、杂草、碎砖石、潮湿地面、旧路灯，三兄弟从游戏机房回家 未漂移；确认只表达「小满跟不上」一个状态。,S2_EXIT_TO_STANDOFF,离场对峙阶段 / Exit to standoff,角色焦点：小满；连续性：老小区背后偏僻小路、围墙、杂草、碎砖石、潮湿地面、旧路灯，三兄弟从游戏机房回家 / Character focus: 小满; continuity: 老小区背后偏僻小路、围墙、杂草、碎砖石、潮湿地面、旧路灯，三兄弟从游戏机房回家,角色焦点：小满；连续性：老小区背后偏僻小路、围墙、杂草、碎砖石、潮湿地面、旧路灯，三兄弟从游戏机房回家 / Character focus: 小满; continuity: 老小区背后偏僻小路、围墙、杂草、碎砖石、潮湿地面、旧路灯，三兄弟从游戏机房回家,老小区背后偏僻小路、围墙、杂草、碎砖石、潮湿地面、旧路灯，三兄弟从游戏机房回家 / Environment continuity lock,whitebox_renders_v2/B03/WB2_ALLEY_MSB069.png
MSB070,B03,08,偏僻小路,prop,A,micro_storyboard_panels/B03/MSB070_08_路边碎石第一次出现.png,90年代中国小城，中式梦核现实电影质感，潮湿发黄的童年记忆，低照度，轻微 VHS 噪点，儿童低视角，真实旧衣服和生活痕迹，不漂亮化。人物必须继承 v2 设定：阿磊海军蓝旧运动外套和左眉断点；小川右耳微外翻、过紧红领巾、浅绿色塌书包；小满浅色大衬衫、抓衣角、脚尖内扣；彬子黄发梢、破黑夹克、腰包；高杆高瘦长手臂；大海宽身体褪色 T 恤；小齐条纹内衫和抠袖口。 画面编号 MSB070，段落 08《偏僻小路》。景别：特写。参考机位：CAM_ALLEY_01_WALK_HOME。本张只画一个画面状态：路边碎石第一次出现。画面焦点：路边碎砖石和一块普通石块在画面角落出现，不被强调成武器。人物焦点：道具/环境。表情要求：无人物。姿态/运动路径：固定低角度。连续性锚点：老小区背后偏僻小路、围墙、杂草、碎砖石、潮湿地面、旧路灯，三兄弟从游戏机房回家。画面应像可用于电影分镜的单张 production storyboard panel，构图清楚，动作状态明确，不要把前后动作合在一张里 【部分原文损坏，需从源文件重建 / Partial source text corrupted; rebuild from source】,不要统一脸型，不要统一发型，不要统一身材，不要童模脸，不要网红脸，不要现代校服，不要现代手机，不要液晶屏，不要女生，不要额外角色，不要成年人黑帮，不要动漫化，不要血腥，不要英雄化暴力。 本张特别避免：大街、车流、现代路灯、人群、追逐提前开始 【部分原文损坏，需从源文件重建 / Partial source text corrupted; rebuild from source】,确认 道具/环境 可识别；确认 老小区背后偏僻小路、围墙、杂草、碎砖石、潮湿地面、旧路灯，三兄弟从游戏机房回家 未漂移；确认只表达「路边碎石第一次出现」一个状态。,S2_EXIT_TO_STANDOFF,离场对峙阶段 / Exit to standoff,角色焦点：道具/环境；连续性：老小区背后偏僻小路、围墙、杂草、碎砖石、潮湿地面、旧路灯，三兄弟从游戏机房回家 / Character focus: 道具/环境; continuity: 老小区背后偏僻小路、围墙、杂草、碎砖石、潮湿地面、旧路灯，三兄弟从游戏机房回家,角色焦点：道具/环境；连续性：老小区背后偏僻小路、围墙、杂草、碎砖石、潮湿地面、旧路灯，三兄弟从游戏机房回家 / Character focus: 道具/环境; continuity: 老小区背后偏僻小路、围墙、杂草、碎砖石、潮湿地面、旧路灯，三兄弟从游戏机房回家,老小区背后偏僻小路、围墙、杂草、碎砖石、潮湿地面、旧路灯，三兄弟从游戏机房回家 / Environment continuity lock,whitebox_renders_v2/B03/WB2_ALLEY_MSB070.png
MSB071,B03,08,偏僻小路,storyboard,A,micro_storyboard_panels/B03/MSB071_08_小川经过石块.png,90年代中国小城，中式梦核现实电影质感，潮湿发黄的童年记忆，低照度，轻微 VHS 噪点，儿童低视角，真实旧衣服和生活痕迹，不漂亮化。人物必须继承 v2 设定：阿磊海军蓝旧运动外套和左眉断点；小川右耳微外翻、过紧红领巾、浅绿色塌书包；小满浅色大衬衫、抓衣角、脚尖内扣；彬子黄发梢、破黑夹克、腰包；高杆高瘦长手臂；大海宽身体褪色 T 恤；小齐条纹内衫和抠袖口。 画面编号 MSB071，段落 08《偏僻小路》。景别：中景。参考机位：CAM_ALLEY_01_WALK_HOME。本张只画一个画面状态：小川经过石块。画面焦点：小川从石块旁走过，完全没注意，书包甩过前景。人物焦点：小川/道具。表情要求：开心余波。姿态/运动路径：石块作为环境锚点。连续性锚点：老小区背后偏僻小路、围墙、杂草、碎砖石、潮湿地面、旧路灯，三兄弟从游戏机房回家。画面应像可用于电影分镜的单张 production storyboard panel，构图清楚，动作状态明确，不要把前后动作合在一张里 【部分原文损坏，需从源文件重建 / Partial source text corrupted; rebuild from source】,不要统一脸型，不要统一发型，不要统一身材，不要童模脸，不要网红脸，不要现代校服，不要现代手机，不要液晶屏，不要女生，不要额外角色，不要成年人黑帮，不要动漫化，不要血腥，不要英雄化暴力。 本张特别避免：大街、车流、现代路灯、人群、追逐提前开始 【部分原文损坏，需从源文件重建 / Partial source text corrupted; rebuild from source】,确认 小川/道具 可识别；确认 老小区背后偏僻小路、围墙、杂草、碎砖石、潮湿地面、旧路灯，三兄弟从游戏机房回家 未漂移；确认只表达「小川经过石块」一个状态。,S2_EXIT_TO_STANDOFF,离场对峙阶段 / Exit to standoff,角色焦点：小川/道具；连续性：老小区背后偏僻小路、围墙、杂草、碎砖石、潮湿地面、旧路灯，三兄弟从游戏机房回家 / Character focus: 小川/道具; continuity: 老小区背后偏僻小路、围墙、杂草、碎砖石、潮湿地面、旧路灯，三兄弟从游戏机房回家,角色焦点：小川/道具；连续性：老小区背后偏僻小路、围墙、杂草、碎砖石、潮湿地面、旧路灯，三兄弟从游戏机房回家 / Character focus: 小川/道具; continuity: 老小区背后偏僻小路、围墙、杂草、碎砖石、潮湿地面、旧路灯，三兄弟从游戏机房回家,老小区背后偏僻小路、围墙、杂草、碎砖石、潮湿地面、旧路灯，三兄弟从游戏机房回家 / Environment continuity lock,whitebox_renders_v2/B03/WB2_ALLEY_MSB071.png
MSB072,B03,08,偏僻小路,storyboard,A,micro_storyboard_panels/B03/MSB072_08_远处阴影.png,90年代中国小城，中式梦核现实电影质感，潮湿发黄的童年记忆，低照度，轻微 VHS 噪点，儿童低视角，真实旧衣服和生活痕迹，不漂亮化。人物必须继承 v2 设定：阿磊海军蓝旧运动外套和左眉断点；小川右耳微外翻、过紧红领巾、浅绿色塌书包；小满浅色大衬衫、抓衣角、脚尖内扣；彬子黄发梢、破黑夹克、腰包；高杆高瘦长手臂；大海宽身体褪色 T 恤；小齐条纹内衫和抠袖口。 画面编号 MSB072，段落 08《偏僻小路》。景别：远景。参考机位：CAM_ALLEY_01_WALK_HOME。本张只画一个画面状态：远处阴影。画面焦点：小路前方灯下出现几个人影，三兄弟还未完全意识到。人物焦点：混混远影/三兄弟。表情要求：危险初现。姿态/运动路径：人物在远处不清晰。连续性锚点：老小区背后偏僻小路、围墙、杂草、碎砖石、潮湿地面、旧路灯，三兄弟从游戏机房回家。画面应像可用于电影分镜的单张 production storyboard panel，构图清楚，动作状态明确，不要把前后动作合在一张里 【部分原文损坏，需从源文件重建 / Partial source text corrupted; rebuild from source】,不要统一脸型，不要统一发型，不要统一身材，不要童模脸，不要网红脸，不要现代校服，不要现代手机，不要液晶屏，不要女生，不要额外角色，不要成年人黑帮，不要动漫化，不要血腥，不要英雄化暴力。 本张特别避免：大街、车流、现代路灯、人群、追逐提前开始 【部分原文损坏，需从源文件重建 / Partial source text corrupted; rebuild from source】,确认 混混远影/三兄弟 可识别；确认 老小区背后偏僻小路、围墙、杂草、碎砖石、潮湿地面、旧路灯，三兄弟从游戏机房回家 未漂移；确认只表达「远处阴影」一个状态。,S2_EXIT_TO_STANDOFF,离场对峙阶段 / Exit to standoff,角色焦点：混混远影/三兄弟；连续性：老小区背后偏僻小路、围墙、杂草、碎砖石、潮湿地面、旧路灯，三兄弟从游戏机房回家 / Character focus: 混混远影/三兄弟; continuity: 老小区背后偏僻小路、围墙、杂草、碎砖石、潮湿地面、旧路灯，三兄弟从游戏机房回家,角色焦点：混混远影/三兄弟；连续性：老小区背后偏僻小路、围墙、杂草、碎砖石、潮湿地面、旧路灯，三兄弟从游戏机房回家 / Character focus: 混混远影/三兄弟; continuity: 老小区背后偏僻小路、围墙、杂草、碎砖石、潮湿地面、旧路灯，三兄弟从游戏机房回家,老小区背后偏僻小路、围墙、杂草、碎砖石、潮湿地面、旧路灯，三兄弟从游戏机房回家 / Environment continuity lock,whitebox_renders_v2/B03/WB2_ALLEY_MSB072.png
MSB073,B03,08,偏僻小路,storyboard,A,micro_storyboard_panels/B03/MSB073_08_阿磊脚步变慢.png,90年代中国小城，中式梦核现实电影质感，潮湿发黄的童年记忆，低照度，轻微 VHS 噪点，儿童低视角，真实旧衣服和生活痕迹，不漂亮化。人物必须继承 v2 设定：阿磊海军蓝旧运动外套和左眉断点；小川右耳微外翻、过紧红领巾、浅绿色塌书包；小满浅色大衬衫、抓衣角、脚尖内扣；彬子黄发梢、破黑夹克、腰包；高杆高瘦长手臂；大海宽身体褪色 T 恤；小齐条纹内衫和抠袖口。 画面编号 MSB073，段落 08《偏僻小路》。景别：中景。参考机位：CAM_ALLEY_01_WALK_HOME。本张只画一个画面状态：阿磊脚步变慢。画面焦点：阿磊的比划停住，身体略挡到小川前面。人物焦点：阿磊。表情要求：从得意转警觉。姿态/运动路径：步子慢下来。连续性锚点：老小区背后偏僻小路、围墙、杂草、碎砖石、潮湿地面、旧路灯，三兄弟从游戏机房回家。画面应像可用于电影分镜的单张 production storyboard panel，构图清楚，动作状态明确，不要把前后动作合在一张里 【部分原文损坏，需从源文件重建 / Partial source text corrupted; rebuild from source】,不要统一脸型，不要统一发型，不要统一身材，不要童模脸，不要网红脸，不要现代校服，不要现代手机，不要液晶屏，不要女生，不要额外角色，不要成年人黑帮，不要动漫化，不要血腥，不要英雄化暴力。 本张特别避免：大街、车流、现代路灯、人群、追逐提前开始 【部分原文损坏，需从源文件重建 / Partial source text corrupted; rebuild from source】,确认 阿磊 可识别；确认 老小区背后偏僻小路、围墙、杂草、碎砖石、潮湿地面、旧路灯，三兄弟从游戏机房回家 未漂移；确认只表达「阿磊脚步变慢」一个状态。,S2_EXIT_TO_STANDOFF,离场对峙阶段 / Exit to standoff,角色焦点：阿磊；连续性：老小区背后偏僻小路、围墙、杂草、碎砖石、潮湿地面、旧路灯，三兄弟从游戏机房回家 / Character focus: 阿磊; continuity: 老小区背后偏僻小路、围墙、杂草、碎砖石、潮湿地面、旧路灯，三兄弟从游戏机房回家,角色焦点：阿磊；连续性：老小区背后偏僻小路、围墙、杂草、碎砖石、潮湿地面、旧路灯，三兄弟从游戏机房回家 / Character focus: 阿磊; continuity: 老小区背后偏僻小路、围墙、杂草、碎砖石、潮湿地面、旧路灯，三兄弟从游戏机房回家,老小区背后偏僻小路、围墙、杂草、碎砖石、潮湿地面、旧路灯，三兄弟从游戏机房回家 / Environment continuity lock,whitebox_renders_v2/B03/WB2_ALLEY_MSB073.png
MSB074,B03,08,偏僻小路,storyboard,B,micro_storyboard_panels/B03/MSB074_08_小川看哥哥表情.png,90年代中国小城，中式梦核现实电影质感，潮湿发黄的童年记忆，低照度，轻微 VHS 噪点，儿童低视角，真实旧衣服和生活痕迹，不漂亮化。人物必须继承 v2 设定：阿磊海军蓝旧运动外套和左眉断点；小川右耳微外翻、过紧红领巾、浅绿色塌书包；小满浅色大衬衫、抓衣角、脚尖内扣；彬子黄发梢、破黑夹克、腰包；高杆高瘦长手臂；大海宽身体褪色 T 恤；小齐条纹内衫和抠袖口。 画面编号 MSB074，段落 08《偏僻小路》。景别：近景。参考机位：CAM_ALLEY_01_WALK_HOME。本张只画一个画面状态：小川看哥哥表情。画面焦点：小川不看前方，先看阿磊脸色，笑收住。人物焦点：小川。表情要求：不明所以的紧张。姿态/运动路径：头转向阿磊。连续性锚点：老小区背后偏僻小路、围墙、杂草、碎砖石、潮湿地面、旧路灯，三兄弟从游戏机房回家。画面应像可用于电影分镜的单张 production storyboard panel，构图清楚，动作状态明确，不要把前后动作合在一张里 【部分原文损坏，需从源文件重建 / Partial source text corrupted; rebuild from source】,不要统一脸型，不要统一发型，不要统一身材，不要童模脸，不要网红脸，不要现代校服，不要现代手机，不要液晶屏，不要女生，不要额外角色，不要成年人黑帮，不要动漫化，不要血腥，不要英雄化暴力。 本张特别避免：大街、车流、现代路灯、人群、追逐提前开始 【部分原文损坏，需从源文件重建 / Partial source text corrupted; rebuild from source】,确认 小川 可识别；确认 老小区背后偏僻小路、围墙、杂草、碎砖石、潮湿地面、旧路灯，三兄弟从游戏机房回家 未漂移；确认只表达「小川看哥哥表情」一个状态。,S2_EXIT_TO_STANDOFF,离场对峙阶段 / Exit to standoff,角色焦点：小川；连续性：老小区背后偏僻小路、围墙、杂草、碎砖石、潮湿地面、旧路灯，三兄弟从游戏机房回家 / Character focus: 小川; continuity: 老小区背后偏僻小路、围墙、杂草、碎砖石、潮湿地面、旧路灯，三兄弟从游戏机房回家,角色焦点：小川；连续性：老小区背后偏僻小路、围墙、杂草、碎砖石、潮湿地面、旧路灯，三兄弟从游戏机房回家 / Character focus: 小川; continuity: 老小区背后偏僻小路、围墙、杂草、碎砖石、潮湿地面、旧路灯，三兄弟从游戏机房回家,老小区背后偏僻小路、围墙、杂草、碎砖石、潮湿地面、旧路灯，三兄弟从游戏机房回家 / Environment continuity lock,whitebox_renders_v2/B03/WB2_ALLEY_MSB074.png
MSB075,B03,08,偏僻小路,end_frame,A,micro_storyboard_panels/B03/MSB075_08_三人停在小路中段.png,90年代中国小城，中式梦核现实电影质感，潮湿发黄的童年记忆，低照度，轻微 VHS 噪点，儿童低视角，真实旧衣服和生活痕迹，不漂亮化。人物必须继承 v2 设定：阿磊海军蓝旧运动外套和左眉断点；小川右耳微外翻、过紧红领巾、浅绿色塌书包；小满浅色大衬衫、抓衣角、脚尖内扣；彬子黄发梢、破黑夹克、腰包；高杆高瘦长手臂；大海宽身体褪色 T 恤；小齐条纹内衫和抠袖口。 画面编号 MSB075，段落 08《偏僻小路》。景别：全景。参考机位：CAM_ALLEY_01_WALK_HOME。本张只画一个画面状态：三人停在小路中段。画面焦点：三兄弟停住，前方阴影更清楚，后方路变暗。人物焦点：三兄弟/环境。表情要求：兴奋完全消失。姿态/运动路径：左右空间锁定。连续性锚点：老小区背后偏僻小路、围墙、杂草、碎砖石、潮湿地面、旧路灯，三兄弟从游戏机房回家。画面应像可用于电影分镜的单张 production storyboard panel，构图清楚，动作状态明确，不要把前后动作合在一张里 【部分原文损坏，需从源文件重建 / Partial source text corrupted; rebuild from source】,不要统一脸型，不要统一发型，不要统一身材，不要童模脸，不要网红脸，不要现代校服，不要现代手机，不要液晶屏，不要女生，不要额外角色，不要成年人黑帮，不要动漫化，不要血腥，不要英雄化暴力。 本张特别避免：大街、车流、现代路灯、人群、追逐提前开始 【部分原文损坏，需从源文件重建 / Partial source text corrupted; rebuild from source】,确认 三兄弟/环境 可识别；确认 老小区背后偏僻小路、围墙、杂草、碎砖石、潮湿地面、旧路灯，三兄弟从游戏机房回家 未漂移；确认只表达「三人停在小路中段」一个状态。,S2_EXIT_TO_STANDOFF,离场对峙阶段 / Exit to standoff,角色焦点：三兄弟/环境；连续性：老小区背后偏僻小路、围墙、杂草、碎砖石、潮湿地面、旧路灯，三兄弟从游戏机房回家 / Character focus: 三兄弟/环境; continuity: 老小区背后偏僻小路、围墙、杂草、碎砖石、潮湿地面、旧路灯，三兄弟从游戏机房回家,角色焦点：三兄弟/环境；连续性：老小区背后偏僻小路、围墙、杂草、碎砖石、潮湿地面、旧路灯，三兄弟从游戏机房回家 / Character focus: 三兄弟/环境; continuity: 老小区背后偏僻小路、围墙、杂草、碎砖石、潮湿地面、旧路灯，三兄弟从游戏机房回家,老小区背后偏僻小路、围墙、杂草、碎砖石、潮湿地面、旧路灯，三兄弟从游戏机房回家 / Environment continuity lock,whitebox_renders_v2/B03/WB2_ALLEY_MSB075.png
MSB076,B03,09,四人堵路,keyframe,A,micro_storyboard_panels/B03/MSB076_09_混混四人亮相.png,90年代中国小城，中式梦核现实电影质感，潮湿发黄的童年记忆，低照度，轻微 VHS 噪点，儿童低视角，真实旧衣服和生活痕迹，不漂亮化。人物必须继承 v2 设定：阿磊海军蓝旧运动外套和左眉断点；小川右耳微外翻、过紧红领巾、浅绿色塌书包；小满浅色大衬衫、抓衣角、脚尖内扣；彬子黄发梢、破黑夹克、腰包；高杆高瘦长手臂；大海宽身体褪色 T 恤；小齐条纹内衫和抠袖口。 画面编号 MSB076，段落 09《四人堵路》。景别：全景。参考机位：CAM_ALLEY_02_BLOCKED。本张只画一个画面状态：混混四人亮相。画面焦点：彬子带三人从小路前方堵住去路，四人剪影差异明显。人物焦点：混混四人。表情要求：彬子凶，高杆冷，大海等命令，小齐兴奋。姿态/运动路径：locked-off。连续性锚点：三兄弟左/近侧，四个混混右/远侧，彬子中心前压，高杆封边，大海堵中线，小齐边缘起哄。画面应像可用于电影分镜的单张 production storyboard panel，构图清楚，动作状态明确，不要把前后动作合在一张里 【部分原文损坏，需从源文件重建 / Partial source text corrupted; rebuild from source】,不要统一脸型，不要统一发型，不要统一身材，不要童模脸，不要网红脸，不要现代校服，不要现代手机，不要液晶屏，不要女生，不要额外角色，不要成年人黑帮，不要动漫化，不要血腥，不要英雄化暴力。 本张特别避免：站位混乱、翻轴、立刻开打、额外人群、女生 【部分原文损坏，需从源文件重建 / Partial source text corrupted; rebuild from source】,确认 混混四人 可识别；确认 三兄弟左/近侧，四个混混右/远侧，彬子中心前压，高杆封边，大海堵中线，小齐边缘起哄 未漂移；确认只表达「混混四人亮相」一个状态。,S2_EXIT_TO_STANDOFF,离场对峙阶段 / Exit to standoff,角色焦点：混混四人；连续性：三兄弟左/近侧，四个混混右/远侧，彬子中心前压，高杆封边，大海堵中线，小齐边缘起哄 / Character focus: 混混四人; continuity: 三兄弟左/近侧，四个混混右/远侧，彬子中心前压，高杆封边，大海堵中线，小齐边缘起哄,角色焦点：混混四人；连续性：三兄弟左/近侧，四个混混右/远侧，彬子中心前压，高杆封边，大海堵中线，小齐边缘起哄 / Character focus: 混混四人; continuity: 三兄弟左/近侧，四个混混右/远侧，彬子中心前压，高杆封边，大海堵中线，小齐边缘起哄,三兄弟左/近侧，四个混混右/远侧，彬子中心前压，高杆封边，大海堵中线，小齐边缘起哄 / Environment continuity lock,whitebox_renders_v2/B03/WB2_ALLEY_MSB076.png
MSB077,B03,09,四人堵路,storyboard,A,micro_storyboard_panels/B03/MSB077_09_彬子向前半步.png,90年代中国小城，中式梦核现实电影质感，潮湿发黄的童年记忆，低照度，轻微 VHS 噪点，儿童低视角，真实旧衣服和生活痕迹，不漂亮化。人物必须继承 v2 设定：阿磊海军蓝旧运动外套和左眉断点；小川右耳微外翻、过紧红领巾、浅绿色塌书包；小满浅色大衬衫、抓衣角、脚尖内扣；彬子黄发梢、破黑夹克、腰包；高杆高瘦长手臂；大海宽身体褪色 T 恤；小齐条纹内衫和抠袖口。 画面编号 MSB077，段落 09《四人堵路》。景别：中景。参考机位：CAM_ALLEY_02_BLOCKED。本张只画一个画面状态：彬子向前半步。画面焦点：彬子短小身形向前压，下巴顶出，手拽腰包。人物焦点：彬子。表情要求：受辱后的凶。姿态/运动路径：向前半步后停。连续性锚点：三兄弟左/近侧，四个混混右/远侧，彬子中心前压，高杆封边，大海堵中线，小齐边缘起哄。画面应像可用于电影分镜的单张 production storyboard panel，构图清楚，动作状态明确，不要把前后动作合在一张里 【部分原文损坏，需从源文件重建 / Partial source text corrupted; rebuild from source】,不要统一脸型，不要统一发型，不要统一身材，不要童模脸，不要网红脸，不要现代校服，不要现代手机，不要液晶屏，不要女生，不要额外角色，不要成年人黑帮，不要动漫化，不要血腥，不要英雄化暴力。 本张特别避免：站位混乱、翻轴、立刻开打、额外人群、女生 【部分原文损坏，需从源文件重建 / Partial source text corrupted; rebuild from source】,确认 彬子 可识别；确认 三兄弟左/近侧，四个混混右/远侧，彬子中心前压，高杆封边，大海堵中线，小齐边缘起哄 未漂移；确认只表达「彬子向前半步」一个状态。,S2_EXIT_TO_STANDOFF,离场对峙阶段 / Exit to standoff,角色焦点：彬子；连续性：三兄弟左/近侧，四个混混右/远侧，彬子中心前压，高杆封边，大海堵中线，小齐边缘起哄 / Character focus: 彬子; continuity: 三兄弟左/近侧，四个混混右/远侧，彬子中心前压，高杆封边，大海堵中线，小齐边缘起哄,角色焦点：彬子；连续性：三兄弟左/近侧，四个混混右/远侧，彬子中心前压，高杆封边，大海堵中线，小齐边缘起哄 / Character focus: 彬子; continuity: 三兄弟左/近侧，四个混混右/远侧，彬子中心前压，高杆封边，大海堵中线，小齐边缘起哄,三兄弟左/近侧，四个混混右/远侧，彬子中心前压，高杆封边，大海堵中线，小齐边缘起哄 / Environment continuity lock,whitebox_renders_v2/B03/WB2_ALLEY_MSB077.png
MSB078,B03,09,四人堵路,storyboard,A,micro_storyboard_panels/B03/MSB078_09_高杆封侧路.png,90年代中国小城，中式梦核现实电影质感，潮湿发黄的童年记忆，低照度，轻微 VHS 噪点，儿童低视角，真实旧衣服和生活痕迹，不漂亮化。人物必须继承 v2 设定：阿磊海军蓝旧运动外套和左眉断点；小川右耳微外翻、过紧红领巾、浅绿色塌书包；小满浅色大衬衫、抓衣角、脚尖内扣；彬子黄发梢、破黑夹克、腰包；高杆高瘦长手臂；大海宽身体褪色 T 恤；小齐条纹内衫和抠袖口。 画面编号 MSB078，段落 09《四人堵路》。景别：中景。参考机位：CAM_ALLEY_02_BLOCKED。本张只画一个画面状态：高杆封侧路。画面焦点：高杆站在路边，长手臂横住墙边空隙。人物焦点：高杆。表情要求：半垂眼，不说话。姿态/运动路径：横臂封路。连续性锚点：三兄弟左/近侧，四个混混右/远侧，彬子中心前压，高杆封边，大海堵中线，小齐边缘起哄。画面应像可用于电影分镜的单张 production storyboard panel，构图清楚，动作状态明确，不要把前后动作合在一张里 【部分原文损坏，需从源文件重建 / Partial source text corrupted; rebuild from source】,不要统一脸型，不要统一发型，不要统一身材，不要童模脸，不要网红脸，不要现代校服，不要现代手机，不要液晶屏，不要女生，不要额外角色，不要成年人黑帮，不要动漫化，不要血腥，不要英雄化暴力。 本张特别避免：站位混乱、翻轴、立刻开打、额外人群、女生 【部分原文损坏，需从源文件重建 / Partial source text corrupted; rebuild from source】,确认 高杆 可识别；确认 三兄弟左/近侧，四个混混右/远侧，彬子中心前压，高杆封边，大海堵中线，小齐边缘起哄 未漂移；确认只表达「高杆封侧路」一个状态。,S2_EXIT_TO_STANDOFF,离场对峙阶段 / Exit to standoff,角色焦点：高杆；连续性：三兄弟左/近侧，四个混混右/远侧，彬子中心前压，高杆封边，大海堵中线，小齐边缘起哄 / Character focus: 高杆; continuity: 三兄弟左/近侧，四个混混右/远侧，彬子中心前压，高杆封边，大海堵中线，小齐边缘起哄,角色焦点：高杆；连续性：三兄弟左/近侧，四个混混右/远侧，彬子中心前压，高杆封边，大海堵中线，小齐边缘起哄 / Character focus: 高杆; continuity: 三兄弟左/近侧，四个混混右/远侧，彬子中心前压，高杆封边，大海堵中线，小齐边缘起哄,三兄弟左/近侧，四个混混右/远侧，彬子中心前压，高杆封边，大海堵中线，小齐边缘起哄 / Environment continuity lock,whitebox_renders_v2/B03/WB2_ALLEY_MSB078.png
MSB079,B03,09,四人堵路,storyboard,B,micro_storyboard_panels/B03/MSB079_09_大海堵中线.png,90年代中国小城，中式梦核现实电影质感，潮湿发黄的童年记忆，低照度，轻微 VHS 噪点，儿童低视角，真实旧衣服和生活痕迹，不漂亮化。人物必须继承 v2 设定：阿磊海军蓝旧运动外套和左眉断点；小川右耳微外翻、过紧红领巾、浅绿色塌书包；小满浅色大衬衫、抓衣角、脚尖内扣；彬子黄发梢、破黑夹克、腰包；高杆高瘦长手臂；大海宽身体褪色 T 恤；小齐条纹内衫和抠袖口。 画面编号 MSB079，段落 09《四人堵路》。景别：中景。参考机位：CAM_ALLEY_02_BLOCKED。本张只画一个画面状态：大海堵中线。画面焦点：大海宽脚站在路中，褪色 T 恤汗湿领口，身体像墙。人物焦点：大海。表情要求：看彬子等命令。姿态/运动路径：宽站姿不动。连续性锚点：三兄弟左/近侧，四个混混右/远侧，彬子中心前压，高杆封边，大海堵中线，小齐边缘起哄。画面应像可用于电影分镜的单张 production storyboard panel，构图清楚，动作状态明确，不要把前后动作合在一张里 【部分原文损坏，需从源文件重建 / Partial source text corrupted; rebuild from source】,不要统一脸型，不要统一发型，不要统一身材，不要童模脸，不要网红脸，不要现代校服，不要现代手机，不要液晶屏，不要女生，不要额外角色，不要成年人黑帮，不要动漫化，不要血腥，不要英雄化暴力。 本张特别避免：站位混乱、翻轴、立刻开打、额外人群、女生 【部分原文损坏，需从源文件重建 / Partial source text corrupted; rebuild from source】,确认 大海 可识别；确认 三兄弟左/近侧，四个混混右/远侧，彬子中心前压，高杆封边，大海堵中线，小齐边缘起哄 未漂移；确认只表达「大海堵中线」一个状态。,S2_EXIT_TO_STANDOFF,离场对峙阶段 / Exit to standoff,角色焦点：大海；连续性：三兄弟左/近侧，四个混混右/远侧，彬子中心前压，高杆封边，大海堵中线，小齐边缘起哄 / Character focus: 大海; continuity: 三兄弟左/近侧，四个混混右/远侧，彬子中心前压，高杆封边，大海堵中线，小齐边缘起哄,角色焦点：大海；连续性：三兄弟左/近侧，四个混混右/远侧，彬子中心前压，高杆封边，大海堵中线，小齐边缘起哄 / Character focus: 大海; continuity: 三兄弟左/近侧，四个混混右/远侧，彬子中心前压，高杆封边，大海堵中线，小齐边缘起哄,三兄弟左/近侧，四个混混右/远侧，彬子中心前压，高杆封边，大海堵中线，小齐边缘起哄 / Environment continuity lock,whitebox_renders_v2/B03/WB2_ALLEY_MSB079.png
MSB080,B03,09,四人堵路,storyboard,B,micro_storyboard_panels/B03/MSB080_09_小齐起哄.png,90年代中国小城，中式梦核现实电影质感，潮湿发黄的童年记忆，低照度，轻微 VHS 噪点，儿童低视角，真实旧衣服和生活痕迹，不漂亮化。人物必须继承 v2 设定：阿磊海军蓝旧运动外套和左眉断点；小川右耳微外翻、过紧红领巾、浅绿色塌书包；小满浅色大衬衫、抓衣角、脚尖内扣；彬子黄发梢、破黑夹克、腰包；高杆高瘦长手臂；大海宽身体褪色 T 恤；小齐条纹内衫和抠袖口。 画面编号 MSB080，段落 09《四人堵路》。景别：中景。参考机位：CAM_ALLEY_02_BLOCKED。本张只画一个画面状态：小齐起哄。画面焦点：小齐在边缘前探，嘴角快笑，手还抠袖口。人物焦点：小齐。表情要求：兴奋讨好。姿态/运动路径：换重心。连续性锚点：三兄弟左/近侧，四个混混右/远侧，彬子中心前压，高杆封边，大海堵中线，小齐边缘起哄。画面应像可用于电影分镜的单张 production storyboard panel，构图清楚，动作状态明确，不要把前后动作合在一张里 【部分原文损坏，需从源文件重建 / Partial source text corrupted; rebuild from source】,不要统一脸型，不要统一发型，不要统一身材，不要童模脸，不要网红脸，不要现代校服，不要现代手机，不要液晶屏，不要女生，不要额外角色，不要成年人黑帮，不要动漫化，不要血腥，不要英雄化暴力。 本张特别避免：站位混乱、翻轴、立刻开打、额外人群、女生 【部分原文损坏，需从源文件重建 / Partial source text corrupted; rebuild from source】,确认 小齐 可识别；确认 三兄弟左/近侧，四个混混右/远侧，彬子中心前压，高杆封边，大海堵中线，小齐边缘起哄 未漂移；确认只表达「小齐起哄」一个状态。,S2_EXIT_TO_STANDOFF,离场对峙阶段 / Exit to standoff,角色焦点：小齐；连续性：三兄弟左/近侧，四个混混右/远侧，彬子中心前压，高杆封边，大海堵中线，小齐边缘起哄 / Character focus: 小齐; continuity: 三兄弟左/近侧，四个混混右/远侧，彬子中心前压，高杆封边，大海堵中线，小齐边缘起哄,角色焦点：小齐；连续性：三兄弟左/近侧，四个混混右/远侧，彬子中心前压，高杆封边，大海堵中线，小齐边缘起哄 / Character focus: 小齐; continuity: 三兄弟左/近侧，四个混混右/远侧，彬子中心前压，高杆封边，大海堵中线，小齐边缘起哄,三兄弟左/近侧，四个混混右/远侧，彬子中心前压，高杆封边，大海堵中线，小齐边缘起哄 / Environment continuity lock,whitebox_renders_v2/B03/WB2_ALLEY_MSB080.png
MSB081,B03,09,四人堵路,keyframe,A,micro_storyboard_panels/B03/MSB081_09_阿磊挡弟弟.png,90年代中国小城，中式梦核现实电影质感，潮湿发黄的童年记忆，低照度，轻微 VHS 噪点，儿童低视角，真实旧衣服和生活痕迹，不漂亮化。人物必须继承 v2 设定：阿磊海军蓝旧运动外套和左眉断点；小川右耳微外翻、过紧红领巾、浅绿色塌书包；小满浅色大衬衫、抓衣角、脚尖内扣；彬子黄发梢、破黑夹克、腰包；高杆高瘦长手臂；大海宽身体褪色 T 恤；小齐条纹内衫和抠袖口。 画面编号 MSB081，段落 09《四人堵路》。景别：全景。参考机位：CAM_ALLEY_02_BLOCKED。本张只画一个画面状态：阿磊挡弟弟。画面焦点：阿磊迈到小川和小满前面，三兄弟左侧队形收紧。人物焦点：阿磊/三兄弟。表情要求：强撑，怕但要挡。姿态/运动路径：身体挡前。连续性锚点：三兄弟左/近侧，四个混混右/远侧，彬子中心前压，高杆封边，大海堵中线，小齐边缘起哄。画面应像可用于电影分镜的单张 production storyboard panel，构图清楚，动作状态明确，不要把前后动作合在一张里 【部分原文损坏，需从源文件重建 / Partial source text corrupted; rebuild from source】,不要统一脸型，不要统一发型，不要统一身材，不要童模脸，不要网红脸，不要现代校服，不要现代手机，不要液晶屏，不要女生，不要额外角色，不要成年人黑帮，不要动漫化，不要血腥，不要英雄化暴力。 本张特别避免：站位混乱、翻轴、立刻开打、额外人群、女生 【部分原文损坏，需从源文件重建 / Partial source text corrupted; rebuild from source】,确认 阿磊/三兄弟 可识别；确认 三兄弟左/近侧，四个混混右/远侧，彬子中心前压，高杆封边，大海堵中线，小齐边缘起哄 未漂移；确认只表达「阿磊挡弟弟」一个状态。,S2_EXIT_TO_STANDOFF,离场对峙阶段 / Exit to standoff,角色焦点：阿磊/三兄弟；连续性：三兄弟左/近侧，四个混混右/远侧，彬子中心前压，高杆封边，大海堵中线，小齐边缘起哄 / Character focus: 阿磊/三兄弟; continuity: 三兄弟左/近侧，四个混混右/远侧，彬子中心前压，高杆封边，大海堵中线，小齐边缘起哄,角色焦点：阿磊/三兄弟；连续性：三兄弟左/近侧，四个混混右/远侧，彬子中心前压，高杆封边，大海堵中线，小齐边缘起哄 / Character focus: 阿磊/三兄弟; continuity: 三兄弟左/近侧，四个混混右/远侧，彬子中心前压，高杆封边，大海堵中线，小齐边缘起哄,三兄弟左/近侧，四个混混右/远侧，彬子中心前压，高杆封边，大海堵中线，小齐边缘起哄 / Environment continuity lock,whitebox_renders_v2/B03/WB2_ALLEY_MSB081.png
MSB082,B03,09,四人堵路,storyboard,A,micro_storyboard_panels/B03/MSB082_09_小川被遮住半个.png,90年代中国小城，中式梦核现实电影质感，潮湿发黄的童年记忆，低照度，轻微 VHS 噪点，儿童低视角，真实旧衣服和生活痕迹，不漂亮化。人物必须继承 v2 设定：阿磊海军蓝旧运动外套和左眉断点；小川右耳微外翻、过紧红领巾、浅绿色塌书包；小满浅色大衬衫、抓衣角、脚尖内扣；彬子黄发梢、破黑夹克、腰包；高杆高瘦长手臂；大海宽身体褪色 T 恤；小齐条纹内衫和抠袖口。 画面编号 MSB082，段落 09《四人堵路》。景别：中景。参考机位：CAM_ALLEY_02_BLOCKED。本张只画一个画面状态：小川被遮住半个。画面焦点：小川站在阿磊背后半个身位，眼睛越过哥哥看彬子。人物焦点：小川。表情要求：紧张，理解危险。姿态/运动路径：攥书包带。连续性锚点：三兄弟左/近侧，四个混混右/远侧，彬子中心前压，高杆封边，大海堵中线，小齐边缘起哄。画面应像可用于电影分镜的单张 production storyboard panel，构图清楚，动作状态明确，不要把前后动作合在一张里 【部分原文损坏，需从源文件重建 / Partial source text corrupted; rebuild from source】,不要统一脸型，不要统一发型，不要统一身材，不要童模脸，不要网红脸，不要现代校服，不要现代手机，不要液晶屏，不要女生，不要额外角色，不要成年人黑帮，不要动漫化，不要血腥，不要英雄化暴力。 本张特别避免：站位混乱、翻轴、立刻开打、额外人群、女生 【部分原文损坏，需从源文件重建 / Partial source text corrupted; rebuild from source】,确认 小川 可识别；确认 三兄弟左/近侧，四个混混右/远侧，彬子中心前压，高杆封边，大海堵中线，小齐边缘起哄 未漂移；确认只表达「小川被遮住半个」一个状态。,S2_EXIT_TO_STANDOFF,离场对峙阶段 / Exit to standoff,角色焦点：小川；连续性：三兄弟左/近侧，四个混混右/远侧，彬子中心前压，高杆封边，大海堵中线，小齐边缘起哄 / Character focus: 小川; continuity: 三兄弟左/近侧，四个混混右/远侧，彬子中心前压，高杆封边，大海堵中线，小齐边缘起哄,角色焦点：小川；连续性：三兄弟左/近侧，四个混混右/远侧，彬子中心前压，高杆封边，大海堵中线，小齐边缘起哄 / Character focus: 小川; continuity: 三兄弟左/近侧，四个混混右/远侧，彬子中心前压，高杆封边，大海堵中线，小齐边缘起哄,三兄弟左/近侧，四个混混右/远侧，彬子中心前压，高杆封边，大海堵中线，小齐边缘起哄 / Environment continuity lock,whitebox_renders_v2/B03/WB2_ALLEY_MSB082.png
MSB083,B03,09,四人堵路,storyboard,B,micro_storyboard_panels/B03/MSB083_09_小满靠墙.png,90年代中国小城，中式梦核现实电影质感，潮湿发黄的童年记忆，低照度，轻微 VHS 噪点，儿童低视角，真实旧衣服和生活痕迹，不漂亮化。人物必须继承 v2 设定：阿磊海军蓝旧运动外套和左眉断点；小川右耳微外翻、过紧红领巾、浅绿色塌书包；小满浅色大衬衫、抓衣角、脚尖内扣；彬子黄发梢、破黑夹克、腰包；高杆高瘦长手臂；大海宽身体褪色 T 恤；小齐条纹内衫和抠袖口。 画面编号 MSB083，段落 09《四人堵路》。景别：中景。参考机位：CAM_ALLEY_02_BLOCKED。本张只画一个画面状态：小满靠墙。画面焦点：小满退到墙边，抓衣角，脚尖内扣，不知道该跑还是站。人物焦点：小满。表情要求：茫然害怕。姿态/运动路径：僵住。连续性锚点：三兄弟左/近侧，四个混混右/远侧，彬子中心前压，高杆封边，大海堵中线，小齐边缘起哄。画面应像可用于电影分镜的单张 production storyboard panel，构图清楚，动作状态明确，不要把前后动作合在一张里 【部分原文损坏，需从源文件重建 / Partial source text corrupted; rebuild from source】,不要统一脸型，不要统一发型，不要统一身材，不要童模脸，不要网红脸，不要现代校服，不要现代手机，不要液晶屏，不要女生，不要额外角色，不要成年人黑帮，不要动漫化，不要血腥，不要英雄化暴力。 本张特别避免：站位混乱、翻轴、立刻开打、额外人群、女生 【部分原文损坏，需从源文件重建 / Partial source text corrupted; rebuild from source】,确认 小满 可识别；确认 三兄弟左/近侧，四个混混右/远侧，彬子中心前压，高杆封边，大海堵中线，小齐边缘起哄 未漂移；确认只表达「小满靠墙」一个状态。,S2_EXIT_TO_STANDOFF,离场对峙阶段 / Exit to standoff,角色焦点：小满；连续性：三兄弟左/近侧，四个混混右/远侧，彬子中心前压，高杆封边，大海堵中线，小齐边缘起哄 / Character focus: 小满; continuity: 三兄弟左/近侧，四个混混右/远侧，彬子中心前压，高杆封边，大海堵中线，小齐边缘起哄,角色焦点：小满；连续性：三兄弟左/近侧，四个混混右/远侧，彬子中心前压，高杆封边，大海堵中线，小齐边缘起哄 / Character focus: 小满; continuity: 三兄弟左/近侧，四个混混右/远侧，彬子中心前压，高杆封边，大海堵中线，小齐边缘起哄,三兄弟左/近侧，四个混混右/远侧，彬子中心前压，高杆封边，大海堵中线，小齐边缘起哄 / Environment continuity lock,whitebox_renders_v2/B03/WB2_ALLEY_MSB083.png
MSB084,B03,09,四人堵路,storyboard,A,micro_storyboard_panels/B03/MSB084_09_双方空间关系.png,90年代中国小城，中式梦核现实电影质感，潮湿发黄的童年记忆，低照度，轻微 VHS 噪点，儿童低视角，真实旧衣服和生活痕迹，不漂亮化。人物必须继承 v2 设定：阿磊海军蓝旧运动外套和左眉断点；小川右耳微外翻、过紧红领巾、浅绿色塌书包；小满浅色大衬衫、抓衣角、脚尖内扣；彬子黄发梢、破黑夹克、腰包；高杆高瘦长手臂；大海宽身体褪色 T 恤；小齐条纹内衫和抠袖口。 画面编号 MSB084，段落 09《四人堵路》。景别：远景。参考机位：CAM_ALLEY_02_BLOCKED。本张只画一个画面状态：双方空间关系。画面焦点：小路像被两组人堵成死巷，三兄弟后方也变暗。人物焦点：全体。表情要求：对峙凝固。姿态/运动路径：不翻轴。连续性锚点：三兄弟左/近侧，四个混混右/远侧，彬子中心前压，高杆封边，大海堵中线，小齐边缘起哄。画面应像可用于电影分镜的单张 production storyboard panel，构图清楚，动作状态明确，不要把前后动作合在一张里 【部分原文损坏，需从源文件重建 / Partial source text corrupted; rebuild from source】,不要统一脸型，不要统一发型，不要统一身材，不要童模脸，不要网红脸，不要现代校服，不要现代手机，不要液晶屏，不要女生，不要额外角色，不要成年人黑帮，不要动漫化，不要血腥，不要英雄化暴力。 本张特别避免：站位混乱、翻轴、立刻开打、额外人群、女生 【部分原文损坏，需从源文件重建 / Partial source text corrupted; rebuild from source】,确认 全体 可识别；确认 三兄弟左/近侧，四个混混右/远侧，彬子中心前压，高杆封边，大海堵中线，小齐边缘起哄 未漂移；确认只表达「双方空间关系」一个状态。,S2_EXIT_TO_STANDOFF,离场对峙阶段 / Exit to standoff,角色焦点：全体；连续性：三兄弟左/近侧，四个混混右/远侧，彬子中心前压，高杆封边，大海堵中线，小齐边缘起哄 / Character focus: 全体; continuity: 三兄弟左/近侧，四个混混右/远侧，彬子中心前压，高杆封边，大海堵中线，小齐边缘起哄,角色焦点：全体；连续性：三兄弟左/近侧，四个混混右/远侧，彬子中心前压，高杆封边，大海堵中线，小齐边缘起哄 / Character focus: 全体; continuity: 三兄弟左/近侧，四个混混右/远侧，彬子中心前压，高杆封边，大海堵中线，小齐边缘起哄,三兄弟左/近侧，四个混混右/远侧，彬子中心前压，高杆封边，大海堵中线，小齐边缘起哄 / Environment continuity lock,whitebox_renders_v2/B03/WB2_ALLEY_MSB084.png
MSB085,B03,09,四人堵路,end_frame,A,micro_storyboard_panels/B03/MSB085_09_彬子盯阿磊.png,90年代中国小城，中式梦核现实电影质感，潮湿发黄的童年记忆，低照度，轻微 VHS 噪点，儿童低视角，真实旧衣服和生活痕迹，不漂亮化。人物必须继承 v2 设定：阿磊海军蓝旧运动外套和左眉断点；小川右耳微外翻、过紧红领巾、浅绿色塌书包；小满浅色大衬衫、抓衣角、脚尖内扣；彬子黄发梢、破黑夹克、腰包；高杆高瘦长手臂；大海宽身体褪色 T 恤；小齐条纹内衫和抠袖口。 画面编号 MSB085，段落 09《四人堵路》。景别：近景。参考机位：CAM_ALLEY_02_BLOCKED。本张只画一个画面状态：彬子盯阿磊。画面焦点：彬子越过小路盯住阿磊，旧街机红光记忆从脸上隐约回响。人物焦点：彬子/阿磊。表情要求：报复明确。姿态/运动路径：眼神锁定。连续性锚点：三兄弟左/近侧，四个混混右/远侧，彬子中心前压，高杆封边，大海堵中线，小齐边缘起哄。画面应像可用于电影分镜的单张 production storyboard panel，构图清楚，动作状态明确，不要把前后动作合在一张里 【部分原文损坏，需从源文件重建 / Partial source text corrupted; rebuild from source】,不要统一脸型，不要统一发型，不要统一身材，不要童模脸，不要网红脸，不要现代校服，不要现代手机，不要液晶屏，不要女生，不要额外角色，不要成年人黑帮，不要动漫化，不要血腥，不要英雄化暴力。 本张特别避免：站位混乱、翻轴、立刻开打、额外人群、女生 【部分原文损坏，需从源文件重建 / Partial source text corrupted; rebuild from source】,确认 彬子/阿磊 可识别；确认 三兄弟左/近侧，四个混混右/远侧，彬子中心前压，高杆封边，大海堵中线，小齐边缘起哄 未漂移；确认只表达「彬子盯阿磊」一个状态。,S2_EXIT_TO_STANDOFF,离场对峙阶段 / Exit to standoff,角色焦点：彬子/阿磊；连续性：三兄弟左/近侧，四个混混右/远侧，彬子中心前压，高杆封边，大海堵中线，小齐边缘起哄 / Character focus: 彬子/阿磊; continuity: 三兄弟左/近侧，四个混混右/远侧，彬子中心前压，高杆封边，大海堵中线，小齐边缘起哄,角色焦点：彬子/阿磊；连续性：三兄弟左/近侧，四个混混右/远侧，彬子中心前压，高杆封边，大海堵中线，小齐边缘起哄 / Character focus: 彬子/阿磊; continuity: 三兄弟左/近侧，四个混混右/远侧，彬子中心前压，高杆封边，大海堵中线，小齐边缘起哄,三兄弟左/近侧，四个混混右/远侧，彬子中心前压，高杆封边，大海堵中线，小齐边缘起哄 / Environment continuity lock,whitebox_renders_v2/B03/WB2_ALLEY_MSB085.png
MSB086,B04,10,围殴哥哥,start_frame,A,micro_storyboard_panels/B04/MSB086_10_四人收拢.png,90年代中国小城，中式梦核现实电影质感，潮湿发黄的童年记忆，低照度，轻微 VHS 噪点，儿童低视角，真实旧衣服和生活痕迹，不漂亮化。人物必须继承 v2 设定：阿磊海军蓝旧运动外套和左眉断点；小川右耳微外翻、过紧红领巾、浅绿色塌书包；小满浅色大衬衫、抓衣角、脚尖内扣；彬子黄发梢、破黑夹克、腰包；高杆高瘦长手臂；大海宽身体褪色 T 恤；小齐条纹内衫和抠袖口。 画面编号 MSB086，段落 10《围殴哥哥》。景别：全景。参考机位：CAM_ALLEY_03_BROTHER_BEATEN。本张只画一个画面状态：四人收拢。画面焦点：混混四人从半圆收拢，阿磊被挤到画面中心。人物焦点：阿磊/混混四人。表情要求：阿磊强撑，四人压近。姿态/运动路径：向中心挤压。连续性锚点：哥哥在中心被围，小川侧面，小满墙边，四个混混轮廓不同，路灯黄，潮湿地面。画面应像可用于电影分镜的单张 production storyboard panel，构图清楚，动作状态明确，不要把前后动作合在一张里 【部分原文损坏，需从源文件重建 / Partial source text corrupted; rebuild from source】,不要统一脸型，不要统一发型，不要统一身材，不要童模脸，不要网红脸，不要现代校服，不要现代手机，不要液晶屏，不要女生，不要额外角色，不要成年人黑帮，不要动漫化，不要血腥，不要英雄化暴力。 本张特别避免：复杂武打、血腥、英雄反击、成年人暴力、镜头乱转 【部分原文损坏，需从源文件重建 / Partial source text corrupted; rebuild from source】,确认 阿磊/混混四人 可识别；确认 哥哥在中心被围，小川侧面，小满墙边，四个混混轮廓不同，路灯黄，潮湿地面 未漂移；确认只表达「四人收拢」一个状态。,S3_ALLEY_PRESSURE,巷道压迫阶段 / Alley pressure,角色焦点：阿磊/混混四人；连续性：哥哥在中心被围，小川侧面，小满墙边，四个混混轮廓不同，路灯黄，潮湿地面 / Character focus: 阿磊/混混四人; continuity: 哥哥在中心被围，小川侧面，小满墙边，四个混混轮廓不同，路灯黄，潮湿地面,角色焦点：阿磊/混混四人；连续性：哥哥在中心被围，小川侧面，小满墙边，四个混混轮廓不同，路灯黄，潮湿地面 / Character focus: 阿磊/混混四人; continuity: 哥哥在中心被围，小川侧面，小满墙边，四个混混轮廓不同，路灯黄，潮湿地面,哥哥在中心被围，小川侧面，小满墙边，四个混混轮廓不同，路灯黄，潮湿地面 / Environment continuity lock,whitebox_renders_v2/B04/WB2_ALLEY_MSB086.png
MSB087,B04,10,围殴哥哥,storyboard,B,micro_storyboard_panels/B04/MSB087_10_阿磊还嘴.png,90年代中国小城，中式梦核现实电影质感，潮湿发黄的童年记忆，低照度，轻微 VHS 噪点，儿童低视角，真实旧衣服和生活痕迹，不漂亮化。人物必须继承 v2 设定：阿磊海军蓝旧运动外套和左眉断点；小川右耳微外翻、过紧红领巾、浅绿色塌书包；小满浅色大衬衫、抓衣角、脚尖内扣；彬子黄发梢、破黑夹克、腰包；高杆高瘦长手臂；大海宽身体褪色 T 恤；小齐条纹内衫和抠袖口。 画面编号 MSB087，段落 10《围殴哥哥》。景别：中景。参考机位：CAM_ALLEY_03_BROTHER_BEATEN。本张只画一个画面状态：阿磊还嘴。画面焦点：阿磊下巴抬着说话，手却从口袋里抽出来挡在身前。人物焦点：阿磊。表情要求：嘴硬，手先暴露害怕。姿态/运动路径：后退半步。连续性锚点：哥哥在中心被围，小川侧面，小满墙边，四个混混轮廓不同，路灯黄，潮湿地面。画面应像可用于电影分镜的单张 production storyboard panel，构图清楚，动作状态明确，不要把前后动作合在一张里 【部分原文损坏，需从源文件重建 / Partial source text corrupted; rebuild from source】,不要统一脸型，不要统一发型，不要统一身材，不要童模脸，不要网红脸，不要现代校服，不要现代手机，不要液晶屏，不要女生，不要额外角色，不要成年人黑帮，不要动漫化，不要血腥，不要英雄化暴力。 本张特别避免：复杂武打、血腥、英雄反击、成年人暴力、镜头乱转 【部分原文损坏，需从源文件重建 / Partial source text corrupted; rebuild from source】,确认 阿磊 可识别；确认 哥哥在中心被围，小川侧面，小满墙边，四个混混轮廓不同，路灯黄，潮湿地面 未漂移；确认只表达「阿磊还嘴」一个状态。,S3_ALLEY_PRESSURE,巷道压迫阶段 / Alley pressure,角色焦点：阿磊；连续性：哥哥在中心被围，小川侧面，小满墙边，四个混混轮廓不同，路灯黄，潮湿地面 / Character focus: 阿磊; continuity: 哥哥在中心被围，小川侧面，小满墙边，四个混混轮廓不同，路灯黄，潮湿地面,角色焦点：阿磊；连续性：哥哥在中心被围，小川侧面，小满墙边，四个混混轮廓不同，路灯黄，潮湿地面 / Character focus: 阿磊; continuity: 哥哥在中心被围，小川侧面，小满墙边，四个混混轮廓不同，路灯黄，潮湿地面,哥哥在中心被围，小川侧面，小满墙边，四个混混轮廓不同，路灯黄，潮湿地面 / Environment continuity lock,whitebox_renders_v2/B04/WB2_ALLEY_MSB087.png
MSB088,B04,10,围殴哥哥,storyboard,A,micro_storyboard_panels/B04/MSB088_10_高杆封退路.png,90年代中国小城，中式梦核现实电影质感，潮湿发黄的童年记忆，低照度，轻微 VHS 噪点，儿童低视角，真实旧衣服和生活痕迹，不漂亮化。人物必须继承 v2 设定：阿磊海军蓝旧运动外套和左眉断点；小川右耳微外翻、过紧红领巾、浅绿色塌书包；小满浅色大衬衫、抓衣角、脚尖内扣；彬子黄发梢、破黑夹克、腰包；高杆高瘦长手臂；大海宽身体褪色 T 恤；小齐条纹内衫和抠袖口。 画面编号 MSB088，段落 10《围殴哥哥》。景别：中景。参考机位：CAM_ALLEY_03_BROTHER_BEATEN。本张只画一个画面状态：高杆封退路。画面焦点：高杆长手臂挡住阿磊侧后，灰白袖子像横杠。人物焦点：高杆/阿磊。表情要求：高杆冷，阿磊被限制。姿态/运动路径：横臂不大动。连续性锚点：哥哥在中心被围，小川侧面，小满墙边，四个混混轮廓不同，路灯黄，潮湿地面。画面应像可用于电影分镜的单张 production storyboard panel，构图清楚，动作状态明确，不要把前后动作合在一张里 【部分原文损坏，需从源文件重建 / Partial source text corrupted; rebuild from source】,不要统一脸型，不要统一发型，不要统一身材，不要童模脸，不要网红脸，不要现代校服，不要现代手机，不要液晶屏，不要女生，不要额外角色，不要成年人黑帮，不要动漫化，不要血腥，不要英雄化暴力。 本张特别避免：复杂武打、血腥、英雄反击、成年人暴力、镜头乱转 【部分原文损坏，需从源文件重建 / Partial source text corrupted; rebuild from source】,确认 高杆/阿磊 可识别；确认 哥哥在中心被围，小川侧面，小满墙边，四个混混轮廓不同，路灯黄，潮湿地面 未漂移；确认只表达「高杆封退路」一个状态。,S3_ALLEY_PRESSURE,巷道压迫阶段 / Alley pressure,角色焦点：高杆/阿磊；连续性：哥哥在中心被围，小川侧面，小满墙边，四个混混轮廓不同，路灯黄，潮湿地面 / Character focus: 高杆/阿磊; continuity: 哥哥在中心被围，小川侧面，小满墙边，四个混混轮廓不同，路灯黄，潮湿地面,角色焦点：高杆/阿磊；连续性：哥哥在中心被围，小川侧面，小满墙边，四个混混轮廓不同，路灯黄，潮湿地面 / Character focus: 高杆/阿磊; continuity: 哥哥在中心被围，小川侧面，小满墙边，四个混混轮廓不同，路灯黄，潮湿地面,哥哥在中心被围，小川侧面，小满墙边，四个混混轮廓不同，路灯黄，潮湿地面 / Environment continuity lock,whitebox_renders_v2/B04/WB2_ALLEY_MSB088.png
MSB089,B04,10,围殴哥哥,storyboard,A,micro_storyboard_panels/B04/MSB089_10_大海肩膀顶近.png,90年代中国小城，中式梦核现实电影质感，潮湿发黄的童年记忆，低照度，轻微 VHS 噪点，儿童低视角，真实旧衣服和生活痕迹，不漂亮化。人物必须继承 v2 设定：阿磊海军蓝旧运动外套和左眉断点；小川右耳微外翻、过紧红领巾、浅绿色塌书包；小满浅色大衬衫、抓衣角、脚尖内扣；彬子黄发梢、破黑夹克、腰包；高杆高瘦长手臂；大海宽身体褪色 T 恤；小齐条纹内衫和抠袖口。 画面编号 MSB089，段落 10《围殴哥哥》。景别：中景。参考机位：CAM_ALLEY_03_BROTHER_BEATEN。本张只画一个画面状态：大海肩膀顶近。画面焦点：大海用肩膀和身体把空间压小，不做漂亮拳脚。人物焦点：大海/阿磊。表情要求：大海执行命令。姿态/运动路径：身体前压。连续性锚点：哥哥在中心被围，小川侧面，小满墙边，四个混混轮廓不同，路灯黄，潮湿地面。画面应像可用于电影分镜的单张 production storyboard panel，构图清楚，动作状态明确，不要把前后动作合在一张里 【部分原文损坏，需从源文件重建 / Partial source text corrupted; rebuild from source】,不要统一脸型，不要统一发型，不要统一身材，不要童模脸，不要网红脸，不要现代校服，不要现代手机，不要液晶屏，不要女生，不要额外角色，不要成年人黑帮，不要动漫化，不要血腥，不要英雄化暴力。 本张特别避免：复杂武打、血腥、英雄反击、成年人暴力、镜头乱转 【部分原文损坏，需从源文件重建 / Partial source text corrupted; rebuild from source】,确认 大海/阿磊 可识别；确认 哥哥在中心被围，小川侧面，小满墙边，四个混混轮廓不同，路灯黄，潮湿地面 未漂移；确认只表达「大海肩膀顶近」一个状态。,S3_ALLEY_PRESSURE,巷道压迫阶段 / Alley pressure,角色焦点：大海/阿磊；连续性：哥哥在中心被围，小川侧面，小满墙边，四个混混轮廓不同，路灯黄，潮湿地面 / Character focus: 大海/阿磊; continuity: 哥哥在中心被围，小川侧面，小满墙边，四个混混轮廓不同，路灯黄，潮湿地面,角色焦点：大海/阿磊；连续性：哥哥在中心被围，小川侧面，小满墙边，四个混混轮廓不同，路灯黄，潮湿地面 / Character focus: 大海/阿磊; continuity: 哥哥在中心被围，小川侧面，小满墙边，四个混混轮廓不同，路灯黄，潮湿地面,哥哥在中心被围，小川侧面，小满墙边，四个混混轮廓不同，路灯黄，潮湿地面 / Environment continuity lock,whitebox_renders_v2/B04/WB2_ALLEY_MSB089.png
MSB090,B04,10,围殴哥哥,storyboard,B,micro_storyboard_panels/B04/MSB090_10_小齐起哄边退.png,90年代中国小城，中式梦核现实电影质感，潮湿发黄的童年记忆，低照度，轻微 VHS 噪点，儿童低视角，真实旧衣服和生活痕迹，不漂亮化。人物必须继承 v2 设定：阿磊海军蓝旧运动外套和左眉断点；小川右耳微外翻、过紧红领巾、浅绿色塌书包；小满浅色大衬衫、抓衣角、脚尖内扣；彬子黄发梢、破黑夹克、腰包；高杆高瘦长手臂；大海宽身体褪色 T 恤；小齐条纹内衫和抠袖口。 画面编号 MSB090，段落 10《围殴哥哥》。景别：中景。参考机位：CAM_ALLEY_03_BROTHER_BEATEN。本张只画一个画面状态：小齐起哄边退。画面焦点：小齐在边上起哄，身体前探但脚随时想退。人物焦点：小齐。表情要求：兴奋又虚。姿态/运动路径：换重心。连续性锚点：哥哥在中心被围，小川侧面，小满墙边，四个混混轮廓不同，路灯黄，潮湿地面。画面应像可用于电影分镜的单张 production storyboard panel，构图清楚，动作状态明确，不要把前后动作合在一张里 【部分原文损坏，需从源文件重建 / Partial source text corrupted; rebuild from source】,不要统一脸型，不要统一发型，不要统一身材，不要童模脸，不要网红脸，不要现代校服，不要现代手机，不要液晶屏，不要女生，不要额外角色，不要成年人黑帮，不要动漫化，不要血腥，不要英雄化暴力。 本张特别避免：复杂武打、血腥、英雄反击、成年人暴力、镜头乱转 【部分原文损坏，需从源文件重建 / Partial source text corrupted; rebuild from source】,确认 小齐 可识别；确认 哥哥在中心被围，小川侧面，小满墙边，四个混混轮廓不同，路灯黄，潮湿地面 未漂移；确认只表达「小齐起哄边退」一个状态。,S3_ALLEY_PRESSURE,巷道压迫阶段 / Alley pressure,角色焦点：小齐；连续性：哥哥在中心被围，小川侧面，小满墙边，四个混混轮廓不同，路灯黄，潮湿地面 / Character focus: 小齐; continuity: 哥哥在中心被围，小川侧面，小满墙边，四个混混轮廓不同，路灯黄，潮湿地面,角色焦点：小齐；连续性：哥哥在中心被围，小川侧面，小满墙边，四个混混轮廓不同，路灯黄，潮湿地面 / Character focus: 小齐; continuity: 哥哥在中心被围，小川侧面，小满墙边，四个混混轮廓不同，路灯黄，潮湿地面,哥哥在中心被围，小川侧面，小满墙边，四个混混轮廓不同，路灯黄，潮湿地面 / Environment continuity lock,whitebox_renders_v2/B04/WB2_ALLEY_MSB090.png
MSB091,B04,10,围殴哥哥,storyboard,A,micro_storyboard_panels/B04/MSB091_10_彬子靠近阿磊.png,90年代中国小城，中式梦核现实电影质感，潮湿发黄的童年记忆，低照度，轻微 VHS 噪点，儿童低视角，真实旧衣服和生活痕迹，不漂亮化。人物必须继承 v2 设定：阿磊海军蓝旧运动外套和左眉断点；小川右耳微外翻、过紧红领巾、浅绿色塌书包；小满浅色大衬衫、抓衣角、脚尖内扣；彬子黄发梢、破黑夹克、腰包；高杆高瘦长手臂；大海宽身体褪色 T 恤；小齐条纹内衫和抠袖口。 画面编号 MSB091，段落 10《围殴哥哥》。景别：近景。参考机位：CAM_ALLEY_03_BROTHER_BEATEN。本张只画一个画面状态：彬子靠近阿磊。画面焦点：彬子站到阿磊面前，短脖子前压，嘴角歪。人物焦点：彬子/阿磊。表情要求：羞辱对峙。姿态/运动路径：下巴顶人。连续性锚点：哥哥在中心被围，小川侧面，小满墙边，四个混混轮廓不同，路灯黄，潮湿地面。画面应像可用于电影分镜的单张 production storyboard panel，构图清楚，动作状态明确，不要把前后动作合在一张里 【部分原文损坏，需从源文件重建 / Partial source text corrupted; rebuild from source】,不要统一脸型，不要统一发型，不要统一身材，不要童模脸，不要网红脸，不要现代校服，不要现代手机，不要液晶屏，不要女生，不要额外角色，不要成年人黑帮，不要动漫化，不要血腥，不要英雄化暴力。 本张特别避免：复杂武打、血腥、英雄反击、成年人暴力、镜头乱转 【部分原文损坏，需从源文件重建 / Partial source text corrupted; rebuild from source】,确认 彬子/阿磊 可识别；确认 哥哥在中心被围，小川侧面，小满墙边，四个混混轮廓不同，路灯黄，潮湿地面 未漂移；确认只表达「彬子靠近阿磊」一个状态。,S3_ALLEY_PRESSURE,巷道压迫阶段 / Alley pressure,角色焦点：彬子/阿磊；连续性：哥哥在中心被围，小川侧面，小满墙边，四个混混轮廓不同，路灯黄，潮湿地面 / Character focus: 彬子/阿磊; continuity: 哥哥在中心被围，小川侧面，小满墙边，四个混混轮廓不同，路灯黄，潮湿地面,角色焦点：彬子/阿磊；连续性：哥哥在中心被围，小川侧面，小满墙边，四个混混轮廓不同，路灯黄，潮湿地面 / Character focus: 彬子/阿磊; continuity: 哥哥在中心被围，小川侧面，小满墙边，四个混混轮廓不同，路灯黄，潮湿地面,哥哥在中心被围，小川侧面，小满墙边，四个混混轮廓不同，路灯黄，潮湿地面 / Environment continuity lock,whitebox_renders_v2/B04/WB2_ALLEY_MSB091.png
MSB092,B04,10,围殴哥哥,storyboard,A,micro_storyboard_panels/B04/MSB092_10_第一次推搡.png,90年代中国小城，中式梦核现实电影质感，潮湿发黄的童年记忆，低照度，轻微 VHS 噪点，儿童低视角，真实旧衣服和生活痕迹，不漂亮化。人物必须继承 v2 设定：阿磊海军蓝旧运动外套和左眉断点；小川右耳微外翻、过紧红领巾、浅绿色塌书包；小满浅色大衬衫、抓衣角、脚尖内扣；彬子黄发梢、破黑夹克、腰包；高杆高瘦长手臂；大海宽身体褪色 T 恤；小齐条纹内衫和抠袖口。 画面编号 MSB092，段落 10《围殴哥哥》。景别：中景。参考机位：CAM_ALLEY_03_BROTHER_BEATEN。本张只画一个画面状态：第一次推搡。画面焦点：阿磊被推得肩膀一歪，仍想站稳。人物焦点：阿磊。表情要求：疼但怕丢脸。姿态/运动路径：身体失衡但没倒。连续性锚点：哥哥在中心被围，小川侧面，小满墙边，四个混混轮廓不同，路灯黄，潮湿地面。画面应像可用于电影分镜的单张 production storyboard panel，构图清楚，动作状态明确，不要把前后动作合在一张里 【部分原文损坏，需从源文件重建 / Partial source text corrupted; rebuild from source】,不要统一脸型，不要统一发型，不要统一身材，不要童模脸，不要网红脸，不要现代校服，不要现代手机，不要液晶屏，不要女生，不要额外角色，不要成年人黑帮，不要动漫化，不要血腥，不要英雄化暴力。 本张特别避免：复杂武打、血腥、英雄反击、成年人暴力、镜头乱转 【部分原文损坏，需从源文件重建 / Partial source text corrupted; rebuild from source】,确认 阿磊 可识别；确认 哥哥在中心被围，小川侧面，小满墙边，四个混混轮廓不同，路灯黄，潮湿地面 未漂移；确认只表达「第一次推搡」一个状态。,S3_ALLEY_PRESSURE,巷道压迫阶段 / Alley pressure,角色焦点：阿磊；连续性：哥哥在中心被围，小川侧面，小满墙边，四个混混轮廓不同，路灯黄，潮湿地面 / Character focus: 阿磊; continuity: 哥哥在中心被围，小川侧面，小满墙边，四个混混轮廓不同，路灯黄，潮湿地面,角色焦点：阿磊；连续性：哥哥在中心被围，小川侧面，小满墙边，四个混混轮廓不同，路灯黄，潮湿地面 / Character focus: 阿磊; continuity: 哥哥在中心被围，小川侧面，小满墙边，四个混混轮廓不同，路灯黄，潮湿地面,哥哥在中心被围，小川侧面，小满墙边，四个混混轮廓不同，路灯黄，潮湿地面 / Environment continuity lock,whitebox_renders_v2/B04/WB2_ALLEY_MSB092.png
MSB093,B04,10,围殴哥哥,keyframe,A,micro_storyboard_panels/B04/MSB093_10_小川侧面僵住.png,90年代中国小城，中式梦核现实电影质感，潮湿发黄的童年记忆，低照度，轻微 VHS 噪点，儿童低视角，真实旧衣服和生活痕迹，不漂亮化。人物必须继承 v2 设定：阿磊海军蓝旧运动外套和左眉断点；小川右耳微外翻、过紧红领巾、浅绿色塌书包；小满浅色大衬衫、抓衣角、脚尖内扣；彬子黄发梢、破黑夹克、腰包；高杆高瘦长手臂；大海宽身体褪色 T 恤；小齐条纹内衫和抠袖口。 画面编号 MSB093，段落 10《围殴哥哥》。景别：中景。参考机位：CAM_ALLEY_03_BROTHER_BEATEN。本张只画一个画面状态：小川侧面僵住。画面焦点：小川站在侧面，双手攥书包带，眼睛在哥哥和彬子之间跳。人物焦点：小川。表情要求：想动但不知道怎么动。姿态/运动路径：身体收紧。连续性锚点：哥哥在中心被围，小川侧面，小满墙边，四个混混轮廓不同，路灯黄，潮湿地面。画面应像可用于电影分镜的单张 production storyboard panel，构图清楚，动作状态明确，不要把前后动作合在一张里 【部分原文损坏，需从源文件重建 / Partial source text corrupted; rebuild from source】,不要统一脸型，不要统一发型，不要统一身材，不要童模脸，不要网红脸，不要现代校服，不要现代手机，不要液晶屏，不要女生，不要额外角色，不要成年人黑帮，不要动漫化，不要血腥，不要英雄化暴力。 本张特别避免：复杂武打、血腥、英雄反击、成年人暴力、镜头乱转 【部分原文损坏，需从源文件重建 / Partial source text corrupted; rebuild from source】,确认 小川 可识别；确认 哥哥在中心被围，小川侧面，小满墙边，四个混混轮廓不同，路灯黄，潮湿地面 未漂移；确认只表达「小川侧面僵住」一个状态。,S3_ALLEY_PRESSURE,巷道压迫阶段 / Alley pressure,角色焦点：小川；连续性：哥哥在中心被围，小川侧面，小满墙边，四个混混轮廓不同，路灯黄，潮湿地面 / Character focus: 小川; continuity: 哥哥在中心被围，小川侧面，小满墙边，四个混混轮廓不同，路灯黄，潮湿地面,角色焦点：小川；连续性：哥哥在中心被围，小川侧面，小满墙边，四个混混轮廓不同，路灯黄，潮湿地面 / Character focus: 小川; continuity: 哥哥在中心被围，小川侧面，小满墙边，四个混混轮廓不同，路灯黄，潮湿地面,哥哥在中心被围，小川侧面，小满墙边，四个混混轮廓不同，路灯黄，潮湿地面 / Environment continuity lock,whitebox_renders_v2/B04/WB2_ALLEY_MSB093.png
MSB094,B04,10,围殴哥哥,storyboard,B,micro_storyboard_panels/B04/MSB094_10_小满完全不动.png,90年代中国小城，中式梦核现实电影质感，潮湿发黄的童年记忆，低照度，轻微 VHS 噪点，儿童低视角，真实旧衣服和生活痕迹，不漂亮化。人物必须继承 v2 设定：阿磊海军蓝旧运动外套和左眉断点；小川右耳微外翻、过紧红领巾、浅绿色塌书包；小满浅色大衬衫、抓衣角、脚尖内扣；彬子黄发梢、破黑夹克、腰包；高杆高瘦长手臂；大海宽身体褪色 T 恤；小齐条纹内衫和抠袖口。 画面编号 MSB094，段落 10《围殴哥哥》。景别：中景。参考机位：CAM_ALLEY_03_BROTHER_BEATEN。本张只画一个画面状态：小满完全不动。画面焦点：小满靠墙，嘴角下压，抓衣角，不哭也不喊。人物焦点：小满。表情要求：被吓空。姿态/运动路径：脚尖内扣，冻结。连续性锚点：哥哥在中心被围，小川侧面，小满墙边，四个混混轮廓不同，路灯黄，潮湿地面。画面应像可用于电影分镜的单张 production storyboard panel，构图清楚，动作状态明确，不要把前后动作合在一张里 【部分原文损坏，需从源文件重建 / Partial source text corrupted; rebuild from source】,不要统一脸型，不要统一发型，不要统一身材，不要童模脸，不要网红脸，不要现代校服，不要现代手机，不要液晶屏，不要女生，不要额外角色，不要成年人黑帮，不要动漫化，不要血腥，不要英雄化暴力。 本张特别避免：复杂武打、血腥、英雄反击、成年人暴力、镜头乱转 【部分原文损坏，需从源文件重建 / Partial source text corrupted; rebuild from source】,确认 小满 可识别；确认 哥哥在中心被围，小川侧面，小满墙边，四个混混轮廓不同，路灯黄，潮湿地面 未漂移；确认只表达「小满完全不动」一个状态。,S3_ALLEY_PRESSURE,巷道压迫阶段 / Alley pressure,角色焦点：小满；连续性：哥哥在中心被围，小川侧面，小满墙边，四个混混轮廓不同，路灯黄，潮湿地面 / Character focus: 小满; continuity: 哥哥在中心被围，小川侧面，小满墙边，四个混混轮廓不同，路灯黄，潮湿地面,角色焦点：小满；连续性：哥哥在中心被围，小川侧面，小满墙边，四个混混轮廓不同，路灯黄，潮湿地面 / Character focus: 小满; continuity: 哥哥在中心被围，小川侧面，小满墙边，四个混混轮廓不同，路灯黄，潮湿地面,哥哥在中心被围，小川侧面，小满墙边，四个混混轮廓不同，路灯黄，潮湿地面 / Environment continuity lock,whitebox_renders_v2/B04/WB2_ALLEY_MSB094.png
MSB095,B04,10,围殴哥哥,keyframe,A,micro_storyboard_panels/B04/MSB095_10_哥哥失衡低位.png,90年代中国小城，中式梦核现实电影质感，潮湿发黄的童年记忆，低照度，轻微 VHS 噪点，儿童低视角，真实旧衣服和生活痕迹，不漂亮化。人物必须继承 v2 设定：阿磊海军蓝旧运动外套和左眉断点；小川右耳微外翻、过紧红领巾、浅绿色塌书包；小满浅色大衬衫、抓衣角、脚尖内扣；彬子黄发梢、破黑夹克、腰包；高杆高瘦长手臂；大海宽身体褪色 T 恤；小齐条纹内衫和抠袖口。 画面编号 MSB095，段落 10《围殴哥哥》。景别：低机位中景。参考机位：CAM_ALLEY_03_BROTHER_BEATEN。本张只画一个画面状态：哥哥失衡低位。画面焦点：阿磊被推到更低位置，混混身体变成画面边框。人物焦点：阿磊/混混。表情要求：阿磊怕丢脸转为真害怕。姿态/运动路径：手持轻晃后停。连续性锚点：哥哥在中心被围，小川侧面，小满墙边，四个混混轮廓不同，路灯黄，潮湿地面。画面应像可用于电影分镜的单张 production storyboard panel，构图清楚，动作状态明确，不要把前后动作合在一张里 【部分原文损坏，需从源文件重建 / Partial source text corrupted; rebuild from source】,不要统一脸型，不要统一发型，不要统一身材，不要童模脸，不要网红脸，不要现代校服，不要现代手机，不要液晶屏，不要女生，不要额外角色，不要成年人黑帮，不要动漫化，不要血腥，不要英雄化暴力。 本张特别避免：复杂武打、血腥、英雄反击、成年人暴力、镜头乱转 【部分原文损坏，需从源文件重建 / Partial source text corrupted; rebuild from source】,确认 阿磊/混混 可识别；确认 哥哥在中心被围，小川侧面，小满墙边，四个混混轮廓不同，路灯黄，潮湿地面 未漂移；确认只表达「哥哥失衡低位」一个状态。,S3_ALLEY_PRESSURE,巷道压迫阶段 / Alley pressure,角色焦点：阿磊/混混；连续性：哥哥在中心被围，小川侧面，小满墙边，四个混混轮廓不同，路灯黄，潮湿地面 / Character focus: 阿磊/混混; continuity: 哥哥在中心被围，小川侧面，小满墙边，四个混混轮廓不同，路灯黄，潮湿地面,角色焦点：阿磊/混混；连续性：哥哥在中心被围，小川侧面，小满墙边，四个混混轮廓不同，路灯黄，潮湿地面 / Character focus: 阿磊/混混; continuity: 哥哥在中心被围，小川侧面，小满墙边，四个混混轮廓不同，路灯黄，潮湿地面,哥哥在中心被围，小川侧面，小满墙边，四个混混轮廓不同，路灯黄，潮湿地面 / Environment continuity lock,whitebox_renders_v2/B04/WB2_ALLEY_MSB095.png
MSB096,B04,10,围殴哥哥,end_frame,A,micro_storyboard_panels/B04/MSB096_10_彬子准备下狠手.png,90年代中国小城，中式梦核现实电影质感，潮湿发黄的童年记忆，低照度，轻微 VHS 噪点，儿童低视角，真实旧衣服和生活痕迹，不漂亮化。人物必须继承 v2 设定：阿磊海军蓝旧运动外套和左眉断点；小川右耳微外翻、过紧红领巾、浅绿色塌书包；小满浅色大衬衫、抓衣角、脚尖内扣；彬子黄发梢、破黑夹克、腰包；高杆高瘦长手臂；大海宽身体褪色 T 恤；小齐条纹内衫和抠袖口。 画面编号 MSB096，段落 10《围殴哥哥》。景别：中近景。参考机位：CAM_ALLEY_03_BROTHER_BEATEN。本张只画一个画面状态：彬子准备下狠手。画面焦点：彬子表情变空，手臂或身体准备进一步动作，但不展示暴力细节。人物焦点：彬子。表情要求：牙关咬紧，失控前。姿态/运动路径：动作停在准备阶段。连续性锚点：哥哥在中心被围，小川侧面，小满墙边，四个混混轮廓不同，路灯黄，潮湿地面。画面应像可用于电影分镜的单张 production storyboard panel，构图清楚，动作状态明确，不要把前后动作合在一张里 【部分原文损坏，需从源文件重建 / Partial source text corrupted; rebuild from source】,不要统一脸型，不要统一发型，不要统一身材，不要童模脸，不要网红脸，不要现代校服，不要现代手机，不要液晶屏，不要女生，不要额外角色，不要成年人黑帮，不要动漫化，不要血腥，不要英雄化暴力。 本张特别避免：复杂武打、血腥、英雄反击、成年人暴力、镜头乱转 【部分原文损坏，需从源文件重建 / Partial source text corrupted; rebuild from source】,确认 彬子 可识别；确认 哥哥在中心被围，小川侧面，小满墙边，四个混混轮廓不同，路灯黄，潮湿地面 未漂移；确认只表达「彬子准备下狠手」一个状态。,S3_ALLEY_PRESSURE,巷道压迫阶段 / Alley pressure,角色焦点：彬子；连续性：哥哥在中心被围，小川侧面，小满墙边，四个混混轮廓不同，路灯黄，潮湿地面 / Character focus: 彬子; continuity: 哥哥在中心被围，小川侧面，小满墙边，四个混混轮廓不同，路灯黄，潮湿地面,角色焦点：彬子；连续性：哥哥在中心被围，小川侧面，小满墙边，四个混混轮廓不同，路灯黄，潮湿地面 / Character focus: 彬子; continuity: 哥哥在中心被围，小川侧面，小满墙边，四个混混轮廓不同，路灯黄，潮湿地面,哥哥在中心被围，小川侧面，小满墙边，四个混混轮廓不同，路灯黄，潮湿地面 / Environment continuity lock,whitebox_renders_v2/B04/WB2_ALLEY_MSB096.png
MSB097,B04,10,围殴哥哥,storyboard,A,micro_storyboard_panels/B04/MSB097_10_小川视线下坠前.png,90年代中国小城，中式梦核现实电影质感，潮湿发黄的童年记忆，低照度，轻微 VHS 噪点，儿童低视角，真实旧衣服和生活痕迹，不漂亮化。人物必须继承 v2 设定：阿磊海军蓝旧运动外套和左眉断点；小川右耳微外翻、过紧红领巾、浅绿色塌书包；小满浅色大衬衫、抓衣角、脚尖内扣；彬子黄发梢、破黑夹克、腰包；高杆高瘦长手臂；大海宽身体褪色 T 恤；小齐条纹内衫和抠袖口。 画面编号 MSB097，段落 10《围殴哥哥》。景别：近景。参考机位：CAM_ALLEY_03_BROTHER_BEATEN。本张只画一个画面状态：小川视线下坠前。画面焦点：小川看到彬子的准备动作，脸僵住，眼神即将落向地面。人物焦点：小川。表情要求：恐惧推到顶点。姿态/运动路径：头部开始下移。连续性锚点：哥哥在中心被围，小川侧面，小满墙边，四个混混轮廓不同，路灯黄，潮湿地面。画面应像可用于电影分镜的单张 production storyboard panel，构图清楚，动作状态明确，不要把前后动作合在一张里 【部分原文损坏，需从源文件重建 / Partial source text corrupted; rebuild from source】,不要统一脸型，不要统一发型，不要统一身材，不要童模脸，不要网红脸，不要现代校服，不要现代手机，不要液晶屏，不要女生，不要额外角色，不要成年人黑帮，不要动漫化，不要血腥，不要英雄化暴力。 本张特别避免：复杂武打、血腥、英雄反击、成年人暴力、镜头乱转 【部分原文损坏，需从源文件重建 / Partial source text corrupted; rebuild from source】,确认 小川 可识别；确认 哥哥在中心被围，小川侧面，小满墙边，四个混混轮廓不同，路灯黄，潮湿地面 未漂移；确认只表达「小川视线下坠前」一个状态。,S3_ALLEY_PRESSURE,巷道压迫阶段 / Alley pressure,角色焦点：小川；连续性：哥哥在中心被围，小川侧面，小满墙边，四个混混轮廓不同，路灯黄，潮湿地面 / Character focus: 小川; continuity: 哥哥在中心被围，小川侧面，小满墙边，四个混混轮廓不同，路灯黄，潮湿地面,角色焦点：小川；连续性：哥哥在中心被围，小川侧面，小满墙边，四个混混轮廓不同，路灯黄，潮湿地面 / Character focus: 小川; continuity: 哥哥在中心被围，小川侧面，小满墙边，四个混混轮廓不同，路灯黄，潮湿地面,哥哥在中心被围，小川侧面，小满墙边，四个混混轮廓不同，路灯黄，潮湿地面 / Environment continuity lock,whitebox_renders_v2/B04/WB2_ALLEY_MSB097.png
MSB098,B04,11,石块失手,prop,A,micro_storyboard_panels/B04/MSB098_11_石块再出现.png,90年代中国小城，中式梦核现实电影质感，潮湿发黄的童年记忆，低照度，轻微 VHS 噪点，儿童低视角，真实旧衣服和生活痕迹，不漂亮化。人物必须继承 v2 设定：阿磊海军蓝旧运动外套和左眉断点；小川右耳微外翻、过紧红领巾、浅绿色塌书包；小满浅色大衬衫、抓衣角、脚尖内扣；彬子黄发梢、破黑夹克、腰包；高杆高瘦长手臂；大海宽身体褪色 T 恤；小齐条纹内衫和抠袖口。 画面编号 MSB098，段落 11《石块失手》。景别：特写。参考机位：CAM_ALLEY_04_STONE_HIT。本张只画一个画面状态：石块再出现。画面焦点：路边普通石块在湿地边缘，旁边碎砖和杂草说明它属于环境。人物焦点：石块/环境。表情要求：无人物，命运感。姿态/运动路径：固定低角度。连续性锚点：路边普通石块、湿地、主角浅绿书包、彬子准备下狠手、声音抽空，避免血腥。画面应像可用于电影分镜的单张 production storyboard panel，构图清楚，动作状态明确，不要把前后动作合在一张里 【部分原文损坏，需从源文件重建 / Partial source text corrupted; rebuild from source】,不要统一脸型，不要统一发型，不要统一身材，不要童模脸，不要网红脸，不要现代校服，不要现代手机，不要液晶屏，不要女生，不要额外角色，不要成年人黑帮，不要动漫化，不要血腥，不要英雄化暴力。 本张特别避免：血腥头部特写、英雄化慢动作、武器摆拍、石块变刀棍、庆祝 【部分原文损坏，需从源文件重建 / Partial source text corrupted; rebuild from source】,确认 石块/环境 可识别；确认 路边普通石块、湿地、主角浅绿书包、彬子准备下狠手、声音抽空，避免血腥 未漂移；确认只表达「石块再出现」一个状态。,S4_STONE_ACCIDENT,石块意外阶段 / Stone accident,角色焦点：石块/环境；连续性：路边普通石块、湿地、主角浅绿书包、彬子准备下狠手、声音抽空，避免血腥 / Character focus: 石块/环境; continuity: 路边普通石块、湿地、主角浅绿书包、彬子准备下狠手、声音抽空，避免血腥,角色焦点：石块/环境；连续性：路边普通石块、湿地、主角浅绿书包、彬子准备下狠手、声音抽空，避免血腥 / Character focus: 石块/环境; continuity: 路边普通石块、湿地、主角浅绿书包、彬子准备下狠手、声音抽空，避免血腥,路边普通石块、湿地、主角浅绿书包、彬子准备下狠手、声音抽空，避免血腥 / Environment continuity lock,whitebox_renders_v2/B04/WB2_ALLEY_MSB098.png
MSB099,B04,11,石块失手,storyboard,A,micro_storyboard_panels/B04/MSB099_11_小川眼神落下.png,90年代中国小城，中式梦核现实电影质感，潮湿发黄的童年记忆，低照度，轻微 VHS 噪点，儿童低视角，真实旧衣服和生活痕迹，不漂亮化。人物必须继承 v2 设定：阿磊海军蓝旧运动外套和左眉断点；小川右耳微外翻、过紧红领巾、浅绿色塌书包；小满浅色大衬衫、抓衣角、脚尖内扣；彬子黄发梢、破黑夹克、腰包；高杆高瘦长手臂；大海宽身体褪色 T 恤；小齐条纹内衫和抠袖口。 画面编号 MSB099，段落 11《石块失手》。景别：近景。参考机位：CAM_ALLEY_04_STONE_HIT。本张只画一个画面状态：小川眼神落下。画面焦点：小川眼神从哥哥和彬子之间突然落到地面石块。人物焦点：小川。表情要求：恐惧中找到一个错误出口。姿态/运动路径：只有眼神变化。连续性锚点：路边普通石块、湿地、主角浅绿书包、彬子准备下狠手、声音抽空，避免血腥。画面应像可用于电影分镜的单张 production storyboard panel，构图清楚，动作状态明确，不要把前后动作合在一张里 【部分原文损坏，需从源文件重建 / Partial source text corrupted; rebuild from source】,不要统一脸型，不要统一发型，不要统一身材，不要童模脸，不要网红脸，不要现代校服，不要现代手机，不要液晶屏，不要女生，不要额外角色，不要成年人黑帮，不要动漫化，不要血腥，不要英雄化暴力。 本张特别避免：血腥头部特写、英雄化慢动作、武器摆拍、石块变刀棍、庆祝 【部分原文损坏，需从源文件重建 / Partial source text corrupted; rebuild from source】,确认 小川 可识别；确认 路边普通石块、湿地、主角浅绿书包、彬子准备下狠手、声音抽空，避免血腥 未漂移；确认只表达「小川眼神落下」一个状态。,S4_STONE_ACCIDENT,石块意外阶段 / Stone accident,角色焦点：小川；连续性：路边普通石块、湿地、主角浅绿书包、彬子准备下狠手、声音抽空，避免血腥 / Character focus: 小川; continuity: 路边普通石块、湿地、主角浅绿书包、彬子准备下狠手、声音抽空，避免血腥,角色焦点：小川；连续性：路边普通石块、湿地、主角浅绿书包、彬子准备下狠手、声音抽空，避免血腥 / Character focus: 小川; continuity: 路边普通石块、湿地、主角浅绿书包、彬子准备下狠手、声音抽空，避免血腥,路边普通石块、湿地、主角浅绿书包、彬子准备下狠手、声音抽空，避免血腥 / Environment continuity lock,whitebox_renders_v2/B04/WB2_ALLEY_MSB099.png
MSB100,B04,11,石块失手,storyboard,B,micro_storyboard_panels/B04/MSB100_11_手松开书包带.png,90年代中国小城，中式梦核现实电影质感，潮湿发黄的童年记忆，低照度，轻微 VHS 噪点，儿童低视角，真实旧衣服和生活痕迹，不漂亮化。人物必须继承 v2 设定：阿磊海军蓝旧运动外套和左眉断点；小川右耳微外翻、过紧红领巾、浅绿色塌书包；小满浅色大衬衫、抓衣角、脚尖内扣；彬子黄发梢、破黑夹克、腰包；高杆高瘦长手臂；大海宽身体褪色 T 恤；小齐条纹内衫和抠袖口。 画面编号 MSB100，段落 11《石块失手》。景别：特写。参考机位：CAM_ALLEY_04_STONE_HIT。本张只画一个画面状态：手松开书包带。画面焦点：小川一只手从书包带上松开，指节发白。人物焦点：小川。表情要求：下意识，不是决定。姿态/运动路径：手部松开。连续性锚点：路边普通石块、湿地、主角浅绿书包、彬子准备下狠手、声音抽空，避免血腥。画面应像可用于电影分镜的单张 production storyboard panel，构图清楚，动作状态明确，不要把前后动作合在一张里 【部分原文损坏，需从源文件重建 / Partial source text corrupted; rebuild from source】,不要统一脸型，不要统一发型，不要统一身材，不要童模脸，不要网红脸，不要现代校服，不要现代手机，不要液晶屏，不要女生，不要额外角色，不要成年人黑帮，不要动漫化，不要血腥，不要英雄化暴力。 本张特别避免：血腥头部特写、英雄化慢动作、武器摆拍、石块变刀棍、庆祝 【部分原文损坏，需从源文件重建 / Partial source text corrupted; rebuild from source】,确认 小川 可识别；确认 路边普通石块、湿地、主角浅绿书包、彬子准备下狠手、声音抽空，避免血腥 未漂移；确认只表达「手松开书包带」一个状态。,S4_STONE_ACCIDENT,石块意外阶段 / Stone accident,角色焦点：小川；连续性：路边普通石块、湿地、主角浅绿书包、彬子准备下狠手、声音抽空，避免血腥 / Character focus: 小川; continuity: 路边普通石块、湿地、主角浅绿书包、彬子准备下狠手、声音抽空，避免血腥,角色焦点：小川；连续性：路边普通石块、湿地、主角浅绿书包、彬子准备下狠手、声音抽空，避免血腥 / Character focus: 小川; continuity: 路边普通石块、湿地、主角浅绿书包、彬子准备下狠手、声音抽空，避免血腥,路边普通石块、湿地、主角浅绿书包、彬子准备下狠手、声音抽空，避免血腥 / Environment continuity lock,whitebox_renders_v2/B04/WB2_ALLEY_MSB100.png
MSB101,B04,11,石块失手,storyboard,A,micro_storyboard_panels/B04/MSB101_11_弯身动作开始.png,90年代中国小城，中式梦核现实电影质感，潮湿发黄的童年记忆，低照度，轻微 VHS 噪点，儿童低视角，真实旧衣服和生活痕迹，不漂亮化。人物必须继承 v2 设定：阿磊海军蓝旧运动外套和左眉断点；小川右耳微外翻、过紧红领巾、浅绿色塌书包；小满浅色大衬衫、抓衣角、脚尖内扣；彬子黄发梢、破黑夹克、腰包；高杆高瘦长手臂；大海宽身体褪色 T 恤；小齐条纹内衫和抠袖口。 画面编号 MSB101，段落 11《石块失手》。景别：中景。参考机位：CAM_ALLEY_04_STONE_HIT。本张只画一个画面状态：弯身动作开始。画面焦点：小川身体歪斜向下，不是漂亮下蹲，书包失去平衡。人物焦点：小川。表情要求：慌乱失控。姿态/运动路径：身体向下折。连续性锚点：路边普通石块、湿地、主角浅绿书包、彬子准备下狠手、声音抽空，避免血腥。画面应像可用于电影分镜的单张 production storyboard panel，构图清楚，动作状态明确，不要把前后动作合在一张里 【部分原文损坏，需从源文件重建 / Partial source text corrupted; rebuild from source】,不要统一脸型，不要统一发型，不要统一身材，不要童模脸，不要网红脸，不要现代校服，不要现代手机，不要液晶屏，不要女生，不要额外角色，不要成年人黑帮，不要动漫化，不要血腥，不要英雄化暴力。 本张特别避免：血腥头部特写、英雄化慢动作、武器摆拍、石块变刀棍、庆祝 【部分原文损坏，需从源文件重建 / Partial source text corrupted; rebuild from source】,确认 小川 可识别；确认 路边普通石块、湿地、主角浅绿书包、彬子准备下狠手、声音抽空，避免血腥 未漂移；确认只表达「弯身动作开始」一个状态。,S4_STONE_ACCIDENT,石块意外阶段 / Stone accident,角色焦点：小川；连续性：路边普通石块、湿地、主角浅绿书包、彬子准备下狠手、声音抽空，避免血腥 / Character focus: 小川; continuity: 路边普通石块、湿地、主角浅绿书包、彬子准备下狠手、声音抽空，避免血腥,角色焦点：小川；连续性：路边普通石块、湿地、主角浅绿书包、彬子准备下狠手、声音抽空，避免血腥 / Character focus: 小川; continuity: 路边普通石块、湿地、主角浅绿书包、彬子准备下狠手、声音抽空，避免血腥,路边普通石块、湿地、主角浅绿书包、彬子准备下狠手、声音抽空，避免血腥 / Environment continuity lock,whitebox_renders_v2/B04/WB2_ALLEY_MSB101.png
MSB102,B04,11,石块失手,keyframe,A,micro_storyboard_panels/B04/MSB102_11_手碰到石块.png,90年代中国小城，中式梦核现实电影质感，潮湿发黄的童年记忆，低照度，轻微 VHS 噪点，儿童低视角，真实旧衣服和生活痕迹，不漂亮化。人物必须继承 v2 设定：阿磊海军蓝旧运动外套和左眉断点；小川右耳微外翻、过紧红领巾、浅绿色塌书包；小满浅色大衬衫、抓衣角、脚尖内扣；彬子黄发梢、破黑夹克、腰包；高杆高瘦长手臂；大海宽身体褪色 T 恤；小齐条纹内衫和抠袖口。 画面编号 MSB102，段落 11《石块失手》。景别：特写。参考机位：CAM_ALLEY_04_STONE_HIT。本张只画一个画面状态：手碰到石块。画面焦点：小川的手碰到湿石块，泥水和小手比例清楚。人物焦点：小川/石块。表情要求：急促，迟疑不到一秒。姿态/运动路径：手抓住石块。连续性锚点：路边普通石块、湿地、主角浅绿书包、彬子准备下狠手、声音抽空，避免血腥。画面应像可用于电影分镜的单张 production storyboard panel，构图清楚，动作状态明确，不要把前后动作合在一张里 【部分原文损坏，需从源文件重建 / Partial source text corrupted; rebuild from source】,不要统一脸型，不要统一发型，不要统一身材，不要童模脸，不要网红脸，不要现代校服，不要现代手机，不要液晶屏，不要女生，不要额外角色，不要成年人黑帮，不要动漫化，不要血腥，不要英雄化暴力。 本张特别避免：血腥头部特写、英雄化慢动作、武器摆拍、石块变刀棍、庆祝 【部分原文损坏，需从源文件重建 / Partial source text corrupted; rebuild from source】,确认 小川/石块 可识别；确认 路边普通石块、湿地、主角浅绿书包、彬子准备下狠手、声音抽空，避免血腥 未漂移；确认只表达「手碰到石块」一个状态。,S4_STONE_ACCIDENT,石块意外阶段 / Stone accident,角色焦点：小川/石块；连续性：路边普通石块、湿地、主角浅绿书包、彬子准备下狠手、声音抽空，避免血腥 / Character focus: 小川/石块; continuity: 路边普通石块、湿地、主角浅绿书包、彬子准备下狠手、声音抽空，避免血腥,角色焦点：小川/石块；连续性：路边普通石块、湿地、主角浅绿书包、彬子准备下狠手、声音抽空，避免血腥 / Character focus: 小川/石块; continuity: 路边普通石块、湿地、主角浅绿书包、彬子准备下狠手、声音抽空，避免血腥,路边普通石块、湿地、主角浅绿书包、彬子准备下狠手、声音抽空，避免血腥 / Environment continuity lock,whitebox_renders_v2/B04/WB2_ALLEY_MSB102.png
MSB103,B04,11,石块失手,storyboard,A,micro_storyboard_panels/B04/MSB103_11_彬子动作逼近.png,90年代中国小城，中式梦核现实电影质感，潮湿发黄的童年记忆，低照度，轻微 VHS 噪点，儿童低视角，真实旧衣服和生活痕迹，不漂亮化。人物必须继承 v2 设定：阿磊海军蓝旧运动外套和左眉断点；小川右耳微外翻、过紧红领巾、浅绿色塌书包；小满浅色大衬衫、抓衣角、脚尖内扣；彬子黄发梢、破黑夹克、腰包；高杆高瘦长手臂；大海宽身体褪色 T 恤；小齐条纹内衫和抠袖口。 画面编号 MSB103，段落 11《石块失手》。景别：中景。参考机位：CAM_ALLEY_04_STONE_HIT。本张只画一个画面状态：彬子动作逼近。画面焦点：彬子准备动作继续靠近阿磊，画面边缘小川弯身。人物焦点：彬子/阿磊/小川。表情要求：彬子失控，小川被逼急。姿态/运动路径：两条动作线并置。连续性锚点：路边普通石块、湿地、主角浅绿书包、彬子准备下狠手、声音抽空，避免血腥。画面应像可用于电影分镜的单张 production storyboard panel，构图清楚，动作状态明确，不要把前后动作合在一张里 【部分原文损坏，需从源文件重建 / Partial source text corrupted; rebuild from source】,不要统一脸型，不要统一发型，不要统一身材，不要童模脸，不要网红脸，不要现代校服，不要现代手机，不要液晶屏，不要女生，不要额外角色，不要成年人黑帮，不要动漫化，不要血腥，不要英雄化暴力。 本张特别避免：血腥头部特写、英雄化慢动作、武器摆拍、石块变刀棍、庆祝 【部分原文损坏，需从源文件重建 / Partial source text corrupted; rebuild from source】,确认 彬子/阿磊/小川 可识别；确认 路边普通石块、湿地、主角浅绿书包、彬子准备下狠手、声音抽空，避免血腥 未漂移；确认只表达「彬子动作逼近」一个状态。,S4_STONE_ACCIDENT,石块意外阶段 / Stone accident,角色焦点：彬子/阿磊/小川；连续性：路边普通石块、湿地、主角浅绿书包、彬子准备下狠手、声音抽空，避免血腥 / Character focus: 彬子/阿磊/小川; continuity: 路边普通石块、湿地、主角浅绿书包、彬子准备下狠手、声音抽空，避免血腥,角色焦点：彬子/阿磊/小川；连续性：路边普通石块、湿地、主角浅绿书包、彬子准备下狠手、声音抽空，避免血腥 / Character focus: 彬子/阿磊/小川; continuity: 路边普通石块、湿地、主角浅绿书包、彬子准备下狠手、声音抽空，避免血腥,路边普通石块、湿地、主角浅绿书包、彬子准备下狠手、声音抽空，避免血腥 / Environment continuity lock,whitebox_renders_v2/B04/WB2_ALLEY_MSB103.png
MSB104,B04,11,石块失手,storyboard,A,micro_storyboard_panels/B04/MSB104_11_小川起身甩动.png,90年代中国小城，中式梦核现实电影质感，潮湿发黄的童年记忆，低照度，轻微 VHS 噪点，儿童低视角，真实旧衣服和生活痕迹，不漂亮化。人物必须继承 v2 设定：阿磊海军蓝旧运动外套和左眉断点；小川右耳微外翻、过紧红领巾、浅绿色塌书包；小满浅色大衬衫、抓衣角、脚尖内扣；彬子黄发梢、破黑夹克、腰包；高杆高瘦长手臂；大海宽身体褪色 T 恤；小齐条纹内衫和抠袖口。 画面编号 MSB104，段落 11《石块失手》。景别：中景。参考机位：CAM_ALLEY_04_STONE_HIT。本张只画一个画面状态：小川起身甩动。画面焦点：小川抓着石块猛地起身，身体歪，动作短促混乱。人物焦点：小川。表情要求：惊恐，不是愤怒。姿态/运动路径：起身+甩动合一。连续性锚点：路边普通石块、湿地、主角浅绿书包、彬子准备下狠手、声音抽空，避免血腥。画面应像可用于电影分镜的单张 production storyboard panel，构图清楚，动作状态明确，不要把前后动作合在一张里 【部分原文损坏，需从源文件重建 / Partial source text corrupted; rebuild from source】,不要统一脸型，不要统一发型，不要统一身材，不要童模脸，不要网红脸，不要现代校服，不要现代手机，不要液晶屏，不要女生，不要额外角色，不要成年人黑帮，不要动漫化，不要血腥，不要英雄化暴力。 本张特别避免：血腥头部特写、英雄化慢动作、武器摆拍、石块变刀棍、庆祝 【部分原文损坏，需从源文件重建 / Partial source text corrupted; rebuild from source】,确认 小川 可识别；确认 路边普通石块、湿地、主角浅绿书包、彬子准备下狠手、声音抽空，避免血腥 未漂移；确认只表达「小川起身甩动」一个状态。,S4_STONE_ACCIDENT,石块意外阶段 / Stone accident,角色焦点：小川；连续性：路边普通石块、湿地、主角浅绿书包、彬子准备下狠手、声音抽空，避免血腥 / Character focus: 小川; continuity: 路边普通石块、湿地、主角浅绿书包、彬子准备下狠手、声音抽空，避免血腥,角色焦点：小川；连续性：路边普通石块、湿地、主角浅绿书包、彬子准备下狠手、声音抽空，避免血腥 / Character focus: 小川; continuity: 路边普通石块、湿地、主角浅绿书包、彬子准备下狠手、声音抽空，避免血腥,路边普通石块、湿地、主角浅绿书包、彬子准备下狠手、声音抽空，避免血腥 / Environment continuity lock,whitebox_renders_v2/B04/WB2_ALLEY_MSB104.png
MSB105,B04,11,石块失手,end_frame,A,micro_storyboard_panels/B04/MSB105_11_遮挡冲击瞬间.png,90年代中国小城，中式梦核现实电影质感，潮湿发黄的童年记忆，低照度，轻微 VHS 噪点，儿童低视角，真实旧衣服和生活痕迹，不漂亮化。人物必须继承 v2 设定：阿磊海军蓝旧运动外套和左眉断点；小川右耳微外翻、过紧红领巾、浅绿色塌书包；小满浅色大衬衫、抓衣角、脚尖内扣；彬子黄发梢、破黑夹克、腰包；高杆高瘦长手臂；大海宽身体褪色 T 恤；小齐条纹内衫和抠袖口。 画面编号 MSB105，段落 11《石块失手》。景别：中景。参考机位：CAM_ALLEY_04_STONE_HIT。本张只画一个画面状态：遮挡冲击瞬间。画面焦点：前景人影或路灯柱遮住冲击瞬间，只看到众人身体突然停住。人物焦点：全体。表情要求：声音抽空。姿态/运动路径：动作后突然 locked-off。连续性锚点：路边普通石块、湿地、主角浅绿书包、彬子准备下狠手、声音抽空，避免血腥。画面应像可用于电影分镜的单张 production storyboard panel，构图清楚，动作状态明确，不要把前后动作合在一张里 【部分原文损坏，需从源文件重建 / Partial source text corrupted; rebuild from source】,不要统一脸型，不要统一发型，不要统一身材，不要童模脸，不要网红脸，不要现代校服，不要现代手机，不要液晶屏，不要女生，不要额外角色，不要成年人黑帮，不要动漫化，不要血腥，不要英雄化暴力。 本张特别避免：血腥头部特写、英雄化慢动作、武器摆拍、石块变刀棍、庆祝 【部分原文损坏，需从源文件重建 / Partial source text corrupted; rebuild from source】,确认 全体 可识别；确认 路边普通石块、湿地、主角浅绿书包、彬子准备下狠手、声音抽空，避免血腥 未漂移；确认只表达「遮挡冲击瞬间」一个状态。,S4_STONE_ACCIDENT,石块意外阶段 / Stone accident,角色焦点：全体；连续性：路边普通石块、湿地、主角浅绿书包、彬子准备下狠手、声音抽空，避免血腥 / Character focus: 全体; continuity: 路边普通石块、湿地、主角浅绿书包、彬子准备下狠手、声音抽空，避免血腥,角色焦点：全体；连续性：路边普通石块、湿地、主角浅绿书包、彬子准备下狠手、声音抽空，避免血腥 / Character focus: 全体; continuity: 路边普通石块、湿地、主角浅绿书包、彬子准备下狠手、声音抽空，避免血腥,路边普通石块、湿地、主角浅绿书包、彬子准备下狠手、声音抽空，避免血腥 / Environment continuity lock,whitebox_renders_v2/B04/WB2_ALLEY_MSB105.png
MSB106,B04,11,石块失手,keyframe,A,micro_storyboard_panels/B04/MSB106_11_彬子不可置信.png,90年代中国小城，中式梦核现实电影质感，潮湿发黄的童年记忆，低照度，轻微 VHS 噪点，儿童低视角，真实旧衣服和生活痕迹，不漂亮化。人物必须继承 v2 设定：阿磊海军蓝旧运动外套和左眉断点；小川右耳微外翻、过紧红领巾、浅绿色塌书包；小满浅色大衬衫、抓衣角、脚尖内扣；彬子黄发梢、破黑夹克、腰包；高杆高瘦长手臂；大海宽身体褪色 T 恤；小齐条纹内衫和抠袖口。 画面编号 MSB106，段落 11《石块失手》。景别：近景。参考机位：CAM_ALLEY_04_STONE_HIT。本张只画一个画面状态：彬子不可置信。画面焦点：彬子不做血腥表现，只拍脸上不可置信和失去凶相的空白。人物焦点：彬子。表情要求：从凶变空。姿态/运动路径：停住不动。连续性锚点：路边普通石块、湿地、主角浅绿书包、彬子准备下狠手、声音抽空，避免血腥。画面应像可用于电影分镜的单张 production storyboard panel，构图清楚，动作状态明确，不要把前后动作合在一张里 【部分原文损坏，需从源文件重建 / Partial source text corrupted; rebuild from source】,不要统一脸型，不要统一发型，不要统一身材，不要童模脸，不要网红脸，不要现代校服，不要现代手机，不要液晶屏，不要女生，不要额外角色，不要成年人黑帮，不要动漫化，不要血腥，不要英雄化暴力。 本张特别避免：血腥头部特写、英雄化慢动作、武器摆拍、石块变刀棍、庆祝 【部分原文损坏，需从源文件重建 / Partial source text corrupted; rebuild from source】,确认 彬子 可识别；确认 路边普通石块、湿地、主角浅绿书包、彬子准备下狠手、声音抽空，避免血腥 未漂移；确认只表达「彬子不可置信」一个状态。,S4_STONE_ACCIDENT,石块意外阶段 / Stone accident,角色焦点：彬子；连续性：路边普通石块、湿地、主角浅绿书包、彬子准备下狠手、声音抽空，避免血腥 / Character focus: 彬子; continuity: 路边普通石块、湿地、主角浅绿书包、彬子准备下狠手、声音抽空，避免血腥,角色焦点：彬子；连续性：路边普通石块、湿地、主角浅绿书包、彬子准备下狠手、声音抽空，避免血腥 / Character focus: 彬子; continuity: 路边普通石块、湿地、主角浅绿书包、彬子准备下狠手、声音抽空，避免血腥,路边普通石块、湿地、主角浅绿书包、彬子准备下狠手、声音抽空，避免血腥 / Environment continuity lock,whitebox_renders_v2/B04/WB2_ALLEY_MSB106.png
MSB107,B04,11,石块失手,keyframe,A,micro_storyboard_panels/B04/MSB107_11_小川失声.png,90年代中国小城，中式梦核现实电影质感，潮湿发黄的童年记忆，低照度，轻微 VHS 噪点，儿童低视角，真实旧衣服和生活痕迹，不漂亮化。人物必须继承 v2 设定：阿磊海军蓝旧运动外套和左眉断点；小川右耳微外翻、过紧红领巾、浅绿色塌书包；小满浅色大衬衫、抓衣角、脚尖内扣；彬子黄发梢、破黑夹克、腰包；高杆高瘦长手臂；大海宽身体褪色 T 恤；小齐条纹内衫和抠袖口。 画面编号 MSB107，段落 11《石块失手》。景别：近景。参考机位：CAM_ALLEY_04_STONE_HIT。本张只画一个画面状态：小川失声。画面焦点：小川手还悬着，嘴张开但发不出声，浅绿书包歪到一边。人物焦点：小川。表情要求：彻底惊恐。姿态/运动路径：冻结一拍。连续性锚点：路边普通石块、湿地、主角浅绿书包、彬子准备下狠手、声音抽空，避免血腥。画面应像可用于电影分镜的单张 production storyboard panel，构图清楚，动作状态明确，不要把前后动作合在一张里 【部分原文损坏，需从源文件重建 / Partial source text corrupted; rebuild from source】,不要统一脸型，不要统一发型，不要统一身材，不要童模脸，不要网红脸，不要现代校服，不要现代手机，不要液晶屏，不要女生，不要额外角色，不要成年人黑帮，不要动漫化，不要血腥，不要英雄化暴力。 本张特别避免：血腥头部特写、英雄化慢动作、武器摆拍、石块变刀棍、庆祝 【部分原文损坏，需从源文件重建 / Partial source text corrupted; rebuild from source】,确认 小川 可识别；确认 路边普通石块、湿地、主角浅绿书包、彬子准备下狠手、声音抽空，避免血腥 未漂移；确认只表达「小川失声」一个状态。,S4_STONE_ACCIDENT,石块意外阶段 / Stone accident,角色焦点：小川；连续性：路边普通石块、湿地、主角浅绿书包、彬子准备下狠手、声音抽空，避免血腥 / Character focus: 小川; continuity: 路边普通石块、湿地、主角浅绿书包、彬子准备下狠手、声音抽空，避免血腥,角色焦点：小川；连续性：路边普通石块、湿地、主角浅绿书包、彬子准备下狠手、声音抽空，避免血腥 / Character focus: 小川; continuity: 路边普通石块、湿地、主角浅绿书包、彬子准备下狠手、声音抽空，避免血腥,路边普通石块、湿地、主角浅绿书包、彬子准备下狠手、声音抽空，避免血腥 / Environment continuity lock,whitebox_renders_v2/B04/WB2_ALLEY_MSB107.png
MSB108,B04,12,主角逃跑,start_frame,A,micro_storyboard_panels/B04/MSB108_12_冻结后的第一步.png,90年代中国小城，中式梦核现实电影质感，潮湿发黄的童年记忆，低照度，轻微 VHS 噪点，儿童低视角，真实旧衣服和生活痕迹，不漂亮化。人物必须继承 v2 设定：阿磊海军蓝旧运动外套和左眉断点；小川右耳微外翻、过紧红领巾、浅绿色塌书包；小满浅色大衬衫、抓衣角、脚尖内扣；彬子黄发梢、破黑夹克、腰包；高杆高瘦长手臂；大海宽身体褪色 T 恤；小齐条纹内衫和抠袖口。 画面编号 MSB108，段落 12《主角逃跑》。景别：中景。参考机位：CAM_ALLEY_05_ESCAPE_VECTOR。本张只画一个画面状态：冻结后的第一步。画面焦点：小川从冻结中突然歪出去，脚步不是标准起跑。人物焦点：小川。表情要求：惊恐自动反应。姿态/运动路径：身体先歪，脚才跟上。连续性锚点：小川沿小路深处逃向废楼方向，书包剧烈晃动，哥哥小满留在后方混乱中，路灯拖影。画面应像可用于电影分镜的单张 production storyboard panel，构图清楚，动作状态明确，不要把前后动作合在一张里 【部分原文损坏，需从源文件重建 / Partial source text corrupted; rebuild from source】,不要统一脸型，不要统一发型，不要统一身材，不要童模脸，不要网红脸，不要现代校服，不要现代手机，不要液晶屏，不要女生，不要额外角色，不要成年人黑帮，不要动漫化，不要血腥，不要英雄化暴力。 本张特别避免：逃跑方向漂移、大街追车、突然变白天、追兵追到身边、哥哥小满一起跑 【部分原文损坏，需从源文件重建 / Partial source text corrupted; rebuild from source】,确认 小川 可识别；确认 小川沿小路深处逃向废楼方向，书包剧烈晃动，哥哥小满留在后方混乱中，路灯拖影 未漂移；确认只表达「冻结后的第一步」一个状态。,S5_ESCAPE_DIRTY,惊逃脏污阶段 / Escape dirty,角色焦点：小川；连续性：小川沿小路深处逃向废楼方向，书包剧烈晃动，哥哥小满留在后方混乱中，路灯拖影 / Character focus: 小川; continuity: 小川沿小路深处逃向废楼方向，书包剧烈晃动，哥哥小满留在后方混乱中，路灯拖影,角色焦点：小川；连续性：小川沿小路深处逃向废楼方向，书包剧烈晃动，哥哥小满留在后方混乱中，路灯拖影 / Character focus: 小川; continuity: 小川沿小路深处逃向废楼方向，书包剧烈晃动，哥哥小满留在后方混乱中，路灯拖影,小川沿小路深处逃向废楼方向，书包剧烈晃动，哥哥小满留在后方混乱中，路灯拖影 / Environment continuity lock,whitebox_renders_v2/B04/WB2_ALLEY_MSB108.png
MSB109,B04,12,主角逃跑,storyboard,A,micro_storyboard_panels/B04/MSB109_12_书包猛甩.png,90年代中国小城，中式梦核现实电影质感，潮湿发黄的童年记忆，低照度，轻微 VHS 噪点，儿童低视角，真实旧衣服和生活痕迹，不漂亮化。人物必须继承 v2 设定：阿磊海军蓝旧运动外套和左眉断点；小川右耳微外翻、过紧红领巾、浅绿色塌书包；小满浅色大衬衫、抓衣角、脚尖内扣；彬子黄发梢、破黑夹克、腰包；高杆高瘦长手臂；大海宽身体褪色 T 恤；小齐条纹内衫和抠袖口。 画面编号 MSB109，段落 12《主角逃跑》。景别：近景。参考机位：CAM_ALLEY_05_ESCAPE_VECTOR。本张只画一个画面状态：书包猛甩。画面焦点：浅绿色书包斜甩，红领巾被带起，证明是同一个主角。人物焦点：小川/道具。表情要求：恐惧速度。姿态/运动路径：低位跟拍。连续性锚点：小川沿小路深处逃向废楼方向，书包剧烈晃动，哥哥小满留在后方混乱中，路灯拖影。画面应像可用于电影分镜的单张 production storyboard panel，构图清楚，动作状态明确，不要把前后动作合在一张里 【部分原文损坏，需从源文件重建 / Partial source text corrupted; rebuild from source】,不要统一脸型，不要统一发型，不要统一身材，不要童模脸，不要网红脸，不要现代校服，不要现代手机，不要液晶屏，不要女生，不要额外角色，不要成年人黑帮，不要动漫化，不要血腥，不要英雄化暴力。 本张特别避免：逃跑方向漂移、大街追车、突然变白天、追兵追到身边、哥哥小满一起跑 【部分原文损坏，需从源文件重建 / Partial source text corrupted; rebuild from source】,确认 小川/道具 可识别；确认 小川沿小路深处逃向废楼方向，书包剧烈晃动，哥哥小满留在后方混乱中，路灯拖影 未漂移；确认只表达「书包猛甩」一个状态。,S5_ESCAPE_DIRTY,惊逃脏污阶段 / Escape dirty,角色焦点：小川/道具；连续性：小川沿小路深处逃向废楼方向，书包剧烈晃动，哥哥小满留在后方混乱中，路灯拖影 / Character focus: 小川/道具; continuity: 小川沿小路深处逃向废楼方向，书包剧烈晃动，哥哥小满留在后方混乱中，路灯拖影,角色焦点：小川/道具；连续性：小川沿小路深处逃向废楼方向，书包剧烈晃动，哥哥小满留在后方混乱中，路灯拖影 / Character focus: 小川/道具; continuity: 小川沿小路深处逃向废楼方向，书包剧烈晃动，哥哥小满留在后方混乱中，路灯拖影,小川沿小路深处逃向废楼方向，书包剧烈晃动，哥哥小满留在后方混乱中，路灯拖影 / Environment continuity lock,whitebox_renders_v2/B04/WB2_ALLEY_MSB109.png
MSB110,B04,12,主角逃跑,storyboard,A,micro_storyboard_panels/B04/MSB110_12_哥哥留后方.png,90年代中国小城，中式梦核现实电影质感，潮湿发黄的童年记忆，低照度，轻微 VHS 噪点，儿童低视角，真实旧衣服和生活痕迹，不漂亮化。人物必须继承 v2 设定：阿磊海军蓝旧运动外套和左眉断点；小川右耳微外翻、过紧红领巾、浅绿色塌书包；小满浅色大衬衫、抓衣角、脚尖内扣；彬子黄发梢、破黑夹克、腰包；高杆高瘦长手臂；大海宽身体褪色 T 恤；小齐条纹内衫和抠袖口。 画面编号 MSB110，段落 12《主角逃跑》。景别：远景。参考机位：CAM_ALLEY_05_ESCAPE_VECTOR。本张只画一个画面状态：哥哥留后方。画面焦点：阿磊和小满留在混乱后方，阿磊半起身想喊，小满仍僵。人物焦点：阿磊/小满。表情要求：震惊和迟滞。姿态/运动路径：不跟跑。连续性锚点：小川沿小路深处逃向废楼方向，书包剧烈晃动，哥哥小满留在后方混乱中，路灯拖影。画面应像可用于电影分镜的单张 production storyboard panel，构图清楚，动作状态明确，不要把前后动作合在一张里 【部分原文损坏，需从源文件重建 / Partial source text corrupted; rebuild from source】,不要统一脸型，不要统一发型，不要统一身材，不要童模脸，不要网红脸，不要现代校服，不要现代手机，不要液晶屏，不要女生，不要额外角色，不要成年人黑帮，不要动漫化，不要血腥，不要英雄化暴力。 本张特别避免：逃跑方向漂移、大街追车、突然变白天、追兵追到身边、哥哥小满一起跑 【部分原文损坏，需从源文件重建 / Partial source text corrupted; rebuild from source】,确认 阿磊/小满 可识别；确认 小川沿小路深处逃向废楼方向，书包剧烈晃动，哥哥小满留在后方混乱中，路灯拖影 未漂移；确认只表达「哥哥留后方」一个状态。,S5_ESCAPE_DIRTY,惊逃脏污阶段 / Escape dirty,角色焦点：阿磊/小满；连续性：小川沿小路深处逃向废楼方向，书包剧烈晃动，哥哥小满留在后方混乱中，路灯拖影 / Character focus: 阿磊/小满; continuity: 小川沿小路深处逃向废楼方向，书包剧烈晃动，哥哥小满留在后方混乱中，路灯拖影,角色焦点：阿磊/小满；连续性：小川沿小路深处逃向废楼方向，书包剧烈晃动，哥哥小满留在后方混乱中，路灯拖影 / Character focus: 阿磊/小满; continuity: 小川沿小路深处逃向废楼方向，书包剧烈晃动，哥哥小满留在后方混乱中，路灯拖影,小川沿小路深处逃向废楼方向，书包剧烈晃动，哥哥小满留在后方混乱中，路灯拖影 / Environment continuity lock,whitebox_renders_v2/B04/WB2_ALLEY_MSB110.png
MSB111,B04,12,主角逃跑,storyboard,B,micro_storyboard_panels/B04/MSB111_12_混混反应慢半拍.png,90年代中国小城，中式梦核现实电影质感，潮湿发黄的童年记忆，低照度，轻微 VHS 噪点，儿童低视角，真实旧衣服和生活痕迹，不漂亮化。人物必须继承 v2 设定：阿磊海军蓝旧运动外套和左眉断点；小川右耳微外翻、过紧红领巾、浅绿色塌书包；小满浅色大衬衫、抓衣角、脚尖内扣；彬子黄发梢、破黑夹克、腰包；高杆高瘦长手臂；大海宽身体褪色 T 恤；小齐条纹内衫和抠袖口。 画面编号 MSB111，段落 12《主角逃跑》。景别：中景。参考机位：CAM_ALLEY_05_ESCAPE_VECTOR。本张只画一个画面状态：混混反应慢半拍。画面焦点：高杆和大海先愣住，小齐收声，彬子状态不清。人物焦点：混混四人。表情要求：群体失控。姿态/运动路径：动作延迟。连续性锚点：小川沿小路深处逃向废楼方向，书包剧烈晃动，哥哥小满留在后方混乱中，路灯拖影。画面应像可用于电影分镜的单张 production storyboard panel，构图清楚，动作状态明确，不要把前后动作合在一张里 【部分原文损坏，需从源文件重建 / Partial source text corrupted; rebuild from source】,不要统一脸型，不要统一发型，不要统一身材，不要童模脸，不要网红脸，不要现代校服，不要现代手机，不要液晶屏，不要女生，不要额外角色，不要成年人黑帮，不要动漫化，不要血腥，不要英雄化暴力。 本张特别避免：逃跑方向漂移、大街追车、突然变白天、追兵追到身边、哥哥小满一起跑 【部分原文损坏，需从源文件重建 / Partial source text corrupted; rebuild from source】,确认 混混四人 可识别；确认 小川沿小路深处逃向废楼方向，书包剧烈晃动，哥哥小满留在后方混乱中，路灯拖影 未漂移；确认只表达「混混反应慢半拍」一个状态。,S5_ESCAPE_DIRTY,惊逃脏污阶段 / Escape dirty,角色焦点：混混四人；连续性：小川沿小路深处逃向废楼方向，书包剧烈晃动，哥哥小满留在后方混乱中，路灯拖影 / Character focus: 混混四人; continuity: 小川沿小路深处逃向废楼方向，书包剧烈晃动，哥哥小满留在后方混乱中，路灯拖影,角色焦点：混混四人；连续性：小川沿小路深处逃向废楼方向，书包剧烈晃动，哥哥小满留在后方混乱中，路灯拖影 / Character focus: 混混四人; continuity: 小川沿小路深处逃向废楼方向，书包剧烈晃动，哥哥小满留在后方混乱中，路灯拖影,小川沿小路深处逃向废楼方向，书包剧烈晃动，哥哥小满留在后方混乱中，路灯拖影 / Environment continuity lock,whitebox_renders_v2/B04/WB2_ALLEY_MSB111.png
MSB112,B04,12,主角逃跑,storyboard,A,micro_storyboard_panels/B04/MSB112_12_小川冲过石块点.png,90年代中国小城，中式梦核现实电影质感，潮湿发黄的童年记忆，低照度，轻微 VHS 噪点，儿童低视角，真实旧衣服和生活痕迹，不漂亮化。人物必须继承 v2 设定：阿磊海军蓝旧运动外套和左眉断点；小川右耳微外翻、过紧红领巾、浅绿色塌书包；小满浅色大衬衫、抓衣角、脚尖内扣；彬子黄发梢、破黑夹克、腰包；高杆高瘦长手臂；大海宽身体褪色 T 恤；小齐条纹内衫和抠袖口。 画面编号 MSB112，段落 12《主角逃跑》。景别：低机位中景。参考机位：CAM_ALLEY_05_ESCAPE_VECTOR。本张只画一个画面状态：小川冲过石块点。画面焦点：小川跑过刚才石块所在位置，湿地反光拉长。人物焦点：小川/环境。表情要求：逃离现场。姿态/运动路径：沿同一轴线向深处。连续性锚点：小川沿小路深处逃向废楼方向，书包剧烈晃动，哥哥小满留在后方混乱中，路灯拖影。画面应像可用于电影分镜的单张 production storyboard panel，构图清楚，动作状态明确，不要把前后动作合在一张里 【部分原文损坏，需从源文件重建 / Partial source text corrupted; rebuild from source】,不要统一脸型，不要统一发型，不要统一身材，不要童模脸，不要网红脸，不要现代校服，不要现代手机，不要液晶屏，不要女生，不要额外角色，不要成年人黑帮，不要动漫化，不要血腥，不要英雄化暴力。 本张特别避免：逃跑方向漂移、大街追车、突然变白天、追兵追到身边、哥哥小满一起跑 【部分原文损坏，需从源文件重建 / Partial source text corrupted; rebuild from source】,确认 小川/环境 可识别；确认 小川沿小路深处逃向废楼方向，书包剧烈晃动，哥哥小满留在后方混乱中，路灯拖影 未漂移；确认只表达「小川冲过石块点」一个状态。,S5_ESCAPE_DIRTY,惊逃脏污阶段 / Escape dirty,角色焦点：小川/环境；连续性：小川沿小路深处逃向废楼方向，书包剧烈晃动，哥哥小满留在后方混乱中，路灯拖影 / Character focus: 小川/环境; continuity: 小川沿小路深处逃向废楼方向，书包剧烈晃动，哥哥小满留在后方混乱中，路灯拖影,角色焦点：小川/环境；连续性：小川沿小路深处逃向废楼方向，书包剧烈晃动，哥哥小满留在后方混乱中，路灯拖影 / Character focus: 小川/环境; continuity: 小川沿小路深处逃向废楼方向，书包剧烈晃动，哥哥小满留在后方混乱中，路灯拖影,小川沿小路深处逃向废楼方向，书包剧烈晃动，哥哥小满留在后方混乱中，路灯拖影 / Environment continuity lock,whitebox_renders_v2/B04/WB2_ALLEY_MSB112.png
MSB113,B04,12,主角逃跑,storyboard,A,micro_storyboard_panels/B04/MSB113_12_追兵启动.png,90年代中国小城，中式梦核现实电影质感，潮湿发黄的童年记忆，低照度，轻微 VHS 噪点，儿童低视角，真实旧衣服和生活痕迹，不漂亮化。人物必须继承 v2 设定：阿磊海军蓝旧运动外套和左眉断点；小川右耳微外翻、过紧红领巾、浅绿色塌书包；小满浅色大衬衫、抓衣角、脚尖内扣；彬子黄发梢、破黑夹克、腰包；高杆高瘦长手臂；大海宽身体褪色 T 恤；小齐条纹内衫和抠袖口。 画面编号 MSB113，段落 12《主角逃跑》。景别：远景。参考机位：CAM_ALLEY_05_ESCAPE_VECTOR。本张只画一个画面状态：追兵启动。画面焦点：后方混混开始反应追，但与小川保持距离。人物焦点：追兵/小川。表情要求：追逐启动但空间清楚。姿态/运动路径：同方向，不翻轴。连续性锚点：小川沿小路深处逃向废楼方向，书包剧烈晃动，哥哥小满留在后方混乱中，路灯拖影。画面应像可用于电影分镜的单张 production storyboard panel，构图清楚，动作状态明确，不要把前后动作合在一张里 【部分原文损坏，需从源文件重建 / Partial source text corrupted; rebuild from source】,不要统一脸型，不要统一发型，不要统一身材，不要童模脸，不要网红脸，不要现代校服，不要现代手机，不要液晶屏，不要女生，不要额外角色，不要成年人黑帮，不要动漫化，不要血腥，不要英雄化暴力。 本张特别避免：逃跑方向漂移、大街追车、突然变白天、追兵追到身边、哥哥小满一起跑 【部分原文损坏，需从源文件重建 / Partial source text corrupted; rebuild from source】,确认 追兵/小川 可识别；确认 小川沿小路深处逃向废楼方向，书包剧烈晃动，哥哥小满留在后方混乱中，路灯拖影 未漂移；确认只表达「追兵启动」一个状态。,S5_ESCAPE_DIRTY,惊逃脏污阶段 / Escape dirty,角色焦点：追兵/小川；连续性：小川沿小路深处逃向废楼方向，书包剧烈晃动，哥哥小满留在后方混乱中，路灯拖影 / Character focus: 追兵/小川; continuity: 小川沿小路深处逃向废楼方向，书包剧烈晃动，哥哥小满留在后方混乱中，路灯拖影,角色焦点：追兵/小川；连续性：小川沿小路深处逃向废楼方向，书包剧烈晃动，哥哥小满留在后方混乱中，路灯拖影 / Character focus: 追兵/小川; continuity: 小川沿小路深处逃向废楼方向，书包剧烈晃动，哥哥小满留在后方混乱中，路灯拖影,小川沿小路深处逃向废楼方向，书包剧烈晃动，哥哥小满留在后方混乱中，路灯拖影 / Environment continuity lock,whitebox_renders_v2/B04/WB2_ALLEY_MSB113.png
MSB114,B04,12,主角逃跑,storyboard,B,micro_storyboard_panels/B04/MSB114_12_墙面擦镜.png,90年代中国小城，中式梦核现实电影质感，潮湿发黄的童年记忆，低照度，轻微 VHS 噪点，儿童低视角，真实旧衣服和生活痕迹，不漂亮化。人物必须继承 v2 设定：阿磊海军蓝旧运动外套和左眉断点；小川右耳微外翻、过紧红领巾、浅绿色塌书包；小满浅色大衬衫、抓衣角、脚尖内扣；彬子黄发梢、破黑夹克、腰包；高杆高瘦长手臂；大海宽身体褪色 T 恤；小齐条纹内衫和抠袖口。 画面编号 MSB114，段落 12《主角逃跑》。景别：近景。参考机位：CAM_ALLEY_05_ESCAPE_VECTOR。本张只画一个画面状态：墙面擦镜。画面焦点：黑暗墙面快速擦过镜头，作为逃跑隐藏剪辑。人物焦点：环境。表情要求：无表情，速度感。姿态/运动路径：横向擦镜。连续性锚点：小川沿小路深处逃向废楼方向，书包剧烈晃动，哥哥小满留在后方混乱中，路灯拖影。画面应像可用于电影分镜的单张 production storyboard panel，构图清楚，动作状态明确，不要把前后动作合在一张里 【部分原文损坏，需从源文件重建 / Partial source text corrupted; rebuild from source】,不要统一脸型，不要统一发型，不要统一身材，不要童模脸，不要网红脸，不要现代校服，不要现代手机，不要液晶屏，不要女生，不要额外角色，不要成年人黑帮，不要动漫化，不要血腥，不要英雄化暴力。 本张特别避免：逃跑方向漂移、大街追车、突然变白天、追兵追到身边、哥哥小满一起跑 【部分原文损坏，需从源文件重建 / Partial source text corrupted; rebuild from source】,确认 环境 可识别；确认 小川沿小路深处逃向废楼方向，书包剧烈晃动，哥哥小满留在后方混乱中，路灯拖影 未漂移；确认只表达「墙面擦镜」一个状态。,S5_ESCAPE_DIRTY,惊逃脏污阶段 / Escape dirty,角色焦点：环境；连续性：小川沿小路深处逃向废楼方向，书包剧烈晃动，哥哥小满留在后方混乱中，路灯拖影 / Character focus: 环境; continuity: 小川沿小路深处逃向废楼方向，书包剧烈晃动，哥哥小满留在后方混乱中，路灯拖影,角色焦点：环境；连续性：小川沿小路深处逃向废楼方向，书包剧烈晃动，哥哥小满留在后方混乱中，路灯拖影 / Character focus: 环境; continuity: 小川沿小路深处逃向废楼方向，书包剧烈晃动，哥哥小满留在后方混乱中，路灯拖影,小川沿小路深处逃向废楼方向，书包剧烈晃动，哥哥小满留在后方混乱中，路灯拖影 / Environment continuity lock,whitebox_renders_v2/B04/WB2_ALLEY_MSB114.png
MSB115,B04,12,主角逃跑,keyframe,A,micro_storyboard_panels/B04/MSB115_12_路灯拖影.png,90年代中国小城，中式梦核现实电影质感，潮湿发黄的童年记忆，低照度，轻微 VHS 噪点，儿童低视角，真实旧衣服和生活痕迹，不漂亮化。人物必须继承 v2 设定：阿磊海军蓝旧运动外套和左眉断点；小川右耳微外翻、过紧红领巾、浅绿色塌书包；小满浅色大衬衫、抓衣角、脚尖内扣；彬子黄发梢、破黑夹克、腰包；高杆高瘦长手臂；大海宽身体褪色 T 恤；小齐条纹内衫和抠袖口。 画面编号 MSB115，段落 12《主角逃跑》。景别：中景。参考机位：CAM_ALLEY_05_ESCAPE_VECTOR。本张只画一个画面状态：路灯拖影。画面焦点：旧路灯在小川头顶拉成长条，像 CRT 扫描线预兆。人物焦点：小川/环境。表情要求：呼吸乱。姿态/运动路径：低位跟拍。连续性锚点：小川沿小路深处逃向废楼方向，书包剧烈晃动，哥哥小满留在后方混乱中，路灯拖影。画面应像可用于电影分镜的单张 production storyboard panel，构图清楚，动作状态明确，不要把前后动作合在一张里 【部分原文损坏，需从源文件重建 / Partial source text corrupted; rebuild from source】,不要统一脸型，不要统一发型，不要统一身材，不要童模脸，不要网红脸，不要现代校服，不要现代手机，不要液晶屏，不要女生，不要额外角色，不要成年人黑帮，不要动漫化，不要血腥，不要英雄化暴力。 本张特别避免：逃跑方向漂移、大街追车、突然变白天、追兵追到身边、哥哥小满一起跑 【部分原文损坏，需从源文件重建 / Partial source text corrupted; rebuild from source】,确认 小川/环境 可识别；确认 小川沿小路深处逃向废楼方向，书包剧烈晃动，哥哥小满留在后方混乱中，路灯拖影 未漂移；确认只表达「路灯拖影」一个状态。,S5_ESCAPE_DIRTY,惊逃脏污阶段 / Escape dirty,角色焦点：小川/环境；连续性：小川沿小路深处逃向废楼方向，书包剧烈晃动，哥哥小满留在后方混乱中，路灯拖影 / Character focus: 小川/环境; continuity: 小川沿小路深处逃向废楼方向，书包剧烈晃动，哥哥小满留在后方混乱中，路灯拖影,角色焦点：小川/环境；连续性：小川沿小路深处逃向废楼方向，书包剧烈晃动，哥哥小满留在后方混乱中，路灯拖影 / Character focus: 小川/环境; continuity: 小川沿小路深处逃向废楼方向，书包剧烈晃动，哥哥小满留在后方混乱中，路灯拖影,小川沿小路深处逃向废楼方向，书包剧烈晃动，哥哥小满留在后方混乱中，路灯拖影 / Environment continuity lock,whitebox_renders_v2/B04/WB2_ALLEY_MSB115.png
MSB116,B04,12,主角逃跑,storyboard,A,micro_storyboard_panels/B04/MSB116_12_小川回头.png,90年代中国小城，中式梦核现实电影质感，潮湿发黄的童年记忆，低照度，轻微 VHS 噪点，儿童低视角，真实旧衣服和生活痕迹，不漂亮化。人物必须继承 v2 设定：阿磊海军蓝旧运动外套和左眉断点；小川右耳微外翻、过紧红领巾、浅绿色塌书包；小满浅色大衬衫、抓衣角、脚尖内扣；彬子黄发梢、破黑夹克、腰包；高杆高瘦长手臂；大海宽身体褪色 T 恤；小齐条纹内衫和抠袖口。 画面编号 MSB116，段落 12《主角逃跑》。景别：中近景。参考机位：CAM_ALLEY_05_ESCAPE_VECTOR。本张只画一个画面状态：小川回头。画面焦点：小川边跑边短促回头，圆眼睛睁大，嘴还张着。人物焦点：小川。表情要求：害怕确认距离。姿态/运动路径：头部快速回看。连续性锚点：小川沿小路深处逃向废楼方向，书包剧烈晃动，哥哥小满留在后方混乱中，路灯拖影。画面应像可用于电影分镜的单张 production storyboard panel，构图清楚，动作状态明确，不要把前后动作合在一张里 【部分原文损坏，需从源文件重建 / Partial source text corrupted; rebuild from source】,不要统一脸型，不要统一发型，不要统一身材，不要童模脸，不要网红脸，不要现代校服，不要现代手机，不要液晶屏，不要女生，不要额外角色，不要成年人黑帮，不要动漫化，不要血腥，不要英雄化暴力。 本张特别避免：逃跑方向漂移、大街追车、突然变白天、追兵追到身边、哥哥小满一起跑 【部分原文损坏，需从源文件重建 / Partial source text corrupted; rebuild from source】,确认 小川 可识别；确认 小川沿小路深处逃向废楼方向，书包剧烈晃动，哥哥小满留在后方混乱中，路灯拖影 未漂移；确认只表达「小川回头」一个状态。,S5_ESCAPE_DIRTY,惊逃脏污阶段 / Escape dirty,角色焦点：小川；连续性：小川沿小路深处逃向废楼方向，书包剧烈晃动，哥哥小满留在后方混乱中，路灯拖影 / Character focus: 小川; continuity: 小川沿小路深处逃向废楼方向，书包剧烈晃动，哥哥小满留在后方混乱中，路灯拖影,角色焦点：小川；连续性：小川沿小路深处逃向废楼方向，书包剧烈晃动，哥哥小满留在后方混乱中，路灯拖影 / Character focus: 小川; continuity: 小川沿小路深处逃向废楼方向，书包剧烈晃动，哥哥小满留在后方混乱中，路灯拖影,小川沿小路深处逃向废楼方向，书包剧烈晃动，哥哥小满留在后方混乱中，路灯拖影 / Environment continuity lock,whitebox_renders_v2/B04/WB2_ALLEY_MSB116.png
MSB117,B04,12,主角逃跑,storyboard,A,micro_storyboard_panels/B04/MSB117_12_废楼轮廓出现.png,90年代中国小城，中式梦核现实电影质感，潮湿发黄的童年记忆，低照度，轻微 VHS 噪点，儿童低视角，真实旧衣服和生活痕迹，不漂亮化。人物必须继承 v2 设定：阿磊海军蓝旧运动外套和左眉断点；小川右耳微外翻、过紧红领巾、浅绿色塌书包；小满浅色大衬衫、抓衣角、脚尖内扣；彬子黄发梢、破黑夹克、腰包；高杆高瘦长手臂；大海宽身体褪色 T 恤；小齐条纹内衫和抠袖口。 画面编号 MSB117，段落 12《主角逃跑》。景别：远景。参考机位：CAM_ALLEY_05_ESCAPE_VECTOR。本张只画一个画面状态：废楼轮廓出现。画面焦点：小路尽头出现废楼暗入口，像唯一可逃方向。人物焦点：环境/小川。表情要求：被迫选择。姿态/运动路径：镜头前方显露入口。连续性锚点：小川沿小路深处逃向废楼方向，书包剧烈晃动，哥哥小满留在后方混乱中，路灯拖影。画面应像可用于电影分镜的单张 production storyboard panel，构图清楚，动作状态明确，不要把前后动作合在一张里 【部分原文损坏，需从源文件重建 / Partial source text corrupted; rebuild from source】,不要统一脸型，不要统一发型，不要统一身材，不要童模脸，不要网红脸，不要现代校服，不要现代手机，不要液晶屏，不要女生，不要额外角色，不要成年人黑帮，不要动漫化，不要血腥，不要英雄化暴力。 本张特别避免：逃跑方向漂移、大街追车、突然变白天、追兵追到身边、哥哥小满一起跑 【部分原文损坏，需从源文件重建 / Partial source text corrupted; rebuild from source】,确认 环境/小川 可识别；确认 小川沿小路深处逃向废楼方向，书包剧烈晃动，哥哥小满留在后方混乱中，路灯拖影 未漂移；确认只表达「废楼轮廓出现」一个状态。,S5_ESCAPE_DIRTY,惊逃脏污阶段 / Escape dirty,角色焦点：环境/小川；连续性：小川沿小路深处逃向废楼方向，书包剧烈晃动，哥哥小满留在后方混乱中，路灯拖影 / Character focus: 环境/小川; continuity: 小川沿小路深处逃向废楼方向，书包剧烈晃动，哥哥小满留在后方混乱中，路灯拖影,角色焦点：环境/小川；连续性：小川沿小路深处逃向废楼方向，书包剧烈晃动，哥哥小满留在后方混乱中，路灯拖影 / Character focus: 环境/小川; continuity: 小川沿小路深处逃向废楼方向，书包剧烈晃动，哥哥小满留在后方混乱中，路灯拖影,小川沿小路深处逃向废楼方向，书包剧烈晃动，哥哥小满留在后方混乱中，路灯拖影 / Environment continuity lock,whitebox_renders_v2/B04/WB2_ALLEY_MSB117.png
MSB118,B04,12,主角逃跑,end_frame,A,micro_storyboard_panels/B04/MSB118_12_小川冲向废楼.png,90年代中国小城，中式梦核现实电影质感，潮湿发黄的童年记忆，低照度，轻微 VHS 噪点，儿童低视角，真实旧衣服和生活痕迹，不漂亮化。人物必须继承 v2 设定：阿磊海军蓝旧运动外套和左眉断点；小川右耳微外翻、过紧红领巾、浅绿色塌书包；小满浅色大衬衫、抓衣角、脚尖内扣；彬子黄发梢、破黑夹克、腰包；高杆高瘦长手臂；大海宽身体褪色 T 恤；小齐条纹内衫和抠袖口。 画面编号 MSB118，段落 12《主角逃跑》。景别：全景。参考机位：CAM_ALLEY_05_ESCAPE_VECTOR。本张只画一个画面状态：小川冲向废楼。画面焦点：小川朝废楼入口跑去，追兵声音留在后方。人物焦点：小川。表情要求：逃生本能。姿态/运动路径：方向锁定废楼。连续性锚点：小川沿小路深处逃向废楼方向，书包剧烈晃动，哥哥小满留在后方混乱中，路灯拖影。画面应像可用于电影分镜的单张 production storyboard panel，构图清楚，动作状态明确，不要把前后动作合在一张里 【部分原文损坏，需从源文件重建 / Partial source text corrupted; rebuild from source】,不要统一脸型，不要统一发型，不要统一身材，不要童模脸，不要网红脸，不要现代校服，不要现代手机，不要液晶屏，不要女生，不要额外角色，不要成年人黑帮，不要动漫化，不要血腥，不要英雄化暴力。 本张特别避免：逃跑方向漂移、大街追车、突然变白天、追兵追到身边、哥哥小满一起跑 【部分原文损坏，需从源文件重建 / Partial source text corrupted; rebuild from source】,确认 小川 可识别；确认 小川沿小路深处逃向废楼方向，书包剧烈晃动，哥哥小满留在后方混乱中，路灯拖影 未漂移；确认只表达「小川冲向废楼」一个状态。,S5_ESCAPE_DIRTY,惊逃脏污阶段 / Escape dirty,角色焦点：小川；连续性：小川沿小路深处逃向废楼方向，书包剧烈晃动，哥哥小满留在后方混乱中，路灯拖影 / Character focus: 小川; continuity: 小川沿小路深处逃向废楼方向，书包剧烈晃动，哥哥小满留在后方混乱中，路灯拖影,角色焦点：小川；连续性：小川沿小路深处逃向废楼方向，书包剧烈晃动，哥哥小满留在后方混乱中，路灯拖影 / Character focus: 小川; continuity: 小川沿小路深处逃向废楼方向，书包剧烈晃动，哥哥小满留在后方混乱中，路灯拖影,小川沿小路深处逃向废楼方向，书包剧烈晃动，哥哥小满留在后方混乱中，路灯拖影 / Environment continuity lock,whitebox_renders_v2/B04/WB2_ALLEY_MSB118.png
MSB119,B04,12,主角逃跑,keyframe,A,micro_storyboard_panels/B04/MSB119_12_黑暗吞没.png,90年代中国小城，中式梦核现实电影质感，潮湿发黄的童年记忆，低照度，轻微 VHS 噪点，儿童低视角，真实旧衣服和生活痕迹，不漂亮化。人物必须继承 v2 设定：阿磊海军蓝旧运动外套和左眉断点；小川右耳微外翻、过紧红领巾、浅绿色塌书包；小满浅色大衬衫、抓衣角、脚尖内扣；彬子黄发梢、破黑夹克、腰包；高杆高瘦长手臂；大海宽身体褪色 T 恤；小齐条纹内衫和抠袖口。 画面编号 MSB119，段落 12《主角逃跑》。景别：中景。参考机位：CAM_ALLEY_05_ESCAPE_VECTOR。本张只画一个画面状态：黑暗吞没。画面焦点：小川身影被废楼入口暗处吞进去，路灯黄留在外面。人物焦点：小川/环境。表情要求：从现实冲突进入梦核空间。姿态/运动路径：暗处过门。连续性锚点：小川沿小路深处逃向废楼方向，书包剧烈晃动，哥哥小满留在后方混乱中，路灯拖影。画面应像可用于电影分镜的单张 production storyboard panel，构图清楚，动作状态明确，不要把前后动作合在一张里 【部分原文损坏，需从源文件重建 / Partial source text corrupted; rebuild from source】,不要统一脸型，不要统一发型，不要统一身材，不要童模脸，不要网红脸，不要现代校服，不要现代手机，不要液晶屏，不要女生，不要额外角色，不要成年人黑帮，不要动漫化，不要血腥，不要英雄化暴力。 本张特别避免：逃跑方向漂移、大街追车、突然变白天、追兵追到身边、哥哥小满一起跑 【部分原文损坏，需从源文件重建 / Partial source text corrupted; rebuild from source】,确认 小川/环境 可识别；确认 小川沿小路深处逃向废楼方向，书包剧烈晃动，哥哥小满留在后方混乱中，路灯拖影 未漂移；确认只表达「黑暗吞没」一个状态。,S5_ESCAPE_DIRTY,惊逃脏污阶段 / Escape dirty,角色焦点：小川/环境；连续性：小川沿小路深处逃向废楼方向，书包剧烈晃动，哥哥小满留在后方混乱中，路灯拖影 / Character focus: 小川/环境; continuity: 小川沿小路深处逃向废楼方向，书包剧烈晃动，哥哥小满留在后方混乱中，路灯拖影,角色焦点：小川/环境；连续性：小川沿小路深处逃向废楼方向，书包剧烈晃动，哥哥小满留在后方混乱中，路灯拖影 / Character focus: 小川/环境; continuity: 小川沿小路深处逃向废楼方向，书包剧烈晃动，哥哥小满留在后方混乱中，路灯拖影,小川沿小路深处逃向废楼方向，书包剧烈晃动，哥哥小满留在后方混乱中，路灯拖影 / Environment continuity lock,whitebox_renders_v2/B04/WB2_ALLEY_MSB119.png
MSB120,B05,13,进入废楼,start_frame,A,micro_storyboard_panels/B05/MSB120_13_入口内反打.png,90年代中国小城，中式梦核现实电影质感，潮湿发黄的童年记忆，低照度，轻微 VHS 噪点，儿童低视角，真实旧衣服和生活痕迹，不漂亮化。人物必须继承 v2 设定：阿磊海军蓝旧运动外套和左眉断点；小川右耳微外翻、过紧红领巾、浅绿色塌书包；小满浅色大衬衫、抓衣角、脚尖内扣；彬子黄发梢、破黑夹克、腰包；高杆高瘦长手臂；大海宽身体褪色 T 恤；小齐条纹内衫和抠袖口。 画面编号 MSB120，段落 13《进入废楼》。景别：远景。参考机位：CAM_CORRIDOR_01_ENTRY_LONG。本张只画一个画面状态：入口内反打。画面焦点：从废楼内部看小川冲进来，外面小路黄光在身后变小。人物焦点：小川/环境。表情要求：惊恐未散。姿态/运动路径：由外到内。连续性锚点：废弃单位楼长走廊、冷绿灯管、重复门洞、消防箱、主角单独进入。画面应像可用于电影分镜的单张 production storyboard panel，构图清楚，动作状态明确，不要把前后动作合在一张里 【部分原文损坏，需从源文件重建 / Partial source text corrupted; rebuild from source】,不要统一脸型，不要统一发型，不要统一身材，不要童模脸，不要网红脸，不要现代校服，不要现代手机，不要液晶屏，不要女生，不要额外角色，不要成年人黑帮，不要动漫化，不要血腥，不要英雄化暴力。 本张特别避免：医院走廊、学校走廊、酒店、鬼影怪物、追兵同框太近 【部分原文损坏，需从源文件重建 / Partial source text corrupted; rebuild from source】,确认 小川/环境 可识别；确认 废弃单位楼长走廊、冷绿灯管、重复门洞、消防箱、主角单独进入 未漂移；确认只表达「入口内反打」一个状态。,S6_CORRIDOR_PHONE_SHOCK,走廊电话惊惧阶段 / Corridor phone shock,角色焦点：小川/环境；连续性：废弃单位楼长走廊、冷绿灯管、重复门洞、消防箱、主角单独进入 / Character focus: 小川/环境; continuity: 废弃单位楼长走廊、冷绿灯管、重复门洞、消防箱、主角单独进入,角色焦点：小川/环境；连续性：废弃单位楼长走廊、冷绿灯管、重复门洞、消防箱、主角单独进入 / Character focus: 小川/环境; continuity: 废弃单位楼长走廊、冷绿灯管、重复门洞、消防箱、主角单独进入,废弃单位楼长走廊、冷绿灯管、重复门洞、消防箱、主角单独进入 / Environment continuity lock,whitebox_renders_v2/B05/WB2_CORRIDOR_MSB120.png
MSB121,B05,13,进入废楼,storyboard,A,micro_storyboard_panels/B05/MSB121_13_第一次冷绿光.png,90年代中国小城，中式梦核现实电影质感，潮湿发黄的童年记忆，低照度，轻微 VHS 噪点，儿童低视角，真实旧衣服和生活痕迹，不漂亮化。人物必须继承 v2 设定：阿磊海军蓝旧运动外套和左眉断点；小川右耳微外翻、过紧红领巾、浅绿色塌书包；小满浅色大衬衫、抓衣角、脚尖内扣；彬子黄发梢、破黑夹克、腰包；高杆高瘦长手臂；大海宽身体褪色 T 恤；小齐条纹内衫和抠袖口。 画面编号 MSB121，段落 13《进入废楼》。景别：中景。参考机位：CAM_CORRIDOR_01_ENTRY_LONG。本张只画一个画面状态：第一次冷绿光。画面焦点：冷绿灯管照到小川脸和红领巾，颜色从黄路灯切换。人物焦点：小川。表情要求：不适应，呼吸急。姿态/运动路径：停顿半拍。连续性锚点：废弃单位楼长走廊、冷绿灯管、重复门洞、消防箱、主角单独进入。画面应像可用于电影分镜的单张 production storyboard panel，构图清楚，动作状态明确，不要把前后动作合在一张里 【部分原文损坏，需从源文件重建 / Partial source text corrupted; rebuild from source】,不要统一脸型，不要统一发型，不要统一身材，不要童模脸，不要网红脸，不要现代校服，不要现代手机，不要液晶屏，不要女生，不要额外角色，不要成年人黑帮，不要动漫化，不要血腥，不要英雄化暴力。 本张特别避免：医院走廊、学校走廊、酒店、鬼影怪物、追兵同框太近 【部分原文损坏，需从源文件重建 / Partial source text corrupted; rebuild from source】,确认 小川 可识别；确认 废弃单位楼长走廊、冷绿灯管、重复门洞、消防箱、主角单独进入 未漂移；确认只表达「第一次冷绿光」一个状态。,S6_CORRIDOR_PHONE_SHOCK,走廊电话惊惧阶段 / Corridor phone shock,角色焦点：小川；连续性：废弃单位楼长走廊、冷绿灯管、重复门洞、消防箱、主角单独进入 / Character focus: 小川; continuity: 废弃单位楼长走廊、冷绿灯管、重复门洞、消防箱、主角单独进入,角色焦点：小川；连续性：废弃单位楼长走廊、冷绿灯管、重复门洞、消防箱、主角单独进入 / Character focus: 小川; continuity: 废弃单位楼长走廊、冷绿灯管、重复门洞、消防箱、主角单独进入,废弃单位楼长走廊、冷绿灯管、重复门洞、消防箱、主角单独进入 / Environment continuity lock,whitebox_renders_v2/B05/WB2_CORRIDOR_MSB121.png
MSB122,B05,13,进入废楼,keyframe,A,micro_storyboard_panels/B05/MSB122_13_走廊中轴.png,90年代中国小城，中式梦核现实电影质感，潮湿发黄的童年记忆，低照度，轻微 VHS 噪点，儿童低视角，真实旧衣服和生活痕迹，不漂亮化。人物必须继承 v2 设定：阿磊海军蓝旧运动外套和左眉断点；小川右耳微外翻、过紧红领巾、浅绿色塌书包；小满浅色大衬衫、抓衣角、脚尖内扣；彬子黄发梢、破黑夹克、腰包；高杆高瘦长手臂；大海宽身体褪色 T 恤；小齐条纹内衫和抠袖口。 画面编号 MSB122，段落 13《进入废楼》。景别：远景。参考机位：CAM_CORRIDOR_01_ENTRY_LONG。本张只画一个画面状态：走廊中轴。画面焦点：长走廊重复门洞和消防箱清楚，小川站在近处很小。人物焦点：环境/小川。表情要求：孤立。姿态/运动路径：中轴透视。连续性锚点：废弃单位楼长走廊、冷绿灯管、重复门洞、消防箱、主角单独进入。画面应像可用于电影分镜的单张 production storyboard panel，构图清楚，动作状态明确，不要把前后动作合在一张里 【部分原文损坏，需从源文件重建 / Partial source text corrupted; rebuild from source】,不要统一脸型，不要统一发型，不要统一身材，不要童模脸，不要网红脸，不要现代校服，不要现代手机，不要液晶屏，不要女生，不要额外角色，不要成年人黑帮，不要动漫化，不要血腥，不要英雄化暴力。 本张特别避免：医院走廊、学校走廊、酒店、鬼影怪物、追兵同框太近 【部分原文损坏，需从源文件重建 / Partial source text corrupted; rebuild from source】,确认 环境/小川 可识别；确认 废弃单位楼长走廊、冷绿灯管、重复门洞、消防箱、主角单独进入 未漂移；确认只表达「走廊中轴」一个状态。,S6_CORRIDOR_PHONE_SHOCK,走廊电话惊惧阶段 / Corridor phone shock,角色焦点：环境/小川；连续性：废弃单位楼长走廊、冷绿灯管、重复门洞、消防箱、主角单独进入 / Character focus: 环境/小川; continuity: 废弃单位楼长走廊、冷绿灯管、重复门洞、消防箱、主角单独进入,角色焦点：环境/小川；连续性：废弃单位楼长走廊、冷绿灯管、重复门洞、消防箱、主角单独进入 / Character focus: 环境/小川; continuity: 废弃单位楼长走廊、冷绿灯管、重复门洞、消防箱、主角单独进入,废弃单位楼长走廊、冷绿灯管、重复门洞、消防箱、主角单独进入 / Environment continuity lock,whitebox_renders_v2/B05/WB2_CORRIDOR_MSB122.png
MSB123,B05,13,进入废楼,storyboard,A,micro_storyboard_panels/B05/MSB123_13_小川继续跑.png,90年代中国小城，中式梦核现实电影质感，潮湿发黄的童年记忆，低照度，轻微 VHS 噪点，儿童低视角，真实旧衣服和生活痕迹，不漂亮化。人物必须继承 v2 设定：阿磊海军蓝旧运动外套和左眉断点；小川右耳微外翻、过紧红领巾、浅绿色塌书包；小满浅色大衬衫、抓衣角、脚尖内扣；彬子黄发梢、破黑夹克、腰包；高杆高瘦长手臂；大海宽身体褪色 T 恤；小齐条纹内衫和抠袖口。 画面编号 MSB123，段落 13《进入废楼》。景别：全景。参考机位：CAM_CORRIDOR_01_ENTRY_LONG。本张只画一个画面状态：小川继续跑。画面焦点：小川沿走廊深处跑，书包晃动变小。人物焦点：小川。表情要求：只想离开。姿态/运动路径：向深处奔跑。连续性锚点：废弃单位楼长走廊、冷绿灯管、重复门洞、消防箱、主角单独进入。画面应像可用于电影分镜的单张 production storyboard panel，构图清楚，动作状态明确，不要把前后动作合在一张里 【部分原文损坏，需从源文件重建 / Partial source text corrupted; rebuild from source】,不要统一脸型，不要统一发型，不要统一身材，不要童模脸，不要网红脸，不要现代校服，不要现代手机，不要液晶屏，不要女生，不要额外角色，不要成年人黑帮，不要动漫化，不要血腥，不要英雄化暴力。 本张特别避免：医院走廊、学校走廊、酒店、鬼影怪物、追兵同框太近 【部分原文损坏，需从源文件重建 / Partial source text corrupted; rebuild from source】,确认 小川 可识别；确认 废弃单位楼长走廊、冷绿灯管、重复门洞、消防箱、主角单独进入 未漂移；确认只表达「小川继续跑」一个状态。,S6_CORRIDOR_PHONE_SHOCK,走廊电话惊惧阶段 / Corridor phone shock,角色焦点：小川；连续性：废弃单位楼长走廊、冷绿灯管、重复门洞、消防箱、主角单独进入 / Character focus: 小川; continuity: 废弃单位楼长走廊、冷绿灯管、重复门洞、消防箱、主角单独进入,角色焦点：小川；连续性：废弃单位楼长走廊、冷绿灯管、重复门洞、消防箱、主角单独进入 / Character focus: 小川; continuity: 废弃单位楼长走廊、冷绿灯管、重复门洞、消防箱、主角单独进入,废弃单位楼长走廊、冷绿灯管、重复门洞、消防箱、主角单独进入 / Environment continuity lock,whitebox_renders_v2/B05/WB2_CORRIDOR_MSB123.png
MSB124,B05,13,进入废楼,storyboard,B,micro_storyboard_panels/B05/MSB124_13_脚步回声.png,90年代中国小城，中式梦核现实电影质感，潮湿发黄的童年记忆，低照度，轻微 VHS 噪点，儿童低视角，真实旧衣服和生活痕迹，不漂亮化。人物必须继承 v2 设定：阿磊海军蓝旧运动外套和左眉断点；小川右耳微外翻、过紧红领巾、浅绿色塌书包；小满浅色大衬衫、抓衣角、脚尖内扣；彬子黄发梢、破黑夹克、腰包；高杆高瘦长手臂；大海宽身体褪色 T 恤；小齐条纹内衫和抠袖口。 画面编号 MSB124，段落 13《进入废楼》。景别：特写。参考机位：CAM_CORRIDOR_01_ENTRY_LONG。本张只画一个画面状态：脚步回声。画面焦点：白鞋踩过湿冷地面，回声拉长。人物焦点：小川/道具。表情要求：慌乱脚步。姿态/运动路径：脚步快速不稳。连续性锚点：废弃单位楼长走廊、冷绿灯管、重复门洞、消防箱、主角单独进入。画面应像可用于电影分镜的单张 production storyboard panel，构图清楚，动作状态明确，不要把前后动作合在一张里 【部分原文损坏，需从源文件重建 / Partial source text corrupted; rebuild from source】,不要统一脸型，不要统一发型，不要统一身材，不要童模脸，不要网红脸，不要现代校服，不要现代手机，不要液晶屏，不要女生，不要额外角色，不要成年人黑帮，不要动漫化，不要血腥，不要英雄化暴力。 本张特别避免：医院走廊、学校走廊、酒店、鬼影怪物、追兵同框太近 【部分原文损坏，需从源文件重建 / Partial source text corrupted; rebuild from source】,确认 小川/道具 可识别；确认 废弃单位楼长走廊、冷绿灯管、重复门洞、消防箱、主角单独进入 未漂移；确认只表达「脚步回声」一个状态。,S6_CORRIDOR_PHONE_SHOCK,走廊电话惊惧阶段 / Corridor phone shock,角色焦点：小川/道具；连续性：废弃单位楼长走廊、冷绿灯管、重复门洞、消防箱、主角单独进入 / Character focus: 小川/道具; continuity: 废弃单位楼长走廊、冷绿灯管、重复门洞、消防箱、主角单独进入,角色焦点：小川/道具；连续性：废弃单位楼长走廊、冷绿灯管、重复门洞、消防箱、主角单独进入 / Character focus: 小川/道具; continuity: 废弃单位楼长走廊、冷绿灯管、重复门洞、消防箱、主角单独进入,废弃单位楼长走廊、冷绿灯管、重复门洞、消防箱、主角单独进入 / Environment continuity lock,whitebox_renders_v2/B05/WB2_CORRIDOR_MSB124.png
MSB125,B05,13,进入废楼,storyboard,A,micro_storyboard_panels/B05/MSB125_13_回头看入口.png,90年代中国小城，中式梦核现实电影质感，潮湿发黄的童年记忆，低照度，轻微 VHS 噪点，儿童低视角，真实旧衣服和生活痕迹，不漂亮化。人物必须继承 v2 设定：阿磊海军蓝旧运动外套和左眉断点；小川右耳微外翻、过紧红领巾、浅绿色塌书包；小满浅色大衬衫、抓衣角、脚尖内扣；彬子黄发梢、破黑夹克、腰包；高杆高瘦长手臂；大海宽身体褪色 T 恤；小齐条纹内衫和抠袖口。 画面编号 MSB125，段落 13《进入废楼》。景别：中景。参考机位：CAM_CORRIDOR_01_ENTRY_LONG。本张只画一个画面状态：回头看入口。画面焦点：小川回头看入口，追兵声像被门口吞掉。人物焦点：小川。表情要求：确认后方但更害怕。姿态/运动路径：头部回看。连续性锚点：废弃单位楼长走廊、冷绿灯管、重复门洞、消防箱、主角单独进入。画面应像可用于电影分镜的单张 production storyboard panel，构图清楚，动作状态明确，不要把前后动作合在一张里 【部分原文损坏，需从源文件重建 / Partial source text corrupted; rebuild from source】,不要统一脸型，不要统一发型，不要统一身材，不要童模脸，不要网红脸，不要现代校服，不要现代手机，不要液晶屏，不要女生，不要额外角色，不要成年人黑帮，不要动漫化，不要血腥，不要英雄化暴力。 本张特别避免：医院走廊、学校走廊、酒店、鬼影怪物、追兵同框太近 【部分原文损坏，需从源文件重建 / Partial source text corrupted; rebuild from source】,确认 小川 可识别；确认 废弃单位楼长走廊、冷绿灯管、重复门洞、消防箱、主角单独进入 未漂移；确认只表达「回头看入口」一个状态。,S6_CORRIDOR_PHONE_SHOCK,走廊电话惊惧阶段 / Corridor phone shock,角色焦点：小川；连续性：废弃单位楼长走廊、冷绿灯管、重复门洞、消防箱、主角单独进入 / Character focus: 小川; continuity: 废弃单位楼长走廊、冷绿灯管、重复门洞、消防箱、主角单独进入,角色焦点：小川；连续性：废弃单位楼长走廊、冷绿灯管、重复门洞、消防箱、主角单独进入 / Character focus: 小川; continuity: 废弃单位楼长走廊、冷绿灯管、重复门洞、消防箱、主角单独进入,废弃单位楼长走廊、冷绿灯管、重复门洞、消防箱、主角单独进入 / Environment continuity lock,whitebox_renders_v2/B05/WB2_CORRIDOR_MSB125.png
MSB126,B05,13,进入废楼,storyboard,C,micro_storyboard_panels/B05/MSB126_13_墙面剥落细节.png,90年代中国小城，中式梦核现实电影质感，潮湿发黄的童年记忆，低照度，轻微 VHS 噪点，儿童低视角，真实旧衣服和生活痕迹，不漂亮化。人物必须继承 v2 设定：阿磊海军蓝旧运动外套和左眉断点；小川右耳微外翻、过紧红领巾、浅绿色塌书包；小满浅色大衬衫、抓衣角、脚尖内扣；彬子黄发梢、破黑夹克、腰包；高杆高瘦长手臂；大海宽身体褪色 T 恤；小齐条纹内衫和抠袖口。 画面编号 MSB126，段落 13《进入废楼》。景别：近景。参考机位：CAM_CORRIDOR_01_ENTRY_LONG。本张只画一个画面状态：墙面剥落细节。画面焦点：发霉墙、旧标语残片、消防箱红色块，建立废楼质感。人物焦点：环境。表情要求：无人物，现实旧物。姿态/运动路径：固定细节。连续性锚点：废弃单位楼长走廊、冷绿灯管、重复门洞、消防箱、主角单独进入。画面应像可用于电影分镜的单张 production storyboard panel，构图清楚，动作状态明确，不要把前后动作合在一张里 【部分原文损坏，需从源文件重建 / Partial source text corrupted; rebuild from source】,不要统一脸型，不要统一发型，不要统一身材，不要童模脸，不要网红脸，不要现代校服，不要现代手机，不要液晶屏，不要女生，不要额外角色，不要成年人黑帮，不要动漫化，不要血腥，不要英雄化暴力。 本张特别避免：医院走廊、学校走廊、酒店、鬼影怪物、追兵同框太近 【部分原文损坏，需从源文件重建 / Partial source text corrupted; rebuild from source】,确认 环境 可识别；确认 废弃单位楼长走廊、冷绿灯管、重复门洞、消防箱、主角单独进入 未漂移；确认只表达「墙面剥落细节」一个状态。,S6_CORRIDOR_PHONE_SHOCK,走廊电话惊惧阶段 / Corridor phone shock,角色焦点：环境；连续性：废弃单位楼长走廊、冷绿灯管、重复门洞、消防箱、主角单独进入 / Character focus: 环境; continuity: 废弃单位楼长走廊、冷绿灯管、重复门洞、消防箱、主角单独进入,角色焦点：环境；连续性：废弃单位楼长走廊、冷绿灯管、重复门洞、消防箱、主角单独进入 / Character focus: 环境; continuity: 废弃单位楼长走廊、冷绿灯管、重复门洞、消防箱、主角单独进入,废弃单位楼长走廊、冷绿灯管、重复门洞、消防箱、主角单独进入 / Environment continuity lock,whitebox_renders_v2/B05/WB2_CORRIDOR_MSB126.png
MSB127,B05,13,进入废楼,end_frame,A,micro_storyboard_panels/B05/MSB127_13_小川变小.png,90年代中国小城，中式梦核现实电影质感，潮湿发黄的童年记忆，低照度，轻微 VHS 噪点，儿童低视角，真实旧衣服和生活痕迹，不漂亮化。人物必须继承 v2 设定：阿磊海军蓝旧运动外套和左眉断点；小川右耳微外翻、过紧红领巾、浅绿色塌书包；小满浅色大衬衫、抓衣角、脚尖内扣；彬子黄发梢、破黑夹克、腰包；高杆高瘦长手臂；大海宽身体褪色 T 恤；小齐条纹内衫和抠袖口。 画面编号 MSB127，段落 13《进入废楼》。景别：远景。参考机位：CAM_CORRIDOR_01_ENTRY_LONG。本张只画一个画面状态：小川变小。画面焦点：小川跑向深处，身影被重复门洞切碎。人物焦点：小川/环境。表情要求：被空间吞没。姿态/运动路径：低机位慢推。连续性锚点：废弃单位楼长走廊、冷绿灯管、重复门洞、消防箱、主角单独进入。画面应像可用于电影分镜的单张 production storyboard panel，构图清楚，动作状态明确，不要把前后动作合在一张里 【部分原文损坏，需从源文件重建 / Partial source text corrupted; rebuild from source】,不要统一脸型，不要统一发型，不要统一身材，不要童模脸，不要网红脸，不要现代校服，不要现代手机，不要液晶屏，不要女生，不要额外角色，不要成年人黑帮，不要动漫化，不要血腥，不要英雄化暴力。 本张特别避免：医院走廊、学校走廊、酒店、鬼影怪物、追兵同框太近 【部分原文损坏，需从源文件重建 / Partial source text corrupted; rebuild from source】,确认 小川/环境 可识别；确认 废弃单位楼长走廊、冷绿灯管、重复门洞、消防箱、主角单独进入 未漂移；确认只表达「小川变小」一个状态。,S6_CORRIDOR_PHONE_SHOCK,走廊电话惊惧阶段 / Corridor phone shock,角色焦点：小川/环境；连续性：废弃单位楼长走廊、冷绿灯管、重复门洞、消防箱、主角单独进入 / Character focus: 小川/环境; continuity: 废弃单位楼长走廊、冷绿灯管、重复门洞、消防箱、主角单独进入,角色焦点：小川/环境；连续性：废弃单位楼长走廊、冷绿灯管、重复门洞、消防箱、主角单独进入 / Character focus: 小川/环境; continuity: 废弃单位楼长走廊、冷绿灯管、重复门洞、消防箱、主角单独进入,废弃单位楼长走廊、冷绿灯管、重复门洞、消防箱、主角单独进入 / Environment continuity lock,whitebox_renders_v2/B05/WB2_CORRIDOR_MSB127.png
MSB128,B05,13,进入废楼,storyboard,B,micro_storyboard_panels/B05/MSB128_13_走廊空一拍.png,90年代中国小城，中式梦核现实电影质感，潮湿发黄的童年记忆，低照度，轻微 VHS 噪点，儿童低视角，真实旧衣服和生活痕迹，不漂亮化。人物必须继承 v2 设定：阿磊海军蓝旧运动外套和左眉断点；小川右耳微外翻、过紧红领巾、浅绿色塌书包；小满浅色大衬衫、抓衣角、脚尖内扣；彬子黄发梢、破黑夹克、腰包；高杆高瘦长手臂；大海宽身体褪色 T 恤；小齐条纹内衫和抠袖口。 画面编号 MSB128，段落 13《进入废楼》。景别：远景。参考机位：CAM_CORRIDOR_01_ENTRY_LONG。本张只画一个画面状态：走廊空一拍。画面焦点：小川刚跑出画面，走廊空着，只剩冷绿灯闪。人物焦点：环境。表情要求：追逐声音消失。姿态/运动路径：locked-off。连续性锚点：废弃单位楼长走廊、冷绿灯管、重复门洞、消防箱、主角单独进入。画面应像可用于电影分镜的单张 production storyboard panel，构图清楚，动作状态明确，不要把前后动作合在一张里 【部分原文损坏，需从源文件重建 / Partial source text corrupted; rebuild from source】,不要统一脸型，不要统一发型，不要统一身材，不要童模脸，不要网红脸，不要现代校服，不要现代手机，不要液晶屏，不要女生，不要额外角色，不要成年人黑帮，不要动漫化，不要血腥，不要英雄化暴力。 本张特别避免：医院走廊、学校走廊、酒店、鬼影怪物、追兵同框太近 【部分原文损坏，需从源文件重建 / Partial source text corrupted; rebuild from source】,确认 环境 可识别；确认 废弃单位楼长走廊、冷绿灯管、重复门洞、消防箱、主角单独进入 未漂移；确认只表达「走廊空一拍」一个状态。,S6_CORRIDOR_PHONE_SHOCK,走廊电话惊惧阶段 / Corridor phone shock,角色焦点：环境；连续性：废弃单位楼长走廊、冷绿灯管、重复门洞、消防箱、主角单独进入 / Character focus: 环境; continuity: 废弃单位楼长走廊、冷绿灯管、重复门洞、消防箱、主角单独进入,角色焦点：环境；连续性：废弃单位楼长走廊、冷绿灯管、重复门洞、消防箱、主角单独进入 / Character focus: 环境; continuity: 废弃单位楼长走廊、冷绿灯管、重复门洞、消防箱、主角单独进入,废弃单位楼长走廊、冷绿灯管、重复门洞、消防箱、主角单独进入 / Environment continuity lock,whitebox_renders_v2/B05/WB2_CORRIDOR_MSB128.png
MSB129,B05,14,无限走廊,start_frame,A,micro_storyboard_panels/B05/MSB129_14_贴墙低位跟拍.png,90年代中国小城，中式梦核现实电影质感，潮湿发黄的童年记忆，低照度，轻微 VHS 噪点，儿童低视角，真实旧衣服和生活痕迹，不漂亮化。人物必须继承 v2 设定：阿磊海军蓝旧运动外套和左眉断点；小川右耳微外翻、过紧红领巾、浅绿色塌书包；小满浅色大衬衫、抓衣角、脚尖内扣；彬子黄发梢、破黑夹克、腰包；高杆高瘦长手臂；大海宽身体褪色 T 恤；小齐条纹内衫和抠袖口。 画面编号 MSB129，段落 14《无限走廊》。景别：低机位中景。参考机位：CAM_CORRIDOR_02_LOW_TRACK。本张只画一个画面状态：贴墙低位跟拍。画面焦点：镜头贴着墙面跟小川跑，墙皮近到压迫画面。人物焦点：小川/环境。表情要求：疲惫恐惧。姿态/运动路径：低位 tracking。连续性锚点：同一废楼走廊纵深，冷绿荧光灯，重复门洞，电话亭尚未出现。画面应像可用于电影分镜的单张 production storyboard panel，构图清楚，动作状态明确，不要把前后动作合在一张里 【部分原文损坏，需从源文件重建 / Partial source text corrupted; rebuild from source】,不要统一脸型，不要统一发型，不要统一身材，不要童模脸，不要网红脸，不要现代校服，不要现代手机，不要液晶屏，不要女生，不要额外角色，不要成年人黑帮，不要动漫化，不要血腥，不要英雄化暴力。 本张特别避免：大幅空间扭曲、鬼怪、换成医院学校、180度翻轴、现代电梯 【部分原文损坏，需从源文件重建 / Partial source text corrupted; rebuild from source】,确认 小川/环境 可识别；确认 同一废楼走廊纵深，冷绿荧光灯，重复门洞，电话亭尚未出现 未漂移；确认只表达「贴墙低位跟拍」一个状态。,S6_CORRIDOR_PHONE_SHOCK,走廊电话惊惧阶段 / Corridor phone shock,角色焦点：小川/环境；连续性：同一废楼走廊纵深，冷绿荧光灯，重复门洞，电话亭尚未出现 / Character focus: 小川/环境; continuity: 同一废楼走廊纵深，冷绿荧光灯，重复门洞，电话亭尚未出现,角色焦点：小川/环境；连续性：同一废楼走廊纵深，冷绿荧光灯，重复门洞，电话亭尚未出现 / Character focus: 小川/环境; continuity: 同一废楼走廊纵深，冷绿荧光灯，重复门洞，电话亭尚未出现,同一废楼走廊纵深，冷绿荧光灯，重复门洞，电话亭尚未出现 / Environment continuity lock,whitebox_renders_v2/B05/WB2_CORRIDOR_MSB129.png
MSB130,B05,14,无限走廊,storyboard,A,micro_storyboard_panels/B05/MSB130_14_小川手扶墙.png,90年代中国小城，中式梦核现实电影质感，潮湿发黄的童年记忆，低照度，轻微 VHS 噪点，儿童低视角，真实旧衣服和生活痕迹，不漂亮化。人物必须继承 v2 设定：阿磊海军蓝旧运动外套和左眉断点；小川右耳微外翻、过紧红领巾、浅绿色塌书包；小满浅色大衬衫、抓衣角、脚尖内扣；彬子黄发梢、破黑夹克、腰包；高杆高瘦长手臂；大海宽身体褪色 T 恤；小齐条纹内衫和抠袖口。 画面编号 MSB130，段落 14《无限走廊》。景别：中近景。参考机位：CAM_CORRIDOR_02_LOW_TRACK。本张只画一个画面状态：小川手扶墙。画面焦点：小川一只手扶墙，另一只手抓书包带，呼吸乱。人物焦点：小川。表情要求：快跑不动。姿态/运动路径：手擦过发霉墙。连续性锚点：同一废楼走廊纵深，冷绿荧光灯，重复门洞，电话亭尚未出现。画面应像可用于电影分镜的单张 production storyboard panel，构图清楚，动作状态明确，不要把前后动作合在一张里 【部分原文损坏，需从源文件重建 / Partial source text corrupted; rebuild from source】,不要统一脸型，不要统一发型，不要统一身材，不要童模脸，不要网红脸，不要现代校服，不要现代手机，不要液晶屏，不要女生，不要额外角色，不要成年人黑帮，不要动漫化，不要血腥，不要英雄化暴力。 本张特别避免：大幅空间扭曲、鬼怪、换成医院学校、180度翻轴、现代电梯 【部分原文损坏，需从源文件重建 / Partial source text corrupted; rebuild from source】,确认 小川 可识别；确认 同一废楼走廊纵深，冷绿荧光灯，重复门洞，电话亭尚未出现 未漂移；确认只表达「小川手扶墙」一个状态。,S6_CORRIDOR_PHONE_SHOCK,走廊电话惊惧阶段 / Corridor phone shock,角色焦点：小川；连续性：同一废楼走廊纵深，冷绿荧光灯，重复门洞，电话亭尚未出现 / Character focus: 小川; continuity: 同一废楼走廊纵深，冷绿荧光灯，重复门洞，电话亭尚未出现,角色焦点：小川；连续性：同一废楼走廊纵深，冷绿荧光灯，重复门洞，电话亭尚未出现 / Character focus: 小川; continuity: 同一废楼走廊纵深，冷绿荧光灯，重复门洞，电话亭尚未出现,同一废楼走廊纵深，冷绿荧光灯，重复门洞，电话亭尚未出现 / Environment continuity lock,whitebox_renders_v2/B05/WB2_CORRIDOR_MSB130.png
MSB131,B05,14,无限走廊,storyboard,A,micro_storyboard_panels/B05/MSB131_14_回头无追兵.png,90年代中国小城，中式梦核现实电影质感，潮湿发黄的童年记忆，低照度，轻微 VHS 噪点，儿童低视角，真实旧衣服和生活痕迹，不漂亮化。人物必须继承 v2 设定：阿磊海军蓝旧运动外套和左眉断点；小川右耳微外翻、过紧红领巾、浅绿色塌书包；小满浅色大衬衫、抓衣角、脚尖内扣；彬子黄发梢、破黑夹克、腰包；高杆高瘦长手臂；大海宽身体褪色 T 恤；小齐条纹内衫和抠袖口。 画面编号 MSB131，段落 14《无限走廊》。景别：中景。参考机位：CAM_CORRIDOR_02_LOW_TRACK。本张只画一个画面状态：回头无追兵。画面焦点：小川猛回头，远处没有清晰追兵，只有灯管闪。人物焦点：小川。表情要求：疑惑转害怕。姿态/运动路径：头部快速回看。连续性锚点：同一废楼走廊纵深，冷绿荧光灯，重复门洞，电话亭尚未出现。画面应像可用于电影分镜的单张 production storyboard panel，构图清楚，动作状态明确，不要把前后动作合在一张里 【部分原文损坏，需从源文件重建 / Partial source text corrupted; rebuild from source】,不要统一脸型，不要统一发型，不要统一身材，不要童模脸，不要网红脸，不要现代校服，不要现代手机，不要液晶屏，不要女生，不要额外角色，不要成年人黑帮，不要动漫化，不要血腥，不要英雄化暴力。 本张特别避免：大幅空间扭曲、鬼怪、换成医院学校、180度翻轴、现代电梯 【部分原文损坏，需从源文件重建 / Partial source text corrupted; rebuild from source】,确认 小川 可识别；确认 同一废楼走廊纵深，冷绿荧光灯，重复门洞，电话亭尚未出现 未漂移；确认只表达「回头无追兵」一个状态。,S6_CORRIDOR_PHONE_SHOCK,走廊电话惊惧阶段 / Corridor phone shock,角色焦点：小川；连续性：同一废楼走廊纵深，冷绿荧光灯，重复门洞，电话亭尚未出现 / Character focus: 小川; continuity: 同一废楼走廊纵深，冷绿荧光灯，重复门洞，电话亭尚未出现,角色焦点：小川；连续性：同一废楼走廊纵深，冷绿荧光灯，重复门洞，电话亭尚未出现 / Character focus: 小川; continuity: 同一废楼走廊纵深，冷绿荧光灯，重复门洞，电话亭尚未出现,同一废楼走廊纵深，冷绿荧光灯，重复门洞，电话亭尚未出现 / Environment continuity lock,whitebox_renders_v2/B05/WB2_CORRIDOR_MSB131.png
MSB132,B05,14,无限走廊,keyframe,A,micro_storyboard_panels/B05/MSB132_14_门洞重复.png,90年代中国小城，中式梦核现实电影质感，潮湿发黄的童年记忆，低照度，轻微 VHS 噪点，儿童低视角，真实旧衣服和生活痕迹，不漂亮化。人物必须继承 v2 设定：阿磊海军蓝旧运动外套和左眉断点；小川右耳微外翻、过紧红领巾、浅绿色塌书包；小满浅色大衬衫、抓衣角、脚尖内扣；彬子黄发梢、破黑夹克、腰包；高杆高瘦长手臂；大海宽身体褪色 T 恤；小齐条纹内衫和抠袖口。 画面编号 MSB132，段落 14《无限走廊》。景别：远景。参考机位：CAM_CORRIDOR_02_LOW_TRACK。本张只画一个画面状态：门洞重复。画面焦点：重复门洞看起来比上一镜更多，但结构仍真实。人物焦点：环境。表情要求：空间变长。姿态/运动路径：slow dolly in。连续性锚点：同一废楼走廊纵深，冷绿荧光灯，重复门洞，电话亭尚未出现。画面应像可用于电影分镜的单张 production storyboard panel，构图清楚，动作状态明确，不要把前后动作合在一张里 【部分原文损坏，需从源文件重建 / Partial source text corrupted; rebuild from source】,不要统一脸型，不要统一发型，不要统一身材，不要童模脸，不要网红脸，不要现代校服，不要现代手机，不要液晶屏，不要女生，不要额外角色，不要成年人黑帮，不要动漫化，不要血腥，不要英雄化暴力。 本张特别避免：大幅空间扭曲、鬼怪、换成医院学校、180度翻轴、现代电梯 【部分原文损坏，需从源文件重建 / Partial source text corrupted; rebuild from source】,确认 环境 可识别；确认 同一废楼走廊纵深，冷绿荧光灯，重复门洞，电话亭尚未出现 未漂移；确认只表达「门洞重复」一个状态。,S6_CORRIDOR_PHONE_SHOCK,走廊电话惊惧阶段 / Corridor phone shock,角色焦点：环境；连续性：同一废楼走廊纵深，冷绿荧光灯，重复门洞，电话亭尚未出现 / Character focus: 环境; continuity: 同一废楼走廊纵深，冷绿荧光灯，重复门洞，电话亭尚未出现,角色焦点：环境；连续性：同一废楼走廊纵深，冷绿荧光灯，重复门洞，电话亭尚未出现 / Character focus: 环境; continuity: 同一废楼走廊纵深，冷绿荧光灯，重复门洞，电话亭尚未出现,同一废楼走廊纵深，冷绿荧光灯，重复门洞，电话亭尚未出现 / Environment continuity lock,whitebox_renders_v2/B05/WB2_CORRIDOR_MSB132.png
MSB133,B05,14,无限走廊,storyboard,B,micro_storyboard_panels/B05/MSB133_14_灯管节奏.png,90年代中国小城，中式梦核现实电影质感，潮湿发黄的童年记忆，低照度，轻微 VHS 噪点，儿童低视角，真实旧衣服和生活痕迹，不漂亮化。人物必须继承 v2 设定：阿磊海军蓝旧运动外套和左眉断点；小川右耳微外翻、过紧红领巾、浅绿色塌书包；小满浅色大衬衫、抓衣角、脚尖内扣；彬子黄发梢、破黑夹克、腰包；高杆高瘦长手臂；大海宽身体褪色 T 恤；小齐条纹内衫和抠袖口。 画面编号 MSB133，段落 14《无限走廊》。景别：特写。参考机位：CAM_CORRIDOR_02_LOW_TRACK。本张只画一个画面状态：灯管节奏。画面焦点：冷绿灯管闪烁，节奏慢慢接近电话铃。人物焦点：环境/道具。表情要求：无人物，声音预兆。姿态/运动路径：灯光闪动。连续性锚点：同一废楼走廊纵深，冷绿荧光灯，重复门洞，电话亭尚未出现。画面应像可用于电影分镜的单张 production storyboard panel，构图清楚，动作状态明确，不要把前后动作合在一张里 【部分原文损坏，需从源文件重建 / Partial source text corrupted; rebuild from source】,不要统一脸型，不要统一发型，不要统一身材，不要童模脸，不要网红脸，不要现代校服，不要现代手机，不要液晶屏，不要女生，不要额外角色，不要成年人黑帮，不要动漫化，不要血腥，不要英雄化暴力。 本张特别避免：大幅空间扭曲、鬼怪、换成医院学校、180度翻轴、现代电梯 【部分原文损坏，需从源文件重建 / Partial source text corrupted; rebuild from source】,确认 环境/道具 可识别；确认 同一废楼走廊纵深，冷绿荧光灯，重复门洞，电话亭尚未出现 未漂移；确认只表达「灯管节奏」一个状态。,S6_CORRIDOR_PHONE_SHOCK,走廊电话惊惧阶段 / Corridor phone shock,角色焦点：环境/道具；连续性：同一废楼走廊纵深，冷绿荧光灯，重复门洞，电话亭尚未出现 / Character focus: 环境/道具; continuity: 同一废楼走廊纵深，冷绿荧光灯，重复门洞，电话亭尚未出现,角色焦点：环境/道具；连续性：同一废楼走廊纵深，冷绿荧光灯，重复门洞，电话亭尚未出现 / Character focus: 环境/道具; continuity: 同一废楼走廊纵深，冷绿荧光灯，重复门洞，电话亭尚未出现,同一废楼走廊纵深，冷绿荧光灯，重复门洞，电话亭尚未出现 / Environment continuity lock,whitebox_renders_v2/B05/WB2_CORRIDOR_MSB133.png
MSB134,B05,14,无限走廊,storyboard,A,micro_storyboard_panels/B05/MSB134_14_小川停一下.png,90年代中国小城，中式梦核现实电影质感，潮湿发黄的童年记忆，低照度，轻微 VHS 噪点，儿童低视角，真实旧衣服和生活痕迹，不漂亮化。人物必须继承 v2 设定：阿磊海军蓝旧运动外套和左眉断点；小川右耳微外翻、过紧红领巾、浅绿色塌书包；小满浅色大衬衫、抓衣角、脚尖内扣；彬子黄发梢、破黑夹克、腰包；高杆高瘦长手臂；大海宽身体褪色 T 恤；小齐条纹内衫和抠袖口。 画面编号 MSB134，段落 14《无限走廊》。景别：中景。参考机位：CAM_CORRIDOR_02_LOW_TRACK。本张只画一个画面状态：小川停一下。画面焦点：小川停在走廊边，嘴张开，试图听声音。人物焦点：小川。表情要求：追声消失后的迷茫。姿态/运动路径：停住，身体仍绷。连续性锚点：同一废楼走廊纵深，冷绿荧光灯，重复门洞，电话亭尚未出现。画面应像可用于电影分镜的单张 production storyboard panel，构图清楚，动作状态明确，不要把前后动作合在一张里 【部分原文损坏，需从源文件重建 / Partial source text corrupted; rebuild from source】,不要统一脸型，不要统一发型，不要统一身材，不要童模脸，不要网红脸，不要现代校服，不要现代手机，不要液晶屏，不要女生，不要额外角色，不要成年人黑帮，不要动漫化，不要血腥，不要英雄化暴力。 本张特别避免：大幅空间扭曲、鬼怪、换成医院学校、180度翻轴、现代电梯 【部分原文损坏，需从源文件重建 / Partial source text corrupted; rebuild from source】,确认 小川 可识别；确认 同一废楼走廊纵深，冷绿荧光灯，重复门洞，电话亭尚未出现 未漂移；确认只表达「小川停一下」一个状态。,S6_CORRIDOR_PHONE_SHOCK,走廊电话惊惧阶段 / Corridor phone shock,角色焦点：小川；连续性：同一废楼走廊纵深，冷绿荧光灯，重复门洞，电话亭尚未出现 / Character focus: 小川; continuity: 同一废楼走廊纵深，冷绿荧光灯，重复门洞，电话亭尚未出现,角色焦点：小川；连续性：同一废楼走廊纵深，冷绿荧光灯，重复门洞，电话亭尚未出现 / Character focus: 小川; continuity: 同一废楼走廊纵深，冷绿荧光灯，重复门洞，电话亭尚未出现,同一废楼走廊纵深，冷绿荧光灯，重复门洞，电话亭尚未出现 / Environment continuity lock,whitebox_renders_v2/B05/WB2_CORRIDOR_MSB134.png
MSB135,B05,14,无限走廊,storyboard,B,micro_storyboard_panels/B05/MSB135_14_远处暗门.png,90年代中国小城，中式梦核现实电影质感，潮湿发黄的童年记忆，低照度，轻微 VHS 噪点，儿童低视角，真实旧衣服和生活痕迹，不漂亮化。人物必须继承 v2 设定：阿磊海军蓝旧运动外套和左眉断点；小川右耳微外翻、过紧红领巾、浅绿色塌书包；小满浅色大衬衫、抓衣角、脚尖内扣；彬子黄发梢、破黑夹克、腰包；高杆高瘦长手臂；大海宽身体褪色 T 恤；小齐条纹内衫和抠袖口。 画面编号 MSB135，段落 14《无限走廊》。景别：远景。参考机位：CAM_CORRIDOR_02_LOW_TRACK。本张只画一个画面状态：远处暗门。画面焦点：走廊尽头仍是暗门，没有出口，空间像循环。人物焦点：环境。表情要求：无出口感。姿态/运动路径：中轴固定。连续性锚点：同一废楼走廊纵深，冷绿荧光灯，重复门洞，电话亭尚未出现。画面应像可用于电影分镜的单张 production storyboard panel，构图清楚，动作状态明确，不要把前后动作合在一张里 【部分原文损坏，需从源文件重建 / Partial source text corrupted; rebuild from source】,不要统一脸型，不要统一发型，不要统一身材，不要童模脸，不要网红脸，不要现代校服，不要现代手机，不要液晶屏，不要女生，不要额外角色，不要成年人黑帮，不要动漫化，不要血腥，不要英雄化暴力。 本张特别避免：大幅空间扭曲、鬼怪、换成医院学校、180度翻轴、现代电梯 【部分原文损坏，需从源文件重建 / Partial source text corrupted; rebuild from source】,确认 环境 可识别；确认 同一废楼走廊纵深，冷绿荧光灯，重复门洞，电话亭尚未出现 未漂移；确认只表达「远处暗门」一个状态。,S6_CORRIDOR_PHONE_SHOCK,走廊电话惊惧阶段 / Corridor phone shock,角色焦点：环境；连续性：同一废楼走廊纵深，冷绿荧光灯，重复门洞，电话亭尚未出现 / Character focus: 环境; continuity: 同一废楼走廊纵深，冷绿荧光灯，重复门洞，电话亭尚未出现,角色焦点：环境；连续性：同一废楼走廊纵深，冷绿荧光灯，重复门洞，电话亭尚未出现 / Character focus: 环境; continuity: 同一废楼走廊纵深，冷绿荧光灯，重复门洞，电话亭尚未出现,同一废楼走廊纵深，冷绿荧光灯，重复门洞，电话亭尚未出现 / Environment continuity lock,whitebox_renders_v2/B05/WB2_CORRIDOR_MSB135.png
MSB136,B05,14,无限走廊,storyboard,A,micro_storyboard_panels/B05/MSB136_14_小川继续走.png,90年代中国小城，中式梦核现实电影质感，潮湿发黄的童年记忆，低照度，轻微 VHS 噪点，儿童低视角，真实旧衣服和生活痕迹，不漂亮化。人物必须继承 v2 设定：阿磊海军蓝旧运动外套和左眉断点；小川右耳微外翻、过紧红领巾、浅绿色塌书包；小满浅色大衬衫、抓衣角、脚尖内扣；彬子黄发梢、破黑夹克、腰包；高杆高瘦长手臂；大海宽身体褪色 T 恤；小齐条纹内衫和抠袖口。 画面编号 MSB136，段落 14《无限走廊》。景别：中远景。参考机位：CAM_CORRIDOR_02_LOW_TRACK。本张只画一个画面状态：小川继续走。画面焦点：小川从跑变成慢走，书包歪着，脚步变轻。人物焦点：小川。表情要求：恐惧变成被牵引。姿态/运动路径：速度减慢。连续性锚点：同一废楼走廊纵深，冷绿荧光灯，重复门洞，电话亭尚未出现。画面应像可用于电影分镜的单张 production storyboard panel，构图清楚，动作状态明确，不要把前后动作合在一张里 【部分原文损坏，需从源文件重建 / Partial source text corrupted; rebuild from source】,不要统一脸型，不要统一发型，不要统一身材，不要童模脸，不要网红脸，不要现代校服，不要现代手机，不要液晶屏，不要女生，不要额外角色，不要成年人黑帮，不要动漫化，不要血腥，不要英雄化暴力。 本张特别避免：大幅空间扭曲、鬼怪、换成医院学校、180度翻轴、现代电梯 【部分原文损坏，需从源文件重建 / Partial source text corrupted; rebuild from source】,确认 小川 可识别；确认 同一废楼走廊纵深，冷绿荧光灯，重复门洞，电话亭尚未出现 未漂移；确认只表达「小川继续走」一个状态。,S6_CORRIDOR_PHONE_SHOCK,走廊电话惊惧阶段 / Corridor phone shock,角色焦点：小川；连续性：同一废楼走廊纵深，冷绿荧光灯，重复门洞，电话亭尚未出现 / Character focus: 小川; continuity: 同一废楼走廊纵深，冷绿荧光灯，重复门洞，电话亭尚未出现,角色焦点：小川；连续性：同一废楼走廊纵深，冷绿荧光灯，重复门洞，电话亭尚未出现 / Character focus: 小川; continuity: 同一废楼走廊纵深，冷绿荧光灯，重复门洞，电话亭尚未出现,同一废楼走廊纵深，冷绿荧光灯，重复门洞，电话亭尚未出现 / Environment continuity lock,whitebox_renders_v2/B05/WB2_CORRIDOR_MSB136.png
MSB137,B05,14,无限走廊,end_frame,A,micro_storyboard_panels/B05/MSB137_14_铃声第一次进入.png,90年代中国小城，中式梦核现实电影质感，潮湿发黄的童年记忆，低照度，轻微 VHS 噪点，儿童低视角，真实旧衣服和生活痕迹，不漂亮化。人物必须继承 v2 设定：阿磊海军蓝旧运动外套和左眉断点；小川右耳微外翻、过紧红领巾、浅绿色塌书包；小满浅色大衬衫、抓衣角、脚尖内扣；彬子黄发梢、破黑夹克、腰包；高杆高瘦长手臂；大海宽身体褪色 T 恤；小齐条纹内衫和抠袖口。 画面编号 MSB137，段落 14《无限走廊》。景别：近景。参考机位：CAM_CORRIDOR_02_LOW_TRACK。本张只画一个画面状态：铃声第一次进入。画面焦点：小川听到远处铃声，眼睛抬起但不知来源。人物焦点：小川。表情要求：被声音抓住。姿态/运动路径：头微抬。连续性锚点：同一废楼走廊纵深，冷绿荧光灯，重复门洞，电话亭尚未出现。画面应像可用于电影分镜的单张 production storyboard panel，构图清楚，动作状态明确，不要把前后动作合在一张里 【部分原文损坏，需从源文件重建 / Partial source text corrupted; rebuild from source】,不要统一脸型，不要统一发型，不要统一身材，不要童模脸，不要网红脸，不要现代校服，不要现代手机，不要液晶屏，不要女生，不要额外角色，不要成年人黑帮，不要动漫化，不要血腥，不要英雄化暴力。 本张特别避免：大幅空间扭曲、鬼怪、换成医院学校、180度翻轴、现代电梯 【部分原文损坏，需从源文件重建 / Partial source text corrupted; rebuild from source】,确认 小川 可识别；确认 同一废楼走廊纵深，冷绿荧光灯，重复门洞，电话亭尚未出现 未漂移；确认只表达「铃声第一次进入」一个状态。,S6_CORRIDOR_PHONE_SHOCK,走廊电话惊惧阶段 / Corridor phone shock,角色焦点：小川；连续性：同一废楼走廊纵深，冷绿荧光灯，重复门洞，电话亭尚未出现 / Character focus: 小川; continuity: 同一废楼走廊纵深，冷绿荧光灯，重复门洞，电话亭尚未出现,角色焦点：小川；连续性：同一废楼走廊纵深，冷绿荧光灯，重复门洞，电话亭尚未出现 / Character focus: 小川; continuity: 同一废楼走廊纵深，冷绿荧光灯，重复门洞，电话亭尚未出现,同一废楼走廊纵深，冷绿荧光灯，重复门洞，电话亭尚未出现 / Environment continuity lock,whitebox_renders_v2/B05/WB2_CORRIDOR_MSB137.png
MSB138,B05,14,无限走廊,storyboard,A,micro_storyboard_panels/B05/MSB138_14_走廊深处微光未明.png,90年代中国小城，中式梦核现实电影质感，潮湿发黄的童年记忆，低照度，轻微 VHS 噪点，儿童低视角，真实旧衣服和生活痕迹，不漂亮化。人物必须继承 v2 设定：阿磊海军蓝旧运动外套和左眉断点；小川右耳微外翻、过紧红领巾、浅绿色塌书包；小满浅色大衬衫、抓衣角、脚尖内扣；彬子黄发梢、破黑夹克、腰包；高杆高瘦长手臂；大海宽身体褪色 T 恤；小齐条纹内衫和抠袖口。 画面编号 MSB138，段落 14《无限走廊》。景别：远景。参考机位：CAM_CORRIDOR_02_LOW_TRACK。本张只画一个画面状态：走廊深处微光未明。画面焦点：走廊深处出现极弱暖点，还不像电话亭。人物焦点：环境。表情要求：召唤开始。姿态/运动路径：远处暖光一点。连续性锚点：同一废楼走廊纵深，冷绿荧光灯，重复门洞，电话亭尚未出现。画面应像可用于电影分镜的单张 production storyboard panel，构图清楚，动作状态明确，不要把前后动作合在一张里 【部分原文损坏，需从源文件重建 / Partial source text corrupted; rebuild from source】,不要统一脸型，不要统一发型，不要统一身材，不要童模脸，不要网红脸，不要现代校服，不要现代手机，不要液晶屏，不要女生，不要额外角色，不要成年人黑帮，不要动漫化，不要血腥，不要英雄化暴力。 本张特别避免：大幅空间扭曲、鬼怪、换成医院学校、180度翻轴、现代电梯 【部分原文损坏，需从源文件重建 / Partial source text corrupted; rebuild from source】,确认 环境 可识别；确认 同一废楼走廊纵深，冷绿荧光灯，重复门洞，电话亭尚未出现 未漂移；确认只表达「走廊深处微光未明」一个状态。,S6_CORRIDOR_PHONE_SHOCK,走廊电话惊惧阶段 / Corridor phone shock,角色焦点：环境；连续性：同一废楼走廊纵深，冷绿荧光灯，重复门洞，电话亭尚未出现 / Character focus: 环境; continuity: 同一废楼走廊纵深，冷绿荧光灯，重复门洞，电话亭尚未出现,角色焦点：环境；连续性：同一废楼走廊纵深，冷绿荧光灯，重复门洞，电话亭尚未出现 / Character focus: 环境; continuity: 同一废楼走廊纵深，冷绿荧光灯，重复门洞，电话亭尚未出现,同一废楼走廊纵深，冷绿荧光灯，重复门洞，电话亭尚未出现 / Environment continuity lock,whitebox_renders_v2/B05/WB2_CORRIDOR_MSB138.png
MSB139,B05,15,远处电话亭,keyframe,A,micro_storyboard_panels/B05/MSB139_15_暖光明确.png,90年代中国小城，中式梦核现实电影质感，潮湿发黄的童年记忆，低照度，轻微 VHS 噪点，儿童低视角，真实旧衣服和生活痕迹，不漂亮化。人物必须继承 v2 设定：阿磊海军蓝旧运动外套和左眉断点；小川右耳微外翻、过紧红领巾、浅绿色塌书包；小满浅色大衬衫、抓衣角、脚尖内扣；彬子黄发梢、破黑夹克、腰包；高杆高瘦长手臂；大海宽身体褪色 T 恤；小齐条纹内衫和抠袖口。 画面编号 MSB139，段落 15《远处电话亭》。景别：远景。参考机位：CAM_PHONE_01_DISTANT_GLOW。本张只画一个画面状态：暖光明确。画面焦点：走廊尽头暖白光变清楚，电话亭轮廓第一次可辨。人物焦点：电话亭/环境。表情要求：无人物或小川远处。姿态/运动路径：locked-off。连续性锚点：走廊尽头旧电话亭，暖白微光对冷绿走廊，小川在远处停下。画面应像可用于电影分镜的单张 production storyboard panel，构图清楚，动作状态明确，不要把前后动作合在一张里 【部分原文损坏，需从源文件重建 / Partial source text corrupted; rebuild from source】,不要统一脸型，不要统一发型，不要统一身材，不要童模脸，不要网红脸，不要现代校服，不要现代手机，不要液晶屏，不要女生，不要额外角色，不要成年人黑帮，不要动漫化，不要血腥，不要英雄化暴力。 本张特别避免：科幻设备、现代电话亭、全息屏、其他出口、电话亭移动 【部分原文损坏，需从源文件重建 / Partial source text corrupted; rebuild from source】,确认 电话亭/环境 可识别；确认 走廊尽头旧电话亭，暖白微光对冷绿走廊，小川在远处停下 未漂移；确认只表达「暖光明确」一个状态。,S6_CORRIDOR_PHONE_SHOCK,走廊电话惊惧阶段 / Corridor phone shock,角色焦点：电话亭/环境；连续性：走廊尽头旧电话亭，暖白微光对冷绿走廊，小川在远处停下 / Character focus: 电话亭/环境; continuity: 走廊尽头旧电话亭，暖白微光对冷绿走廊，小川在远处停下,角色焦点：电话亭/环境；连续性：走廊尽头旧电话亭，暖白微光对冷绿走廊，小川在远处停下 / Character focus: 电话亭/环境; continuity: 走廊尽头旧电话亭，暖白微光对冷绿走廊，小川在远处停下,走廊尽头旧电话亭，暖白微光对冷绿走廊，小川在远处停下 / Environment continuity lock,whitebox_renders_v2/B05/WB2_PHONE_MSB139.png
MSB140,B05,15,远处电话亭,start_frame,A,micro_storyboard_panels/B05/MSB140_15_小川远处停住.png,90年代中国小城，中式梦核现实电影质感，潮湿发黄的童年记忆，低照度，轻微 VHS 噪点，儿童低视角，真实旧衣服和生活痕迹，不漂亮化。人物必须继承 v2 设定：阿磊海军蓝旧运动外套和左眉断点；小川右耳微外翻、过紧红领巾、浅绿色塌书包；小满浅色大衬衫、抓衣角、脚尖内扣；彬子黄发梢、破黑夹克、腰包；高杆高瘦长手臂；大海宽身体褪色 T 恤；小齐条纹内衫和抠袖口。 画面编号 MSB140，段落 15《远处电话亭》。景别：远景。参考机位：CAM_PHONE_01_DISTANT_GLOW。本张只画一个画面状态：小川远处停住。画面焦点：小川在走廊中段停下，面对远处电话亭，比例很小。人物焦点：小川/电话亭。表情要求：被召唤，犹豫。姿态/运动路径：身体停住。连续性锚点：走廊尽头旧电话亭，暖白微光对冷绿走廊，小川在远处停下。画面应像可用于电影分镜的单张 production storyboard panel，构图清楚，动作状态明确，不要把前后动作合在一张里 【部分原文损坏，需从源文件重建 / Partial source text corrupted; rebuild from source】,不要统一脸型，不要统一发型，不要统一身材，不要童模脸，不要网红脸，不要现代校服，不要现代手机，不要液晶屏，不要女生，不要额外角色，不要成年人黑帮，不要动漫化，不要血腥，不要英雄化暴力。 本张特别避免：科幻设备、现代电话亭、全息屏、其他出口、电话亭移动 【部分原文损坏，需从源文件重建 / Partial source text corrupted; rebuild from source】,确认 小川/电话亭 可识别；确认 走廊尽头旧电话亭，暖白微光对冷绿走廊，小川在远处停下 未漂移；确认只表达「小川远处停住」一个状态。,S6_CORRIDOR_PHONE_SHOCK,走廊电话惊惧阶段 / Corridor phone shock,角色焦点：小川/电话亭；连续性：走廊尽头旧电话亭，暖白微光对冷绿走廊，小川在远处停下 / Character focus: 小川/电话亭; continuity: 走廊尽头旧电话亭，暖白微光对冷绿走廊，小川在远处停下,角色焦点：小川/电话亭；连续性：走廊尽头旧电话亭，暖白微光对冷绿走廊，小川在远处停下 / Character focus: 小川/电话亭; continuity: 走廊尽头旧电话亭，暖白微光对冷绿走廊，小川在远处停下,走廊尽头旧电话亭，暖白微光对冷绿走廊，小川在远处停下 / Environment continuity lock,whitebox_renders_v2/B05/WB2_PHONE_MSB140.png
MSB141,B05,15,远处电话亭,storyboard,A,micro_storyboard_panels/B05/MSB141_15_铃声来源.png,90年代中国小城，中式梦核现实电影质感，潮湿发黄的童年记忆，低照度，轻微 VHS 噪点，儿童低视角，真实旧衣服和生活痕迹，不漂亮化。人物必须继承 v2 设定：阿磊海军蓝旧运动外套和左眉断点；小川右耳微外翻、过紧红领巾、浅绿色塌书包；小满浅色大衬衫、抓衣角、脚尖内扣；彬子黄发梢、破黑夹克、腰包；高杆高瘦长手臂；大海宽身体褪色 T 恤；小齐条纹内衫和抠袖口。 画面编号 MSB141，段落 15《远处电话亭》。景别：中景。参考机位：CAM_PHONE_01_DISTANT_GLOW。本张只画一个画面状态：铃声来源。画面焦点：小川侧脸听铃声，眼睛看向暖光，红领巾微亮。人物焦点：小川。表情要求：害怕但被吸引。姿态/运动路径：头慢慢抬。连续性锚点：走廊尽头旧电话亭，暖白微光对冷绿走廊，小川在远处停下。画面应像可用于电影分镜的单张 production storyboard panel，构图清楚，动作状态明确，不要把前后动作合在一张里 【部分原文损坏，需从源文件重建 / Partial source text corrupted; rebuild from source】,不要统一脸型，不要统一发型，不要统一身材，不要童模脸，不要网红脸，不要现代校服，不要现代手机，不要液晶屏，不要女生，不要额外角色，不要成年人黑帮，不要动漫化，不要血腥，不要英雄化暴力。 本张特别避免：科幻设备、现代电话亭、全息屏、其他出口、电话亭移动 【部分原文损坏，需从源文件重建 / Partial source text corrupted; rebuild from source】,确认 小川 可识别；确认 走廊尽头旧电话亭，暖白微光对冷绿走廊，小川在远处停下 未漂移；确认只表达「铃声来源」一个状态。,S6_CORRIDOR_PHONE_SHOCK,走廊电话惊惧阶段 / Corridor phone shock,角色焦点：小川；连续性：走廊尽头旧电话亭，暖白微光对冷绿走廊，小川在远处停下 / Character focus: 小川; continuity: 走廊尽头旧电话亭，暖白微光对冷绿走廊，小川在远处停下,角色焦点：小川；连续性：走廊尽头旧电话亭，暖白微光对冷绿走廊，小川在远处停下 / Character focus: 小川; continuity: 走廊尽头旧电话亭，暖白微光对冷绿走廊，小川在远处停下,走廊尽头旧电话亭，暖白微光对冷绿走廊，小川在远处停下 / Environment continuity lock,whitebox_renders_v2/B05/WB2_PHONE_MSB141.png
MSB142,B05,15,远处电话亭,storyboard,A,micro_storyboard_panels/B05/MSB142_15_电话亭像错误物.png,90年代中国小城，中式梦核现实电影质感，潮湿发黄的童年记忆，低照度，轻微 VHS 噪点，儿童低视角，真实旧衣服和生活痕迹，不漂亮化。人物必须继承 v2 设定：阿磊海军蓝旧运动外套和左眉断点；小川右耳微外翻、过紧红领巾、浅绿色塌书包；小满浅色大衬衫、抓衣角、脚尖内扣；彬子黄发梢、破黑夹克、腰包；高杆高瘦长手臂；大海宽身体褪色 T 恤；小齐条纹内衫和抠袖口。 画面编号 MSB142，段落 15《远处电话亭》。景别：远景。参考机位：CAM_PHONE_01_DISTANT_GLOW。本张只画一个画面状态：电话亭像错误物。画面焦点：电话亭不合理地嵌在废楼深处，但材质是旧玻璃和金属。人物焦点：电话亭。表情要求：现实错误感。姿态/运动路径：不移动，只发光。连续性锚点：走廊尽头旧电话亭，暖白微光对冷绿走廊，小川在远处停下。画面应像可用于电影分镜的单张 production storyboard panel，构图清楚，动作状态明确，不要把前后动作合在一张里 【部分原文损坏，需从源文件重建 / Partial source text corrupted; rebuild from source】,不要统一脸型，不要统一发型，不要统一身材，不要童模脸，不要网红脸，不要现代校服，不要现代手机，不要液晶屏，不要女生，不要额外角色，不要成年人黑帮，不要动漫化，不要血腥，不要英雄化暴力。 本张特别避免：科幻设备、现代电话亭、全息屏、其他出口、电话亭移动 【部分原文损坏，需从源文件重建 / Partial source text corrupted; rebuild from source】,确认 电话亭 可识别；确认 走廊尽头旧电话亭，暖白微光对冷绿走廊，小川在远处停下 未漂移；确认只表达「电话亭像错误物」一个状态。,S6_CORRIDOR_PHONE_SHOCK,走廊电话惊惧阶段 / Corridor phone shock,角色焦点：电话亭；连续性：走廊尽头旧电话亭，暖白微光对冷绿走廊，小川在远处停下 / Character focus: 电话亭; continuity: 走廊尽头旧电话亭，暖白微光对冷绿走廊，小川在远处停下,角色焦点：电话亭；连续性：走廊尽头旧电话亭，暖白微光对冷绿走廊，小川在远处停下 / Character focus: 电话亭; continuity: 走廊尽头旧电话亭，暖白微光对冷绿走廊，小川在远处停下,走廊尽头旧电话亭，暖白微光对冷绿走廊，小川在远处停下 / Environment continuity lock,whitebox_renders_v2/B05/WB2_PHONE_MSB142.png
MSB143,B05,15,远处电话亭,keyframe,A,micro_storyboard_panels/B05/MSB143_15_冷暖对比.png,90年代中国小城，中式梦核现实电影质感，潮湿发黄的童年记忆，低照度，轻微 VHS 噪点，儿童低视角，真实旧衣服和生活痕迹，不漂亮化。人物必须继承 v2 设定：阿磊海军蓝旧运动外套和左眉断点；小川右耳微外翻、过紧红领巾、浅绿色塌书包；小满浅色大衬衫、抓衣角、脚尖内扣；彬子黄发梢、破黑夹克、腰包；高杆高瘦长手臂；大海宽身体褪色 T 恤；小齐条纹内衫和抠袖口。 画面编号 MSB143，段落 15《远处电话亭》。景别：中远景。参考机位：CAM_PHONE_01_DISTANT_GLOW。本张只画一个画面状态：冷暖对比。画面焦点：冷绿走廊和暖白电话亭形成明确色块，小川夹在中间。人物焦点：环境/小川。表情要求：临界点。姿态/运动路径：构图对称。连续性锚点：走廊尽头旧电话亭，暖白微光对冷绿走廊，小川在远处停下。画面应像可用于电影分镜的单张 production storyboard panel，构图清楚，动作状态明确，不要把前后动作合在一张里 【部分原文损坏，需从源文件重建 / Partial source text corrupted; rebuild from source】,不要统一脸型，不要统一发型，不要统一身材，不要童模脸，不要网红脸，不要现代校服，不要现代手机，不要液晶屏，不要女生，不要额外角色，不要成年人黑帮，不要动漫化，不要血腥，不要英雄化暴力。 本张特别避免：科幻设备、现代电话亭、全息屏、其他出口、电话亭移动 【部分原文损坏，需从源文件重建 / Partial source text corrupted; rebuild from source】,确认 环境/小川 可识别；确认 走廊尽头旧电话亭，暖白微光对冷绿走廊，小川在远处停下 未漂移；确认只表达「冷暖对比」一个状态。,S6_CORRIDOR_PHONE_SHOCK,走廊电话惊惧阶段 / Corridor phone shock,角色焦点：环境/小川；连续性：走廊尽头旧电话亭，暖白微光对冷绿走廊，小川在远处停下 / Character focus: 环境/小川; continuity: 走廊尽头旧电话亭，暖白微光对冷绿走廊，小川在远处停下,角色焦点：环境/小川；连续性：走廊尽头旧电话亭，暖白微光对冷绿走廊，小川在远处停下 / Character focus: 环境/小川; continuity: 走廊尽头旧电话亭，暖白微光对冷绿走廊，小川在远处停下,走廊尽头旧电话亭，暖白微光对冷绿走廊，小川在远处停下 / Environment continuity lock,whitebox_renders_v2/B05/WB2_PHONE_MSB143.png
MSB144,B05,15,远处电话亭,storyboard,B,micro_storyboard_panels/B05/MSB144_15_小川迈出第一步.png,90年代中国小城，中式梦核现实电影质感，潮湿发黄的童年记忆，低照度，轻微 VHS 噪点，儿童低视角，真实旧衣服和生活痕迹，不漂亮化。人物必须继承 v2 设定：阿磊海军蓝旧运动外套和左眉断点；小川右耳微外翻、过紧红领巾、浅绿色塌书包；小满浅色大衬衫、抓衣角、脚尖内扣；彬子黄发梢、破黑夹克、腰包；高杆高瘦长手臂；大海宽身体褪色 T 恤；小齐条纹内衫和抠袖口。 画面编号 MSB144，段落 15《远处电话亭》。景别：全景。参考机位：CAM_PHONE_01_DISTANT_GLOW。本张只画一个画面状态：小川迈出第一步。画面焦点：小川很慢地向电话亭方向迈一步，不是逃跑。人物焦点：小川。表情要求：被铃声牵引。姿态/运动路径：慢步向前。连续性锚点：走廊尽头旧电话亭，暖白微光对冷绿走廊，小川在远处停下。画面应像可用于电影分镜的单张 production storyboard panel，构图清楚，动作状态明确，不要把前后动作合在一张里 【部分原文损坏，需从源文件重建 / Partial source text corrupted; rebuild from source】,不要统一脸型，不要统一发型，不要统一身材，不要童模脸，不要网红脸，不要现代校服，不要现代手机，不要液晶屏，不要女生，不要额外角色，不要成年人黑帮，不要动漫化，不要血腥，不要英雄化暴力。 本张特别避免：科幻设备、现代电话亭、全息屏、其他出口、电话亭移动 【部分原文损坏，需从源文件重建 / Partial source text corrupted; rebuild from source】,确认 小川 可识别；确认 走廊尽头旧电话亭，暖白微光对冷绿走廊，小川在远处停下 未漂移；确认只表达「小川迈出第一步」一个状态。,S6_CORRIDOR_PHONE_SHOCK,走廊电话惊惧阶段 / Corridor phone shock,角色焦点：小川；连续性：走廊尽头旧电话亭，暖白微光对冷绿走廊，小川在远处停下 / Character focus: 小川; continuity: 走廊尽头旧电话亭，暖白微光对冷绿走廊，小川在远处停下,角色焦点：小川；连续性：走廊尽头旧电话亭，暖白微光对冷绿走廊，小川在远处停下 / Character focus: 小川; continuity: 走廊尽头旧电话亭，暖白微光对冷绿走廊，小川在远处停下,走廊尽头旧电话亭，暖白微光对冷绿走廊，小川在远处停下 / Environment continuity lock,whitebox_renders_v2/B05/WB2_PHONE_MSB144.png
MSB145,B05,15,远处电话亭,storyboard,B,micro_storyboard_panels/B05/MSB145_15_电话线细节远现.png,90年代中国小城，中式梦核现实电影质感，潮湿发黄的童年记忆，低照度，轻微 VHS 噪点，儿童低视角，真实旧衣服和生活痕迹，不漂亮化。人物必须继承 v2 设定：阿磊海军蓝旧运动外套和左眉断点；小川右耳微外翻、过紧红领巾、浅绿色塌书包；小满浅色大衬衫、抓衣角、脚尖内扣；彬子黄发梢、破黑夹克、腰包；高杆高瘦长手臂；大海宽身体褪色 T 恤；小齐条纹内衫和抠袖口。 画面编号 MSB145，段落 15《远处电话亭》。景别：中远景。参考机位：CAM_PHONE_01_DISTANT_GLOW。本张只画一个画面状态：电话线细节远现。画面焦点：电话亭内旧电话和垂下电话线隐约可见。人物焦点：电话亭/道具。表情要求：危险道具出现。姿态/运动路径：微 push-in。连续性锚点：走廊尽头旧电话亭，暖白微光对冷绿走廊，小川在远处停下。画面应像可用于电影分镜的单张 production storyboard panel，构图清楚，动作状态明确，不要把前后动作合在一张里 【部分原文损坏，需从源文件重建 / Partial source text corrupted; rebuild from source】,不要统一脸型，不要统一发型，不要统一身材，不要童模脸，不要网红脸，不要现代校服，不要现代手机，不要液晶屏，不要女生，不要额外角色，不要成年人黑帮，不要动漫化，不要血腥，不要英雄化暴力。 本张特别避免：科幻设备、现代电话亭、全息屏、其他出口、电话亭移动 【部分原文损坏，需从源文件重建 / Partial source text corrupted; rebuild from source】,确认 电话亭/道具 可识别；确认 走廊尽头旧电话亭，暖白微光对冷绿走廊，小川在远处停下 未漂移；确认只表达「电话线细节远现」一个状态。,S6_CORRIDOR_PHONE_SHOCK,走廊电话惊惧阶段 / Corridor phone shock,角色焦点：电话亭/道具；连续性：走廊尽头旧电话亭，暖白微光对冷绿走廊，小川在远处停下 / Character focus: 电话亭/道具; continuity: 走廊尽头旧电话亭，暖白微光对冷绿走廊，小川在远处停下,角色焦点：电话亭/道具；连续性：走廊尽头旧电话亭，暖白微光对冷绿走廊，小川在远处停下 / Character focus: 电话亭/道具; continuity: 走廊尽头旧电话亭，暖白微光对冷绿走廊，小川在远处停下,走廊尽头旧电话亭，暖白微光对冷绿走廊，小川在远处停下 / Environment continuity lock,whitebox_renders_v2/B05/WB2_PHONE_MSB145.png
MSB146,B05,15,远处电话亭,end_frame,A,micro_storyboard_panels/B05/MSB146_15_靠近前停顿.png,90年代中国小城，中式梦核现实电影质感，潮湿发黄的童年记忆，低照度，轻微 VHS 噪点，儿童低视角，真实旧衣服和生活痕迹，不漂亮化。人物必须继承 v2 设定：阿磊海军蓝旧运动外套和左眉断点；小川右耳微外翻、过紧红领巾、浅绿色塌书包；小满浅色大衬衫、抓衣角、脚尖内扣；彬子黄发梢、破黑夹克、腰包；高杆高瘦长手臂；大海宽身体褪色 T 恤；小齐条纹内衫和抠袖口。 画面编号 MSB146，段落 15《远处电话亭》。景别：远景。参考机位：CAM_PHONE_01_DISTANT_GLOW。本张只画一个画面状态：靠近前停顿。画面焦点：小川在电话亭前方一段距离停下，暖光照到鞋尖。人物焦点：小川/电话亭。表情要求：最后犹豫。姿态/运动路径：停顿一拍。连续性锚点：走廊尽头旧电话亭，暖白微光对冷绿走廊，小川在远处停下。画面应像可用于电影分镜的单张 production storyboard panel，构图清楚，动作状态明确，不要把前后动作合在一张里 【部分原文损坏，需从源文件重建 / Partial source text corrupted; rebuild from source】,不要统一脸型，不要统一发型，不要统一身材，不要童模脸，不要网红脸，不要现代校服，不要现代手机，不要液晶屏，不要女生，不要额外角色，不要成年人黑帮，不要动漫化，不要血腥，不要英雄化暴力。 本张特别避免：科幻设备、现代电话亭、全息屏、其他出口、电话亭移动 【部分原文损坏，需从源文件重建 / Partial source text corrupted; rebuild from source】,确认 小川/电话亭 可识别；确认 走廊尽头旧电话亭，暖白微光对冷绿走廊，小川在远处停下 未漂移；确认只表达「靠近前停顿」一个状态。,S6_CORRIDOR_PHONE_SHOCK,走廊电话惊惧阶段 / Corridor phone shock,角色焦点：小川/电话亭；连续性：走廊尽头旧电话亭，暖白微光对冷绿走廊，小川在远处停下 / Character focus: 小川/电话亭; continuity: 走廊尽头旧电话亭，暖白微光对冷绿走廊，小川在远处停下,角色焦点：小川/电话亭；连续性：走廊尽头旧电话亭，暖白微光对冷绿走廊，小川在远处停下 / Character focus: 小川/电话亭; continuity: 走廊尽头旧电话亭，暖白微光对冷绿走廊，小川在远处停下,走廊尽头旧电话亭，暖白微光对冷绿走廊，小川在远处停下 / Environment continuity lock,whitebox_renders_v2/B05/WB2_PHONE_MSB146.png
MSB147,B05,16,靠近电话亭,start_frame,A,micro_storyboard_panels/B05/MSB147_16_电话亭门框前景.png,90年代中国小城，中式梦核现实电影质感，潮湿发黄的童年记忆，低照度，轻微 VHS 噪点，儿童低视角，真实旧衣服和生活痕迹，不漂亮化。人物必须继承 v2 设定：阿磊海军蓝旧运动外套和左眉断点；小川右耳微外翻、过紧红领巾、浅绿色塌书包；小满浅色大衬衫、抓衣角、脚尖内扣；彬子黄发梢、破黑夹克、腰包；高杆高瘦长手臂；大海宽身体褪色 T 恤；小齐条纹内衫和抠袖口。 画面编号 MSB147，段落 16《靠近电话亭》。景别：中景。参考机位：CAM_PHONE_02_APPROACH_CLOSE。本张只画一个画面状态：电话亭门框前景。画面焦点：电话亭门框占前景，小川从左侧黑暗靠近。人物焦点：小川/电话亭。表情要求：紧张，被光吸引。姿态/运动路径：slow dolly in。连续性锚点：小川从左侧黑暗靠近，电话亭暖白光，红领巾、浅绿书包边缘，旧电话亭材质。画面应像可用于电影分镜的单张 production storyboard panel，构图清楚，动作状态明确，不要把前后动作合在一张里 【部分原文损坏，需从源文件重建 / Partial source text corrupted; rebuild from source】,不要统一脸型，不要统一发型，不要统一身材，不要童模脸，不要网红脸，不要现代校服，不要现代手机，不要液晶屏，不要女生，不要额外角色，不要成年人黑帮，不要动漫化，不要血腥，不要英雄化暴力。 本张特别避免：主角变脸、现代电话亭、科幻屏幕、换服装、电话亭位置改变 【部分原文损坏，需从源文件重建 / Partial source text corrupted; rebuild from source】,确认 小川/电话亭 可识别；确认 小川从左侧黑暗靠近，电话亭暖白光，红领巾、浅绿书包边缘，旧电话亭材质 未漂移；确认只表达「电话亭门框前景」一个状态。,S6_CORRIDOR_PHONE_SHOCK,走廊电话惊惧阶段 / Corridor phone shock,角色焦点：小川/电话亭；连续性：小川从左侧黑暗靠近，电话亭暖白光，红领巾、浅绿书包边缘，旧电话亭材质 / Character focus: 小川/电话亭; continuity: 小川从左侧黑暗靠近，电话亭暖白光，红领巾、浅绿书包边缘，旧电话亭材质,角色焦点：小川/电话亭；连续性：小川从左侧黑暗靠近，电话亭暖白光，红领巾、浅绿书包边缘，旧电话亭材质 / Character focus: 小川/电话亭; continuity: 小川从左侧黑暗靠近，电话亭暖白光，红领巾、浅绿书包边缘，旧电话亭材质,小川从左侧黑暗靠近，电话亭暖白光，红领巾、浅绿书包边缘，旧电话亭材质 / Environment continuity lock,whitebox_renders_v2/B05/WB2_PHONE_MSB147.png
MSB148,B05,16,靠近电话亭,storyboard,A,micro_storyboard_panels/B05/MSB148_16_暖光照红领巾.png,90年代中国小城，中式梦核现实电影质感，潮湿发黄的童年记忆，低照度，轻微 VHS 噪点，儿童低视角，真实旧衣服和生活痕迹，不漂亮化。人物必须继承 v2 设定：阿磊海军蓝旧运动外套和左眉断点；小川右耳微外翻、过紧红领巾、浅绿色塌书包；小满浅色大衬衫、抓衣角、脚尖内扣；彬子黄发梢、破黑夹克、腰包；高杆高瘦长手臂；大海宽身体褪色 T 恤；小齐条纹内衫和抠袖口。 画面编号 MSB148，段落 16《靠近电话亭》。景别：近景。参考机位：CAM_PHONE_02_APPROACH_CLOSE。本张只画一个画面状态：暖光照红领巾。画面焦点：暖白光先照到小川红领巾和脸下半部，眼睛仍在阴影里。人物焦点：小川。表情要求：害怕压住呼吸。姿态/运动路径：慢慢前进。连续性锚点：小川从左侧黑暗靠近，电话亭暖白光，红领巾、浅绿书包边缘，旧电话亭材质。画面应像可用于电影分镜的单张 production storyboard panel，构图清楚，动作状态明确，不要把前后动作合在一张里 【部分原文损坏，需从源文件重建 / Partial source text corrupted; rebuild from source】,不要统一脸型，不要统一发型，不要统一身材，不要童模脸，不要网红脸，不要现代校服，不要现代手机，不要液晶屏，不要女生，不要额外角色，不要成年人黑帮，不要动漫化，不要血腥，不要英雄化暴力。 本张特别避免：主角变脸、现代电话亭、科幻屏幕、换服装、电话亭位置改变 【部分原文损坏，需从源文件重建 / Partial source text corrupted; rebuild from source】,确认 小川 可识别；确认 小川从左侧黑暗靠近，电话亭暖白光，红领巾、浅绿书包边缘，旧电话亭材质 未漂移；确认只表达「暖光照红领巾」一个状态。,S6_CORRIDOR_PHONE_SHOCK,走廊电话惊惧阶段 / Corridor phone shock,角色焦点：小川；连续性：小川从左侧黑暗靠近，电话亭暖白光，红领巾、浅绿书包边缘，旧电话亭材质 / Character focus: 小川; continuity: 小川从左侧黑暗靠近，电话亭暖白光，红领巾、浅绿书包边缘，旧电话亭材质,角色焦点：小川；连续性：小川从左侧黑暗靠近，电话亭暖白光，红领巾、浅绿书包边缘，旧电话亭材质 / Character focus: 小川; continuity: 小川从左侧黑暗靠近，电话亭暖白光，红领巾、浅绿书包边缘，旧电话亭材质,小川从左侧黑暗靠近，电话亭暖白光，红领巾、浅绿书包边缘，旧电话亭材质 / Environment continuity lock,whitebox_renders_v2/B05/WB2_PHONE_MSB148.png
MSB149,B05,16,靠近电话亭,storyboard,B,micro_storyboard_panels/B05/MSB149_16_书包边缘亮起.png,90年代中国小城，中式梦核现实电影质感，潮湿发黄的童年记忆，低照度，轻微 VHS 噪点，儿童低视角，真实旧衣服和生活痕迹，不漂亮化。人物必须继承 v2 设定：阿磊海军蓝旧运动外套和左眉断点；小川右耳微外翻、过紧红领巾、浅绿色塌书包；小满浅色大衬衫、抓衣角、脚尖内扣；彬子黄发梢、破黑夹克、腰包；高杆高瘦长手臂；大海宽身体褪色 T 恤；小齐条纹内衫和抠袖口。 画面编号 MSB149，段落 16《靠近电话亭》。景别：中近景。参考机位：CAM_PHONE_02_APPROACH_CLOSE。本张只画一个画面状态：书包边缘亮起。画面焦点：浅绿色书包边缘被电话亭光勾出来，肩带一松一紧。人物焦点：小川/道具。表情要求：身份锚点稳定。姿态/运动路径：小步靠近。连续性锚点：小川从左侧黑暗靠近，电话亭暖白光，红领巾、浅绿书包边缘，旧电话亭材质。画面应像可用于电影分镜的单张 production storyboard panel，构图清楚，动作状态明确，不要把前后动作合在一张里 【部分原文损坏，需从源文件重建 / Partial source text corrupted; rebuild from source】,不要统一脸型，不要统一发型，不要统一身材，不要童模脸，不要网红脸，不要现代校服，不要现代手机，不要液晶屏，不要女生，不要额外角色，不要成年人黑帮，不要动漫化，不要血腥，不要英雄化暴力。 本张特别避免：主角变脸、现代电话亭、科幻屏幕、换服装、电话亭位置改变 【部分原文损坏，需从源文件重建 / Partial source text corrupted; rebuild from source】,确认 小川/道具 可识别；确认 小川从左侧黑暗靠近，电话亭暖白光，红领巾、浅绿书包边缘，旧电话亭材质 未漂移；确认只表达「书包边缘亮起」一个状态。,S6_CORRIDOR_PHONE_SHOCK,走廊电话惊惧阶段 / Corridor phone shock,角色焦点：小川/道具；连续性：小川从左侧黑暗靠近，电话亭暖白光，红领巾、浅绿书包边缘，旧电话亭材质 / Character focus: 小川/道具; continuity: 小川从左侧黑暗靠近，电话亭暖白光，红领巾、浅绿书包边缘，旧电话亭材质,角色焦点：小川/道具；连续性：小川从左侧黑暗靠近，电话亭暖白光，红领巾、浅绿书包边缘，旧电话亭材质 / Character focus: 小川/道具; continuity: 小川从左侧黑暗靠近，电话亭暖白光，红领巾、浅绿书包边缘，旧电话亭材质,小川从左侧黑暗靠近，电话亭暖白光，红领巾、浅绿书包边缘，旧电话亭材质 / Environment continuity lock,whitebox_renders_v2/B05/WB2_PHONE_MSB149.png
MSB150,B05,16,靠近电话亭,storyboard,A,micro_storyboard_panels/B05/MSB150_16_小川看听筒.png,90年代中国小城，中式梦核现实电影质感，潮湿发黄的童年记忆，低照度，轻微 VHS 噪点，儿童低视角，真实旧衣服和生活痕迹，不漂亮化。人物必须继承 v2 设定：阿磊海军蓝旧运动外套和左眉断点；小川右耳微外翻、过紧红领巾、浅绿色塌书包；小满浅色大衬衫、抓衣角、脚尖内扣；彬子黄发梢、破黑夹克、腰包；高杆高瘦长手臂；大海宽身体褪色 T 恤；小齐条纹内衫和抠袖口。 画面编号 MSB150，段落 16《靠近电话亭》。景别：近景。参考机位：CAM_PHONE_02_APPROACH_CLOSE。本张只画一个画面状态：小川看听筒。画面焦点：小川眼睛看向旧听筒，不看镜头，嘴唇半张。人物焦点：小川/电话。表情要求：被听筒吸住。姿态/运动路径：头微转。连续性锚点：小川从左侧黑暗靠近，电话亭暖白光，红领巾、浅绿书包边缘，旧电话亭材质。画面应像可用于电影分镜的单张 production storyboard panel，构图清楚，动作状态明确，不要把前后动作合在一张里 【部分原文损坏，需从源文件重建 / Partial source text corrupted; rebuild from source】,不要统一脸型，不要统一发型，不要统一身材，不要童模脸，不要网红脸，不要现代校服，不要现代手机，不要液晶屏，不要女生，不要额外角色，不要成年人黑帮，不要动漫化，不要血腥，不要英雄化暴力。 本张特别避免：主角变脸、现代电话亭、科幻屏幕、换服装、电话亭位置改变 【部分原文损坏，需从源文件重建 / Partial source text corrupted; rebuild from source】,确认 小川/电话 可识别；确认 小川从左侧黑暗靠近，电话亭暖白光，红领巾、浅绿书包边缘，旧电话亭材质 未漂移；确认只表达「小川看听筒」一个状态。,S6_CORRIDOR_PHONE_SHOCK,走廊电话惊惧阶段 / Corridor phone shock,角色焦点：小川/电话；连续性：小川从左侧黑暗靠近，电话亭暖白光，红领巾、浅绿书包边缘，旧电话亭材质 / Character focus: 小川/电话; continuity: 小川从左侧黑暗靠近，电话亭暖白光，红领巾、浅绿书包边缘，旧电话亭材质,角色焦点：小川/电话；连续性：小川从左侧黑暗靠近，电话亭暖白光，红领巾、浅绿书包边缘，旧电话亭材质 / Character focus: 小川/电话; continuity: 小川从左侧黑暗靠近，电话亭暖白光，红领巾、浅绿书包边缘，旧电话亭材质,小川从左侧黑暗靠近，电话亭暖白光，红领巾、浅绿书包边缘，旧电话亭材质 / Environment continuity lock,whitebox_renders_v2/B05/WB2_PHONE_MSB150.png
MSB151,B05,16,靠近电话亭,storyboard,A,micro_storyboard_panels/B05/MSB151_16_伸手又缩.png,90年代中国小城，中式梦核现实电影质感，潮湿发黄的童年记忆，低照度，轻微 VHS 噪点，儿童低视角，真实旧衣服和生活痕迹，不漂亮化。人物必须继承 v2 设定：阿磊海军蓝旧运动外套和左眉断点；小川右耳微外翻、过紧红领巾、浅绿色塌书包；小满浅色大衬衫、抓衣角、脚尖内扣；彬子黄发梢、破黑夹克、腰包；高杆高瘦长手臂；大海宽身体褪色 T 恤；小齐条纹内衫和抠袖口。 画面编号 MSB151，段落 16《靠近电话亭》。景别：特写。参考机位：CAM_PHONE_02_APPROACH_CLOSE。本张只画一个画面状态：伸手又缩。画面焦点：小川手伸向电话亭边缘又缩回一点，指尖颤。人物焦点：小川/道具。表情要求：犹豫。姿态/运动路径：伸手-停-缩。连续性锚点：小川从左侧黑暗靠近，电话亭暖白光，红领巾、浅绿书包边缘，旧电话亭材质。画面应像可用于电影分镜的单张 production storyboard panel，构图清楚，动作状态明确，不要把前后动作合在一张里 【部分原文损坏，需从源文件重建 / Partial source text corrupted; rebuild from source】,不要统一脸型，不要统一发型，不要统一身材，不要童模脸，不要网红脸，不要现代校服，不要现代手机，不要液晶屏，不要女生，不要额外角色，不要成年人黑帮，不要动漫化，不要血腥，不要英雄化暴力。 本张特别避免：主角变脸、现代电话亭、科幻屏幕、换服装、电话亭位置改变 【部分原文损坏，需从源文件重建 / Partial source text corrupted; rebuild from source】,确认 小川/道具 可识别；确认 小川从左侧黑暗靠近，电话亭暖白光，红领巾、浅绿书包边缘，旧电话亭材质 未漂移；确认只表达「伸手又缩」一个状态。,S6_CORRIDOR_PHONE_SHOCK,走廊电话惊惧阶段 / Corridor phone shock,角色焦点：小川/道具；连续性：小川从左侧黑暗靠近，电话亭暖白光，红领巾、浅绿书包边缘，旧电话亭材质 / Character focus: 小川/道具; continuity: 小川从左侧黑暗靠近，电话亭暖白光，红领巾、浅绿书包边缘，旧电话亭材质,角色焦点：小川/道具；连续性：小川从左侧黑暗靠近，电话亭暖白光，红领巾、浅绿书包边缘，旧电话亭材质 / Character focus: 小川/道具; continuity: 小川从左侧黑暗靠近，电话亭暖白光，红领巾、浅绿书包边缘，旧电话亭材质,小川从左侧黑暗靠近，电话亭暖白光，红领巾、浅绿书包边缘，旧电话亭材质 / Environment continuity lock,whitebox_renders_v2/B05/WB2_PHONE_MSB151.png
MSB152,B05,16,靠近电话亭,keyframe,A,micro_storyboard_panels/B05/MSB152_16_站到电话亭前.png,90年代中国小城，中式梦核现实电影质感，潮湿发黄的童年记忆，低照度，轻微 VHS 噪点，儿童低视角，真实旧衣服和生活痕迹，不漂亮化。人物必须继承 v2 设定：阿磊海军蓝旧运动外套和左眉断点；小川右耳微外翻、过紧红领巾、浅绿色塌书包；小满浅色大衬衫、抓衣角、脚尖内扣；彬子黄发梢、破黑夹克、腰包；高杆高瘦长手臂；大海宽身体褪色 T 恤；小齐条纹内衫和抠袖口。 画面编号 MSB152，段落 16《靠近电话亭》。景别：中景。参考机位：CAM_PHONE_02_APPROACH_CLOSE。本张只画一个画面状态：站到电话亭前。画面焦点：小川站在电话亭前，小身体被暖光包住，背后仍是冷绿走廊。人物焦点：小川/电话亭。表情要求：无处可去后的安静。姿态/运动路径：停住。连续性锚点：小川从左侧黑暗靠近，电话亭暖白光，红领巾、浅绿书包边缘，旧电话亭材质。画面应像可用于电影分镜的单张 production storyboard panel，构图清楚，动作状态明确，不要把前后动作合在一张里 【部分原文损坏，需从源文件重建 / Partial source text corrupted; rebuild from source】,不要统一脸型，不要统一发型，不要统一身材，不要童模脸，不要网红脸，不要现代校服，不要现代手机，不要液晶屏，不要女生，不要额外角色，不要成年人黑帮，不要动漫化，不要血腥，不要英雄化暴力。 本张特别避免：主角变脸、现代电话亭、科幻屏幕、换服装、电话亭位置改变 【部分原文损坏，需从源文件重建 / Partial source text corrupted; rebuild from source】,确认 小川/电话亭 可识别；确认 小川从左侧黑暗靠近，电话亭暖白光，红领巾、浅绿书包边缘，旧电话亭材质 未漂移；确认只表达「站到电话亭前」一个状态。,S6_CORRIDOR_PHONE_SHOCK,走廊电话惊惧阶段 / Corridor phone shock,角色焦点：小川/电话亭；连续性：小川从左侧黑暗靠近，电话亭暖白光，红领巾、浅绿书包边缘，旧电话亭材质 / Character focus: 小川/电话亭; continuity: 小川从左侧黑暗靠近，电话亭暖白光，红领巾、浅绿书包边缘，旧电话亭材质,角色焦点：小川/电话亭；连续性：小川从左侧黑暗靠近，电话亭暖白光，红领巾、浅绿书包边缘，旧电话亭材质 / Character focus: 小川/电话亭; continuity: 小川从左侧黑暗靠近，电话亭暖白光，红领巾、浅绿书包边缘，旧电话亭材质,小川从左侧黑暗靠近，电话亭暖白光，红领巾、浅绿书包边缘，旧电话亭材质 / Environment continuity lock,whitebox_renders_v2/B05/WB2_PHONE_MSB152.png
MSB153,B05,16,靠近电话亭,storyboard,B,micro_storyboard_panels/B05/MSB153_16_铃声压迫.png,90年代中国小城，中式梦核现实电影质感，潮湿发黄的童年记忆，低照度，轻微 VHS 噪点，儿童低视角，真实旧衣服和生活痕迹，不漂亮化。人物必须继承 v2 设定：阿磊海军蓝旧运动外套和左眉断点；小川右耳微外翻、过紧红领巾、浅绿色塌书包；小满浅色大衬衫、抓衣角、脚尖内扣；彬子黄发梢、破黑夹克、腰包；高杆高瘦长手臂；大海宽身体褪色 T 恤；小齐条纹内衫和抠袖口。 画面编号 MSB153，段落 16《靠近电话亭》。景别：特写。参考机位：CAM_PHONE_02_APPROACH_CLOSE。本张只画一个画面状态：铃声压迫。画面焦点：旧电话听筒轻微震动或铃声源头被强调，塑料旧化清楚。人物焦点：电话/道具。表情要求：无人物，铃声逼近。姿态/运动路径：固定特写。连续性锚点：小川从左侧黑暗靠近，电话亭暖白光，红领巾、浅绿书包边缘，旧电话亭材质。画面应像可用于电影分镜的单张 production storyboard panel，构图清楚，动作状态明确，不要把前后动作合在一张里 【部分原文损坏，需从源文件重建 / Partial source text corrupted; rebuild from source】,不要统一脸型，不要统一发型，不要统一身材，不要童模脸，不要网红脸，不要现代校服，不要现代手机，不要液晶屏，不要女生，不要额外角色，不要成年人黑帮，不要动漫化，不要血腥，不要英雄化暴力。 本张特别避免：主角变脸、现代电话亭、科幻屏幕、换服装、电话亭位置改变 【部分原文损坏，需从源文件重建 / Partial source text corrupted; rebuild from source】,确认 电话/道具 可识别；确认 小川从左侧黑暗靠近，电话亭暖白光，红领巾、浅绿书包边缘，旧电话亭材质 未漂移；确认只表达「铃声压迫」一个状态。,S6_CORRIDOR_PHONE_SHOCK,走廊电话惊惧阶段 / Corridor phone shock,角色焦点：电话/道具；连续性：小川从左侧黑暗靠近，电话亭暖白光，红领巾、浅绿书包边缘，旧电话亭材质 / Character focus: 电话/道具; continuity: 小川从左侧黑暗靠近，电话亭暖白光，红领巾、浅绿书包边缘，旧电话亭材质,角色焦点：电话/道具；连续性：小川从左侧黑暗靠近，电话亭暖白光，红领巾、浅绿书包边缘，旧电话亭材质 / Character focus: 电话/道具; continuity: 小川从左侧黑暗靠近，电话亭暖白光，红领巾、浅绿书包边缘，旧电话亭材质,小川从左侧黑暗靠近，电话亭暖白光，红领巾、浅绿书包边缘，旧电话亭材质 / Environment continuity lock,whitebox_renders_v2/B05/WB2_PHONE_MSB153.png
MSB154,B05,16,靠近电话亭,end_frame,A,micro_storyboard_panels/B05/MSB154_16_手准备拿起.png,90年代中国小城，中式梦核现实电影质感，潮湿发黄的童年记忆，低照度，轻微 VHS 噪点，儿童低视角，真实旧衣服和生活痕迹，不漂亮化。人物必须继承 v2 设定：阿磊海军蓝旧运动外套和左眉断点；小川右耳微外翻、过紧红领巾、浅绿色塌书包；小满浅色大衬衫、抓衣角、脚尖内扣；彬子黄发梢、破黑夹克、腰包；高杆高瘦长手臂；大海宽身体褪色 T 恤；小齐条纹内衫和抠袖口。 画面编号 MSB154，段落 16《靠近电话亭》。景别：中近景。参考机位：CAM_PHONE_02_APPROACH_CLOSE。本张只画一个画面状态：手准备拿起。画面焦点：小川手悬在听筒旁，眼泪没落，呼吸压住。人物焦点：小川/电话。表情要求：决定不是勇敢，是被迫。姿态/运动路径：手悬停。连续性锚点：小川从左侧黑暗靠近，电话亭暖白光，红领巾、浅绿书包边缘，旧电话亭材质。画面应像可用于电影分镜的单张 production storyboard panel，构图清楚，动作状态明确，不要把前后动作合在一张里 【部分原文损坏，需从源文件重建 / Partial source text corrupted; rebuild from source】,不要统一脸型，不要统一发型，不要统一身材，不要童模脸，不要网红脸，不要现代校服，不要现代手机，不要液晶屏，不要女生，不要额外角色，不要成年人黑帮，不要动漫化，不要血腥，不要英雄化暴力。 本张特别避免：主角变脸、现代电话亭、科幻屏幕、换服装、电话亭位置改变 【部分原文损坏，需从源文件重建 / Partial source text corrupted; rebuild from source】,确认 小川/电话 可识别；确认 小川从左侧黑暗靠近，电话亭暖白光，红领巾、浅绿书包边缘，旧电话亭材质 未漂移；确认只表达「手准备拿起」一个状态。,S6_CORRIDOR_PHONE_SHOCK,走廊电话惊惧阶段 / Corridor phone shock,角色焦点：小川/电话；连续性：小川从左侧黑暗靠近，电话亭暖白光，红领巾、浅绿书包边缘，旧电话亭材质 / Character focus: 小川/电话; continuity: 小川从左侧黑暗靠近，电话亭暖白光，红领巾、浅绿书包边缘，旧电话亭材质,角色焦点：小川/电话；连续性：小川从左侧黑暗靠近，电话亭暖白光，红领巾、浅绿书包边缘，旧电话亭材质 / Character focus: 小川/电话; continuity: 小川从左侧黑暗靠近，电话亭暖白光，红领巾、浅绿书包边缘，旧电话亭材质,小川从左侧黑暗靠近，电话亭暖白光，红领巾、浅绿书包边缘，旧电话亭材质 / Environment continuity lock,whitebox_renders_v2/B05/WB2_PHONE_MSB154.png
MSB155,B06,17,接起电话,start_frame,A,micro_storyboard_panels/B06/MSB155_17_听筒静止.png,90年代中国小城，中式梦核现实电影质感，潮湿发黄的童年记忆，低照度，轻微 VHS 噪点，儿童低视角，真实旧衣服和生活痕迹，不漂亮化。人物必须继承 v2 设定：阿磊海军蓝旧运动外套和左眉断点；小川右耳微外翻、过紧红领巾、浅绿色塌书包；小满浅色大衬衫、抓衣角、脚尖内扣；彬子黄发梢、破黑夹克、腰包；高杆高瘦长手臂；大海宽身体褪色 T 恤；小齐条纹内衫和抠袖口。 画面编号 MSB155，段落 17《接起电话》。景别：特写。参考机位：CAM_PHONE_03_RECEIVER_INSERT。本张只画一个画面状态：听筒静止。画面焦点：旧电话听筒安静挂着，暖白光照出塑料划痕。人物焦点：电话。表情要求：无人物，物件压力。姿态/运动路径：fixed close-up。连续性锚点：旧电话听筒、暖白光、冷绿背景边缘、小川颤抖的手、电话线。画面应像可用于电影分镜的单张 production storyboard panel，构图清楚，动作状态明确，不要把前后动作合在一张里 【部分原文损坏，需从源文件重建 / Partial source text corrupted; rebuild from source】,不要统一脸型，不要统一发型，不要统一身材，不要童模脸，不要网红脸，不要现代校服，不要现代手机，不要液晶屏，不要女生，不要额外角色，不要成年人黑帮，不要动漫化，不要血腥，不要英雄化暴力。 本张特别避免：智能手机、现代电缆、手指畸形、镜头漂移、突然科幻化 【部分原文损坏，需从源文件重建 / Partial source text corrupted; rebuild from source】,确认 电话 可识别；确认 旧电话听筒、暖白光、冷绿背景边缘、小川颤抖的手、电话线 未漂移；确认只表达「听筒静止」一个状态。,S7_PHONE_ELECTRONICIZATION,电话电子化阶段 / Phone electronicization,角色焦点：电话；连续性：旧电话听筒、暖白光、冷绿背景边缘、小川颤抖的手、电话线 / Character focus: 电话; continuity: 旧电话听筒、暖白光、冷绿背景边缘、小川颤抖的手、电话线,角色焦点：电话；连续性：旧电话听筒、暖白光、冷绿背景边缘、小川颤抖的手、电话线 / Character focus: 电话; continuity: 旧电话听筒、暖白光、冷绿背景边缘、小川颤抖的手、电话线,旧电话听筒、暖白光、冷绿背景边缘、小川颤抖的手、电话线 / Environment continuity lock,whitebox_renders_v2/B06/WB2_PHONE_MSB155.png
MSB156,B06,17,接起电话,storyboard,A,micro_storyboard_panels/B06/MSB156_17_手进入画面.png,90年代中国小城，中式梦核现实电影质感，潮湿发黄的童年记忆，低照度，轻微 VHS 噪点，儿童低视角，真实旧衣服和生活痕迹，不漂亮化。人物必须继承 v2 设定：阿磊海军蓝旧运动外套和左眉断点；小川右耳微外翻、过紧红领巾、浅绿色塌书包；小满浅色大衬衫、抓衣角、脚尖内扣；彬子黄发梢、破黑夹克、腰包；高杆高瘦长手臂；大海宽身体褪色 T 恤；小齐条纹内衫和抠袖口。 画面编号 MSB156，段落 17《接起电话》。景别：特写。参考机位：CAM_PHONE_03_RECEIVER_INSERT。本张只画一个画面状态：手进入画面。画面焦点：小川的小手从下方进入画面，指尖犹豫。人物焦点：小川/电话。表情要求：紧张。姿态/运动路径：手慢慢靠近。连续性锚点：旧电话听筒、暖白光、冷绿背景边缘、小川颤抖的手、电话线。画面应像可用于电影分镜的单张 production storyboard panel，构图清楚，动作状态明确，不要把前后动作合在一张里 【部分原文损坏，需从源文件重建 / Partial source text corrupted; rebuild from source】,不要统一脸型，不要统一发型，不要统一身材，不要童模脸，不要网红脸，不要现代校服，不要现代手机，不要液晶屏，不要女生，不要额外角色，不要成年人黑帮，不要动漫化，不要血腥，不要英雄化暴力。 本张特别避免：智能手机、现代电缆、手指畸形、镜头漂移、突然科幻化 【部分原文损坏，需从源文件重建 / Partial source text corrupted; rebuild from source】,确认 小川/电话 可识别；确认 旧电话听筒、暖白光、冷绿背景边缘、小川颤抖的手、电话线 未漂移；确认只表达「手进入画面」一个状态。,S7_PHONE_ELECTRONICIZATION,电话电子化阶段 / Phone electronicization,角色焦点：小川/电话；连续性：旧电话听筒、暖白光、冷绿背景边缘、小川颤抖的手、电话线 / Character focus: 小川/电话; continuity: 旧电话听筒、暖白光、冷绿背景边缘、小川颤抖的手、电话线,角色焦点：小川/电话；连续性：旧电话听筒、暖白光、冷绿背景边缘、小川颤抖的手、电话线 / Character focus: 小川/电话; continuity: 旧电话听筒、暖白光、冷绿背景边缘、小川颤抖的手、电话线,旧电话听筒、暖白光、冷绿背景边缘、小川颤抖的手、电话线 / Environment continuity lock,whitebox_renders_v2/B06/WB2_PHONE_MSB156.png
MSB157,B06,17,接起电话,storyboard,A,micro_storyboard_panels/B06/MSB157_17_指尖碰到听筒.png,90年代中国小城，中式梦核现实电影质感，潮湿发黄的童年记忆，低照度，轻微 VHS 噪点，儿童低视角，真实旧衣服和生活痕迹，不漂亮化。人物必须继承 v2 设定：阿磊海军蓝旧运动外套和左眉断点；小川右耳微外翻、过紧红领巾、浅绿色塌书包；小满浅色大衬衫、抓衣角、脚尖内扣；彬子黄发梢、破黑夹克、腰包；高杆高瘦长手臂；大海宽身体褪色 T 恤；小齐条纹内衫和抠袖口。 画面编号 MSB157，段落 17《接起电话》。景别：极近景。参考机位：CAM_PHONE_03_RECEIVER_INSERT。本张只画一个画面状态：指尖碰到听筒。画面焦点：指尖刚碰到旧听筒，手指发僵。人物焦点：小川/电话。表情要求：触碰恐惧。姿态/运动路径：微颤。连续性锚点：旧电话听筒、暖白光、冷绿背景边缘、小川颤抖的手、电话线。画面应像可用于电影分镜的单张 production storyboard panel，构图清楚，动作状态明确，不要把前后动作合在一张里 【部分原文损坏，需从源文件重建 / Partial source text corrupted; rebuild from source】,不要统一脸型，不要统一发型，不要统一身材，不要童模脸，不要网红脸，不要现代校服，不要现代手机，不要液晶屏，不要女生，不要额外角色，不要成年人黑帮，不要动漫化，不要血腥，不要英雄化暴力。 本张特别避免：智能手机、现代电缆、手指畸形、镜头漂移、突然科幻化 【部分原文损坏，需从源文件重建 / Partial source text corrupted; rebuild from source】,确认 小川/电话 可识别；确认 旧电话听筒、暖白光、冷绿背景边缘、小川颤抖的手、电话线 未漂移；确认只表达「指尖碰到听筒」一个状态。,S7_PHONE_ELECTRONICIZATION,电话电子化阶段 / Phone electronicization,角色焦点：小川/电话；连续性：旧电话听筒、暖白光、冷绿背景边缘、小川颤抖的手、电话线 / Character focus: 小川/电话; continuity: 旧电话听筒、暖白光、冷绿背景边缘、小川颤抖的手、电话线,角色焦点：小川/电话；连续性：旧电话听筒、暖白光、冷绿背景边缘、小川颤抖的手、电话线 / Character focus: 小川/电话; continuity: 旧电话听筒、暖白光、冷绿背景边缘、小川颤抖的手、电话线,旧电话听筒、暖白光、冷绿背景边缘、小川颤抖的手、电话线 / Environment continuity lock,whitebox_renders_v2/B06/WB2_PHONE_MSB157.png
MSB158,B06,17,接起电话,keyframe,A,micro_storyboard_panels/B06/MSB158_17_听筒离座.png,90年代中国小城，中式梦核现实电影质感，潮湿发黄的童年记忆，低照度，轻微 VHS 噪点，儿童低视角，真实旧衣服和生活痕迹，不漂亮化。人物必须继承 v2 设定：阿磊海军蓝旧运动外套和左眉断点；小川右耳微外翻、过紧红领巾、浅绿色塌书包；小满浅色大衬衫、抓衣角、脚尖内扣；彬子黄发梢、破黑夹克、腰包；高杆高瘦长手臂；大海宽身体褪色 T 恤；小齐条纹内衫和抠袖口。 画面编号 MSB158，段落 17《接起电话》。景别：特写。参考机位：CAM_PHONE_03_RECEIVER_INSERT。本张只画一个画面状态：听筒离座。画面焦点：听筒被轻轻拿起，底座弹起，电话线开始晃。人物焦点：电话/小川。表情要求：动作小但不可逆。姿态/运动路径：向上拿起。连续性锚点：旧电话听筒、暖白光、冷绿背景边缘、小川颤抖的手、电话线。画面应像可用于电影分镜的单张 production storyboard panel，构图清楚，动作状态明确，不要把前后动作合在一张里 【部分原文损坏，需从源文件重建 / Partial source text corrupted; rebuild from source】,不要统一脸型，不要统一发型，不要统一身材，不要童模脸，不要网红脸，不要现代校服，不要现代手机，不要液晶屏，不要女生，不要额外角色，不要成年人黑帮，不要动漫化，不要血腥，不要英雄化暴力。 本张特别避免：智能手机、现代电缆、手指畸形、镜头漂移、突然科幻化 【部分原文损坏，需从源文件重建 / Partial source text corrupted; rebuild from source】,确认 电话/小川 可识别；确认 旧电话听筒、暖白光、冷绿背景边缘、小川颤抖的手、电话线 未漂移；确认只表达「听筒离座」一个状态。,S7_PHONE_ELECTRONICIZATION,电话电子化阶段 / Phone electronicization,角色焦点：电话/小川；连续性：旧电话听筒、暖白光、冷绿背景边缘、小川颤抖的手、电话线 / Character focus: 电话/小川; continuity: 旧电话听筒、暖白光、冷绿背景边缘、小川颤抖的手、电话线,角色焦点：电话/小川；连续性：旧电话听筒、暖白光、冷绿背景边缘、小川颤抖的手、电话线 / Character focus: 电话/小川; continuity: 旧电话听筒、暖白光、冷绿背景边缘、小川颤抖的手、电话线,旧电话听筒、暖白光、冷绿背景边缘、小川颤抖的手、电话线 / Environment continuity lock,whitebox_renders_v2/B06/WB2_PHONE_MSB158.png
MSB159,B06,17,接起电话,storyboard,B,micro_storyboard_panels/B06/MSB159_17_电话线晃动.png,90年代中国小城，中式梦核现实电影质感，潮湿发黄的童年记忆，低照度，轻微 VHS 噪点，儿童低视角，真实旧衣服和生活痕迹，不漂亮化。人物必须继承 v2 设定：阿磊海军蓝旧运动外套和左眉断点；小川右耳微外翻、过紧红领巾、浅绿色塌书包；小满浅色大衬衫、抓衣角、脚尖内扣；彬子黄发梢、破黑夹克、腰包；高杆高瘦长手臂；大海宽身体褪色 T 恤；小齐条纹内衫和抠袖口。 画面编号 MSB159，段落 17《接起电话》。景别：近景。参考机位：CAM_PHONE_03_RECEIVER_INSERT。本张只画一个画面状态：电话线晃动。画面焦点：旧电话线轻轻晃，形状像之后的像素线条。人物焦点：电话线。表情要求：无人物，转场预兆。姿态/运动路径：轻摆。连续性锚点：旧电话听筒、暖白光、冷绿背景边缘、小川颤抖的手、电话线。画面应像可用于电影分镜的单张 production storyboard panel，构图清楚，动作状态明确，不要把前后动作合在一张里 【部分原文损坏，需从源文件重建 / Partial source text corrupted; rebuild from source】,不要统一脸型，不要统一发型，不要统一身材，不要童模脸，不要网红脸，不要现代校服，不要现代手机，不要液晶屏，不要女生，不要额外角色，不要成年人黑帮，不要动漫化，不要血腥，不要英雄化暴力。 本张特别避免：智能手机、现代电缆、手指畸形、镜头漂移、突然科幻化 【部分原文损坏，需从源文件重建 / Partial source text corrupted; rebuild from source】,确认 电话线 可识别；确认 旧电话听筒、暖白光、冷绿背景边缘、小川颤抖的手、电话线 未漂移；确认只表达「电话线晃动」一个状态。,S7_PHONE_ELECTRONICIZATION,电话电子化阶段 / Phone electronicization,角色焦点：电话线；连续性：旧电话听筒、暖白光、冷绿背景边缘、小川颤抖的手、电话线 / Character focus: 电话线; continuity: 旧电话听筒、暖白光、冷绿背景边缘、小川颤抖的手、电话线,角色焦点：电话线；连续性：旧电话听筒、暖白光、冷绿背景边缘、小川颤抖的手、电话线 / Character focus: 电话线; continuity: 旧电话听筒、暖白光、冷绿背景边缘、小川颤抖的手、电话线,旧电话听筒、暖白光、冷绿背景边缘、小川颤抖的手、电话线 / Environment continuity lock,whitebox_renders_v2/B06/WB2_PHONE_MSB159.png
MSB160,B06,17,接起电话,end_frame,A,micro_storyboard_panels/B06/MSB160_17_听筒贴耳.png,90年代中国小城，中式梦核现实电影质感，潮湿发黄的童年记忆，低照度，轻微 VHS 噪点，儿童低视角，真实旧衣服和生活痕迹，不漂亮化。人物必须继承 v2 设定：阿磊海军蓝旧运动外套和左眉断点；小川右耳微外翻、过紧红领巾、浅绿色塌书包；小满浅色大衬衫、抓衣角、脚尖内扣；彬子黄发梢、破黑夹克、腰包；高杆高瘦长手臂；大海宽身体褪色 T 恤；小齐条纹内衫和抠袖口。 画面编号 MSB160，段落 17《接起电话》。景别：中近景。参考机位：CAM_PHONE_03_RECEIVER_INSERT。本张只画一个画面状态：听筒贴耳。画面焦点：小川把听筒贴近耳边，眼睛看向空处。人物焦点：小川。表情要求：像听见不该听的东西。姿态/运动路径：手停在耳边。连续性锚点：旧电话听筒、暖白光、冷绿背景边缘、小川颤抖的手、电话线。画面应像可用于电影分镜的单张 production storyboard panel，构图清楚，动作状态明确，不要把前后动作合在一张里 【部分原文损坏，需从源文件重建 / Partial source text corrupted; rebuild from source】,不要统一脸型，不要统一发型，不要统一身材，不要童模脸，不要网红脸，不要现代校服，不要现代手机，不要液晶屏，不要女生，不要额外角色，不要成年人黑帮，不要动漫化，不要血腥，不要英雄化暴力。 本张特别避免：智能手机、现代电缆、手指畸形、镜头漂移、突然科幻化 【部分原文损坏，需从源文件重建 / Partial source text corrupted; rebuild from source】,确认 小川 可识别；确认 旧电话听筒、暖白光、冷绿背景边缘、小川颤抖的手、电话线 未漂移；确认只表达「听筒贴耳」一个状态。,S7_PHONE_ELECTRONICIZATION,电话电子化阶段 / Phone electronicization,角色焦点：小川；连续性：旧电话听筒、暖白光、冷绿背景边缘、小川颤抖的手、电话线 / Character focus: 小川; continuity: 旧电话听筒、暖白光、冷绿背景边缘、小川颤抖的手、电话线,角色焦点：小川；连续性：旧电话听筒、暖白光、冷绿背景边缘、小川颤抖的手、电话线 / Character focus: 小川; continuity: 旧电话听筒、暖白光、冷绿背景边缘、小川颤抖的手、电话线,旧电话听筒、暖白光、冷绿背景边缘、小川颤抖的手、电话线 / Environment continuity lock,whitebox_renders_v2/B06/WB2_PHONE_MSB160.png
MSB161,B06,17,接起电话,keyframe,A,micro_storyboard_panels/B06/MSB161_17_声音进入身体.png,90年代中国小城，中式梦核现实电影质感，潮湿发黄的童年记忆，低照度，轻微 VHS 噪点，儿童低视角，真实旧衣服和生活痕迹，不漂亮化。人物必须继承 v2 设定：阿磊海军蓝旧运动外套和左眉断点；小川右耳微外翻、过紧红领巾、浅绿色塌书包；小满浅色大衬衫、抓衣角、脚尖内扣；彬子黄发梢、破黑夹克、腰包；高杆高瘦长手臂；大海宽身体褪色 T 恤；小齐条纹内衫和抠袖口。 画面编号 MSB161，段落 17《接起电话》。景别：近景。参考机位：CAM_PHONE_03_RECEIVER_INSERT。本张只画一个画面状态：声音进入身体。画面焦点：小川脸部微微僵住，暖光与冷绿在脸上分裂。人物焦点：小川。表情要求：被系统接入。姿态/运动路径：完全静止一拍。连续性锚点：旧电话听筒、暖白光、冷绿背景边缘、小川颤抖的手、电话线。画面应像可用于电影分镜的单张 production storyboard panel，构图清楚，动作状态明确，不要把前后动作合在一张里 【部分原文损坏，需从源文件重建 / Partial source text corrupted; rebuild from source】,不要统一脸型，不要统一发型，不要统一身材，不要童模脸，不要网红脸，不要现代校服，不要现代手机，不要液晶屏，不要女生，不要额外角色，不要成年人黑帮，不要动漫化，不要血腥，不要英雄化暴力。 本张特别避免：智能手机、现代电缆、手指畸形、镜头漂移、突然科幻化 【部分原文损坏，需从源文件重建 / Partial source text corrupted; rebuild from source】,确认 小川 可识别；确认 旧电话听筒、暖白光、冷绿背景边缘、小川颤抖的手、电话线 未漂移；确认只表达「声音进入身体」一个状态。,S7_PHONE_ELECTRONICIZATION,电话电子化阶段 / Phone electronicization,角色焦点：小川；连续性：旧电话听筒、暖白光、冷绿背景边缘、小川颤抖的手、电话线 / Character focus: 小川; continuity: 旧电话听筒、暖白光、冷绿背景边缘、小川颤抖的手、电话线,角色焦点：小川；连续性：旧电话听筒、暖白光、冷绿背景边缘、小川颤抖的手、电话线 / Character focus: 小川; continuity: 旧电话听筒、暖白光、冷绿背景边缘、小川颤抖的手、电话线,旧电话听筒、暖白光、冷绿背景边缘、小川颤抖的手、电话线 / Environment continuity lock,whitebox_renders_v2/B06/WB2_PHONE_MSB161.png
MSB162,B06,18,电子化,start_frame,A,micro_storyboard_panels/B06/MSB162_18_电话线起扫描.png,90年代中国小城，中式梦核现实电影质感，潮湿发黄的童年记忆，低照度，轻微 VHS 噪点，儿童低视角，真实旧衣服和生活痕迹，不漂亮化。人物必须继承 v2 设定：阿磊海军蓝旧运动外套和左眉断点；小川右耳微外翻、过紧红领巾、浅绿色塌书包；小满浅色大衬衫、抓衣角、脚尖内扣；彬子黄发梢、破黑夹克、腰包；高杆高瘦长手臂；大海宽身体褪色 T 恤；小齐条纹内衫和抠袖口。 画面编号 MSB162，段落 18《电子化》。景别：特写。参考机位：CAM_PHONE_02_APPROACH_CLOSE。本张只画一个画面状态：电话线起扫描。画面焦点：电话线表面出现细微 CRT 扫描线，不是科幻电流。人物焦点：电话线。表情要求：无人物，变化起点。姿态/运动路径：线条轻闪。连续性锚点：电话线、CRT 扫描线、主角身体轮廓、电话亭固定、走廊边缘像素化。画面应像可用于电影分镜的单张 production storyboard panel，构图清楚，动作状态明确，不要把前后动作合在一张里 【部分原文损坏，需从源文件重建 / Partial source text corrupted; rebuild from source】,不要统一脸型，不要统一发型，不要统一身材，不要童模脸，不要网红脸，不要现代校服，不要现代手机，不要液晶屏，不要女生，不要额外角色，不要成年人黑帮，不要动漫化，不要血腥，不要英雄化暴力。 本张特别避免：绿色代码雨、未来城市、机器人化、突然换成3D游戏、主角离开电话亭 【部分原文损坏，需从源文件重建 / Partial source text corrupted; rebuild from source】,确认 电话线 可识别；确认 电话线、CRT 扫描线、主角身体轮廓、电话亭固定、走廊边缘像素化 未漂移；确认只表达「电话线起扫描」一个状态。,S7_PHONE_ELECTRONICIZATION,电话电子化阶段 / Phone electronicization,角色焦点：电话线；连续性：电话线、CRT 扫描线、主角身体轮廓、电话亭固定、走廊边缘像素化 / Character focus: 电话线; continuity: 电话线、CRT 扫描线、主角身体轮廓、电话亭固定、走廊边缘像素化,角色焦点：电话线；连续性：电话线、CRT 扫描线、主角身体轮廓、电话亭固定、走廊边缘像素化 / Character focus: 电话线; continuity: 电话线、CRT 扫描线、主角身体轮廓、电话亭固定、走廊边缘像素化,电话线、CRT 扫描线、主角身体轮廓、电话亭固定、走廊边缘像素化 / Environment continuity lock,whitebox_renders_v2/B06/WB2_PHONE_MSB162.png
MSB163,B06,18,电子化,storyboard,A,micro_storyboard_panels/B06/MSB163_18_扫描到手腕.png,90年代中国小城，中式梦核现实电影质感，潮湿发黄的童年记忆，低照度，轻微 VHS 噪点，儿童低视角，真实旧衣服和生活痕迹，不漂亮化。人物必须继承 v2 设定：阿磊海军蓝旧运动外套和左眉断点；小川右耳微外翻、过紧红领巾、浅绿色塌书包；小满浅色大衬衫、抓衣角、脚尖内扣；彬子黄发梢、破黑夹克、腰包；高杆高瘦长手臂；大海宽身体褪色 T 恤；小齐条纹内衫和抠袖口。 画面编号 MSB163，段落 18《电子化》。景别：近景。参考机位：CAM_PHONE_02_APPROACH_CLOSE。本张只画一个画面状态：扫描到手腕。画面焦点：扫描线从听筒沿电话线到小川手腕，手仍颤。人物焦点：小川/电话线。表情要求：惊住。姿态/运动路径：不移动位置。连续性锚点：电话线、CRT 扫描线、主角身体轮廓、电话亭固定、走廊边缘像素化。画面应像可用于电影分镜的单张 production storyboard panel，构图清楚，动作状态明确，不要把前后动作合在一张里 【部分原文损坏，需从源文件重建 / Partial source text corrupted; rebuild from source】,不要统一脸型，不要统一发型，不要统一身材，不要童模脸，不要网红脸，不要现代校服，不要现代手机，不要液晶屏，不要女生，不要额外角色，不要成年人黑帮，不要动漫化，不要血腥，不要英雄化暴力。 本张特别避免：绿色代码雨、未来城市、机器人化、突然换成3D游戏、主角离开电话亭 【部分原文损坏，需从源文件重建 / Partial source text corrupted; rebuild from source】,确认 小川/电话线 可识别；确认 电话线、CRT 扫描线、主角身体轮廓、电话亭固定、走廊边缘像素化 未漂移；确认只表达「扫描到手腕」一个状态。,S7_PHONE_ELECTRONICIZATION,电话电子化阶段 / Phone electronicization,角色焦点：小川/电话线；连续性：电话线、CRT 扫描线、主角身体轮廓、电话亭固定、走廊边缘像素化 / Character focus: 小川/电话线; continuity: 电话线、CRT 扫描线、主角身体轮廓、电话亭固定、走廊边缘像素化,角色焦点：小川/电话线；连续性：电话线、CRT 扫描线、主角身体轮廓、电话亭固定、走廊边缘像素化 / Character focus: 小川/电话线; continuity: 电话线、CRT 扫描线、主角身体轮廓、电话亭固定、走廊边缘像素化,电话线、CRT 扫描线、主角身体轮廓、电话亭固定、走廊边缘像素化 / Environment continuity lock,whitebox_renders_v2/B06/WB2_PHONE_MSB163.png
MSB164,B06,18,电子化,storyboard,A,micro_storyboard_panels/B06/MSB164_18_红领巾色块化.png,90年代中国小城，中式梦核现实电影质感，潮湿发黄的童年记忆，低照度，轻微 VHS 噪点，儿童低视角，真实旧衣服和生活痕迹，不漂亮化。人物必须继承 v2 设定：阿磊海军蓝旧运动外套和左眉断点；小川右耳微外翻、过紧红领巾、浅绿色塌书包；小满浅色大衬衫、抓衣角、脚尖内扣；彬子黄发梢、破黑夹克、腰包；高杆高瘦长手臂；大海宽身体褪色 T 恤；小齐条纹内衫和抠袖口。 画面编号 MSB164，段落 18《电子化》。景别：近景。参考机位：CAM_PHONE_02_APPROACH_CLOSE。本张只画一个画面状态：红领巾色块化。画面焦点：小川红领巾边缘出现低分辨率色块，但脸仍真实。人物焦点：小川。表情要求：恐惧凝固。姿态/运动路径：像素从边缘开始。连续性锚点：电话线、CRT 扫描线、主角身体轮廓、电话亭固定、走廊边缘像素化。画面应像可用于电影分镜的单张 production storyboard panel，构图清楚，动作状态明确，不要把前后动作合在一张里 【部分原文损坏，需从源文件重建 / Partial source text corrupted; rebuild from source】,不要统一脸型，不要统一发型，不要统一身材，不要童模脸，不要网红脸，不要现代校服，不要现代手机，不要液晶屏，不要女生，不要额外角色，不要成年人黑帮，不要动漫化，不要血腥，不要英雄化暴力。 本张特别避免：绿色代码雨、未来城市、机器人化、突然换成3D游戏、主角离开电话亭 【部分原文损坏，需从源文件重建 / Partial source text corrupted; rebuild from source】,确认 小川 可识别；确认 电话线、CRT 扫描线、主角身体轮廓、电话亭固定、走廊边缘像素化 未漂移；确认只表达「红领巾色块化」一个状态。,S7_PHONE_ELECTRONICIZATION,电话电子化阶段 / Phone electronicization,角色焦点：小川；连续性：电话线、CRT 扫描线、主角身体轮廓、电话亭固定、走廊边缘像素化 / Character focus: 小川; continuity: 电话线、CRT 扫描线、主角身体轮廓、电话亭固定、走廊边缘像素化,角色焦点：小川；连续性：电话线、CRT 扫描线、主角身体轮廓、电话亭固定、走廊边缘像素化 / Character focus: 小川; continuity: 电话线、CRT 扫描线、主角身体轮廓、电话亭固定、走廊边缘像素化,电话线、CRT 扫描线、主角身体轮廓、电话亭固定、走廊边缘像素化 / Environment continuity lock,whitebox_renders_v2/B06/WB2_PHONE_MSB164.png
MSB165,B06,18,电子化,storyboard,B,micro_storyboard_panels/B06/MSB165_18_书包变色块.png,90年代中国小城，中式梦核现实电影质感，潮湿发黄的童年记忆，低照度，轻微 VHS 噪点，儿童低视角，真实旧衣服和生活痕迹，不漂亮化。人物必须继承 v2 设定：阿磊海军蓝旧运动外套和左眉断点；小川右耳微外翻、过紧红领巾、浅绿色塌书包；小满浅色大衬衫、抓衣角、脚尖内扣；彬子黄发梢、破黑夹克、腰包；高杆高瘦长手臂；大海宽身体褪色 T 恤；小齐条纹内衫和抠袖口。 画面编号 MSB165，段落 18《电子化》。景别：中近景。参考机位：CAM_PHONE_02_APPROACH_CLOSE。本张只画一个画面状态：书包变色块。画面焦点：浅绿色书包边缘被像素块切开，身份锚点保留。人物焦点：小川/书包。表情要求：不明所以。姿态/运动路径：身体不动。连续性锚点：电话线、CRT 扫描线、主角身体轮廓、电话亭固定、走廊边缘像素化。画面应像可用于电影分镜的单张 production storyboard panel，构图清楚，动作状态明确，不要把前后动作合在一张里 【部分原文损坏，需从源文件重建 / Partial source text corrupted; rebuild from source】,不要统一脸型，不要统一发型，不要统一身材，不要童模脸，不要网红脸，不要现代校服，不要现代手机，不要液晶屏，不要女生，不要额外角色，不要成年人黑帮，不要动漫化，不要血腥，不要英雄化暴力。 本张特别避免：绿色代码雨、未来城市、机器人化、突然换成3D游戏、主角离开电话亭 【部分原文损坏，需从源文件重建 / Partial source text corrupted; rebuild from source】,确认 小川/书包 可识别；确认 电话线、CRT 扫描线、主角身体轮廓、电话亭固定、走廊边缘像素化 未漂移；确认只表达「书包变色块」一个状态。,S7_PHONE_ELECTRONICIZATION,电话电子化阶段 / Phone electronicization,角色焦点：小川/书包；连续性：电话线、CRT 扫描线、主角身体轮廓、电话亭固定、走廊边缘像素化 / Character focus: 小川/书包; continuity: 电话线、CRT 扫描线、主角身体轮廓、电话亭固定、走廊边缘像素化,角色焦点：小川/书包；连续性：电话线、CRT 扫描线、主角身体轮廓、电话亭固定、走廊边缘像素化 / Character focus: 小川/书包; continuity: 电话线、CRT 扫描线、主角身体轮廓、电话亭固定、走廊边缘像素化,电话线、CRT 扫描线、主角身体轮廓、电话亭固定、走廊边缘像素化 / Environment continuity lock,whitebox_renders_v2/B06/WB2_PHONE_MSB165.png
MSB166,B06,18,电子化,keyframe,A,micro_storyboard_panels/B06/MSB166_18_走廊边缘分裂.png,90年代中国小城，中式梦核现实电影质感，潮湿发黄的童年记忆，低照度，轻微 VHS 噪点，儿童低视角，真实旧衣服和生活痕迹，不漂亮化。人物必须继承 v2 设定：阿磊海军蓝旧运动外套和左眉断点；小川右耳微外翻、过紧红领巾、浅绿色塌书包；小满浅色大衬衫、抓衣角、脚尖内扣；彬子黄发梢、破黑夹克、腰包；高杆高瘦长手臂；大海宽身体褪色 T 恤；小齐条纹内衫和抠袖口。 画面编号 MSB166，段落 18《电子化》。景别：中景。参考机位：CAM_PHONE_02_APPROACH_CLOSE。本张只画一个画面状态：走廊边缘分裂。画面焦点：电话亭后方走廊墙砖和灯管边缘开始色彩错位。人物焦点：环境。表情要求：空间被重写。姿态/运动路径：locked-off。连续性锚点：电话线、CRT 扫描线、主角身体轮廓、电话亭固定、走廊边缘像素化。画面应像可用于电影分镜的单张 production storyboard panel，构图清楚，动作状态明确，不要把前后动作合在一张里 【部分原文损坏，需从源文件重建 / Partial source text corrupted; rebuild from source】,不要统一脸型，不要统一发型，不要统一身材，不要童模脸，不要网红脸，不要现代校服，不要现代手机，不要液晶屏，不要女生，不要额外角色，不要成年人黑帮，不要动漫化，不要血腥，不要英雄化暴力。 本张特别避免：绿色代码雨、未来城市、机器人化、突然换成3D游戏、主角离开电话亭 【部分原文损坏，需从源文件重建 / Partial source text corrupted; rebuild from source】,确认 环境 可识别；确认 电话线、CRT 扫描线、主角身体轮廓、电话亭固定、走廊边缘像素化 未漂移；确认只表达「走廊边缘分裂」一个状态。,S7_PHONE_ELECTRONICIZATION,电话电子化阶段 / Phone electronicization,角色焦点：环境；连续性：电话线、CRT 扫描线、主角身体轮廓、电话亭固定、走廊边缘像素化 / Character focus: 环境; continuity: 电话线、CRT 扫描线、主角身体轮廓、电话亭固定、走廊边缘像素化,角色焦点：环境；连续性：电话线、CRT 扫描线、主角身体轮廓、电话亭固定、走廊边缘像素化 / Character focus: 环境; continuity: 电话线、CRT 扫描线、主角身体轮廓、电话亭固定、走廊边缘像素化,电话线、CRT 扫描线、主角身体轮廓、电话亭固定、走廊边缘像素化 / Environment continuity lock,whitebox_renders_v2/B06/WB2_PHONE_MSB166.png
MSB167,B06,18,电子化,storyboard,A,micro_storyboard_panels/B06/MSB167_18_脸部半电子化.png,90年代中国小城，中式梦核现实电影质感，潮湿发黄的童年记忆，低照度，轻微 VHS 噪点，儿童低视角，真实旧衣服和生活痕迹，不漂亮化。人物必须继承 v2 设定：阿磊海军蓝旧运动外套和左眉断点；小川右耳微外翻、过紧红领巾、浅绿色塌书包；小满浅色大衬衫、抓衣角、脚尖内扣；彬子黄发梢、破黑夹克、腰包；高杆高瘦长手臂；大海宽身体褪色 T 恤；小齐条纹内衫和抠袖口。 画面编号 MSB167，段落 18《电子化》。景别：近景。参考机位：CAM_PHONE_02_APPROACH_CLOSE。本张只画一个画面状态：脸部半电子化。画面焦点：小川半张脸仍真实，半张脸被扫描线切割。人物焦点：小川。表情要求：被吞没但仍是孩子。姿态/运动路径：保持同一脸。连续性锚点：电话线、CRT 扫描线、主角身体轮廓、电话亭固定、走廊边缘像素化。画面应像可用于电影分镜的单张 production storyboard panel，构图清楚，动作状态明确，不要把前后动作合在一张里 【部分原文损坏，需从源文件重建 / Partial source text corrupted; rebuild from source】,不要统一脸型，不要统一发型，不要统一身材，不要童模脸，不要网红脸，不要现代校服，不要现代手机，不要液晶屏，不要女生，不要额外角色，不要成年人黑帮，不要动漫化，不要血腥，不要英雄化暴力。 本张特别避免：绿色代码雨、未来城市、机器人化、突然换成3D游戏、主角离开电话亭 【部分原文损坏，需从源文件重建 / Partial source text corrupted; rebuild from source】,确认 小川 可识别；确认 电话线、CRT 扫描线、主角身体轮廓、电话亭固定、走廊边缘像素化 未漂移；确认只表达「脸部半电子化」一个状态。,S7_PHONE_ELECTRONICIZATION,电话电子化阶段 / Phone electronicization,角色焦点：小川；连续性：电话线、CRT 扫描线、主角身体轮廓、电话亭固定、走廊边缘像素化 / Character focus: 小川; continuity: 电话线、CRT 扫描线、主角身体轮廓、电话亭固定、走廊边缘像素化,角色焦点：小川；连续性：电话线、CRT 扫描线、主角身体轮廓、电话亭固定、走廊边缘像素化 / Character focus: 小川; continuity: 电话线、CRT 扫描线、主角身体轮廓、电话亭固定、走廊边缘像素化,电话线、CRT 扫描线、主角身体轮廓、电话亭固定、走廊边缘像素化 / Environment continuity lock,whitebox_renders_v2/B06/WB2_PHONE_MSB167.png
MSB168,B06,18,电子化,end_frame,A,micro_storyboard_panels/B06/MSB168_18_纵深展平前.png,90年代中国小城，中式梦核现实电影质感，潮湿发黄的童年记忆，低照度，轻微 VHS 噪点，儿童低视角，真实旧衣服和生活痕迹，不漂亮化。人物必须继承 v2 设定：阿磊海军蓝旧运动外套和左眉断点；小川右耳微外翻、过紧红领巾、浅绿色塌书包；小满浅色大衬衫、抓衣角、脚尖内扣；彬子黄发梢、破黑夹克、腰包；高杆高瘦长手臂；大海宽身体褪色 T 恤；小齐条纹内衫和抠袖口。 画面编号 MSB168，段落 18《电子化》。景别：远景。参考机位：CAM_PHONE_02_APPROACH_CLOSE。本张只画一个画面状态：纵深展平前。画面焦点：走廊纵深像纸片一样被压平，电话亭位置仍在深处。人物焦点：环境/电话亭。表情要求：临界转换。姿态/运动路径：空间压平。连续性锚点：电话线、CRT 扫描线、主角身体轮廓、电话亭固定、走廊边缘像素化。画面应像可用于电影分镜的单张 production storyboard panel，构图清楚，动作状态明确，不要把前后动作合在一张里 【部分原文损坏，需从源文件重建 / Partial source text corrupted; rebuild from source】,不要统一脸型，不要统一发型，不要统一身材，不要童模脸，不要网红脸，不要现代校服，不要现代手机，不要液晶屏，不要女生，不要额外角色，不要成年人黑帮，不要动漫化，不要血腥，不要英雄化暴力。 本张特别避免：绿色代码雨、未来城市、机器人化、突然换成3D游戏、主角离开电话亭 【部分原文损坏，需从源文件重建 / Partial source text corrupted; rebuild from source】,确认 环境/电话亭 可识别；确认 电话线、CRT 扫描线、主角身体轮廓、电话亭固定、走廊边缘像素化 未漂移；确认只表达「纵深展平前」一个状态。,S7_PHONE_ELECTRONICIZATION,电话电子化阶段 / Phone electronicization,角色焦点：环境/电话亭；连续性：电话线、CRT 扫描线、主角身体轮廓、电话亭固定、走廊边缘像素化 / Character focus: 环境/电话亭; continuity: 电话线、CRT 扫描线、主角身体轮廓、电话亭固定、走廊边缘像素化,角色焦点：环境/电话亭；连续性：电话线、CRT 扫描线、主角身体轮廓、电话亭固定、走廊边缘像素化 / Character focus: 环境/电话亭; continuity: 电话线、CRT 扫描线、主角身体轮廓、电话亭固定、走廊边缘像素化,电话线、CRT 扫描线、主角身体轮廓、电话亭固定、走廊边缘像素化 / Environment continuity lock,whitebox_renders_v2/B06/WB2_PHONE_MSB168.png
MSB169,B06,18,电子化,keyframe,A,micro_storyboard_panels/B06/MSB169_18_像素闪白.png,90年代中国小城，中式梦核现实电影质感，潮湿发黄的童年记忆，低照度，轻微 VHS 噪点，儿童低视角，真实旧衣服和生活痕迹，不漂亮化。人物必须继承 v2 设定：阿磊海军蓝旧运动外套和左眉断点；小川右耳微外翻、过紧红领巾、浅绿色塌书包；小满浅色大衬衫、抓衣角、脚尖内扣；彬子黄发梢、破黑夹克、腰包；高杆高瘦长手臂；大海宽身体褪色 T 恤；小齐条纹内衫和抠袖口。 画面编号 MSB169，段落 18《电子化》。景别：全景。参考机位：CAM_PHONE_02_APPROACH_CLOSE。本张只画一个画面状态：像素闪白。画面焦点：CRT 扫描线和像素块闪白，作为进入 8-bit 的隐藏剪辑。人物焦点：环境/小川。表情要求：不可逆转场。姿态/运动路径：强光但不换主题。连续性锚点：电话线、CRT 扫描线、主角身体轮廓、电话亭固定、走廊边缘像素化。画面应像可用于电影分镜的单张 production storyboard panel，构图清楚，动作状态明确，不要把前后动作合在一张里 【部分原文损坏，需从源文件重建 / Partial source text corrupted; rebuild from source】,不要统一脸型，不要统一发型，不要统一身材，不要童模脸，不要网红脸，不要现代校服，不要现代手机，不要液晶屏，不要女生，不要额外角色，不要成年人黑帮，不要动漫化，不要血腥，不要英雄化暴力。 本张特别避免：绿色代码雨、未来城市、机器人化、突然换成3D游戏、主角离开电话亭 【部分原文损坏，需从源文件重建 / Partial source text corrupted; rebuild from source】,确认 环境/小川 可识别；确认 电话线、CRT 扫描线、主角身体轮廓、电话亭固定、走廊边缘像素化 未漂移；确认只表达「像素闪白」一个状态。,S7_PHONE_ELECTRONICIZATION,电话电子化阶段 / Phone electronicization,角色焦点：环境/小川；连续性：电话线、CRT 扫描线、主角身体轮廓、电话亭固定、走廊边缘像素化 / Character focus: 环境/小川; continuity: 电话线、CRT 扫描线、主角身体轮廓、电话亭固定、走廊边缘像素化,角色焦点：环境/小川；连续性：电话线、CRT 扫描线、主角身体轮廓、电话亭固定、走廊边缘像素化 / Character focus: 环境/小川; continuity: 电话线、CRT 扫描线、主角身体轮廓、电话亭固定、走廊边缘像素化,电话线、CRT 扫描线、主角身体轮廓、电话亭固定、走廊边缘像素化 / Environment continuity lock,whitebox_renders_v2/B06/WB2_PHONE_MSB169.png
MSB170,B06,19,进入8-bit关卡,keyframe,A,micro_storyboard_panels/B06/MSB170_19_横版舞台建立.png,90年代中国小城，中式梦核现实电影质感，潮湿发黄的童年记忆，低照度，轻微 VHS 噪点，儿童低视角，真实旧衣服和生活痕迹，不漂亮化。人物必须继承 v2 设定：阿磊海军蓝旧运动外套和左眉断点；小川右耳微外翻、过紧红领巾、浅绿色塌书包；小满浅色大衬衫、抓衣角、脚尖内扣；彬子黄发梢、破黑夹克、腰包；高杆高瘦长手臂；大海宽身体褪色 T 恤；小齐条纹内衫和抠袖口。 画面编号 MSB170，段落 19《进入8-bit关卡》。景别：横版远景。参考机位：CAM_8BIT_01_STAGE_WIDE。本张只画一个画面状态：横版舞台建立。画面焦点：废楼走廊变成像素横版舞台，电话亭在背景中右。人物焦点：环境/电话亭。表情要求：游戏规则建立。姿态/运动路径：orthographic fixed。连续性锚点：废楼走廊展平成90年代横版清版街机，保留电话亭、墙砖、消防箱，小川像素色块。画面应像可用于电影分镜的单张 production storyboard panel，构图清楚，动作状态明确，不要把前后动作合在一张里 【部分原文损坏，需从源文件重建 / Partial source text corrupted; rebuild from source】,不要统一脸型，不要统一发型，不要统一身材，不要童模脸，不要网红脸，不要现代校服，不要现代手机，不要液晶屏，不要女生，不要额外角色，不要成年人黑帮，不要动漫化，不要血腥，不要英雄化暴力。 本张特别避免：现代手游UI、3D卡通、西方街景、高清动漫、完全换场景 【部分原文损坏，需从源文件重建 / Partial source text corrupted; rebuild from source】,确认 环境/电话亭 可识别；确认 废楼走廊展平成90年代横版清版街机，保留电话亭、墙砖、消防箱，小川像素色块 未漂移；确认只表达「横版舞台建立」一个状态。,S8_8BIT_TRANSLATED,8-bit 转译阶段 / 8-bit translation,角色焦点：环境/电话亭；连续性：废楼走廊展平成90年代横版清版街机，保留电话亭、墙砖、消防箱，小川像素色块 / Character focus: 环境/电话亭; continuity: 废楼走廊展平成90年代横版清版街机，保留电话亭、墙砖、消防箱，小川像素色块,角色焦点：环境/电话亭；连续性：废楼走廊展平成90年代横版清版街机，保留电话亭、墙砖、消防箱，小川像素色块 / Character focus: 环境/电话亭; continuity: 废楼走廊展平成90年代横版清版街机，保留电话亭、墙砖、消防箱，小川像素色块,废楼走廊展平成90年代横版清版街机，保留电话亭、墙砖、消防箱，小川像素色块 / Environment continuity lock,whitebox_renders_v2/B06/WB2_8BIT_MSB170.png
MSB171,B06,19,进入8-bit关卡,start_frame,A,micro_storyboard_panels/B06/MSB171_19_像素小川待机.png,90年代中国小城，中式梦核现实电影质感，潮湿发黄的童年记忆，低照度，轻微 VHS 噪点，儿童低视角，真实旧衣服和生活痕迹，不漂亮化。人物必须继承 v2 设定：阿磊海军蓝旧运动外套和左眉断点；小川右耳微外翻、过紧红领巾、浅绿色塌书包；小满浅色大衬衫、抓衣角、脚尖内扣；彬子黄发梢、破黑夹克、腰包；高杆高瘦长手臂；大海宽身体褪色 T 恤；小齐条纹内衫和抠袖口。 画面编号 MSB171，段落 19《进入8-bit关卡》。景别：横版中景。参考机位：CAM_8BIT_01_STAGE_WIDE。本张只画一个画面状态：像素小川待机。画面焦点：像素小川站在左侧，蓝白外套、红领巾、浅绿书包色块清楚。人物焦点：小川像素。表情要求：紧张待机，不庆祝。姿态/运动路径：小幅 idle。连续性锚点：废楼走廊展平成90年代横版清版街机，保留电话亭、墙砖、消防箱，小川像素色块。画面应像可用于电影分镜的单张 production storyboard panel，构图清楚，动作状态明确，不要把前后动作合在一张里 【部分原文损坏，需从源文件重建 / Partial source text corrupted; rebuild from source】,不要统一脸型，不要统一发型，不要统一身材，不要童模脸，不要网红脸，不要现代校服，不要现代手机，不要液晶屏，不要女生，不要额外角色，不要成年人黑帮，不要动漫化，不要血腥，不要英雄化暴力。 本张特别避免：现代手游UI、3D卡通、西方街景、高清动漫、完全换场景 【部分原文损坏，需从源文件重建 / Partial source text corrupted; rebuild from source】,确认 小川像素 可识别；确认 废楼走廊展平成90年代横版清版街机，保留电话亭、墙砖、消防箱，小川像素色块 未漂移；确认只表达「像素小川待机」一个状态。,S8_8BIT_TRANSLATED,8-bit 转译阶段 / 8-bit translation,角色焦点：小川像素；连续性：废楼走廊展平成90年代横版清版街机，保留电话亭、墙砖、消防箱，小川像素色块 / Character focus: 小川像素; continuity: 废楼走廊展平成90年代横版清版街机，保留电话亭、墙砖、消防箱，小川像素色块,角色焦点：小川像素；连续性：废楼走廊展平成90年代横版清版街机，保留电话亭、墙砖、消防箱，小川像素色块 / Character focus: 小川像素; continuity: 废楼走廊展平成90年代横版清版街机，保留电话亭、墙砖、消防箱，小川像素色块,废楼走廊展平成90年代横版清版街机，保留电话亭、墙砖、消防箱，小川像素色块 / Environment continuity lock,whitebox_renders_v2/B06/WB2_8BIT_MSB171.png
MSB172,B06,19,进入8-bit关卡,storyboard,B,micro_storyboard_panels/B06/MSB172_19_UI_初现.png,90年代中国小城，中式梦核现实电影质感，潮湿发黄的童年记忆，低照度，轻微 VHS 噪点，儿童低视角，真实旧衣服和生活痕迹，不漂亮化。人物必须继承 v2 设定：阿磊海军蓝旧运动外套和左眉断点；小川右耳微外翻、过紧红领巾、浅绿色塌书包；小满浅色大衬衫、抓衣角、脚尖内扣；彬子黄发梢、破黑夹克、腰包；高杆高瘦长手臂；大海宽身体褪色 T 恤；小齐条纹内衫和抠袖口。 画面编号 MSB172，段落 19《进入8-bit关卡》。景别：横版全景。参考机位：CAM_8BIT_01_STAGE_WIDE。本张只画一个画面状态：UI 初现。画面焦点：老街机 UI 边缘出现，血条/分数有限色盘，不遮挡角色。人物焦点：UI/环境。表情要求：规则感。姿态/运动路径：UI 静止。连续性锚点：废楼走廊展平成90年代横版清版街机，保留电话亭、墙砖、消防箱，小川像素色块。画面应像可用于电影分镜的单张 production storyboard panel，构图清楚，动作状态明确，不要把前后动作合在一张里 【部分原文损坏，需从源文件重建 / Partial source text corrupted; rebuild from source】,不要统一脸型，不要统一发型，不要统一身材，不要童模脸，不要网红脸，不要现代校服，不要现代手机，不要液晶屏，不要女生，不要额外角色，不要成年人黑帮，不要动漫化，不要血腥，不要英雄化暴力。 本张特别避免：现代手游UI、3D卡通、西方街景、高清动漫、完全换场景 【部分原文损坏，需从源文件重建 / Partial source text corrupted; rebuild from source】,确认 UI/环境 可识别；确认 废楼走廊展平成90年代横版清版街机，保留电话亭、墙砖、消防箱，小川像素色块 未漂移；确认只表达「UI 初现」一个状态。,S8_8BIT_TRANSLATED,8-bit 转译阶段 / 8-bit translation,角色焦点：UI/环境；连续性：废楼走廊展平成90年代横版清版街机，保留电话亭、墙砖、消防箱，小川像素色块 / Character focus: UI/环境; continuity: 废楼走廊展平成90年代横版清版街机，保留电话亭、墙砖、消防箱，小川像素色块,角色焦点：UI/环境；连续性：废楼走廊展平成90年代横版清版街机，保留电话亭、墙砖、消防箱，小川像素色块 / Character focus: UI/环境; continuity: 废楼走廊展平成90年代横版清版街机，保留电话亭、墙砖、消防箱，小川像素色块,废楼走廊展平成90年代横版清版街机，保留电话亭、墙砖、消防箱，小川像素色块 / Environment continuity lock,whitebox_renders_v2/B06/WB2_8BIT_MSB172.png
MSB173,B06,19,进入8-bit关卡,storyboard,A,micro_storyboard_panels/B06/MSB173_19_敌人影子右侧.png,90年代中国小城，中式梦核现实电影质感，潮湿发黄的童年记忆，低照度，轻微 VHS 噪点，儿童低视角，真实旧衣服和生活痕迹，不漂亮化。人物必须继承 v2 设定：阿磊海军蓝旧运动外套和左眉断点；小川右耳微外翻、过紧红领巾、浅绿色塌书包；小满浅色大衬衫、抓衣角、脚尖内扣；彬子黄发梢、破黑夹克、腰包；高杆高瘦长手臂；大海宽身体褪色 T 恤；小齐条纹内衫和抠袖口。 画面编号 MSB173，段落 19《进入8-bit关卡》。景别：横版全景。参考机位：CAM_8BIT_01_STAGE_WIDE。本张只画一个画面状态：敌人影子右侧。画面焦点：四个像素敌人的影子从右侧进入，轮廓差异先出现。人物焦点：混混像素。表情要求：威胁回归。姿态/运动路径：右到左入场。连续性锚点：废楼走廊展平成90年代横版清版街机，保留电话亭、墙砖、消防箱，小川像素色块。画面应像可用于电影分镜的单张 production storyboard panel，构图清楚，动作状态明确，不要把前后动作合在一张里 【部分原文损坏，需从源文件重建 / Partial source text corrupted; rebuild from source】,不要统一脸型，不要统一发型，不要统一身材，不要童模脸，不要网红脸，不要现代校服，不要现代手机，不要液晶屏，不要女生，不要额外角色，不要成年人黑帮，不要动漫化，不要血腥，不要英雄化暴力。 本张特别避免：现代手游UI、3D卡通、西方街景、高清动漫、完全换场景 【部分原文损坏，需从源文件重建 / Partial source text corrupted; rebuild from source】,确认 混混像素 可识别；确认 废楼走廊展平成90年代横版清版街机，保留电话亭、墙砖、消防箱，小川像素色块 未漂移；确认只表达「敌人影子右侧」一个状态。,S8_8BIT_TRANSLATED,8-bit 转译阶段 / 8-bit translation,角色焦点：混混像素；连续性：废楼走廊展平成90年代横版清版街机，保留电话亭、墙砖、消防箱，小川像素色块 / Character focus: 混混像素; continuity: 废楼走廊展平成90年代横版清版街机，保留电话亭、墙砖、消防箱，小川像素色块,角色焦点：混混像素；连续性：废楼走廊展平成90年代横版清版街机，保留电话亭、墙砖、消防箱，小川像素色块 / Character focus: 混混像素; continuity: 废楼走廊展平成90年代横版清版街机，保留电话亭、墙砖、消防箱，小川像素色块,废楼走廊展平成90年代横版清版街机，保留电话亭、墙砖、消防箱，小川像素色块 / Environment continuity lock,whitebox_renders_v2/B06/WB2_8BIT_MSB173.png
MSB174,B06,19,进入8-bit关卡,keyframe,A,micro_storyboard_panels/B06/MSB174_19_彬子_mini-boss.png,90年代中国小城，中式梦核现实电影质感，潮湿发黄的童年记忆，低照度，轻微 VHS 噪点，儿童低视角，真实旧衣服和生活痕迹，不漂亮化。人物必须继承 v2 设定：阿磊海军蓝旧运动外套和左眉断点；小川右耳微外翻、过紧红领巾、浅绿色塌书包；小满浅色大衬衫、抓衣角、脚尖内扣；彬子黄发梢、破黑夹克、腰包；高杆高瘦长手臂；大海宽身体褪色 T 恤；小齐条纹内衫和抠袖口。 画面编号 MSB174，段落 19《进入8-bit关卡》。景别：横版中景。参考机位：CAM_8BIT_01_STAGE_WIDE。本张只画一个画面状态：彬子 mini-boss。画面焦点：短小黑夹克黄发像素敌人站在前方，腰包小色块可读。人物焦点：彬子像素。表情要求：凶但游戏化。姿态/运动路径：前压 idle。连续性锚点：废楼走廊展平成90年代横版清版街机，保留电话亭、墙砖、消防箱，小川像素色块。画面应像可用于电影分镜的单张 production storyboard panel，构图清楚，动作状态明确，不要把前后动作合在一张里 【部分原文损坏，需从源文件重建 / Partial source text corrupted; rebuild from source】,不要统一脸型，不要统一发型，不要统一身材，不要童模脸，不要网红脸，不要现代校服，不要现代手机，不要液晶屏，不要女生，不要额外角色，不要成年人黑帮，不要动漫化，不要血腥，不要英雄化暴力。 本张特别避免：现代手游UI、3D卡通、西方街景、高清动漫、完全换场景 【部分原文损坏，需从源文件重建 / Partial source text corrupted; rebuild from source】,确认 彬子像素 可识别；确认 废楼走廊展平成90年代横版清版街机，保留电话亭、墙砖、消防箱，小川像素色块 未漂移；确认只表达「彬子 mini-boss」一个状态。,S8_8BIT_TRANSLATED,8-bit 转译阶段 / 8-bit translation,角色焦点：彬子像素；连续性：废楼走廊展平成90年代横版清版街机，保留电话亭、墙砖、消防箱，小川像素色块 / Character focus: 彬子像素; continuity: 废楼走廊展平成90年代横版清版街机，保留电话亭、墙砖、消防箱，小川像素色块,角色焦点：彬子像素；连续性：废楼走廊展平成90年代横版清版街机，保留电话亭、墙砖、消防箱，小川像素色块 / Character focus: 彬子像素; continuity: 废楼走廊展平成90年代横版清版街机，保留电话亭、墙砖、消防箱，小川像素色块,废楼走廊展平成90年代横版清版街机，保留电话亭、墙砖、消防箱，小川像素色块 / Environment continuity lock,whitebox_renders_v2/B06/WB2_8BIT_MSB174.png
MSB175,B06,19,进入8-bit关卡,storyboard,B,micro_storyboard_panels/B06/MSB175_19_高杆长条敌人.png,90年代中国小城，中式梦核现实电影质感，潮湿发黄的童年记忆，低照度，轻微 VHS 噪点，儿童低视角，真实旧衣服和生活痕迹，不漂亮化。人物必须继承 v2 设定：阿磊海军蓝旧运动外套和左眉断点；小川右耳微外翻、过紧红领巾、浅绿色塌书包；小满浅色大衬衫、抓衣角、脚尖内扣；彬子黄发梢、破黑夹克、腰包；高杆高瘦长手臂；大海宽身体褪色 T 恤；小齐条纹内衫和抠袖口。 画面编号 MSB175，段落 19《进入8-bit关卡》。景别：横版中景。参考机位：CAM_8BIT_01_STAGE_WIDE。本张只画一个画面状态：高杆长条敌人。画面焦点：高杆像素敌人长条身形，横臂封路动作保留。人物焦点：高杆像素。表情要求：冷压迫。姿态/运动路径：横臂待机。连续性锚点：废楼走廊展平成90年代横版清版街机，保留电话亭、墙砖、消防箱，小川像素色块。画面应像可用于电影分镜的单张 production storyboard panel，构图清楚，动作状态明确，不要把前后动作合在一张里 【部分原文损坏，需从源文件重建 / Partial source text corrupted; rebuild from source】,不要统一脸型，不要统一发型，不要统一身材，不要童模脸，不要网红脸，不要现代校服，不要现代手机，不要液晶屏，不要女生，不要额外角色，不要成年人黑帮，不要动漫化，不要血腥，不要英雄化暴力。 本张特别避免：现代手游UI、3D卡通、西方街景、高清动漫、完全换场景 【部分原文损坏，需从源文件重建 / Partial source text corrupted; rebuild from source】,确认 高杆像素 可识别；确认 废楼走廊展平成90年代横版清版街机，保留电话亭、墙砖、消防箱，小川像素色块 未漂移；确认只表达「高杆长条敌人」一个状态。,S8_8BIT_TRANSLATED,8-bit 转译阶段 / 8-bit translation,角色焦点：高杆像素；连续性：废楼走廊展平成90年代横版清版街机，保留电话亭、墙砖、消防箱，小川像素色块 / Character focus: 高杆像素; continuity: 废楼走廊展平成90年代横版清版街机，保留电话亭、墙砖、消防箱，小川像素色块,角色焦点：高杆像素；连续性：废楼走廊展平成90年代横版清版街机，保留电话亭、墙砖、消防箱，小川像素色块 / Character focus: 高杆像素; continuity: 废楼走廊展平成90年代横版清版街机，保留电话亭、墙砖、消防箱，小川像素色块,废楼走廊展平成90年代横版清版街机，保留电话亭、墙砖、消防箱，小川像素色块 / Environment continuity lock,whitebox_renders_v2/B06/WB2_8BIT_MSB175.png
MSB176,B06,19,进入8-bit关卡,storyboard,A,micro_storyboard_panels/B06/MSB176_19_大海小齐入位.png,90年代中国小城，中式梦核现实电影质感，潮湿发黄的童年记忆，低照度，轻微 VHS 噪点，儿童低视角，真实旧衣服和生活痕迹，不漂亮化。人物必须继承 v2 设定：阿磊海军蓝旧运动外套和左眉断点；小川右耳微外翻、过紧红领巾、浅绿色塌书包；小满浅色大衬衫、抓衣角、脚尖内扣；彬子黄发梢、破黑夹克、腰包；高杆高瘦长手臂；大海宽身体褪色 T 恤；小齐条纹内衫和抠袖口。 画面编号 MSB176，段落 19《进入8-bit关卡》。景别：横版全景。参考机位：CAM_8BIT_01_STAGE_WIDE。本张只画一个画面状态：大海小齐入位。画面焦点：宽体块大海和抖动小齐进入队形，四人功能清楚。人物焦点：混混像素。表情要求：敌群完整。姿态/运动路径：右侧站位。连续性锚点：废楼走廊展平成90年代横版清版街机，保留电话亭、墙砖、消防箱，小川像素色块。画面应像可用于电影分镜的单张 production storyboard panel，构图清楚，动作状态明确，不要把前后动作合在一张里 【部分原文损坏，需从源文件重建 / Partial source text corrupted; rebuild from source】,不要统一脸型，不要统一发型，不要统一身材，不要童模脸，不要网红脸，不要现代校服，不要现代手机，不要液晶屏，不要女生，不要额外角色，不要成年人黑帮，不要动漫化，不要血腥，不要英雄化暴力。 本张特别避免：现代手游UI、3D卡通、西方街景、高清动漫、完全换场景 【部分原文损坏，需从源文件重建 / Partial source text corrupted; rebuild from source】,确认 混混像素 可识别；确认 废楼走廊展平成90年代横版清版街机，保留电话亭、墙砖、消防箱，小川像素色块 未漂移；确认只表达「大海小齐入位」一个状态。,S8_8BIT_TRANSLATED,8-bit 转译阶段 / 8-bit translation,角色焦点：混混像素；连续性：废楼走廊展平成90年代横版清版街机，保留电话亭、墙砖、消防箱，小川像素色块 / Character focus: 混混像素; continuity: 废楼走廊展平成90年代横版清版街机，保留电话亭、墙砖、消防箱，小川像素色块,角色焦点：混混像素；连续性：废楼走廊展平成90年代横版清版街机，保留电话亭、墙砖、消防箱，小川像素色块 / Character focus: 混混像素; continuity: 废楼走廊展平成90年代横版清版街机，保留电话亭、墙砖、消防箱，小川像素色块,废楼走廊展平成90年代横版清版街机，保留电话亭、墙砖、消防箱，小川像素色块 / Environment continuity lock,whitebox_renders_v2/B06/WB2_8BIT_MSB176.png
MSB177,B06,19,进入8-bit关卡,end_frame,A,micro_storyboard_panels/B06/MSB177_19_战斗开始前静止.png,90年代中国小城，中式梦核现实电影质感，潮湿发黄的童年记忆，低照度，轻微 VHS 噪点，儿童低视角，真实旧衣服和生活痕迹，不漂亮化。人物必须继承 v2 设定：阿磊海军蓝旧运动外套和左眉断点；小川右耳微外翻、过紧红领巾、浅绿色塌书包；小满浅色大衬衫、抓衣角、脚尖内扣；彬子黄发梢、破黑夹克、腰包；高杆高瘦长手臂；大海宽身体褪色 T 恤；小齐条纹内衫和抠袖口。 画面编号 MSB177，段落 19《进入8-bit关卡》。景别：横版全景。参考机位：CAM_8BIT_01_STAGE_WIDE。本张只画一个画面状态：战斗开始前静止。画面焦点：像素小川左侧，四个敌人右侧，电话亭仍在背景，开战前停一拍。人物焦点：全体像素。表情要求：不安而非快乐。姿态/运动路径：全体 idle。连续性锚点：废楼走廊展平成90年代横版清版街机，保留电话亭、墙砖、消防箱，小川像素色块。画面应像可用于电影分镜的单张 production storyboard panel，构图清楚，动作状态明确，不要把前后动作合在一张里 【部分原文损坏，需从源文件重建 / Partial source text corrupted; rebuild from source】,不要统一脸型，不要统一发型，不要统一身材，不要童模脸，不要网红脸，不要现代校服，不要现代手机，不要液晶屏，不要女生，不要额外角色，不要成年人黑帮，不要动漫化，不要血腥，不要英雄化暴力。 本张特别避免：现代手游UI、3D卡通、西方街景、高清动漫、完全换场景 【部分原文损坏，需从源文件重建 / Partial source text corrupted; rebuild from source】,确认 全体像素 可识别；确认 废楼走廊展平成90年代横版清版街机，保留电话亭、墙砖、消防箱，小川像素色块 未漂移；确认只表达「战斗开始前静止」一个状态。,S8_8BIT_TRANSLATED,8-bit 转译阶段 / 8-bit translation,角色焦点：全体像素；连续性：废楼走廊展平成90年代横版清版街机，保留电话亭、墙砖、消防箱，小川像素色块 / Character focus: 全体像素; continuity: 废楼走廊展平成90年代横版清版街机，保留电话亭、墙砖、消防箱，小川像素色块,角色焦点：全体像素；连续性：废楼走廊展平成90年代横版清版街机，保留电话亭、墙砖、消防箱，小川像素色块 / Character focus: 全体像素; continuity: 废楼走廊展平成90年代横版清版街机，保留电话亭、墙砖、消防箱，小川像素色块,废楼走廊展平成90年代横版清版街机，保留电话亭、墙砖、消防箱，小川像素色块 / Environment continuity lock,whitebox_renders_v2/B06/WB2_8BIT_MSB177.png
MSB178,B06,20,WIN / INSERT COIN,storyboard,A,micro_storyboard_panels/B06/MSB178_20_第一下书包旋风.png,90年代中国小城，中式梦核现实电影质感，潮湿发黄的童年记忆，低照度，轻微 VHS 噪点，儿童低视角，真实旧衣服和生活痕迹，不漂亮化。人物必须继承 v2 设定：阿磊海军蓝旧运动外套和左眉断点；小川右耳微外翻、过紧红领巾、浅绿色塌书包；小满浅色大衬衫、抓衣角、脚尖内扣；彬子黄发梢、破黑夹克、腰包；高杆高瘦长手臂；大海宽身体褪色 T 恤；小齐条纹内衫和抠袖口。 画面编号 MSB178，段落 20《WIN / INSERT COIN》。景别：横版中景。参考机位：CAM_8BIT_02_WIN_SCREEN。本张只画一个画面状态：第一下书包旋风。画面焦点：像素小川用浅绿书包色块形成短促旋风，击退最近敌人。人物焦点：小川像素/敌人。表情要求：被迫反击，不是英雄炫技。姿态/运动路径：动作不超过一拍。连续性锚点：横版固定机位，像素小川，四个敌人，书包旋风、硬币冲击波，WIN 后一秒安静，再 INSERT COIN。画面应像可用于电影分镜的单张 production storyboard panel，构图清楚，动作状态明确，不要把前后动作合在一张里 【部分原文损坏，需从源文件重建 / Partial source text corrupted; rebuild from source】,不要统一脸型，不要统一发型，不要统一身材，不要童模脸，不要网红脸，不要现代校服，不要现代手机，不要液晶屏，不要女生，不要额外角色，不要成年人黑帮，不要动漫化，不要血腥，不要英雄化暴力。 本张特别避免：复杂连招、写实血腥、欢乐庆祝、现代UI、改写文字、解释结局 【部分原文损坏，需从源文件重建 / Partial source text corrupted; rebuild from source】,确认 小川像素/敌人 可识别；确认 横版固定机位，像素小川，四个敌人，书包旋风、硬币冲击波，WIN 后一秒安静，再 INSERT COIN 未漂移；确认只表达「第一下书包旋风」一个状态。,S8_8BIT_TRANSLATED,8-bit 转译阶段 / 8-bit translation,角色焦点：小川像素/敌人；连续性：横版固定机位，像素小川，四个敌人，书包旋风、硬币冲击波，WIN 后一秒安静，再 INSERT COIN / Character focus: 小川像素/敌人; continuity: 横版固定机位，像素小川，四个敌人，书包旋风、硬币冲击波，WIN 后一秒安静，再 INSERT COIN,角色焦点：小川像素/敌人；连续性：横版固定机位，像素小川，四个敌人，书包旋风、硬币冲击波，WIN 后一秒安静，再 INSERT COIN / Character focus: 小川像素/敌人; continuity: 横版固定机位，像素小川，四个敌人，书包旋风、硬币冲击波，WIN 后一秒安静，再 INSERT COIN,横版固定机位，像素小川，四个敌人，书包旋风、硬币冲击波，WIN 后一秒安静，再 INSERT COIN / Environment continuity lock,whitebox_renders_v2/B06/WB2_8BIT_MSB178.png
MSB179,B06,20,WIN / INSERT COIN,storyboard,A,micro_storyboard_panels/B06/MSB179_20_硬币冲击波.png,90年代中国小城，中式梦核现实电影质感，潮湿发黄的童年记忆，低照度，轻微 VHS 噪点，儿童低视角，真实旧衣服和生活痕迹，不漂亮化。人物必须继承 v2 设定：阿磊海军蓝旧运动外套和左眉断点；小川右耳微外翻、过紧红领巾、浅绿色塌书包；小满浅色大衬衫、抓衣角、脚尖内扣；彬子黄发梢、破黑夹克、腰包；高杆高瘦长手臂；大海宽身体褪色 T 恤；小齐条纹内衫和抠袖口。 画面编号 MSB179，段落 20《WIN / INSERT COIN》。景别：横版中景。参考机位：CAM_8BIT_02_WIN_SCREEN。本张只画一个画面状态：硬币冲击波。画面焦点：一枚像素硬币从小川方向弹出，形成低分辨率冲击波。人物焦点：小川像素/道具。表情要求：游戏规则接管现实。姿态/运动路径：左到右短促。连续性锚点：横版固定机位，像素小川，四个敌人，书包旋风、硬币冲击波，WIN 后一秒安静，再 INSERT COIN。画面应像可用于电影分镜的单张 production storyboard panel，构图清楚，动作状态明确，不要把前后动作合在一张里 【部分原文损坏，需从源文件重建 / Partial source text corrupted; rebuild from source】,不要统一脸型，不要统一发型，不要统一身材，不要童模脸，不要网红脸，不要现代校服，不要现代手机，不要液晶屏，不要女生，不要额外角色，不要成年人黑帮，不要动漫化，不要血腥，不要英雄化暴力。 本张特别避免：复杂连招、写实血腥、欢乐庆祝、现代UI、改写文字、解释结局 【部分原文损坏，需从源文件重建 / Partial source text corrupted; rebuild from source】,确认 小川像素/道具 可识别；确认 横版固定机位，像素小川，四个敌人，书包旋风、硬币冲击波，WIN 后一秒安静，再 INSERT COIN 未漂移；确认只表达「硬币冲击波」一个状态。,S8_8BIT_TRANSLATED,8-bit 转译阶段 / 8-bit translation,角色焦点：小川像素/道具；连续性：横版固定机位，像素小川，四个敌人，书包旋风、硬币冲击波，WIN 后一秒安静，再 INSERT COIN / Character focus: 小川像素/道具; continuity: 横版固定机位，像素小川，四个敌人，书包旋风、硬币冲击波，WIN 后一秒安静，再 INSERT COIN,角色焦点：小川像素/道具；连续性：横版固定机位，像素小川，四个敌人，书包旋风、硬币冲击波，WIN 后一秒安静，再 INSERT COIN / Character focus: 小川像素/道具; continuity: 横版固定机位，像素小川，四个敌人，书包旋风、硬币冲击波，WIN 后一秒安静，再 INSERT COIN,横版固定机位，像素小川，四个敌人，书包旋风、硬币冲击波，WIN 后一秒安静，再 INSERT COIN / Environment continuity lock,whitebox_renders_v2/B06/WB2_8BIT_MSB179.png
MSB180,B06,20,WIN / INSERT COIN,storyboard,B,micro_storyboard_panels/B06/MSB180_20_高杆被击退.png,90年代中国小城，中式梦核现实电影质感，潮湿发黄的童年记忆，低照度，轻微 VHS 噪点，儿童低视角，真实旧衣服和生活痕迹，不漂亮化。人物必须继承 v2 设定：阿磊海军蓝旧运动外套和左眉断点；小川右耳微外翻、过紧红领巾、浅绿色塌书包；小满浅色大衬衫、抓衣角、脚尖内扣；彬子黄发梢、破黑夹克、腰包；高杆高瘦长手臂；大海宽身体褪色 T 恤；小齐条纹内衫和抠袖口。 画面编号 MSB180，段落 20《WIN / INSERT COIN》。景别：横版全景。参考机位：CAM_8BIT_02_WIN_SCREEN。本张只画一个画面状态：高杆被击退。画面焦点：高杆长条像素敌人向后滑，横臂封路姿态瓦解。人物焦点：高杆像素。表情要求：功能被解除。姿态/运动路径：右侧后退。连续性锚点：横版固定机位，像素小川，四个敌人，书包旋风、硬币冲击波，WIN 后一秒安静，再 INSERT COIN。画面应像可用于电影分镜的单张 production storyboard panel，构图清楚，动作状态明确，不要把前后动作合在一张里 【部分原文损坏，需从源文件重建 / Partial source text corrupted; rebuild from source】,不要统一脸型，不要统一发型，不要统一身材，不要童模脸，不要网红脸，不要现代校服，不要现代手机，不要液晶屏，不要女生，不要额外角色，不要成年人黑帮，不要动漫化，不要血腥，不要英雄化暴力。 本张特别避免：复杂连招、写实血腥、欢乐庆祝、现代UI、改写文字、解释结局 【部分原文损坏，需从源文件重建 / Partial source text corrupted; rebuild from source】,确认 高杆像素 可识别；确认 横版固定机位，像素小川，四个敌人，书包旋风、硬币冲击波，WIN 后一秒安静，再 INSERT COIN 未漂移；确认只表达「高杆被击退」一个状态。,S8_8BIT_TRANSLATED,8-bit 转译阶段 / 8-bit translation,角色焦点：高杆像素；连续性：横版固定机位，像素小川，四个敌人，书包旋风、硬币冲击波，WIN 后一秒安静，再 INSERT COIN / Character focus: 高杆像素; continuity: 横版固定机位，像素小川，四个敌人，书包旋风、硬币冲击波，WIN 后一秒安静，再 INSERT COIN,角色焦点：高杆像素；连续性：横版固定机位，像素小川，四个敌人，书包旋风、硬币冲击波，WIN 后一秒安静，再 INSERT COIN / Character focus: 高杆像素; continuity: 横版固定机位，像素小川，四个敌人，书包旋风、硬币冲击波，WIN 后一秒安静，再 INSERT COIN,横版固定机位，像素小川，四个敌人，书包旋风、硬币冲击波，WIN 后一秒安静，再 INSERT COIN / Environment continuity lock,whitebox_renders_v2/B06/WB2_8BIT_MSB180.png
MSB181,B06,20,WIN / INSERT COIN,storyboard,B,micro_storyboard_panels/B06/MSB181_20_大海倒退.png,90年代中国小城，中式梦核现实电影质感，潮湿发黄的童年记忆，低照度，轻微 VHS 噪点，儿童低视角，真实旧衣服和生活痕迹，不漂亮化。人物必须继承 v2 设定：阿磊海军蓝旧运动外套和左眉断点；小川右耳微外翻、过紧红领巾、浅绿色塌书包；小满浅色大衬衫、抓衣角、脚尖内扣；彬子黄发梢、破黑夹克、腰包；高杆高瘦长手臂；大海宽身体褪色 T 恤；小齐条纹内衫和抠袖口。 画面编号 MSB181，段落 20《WIN / INSERT COIN》。景别：横版全景。参考机位：CAM_8BIT_02_WIN_SCREEN。本张只画一个画面状态：大海倒退。画面焦点：大海宽体块敌人被推回，挡路墙感消失。人物焦点：大海像素。表情要求：压迫减弱。姿态/运动路径：后退两格。连续性锚点：横版固定机位，像素小川，四个敌人，书包旋风、硬币冲击波，WIN 后一秒安静，再 INSERT COIN。画面应像可用于电影分镜的单张 production storyboard panel，构图清楚，动作状态明确，不要把前后动作合在一张里 【部分原文损坏，需从源文件重建 / Partial source text corrupted; rebuild from source】,不要统一脸型，不要统一发型，不要统一身材，不要童模脸，不要网红脸，不要现代校服，不要现代手机，不要液晶屏，不要女生，不要额外角色，不要成年人黑帮，不要动漫化，不要血腥，不要英雄化暴力。 本张特别避免：复杂连招、写实血腥、欢乐庆祝、现代UI、改写文字、解释结局 【部分原文损坏，需从源文件重建 / Partial source text corrupted; rebuild from source】,确认 大海像素 可识别；确认 横版固定机位，像素小川，四个敌人，书包旋风、硬币冲击波，WIN 后一秒安静，再 INSERT COIN 未漂移；确认只表达「大海倒退」一个状态。,S8_8BIT_TRANSLATED,8-bit 转译阶段 / 8-bit translation,角色焦点：大海像素；连续性：横版固定机位，像素小川，四个敌人，书包旋风、硬币冲击波，WIN 后一秒安静，再 INSERT COIN / Character focus: 大海像素; continuity: 横版固定机位，像素小川，四个敌人，书包旋风、硬币冲击波，WIN 后一秒安静，再 INSERT COIN,角色焦点：大海像素；连续性：横版固定机位，像素小川，四个敌人，书包旋风、硬币冲击波，WIN 后一秒安静，再 INSERT COIN / Character focus: 大海像素; continuity: 横版固定机位，像素小川，四个敌人，书包旋风、硬币冲击波，WIN 后一秒安静，再 INSERT COIN,横版固定机位，像素小川，四个敌人，书包旋风、硬币冲击波，WIN 后一秒安静，再 INSERT COIN / Environment continuity lock,whitebox_renders_v2/B06/WB2_8BIT_MSB181.png
MSB182,B06,20,WIN / INSERT COIN,storyboard,B,micro_storyboard_panels/B06/MSB182_20_小齐闪退.png,90年代中国小城，中式梦核现实电影质感，潮湿发黄的童年记忆，低照度，轻微 VHS 噪点，儿童低视角，真实旧衣服和生活痕迹，不漂亮化。人物必须继承 v2 设定：阿磊海军蓝旧运动外套和左眉断点；小川右耳微外翻、过紧红领巾、浅绿色塌书包；小满浅色大衬衫、抓衣角、脚尖内扣；彬子黄发梢、破黑夹克、腰包；高杆高瘦长手臂；大海宽身体褪色 T 恤；小齐条纹内衫和抠袖口。 画面编号 MSB182，段落 20《WIN / INSERT COIN》。景别：横版中景。参考机位：CAM_8BIT_02_WIN_SCREEN。本张只画一个画面状态：小齐闪退。画面焦点：小齐小像素敌人第一个慌张后跳，条纹色块抖动。人物焦点：小齐像素。表情要求：害怕暴露。姿态/运动路径：快速后跳。连续性锚点：横版固定机位，像素小川，四个敌人，书包旋风、硬币冲击波，WIN 后一秒安静，再 INSERT COIN。画面应像可用于电影分镜的单张 production storyboard panel，构图清楚，动作状态明确，不要把前后动作合在一张里 【部分原文损坏，需从源文件重建 / Partial source text corrupted; rebuild from source】,不要统一脸型，不要统一发型，不要统一身材，不要童模脸，不要网红脸，不要现代校服，不要现代手机，不要液晶屏，不要女生，不要额外角色，不要成年人黑帮，不要动漫化，不要血腥，不要英雄化暴力。 本张特别避免：复杂连招、写实血腥、欢乐庆祝、现代UI、改写文字、解释结局 【部分原文损坏，需从源文件重建 / Partial source text corrupted; rebuild from source】,确认 小齐像素 可识别；确认 横版固定机位，像素小川，四个敌人，书包旋风、硬币冲击波，WIN 后一秒安静，再 INSERT COIN 未漂移；确认只表达「小齐闪退」一个状态。,S8_8BIT_TRANSLATED,8-bit 转译阶段 / 8-bit translation,角色焦点：小齐像素；连续性：横版固定机位，像素小川，四个敌人，书包旋风、硬币冲击波，WIN 后一秒安静，再 INSERT COIN / Character focus: 小齐像素; continuity: 横版固定机位，像素小川，四个敌人，书包旋风、硬币冲击波，WIN 后一秒安静，再 INSERT COIN,角色焦点：小齐像素；连续性：横版固定机位，像素小川，四个敌人，书包旋风、硬币冲击波，WIN 后一秒安静，再 INSERT COIN / Character focus: 小齐像素; continuity: 横版固定机位，像素小川，四个敌人，书包旋风、硬币冲击波，WIN 后一秒安静，再 INSERT COIN,横版固定机位，像素小川，四个敌人，书包旋风、硬币冲击波，WIN 后一秒安静，再 INSERT COIN / Environment continuity lock,whitebox_renders_v2/B06/WB2_8BIT_MSB182.png
MSB183,B06,20,WIN / INSERT COIN,keyframe,A,micro_storyboard_panels/B06/MSB183_20_彬子_mini-boss_停住.png,90年代中国小城，中式梦核现实电影质感，潮湿发黄的童年记忆，低照度，轻微 VHS 噪点，儿童低视角，真实旧衣服和生活痕迹，不漂亮化。人物必须继承 v2 设定：阿磊海军蓝旧运动外套和左眉断点；小川右耳微外翻、过紧红领巾、浅绿色塌书包；小满浅色大衬衫、抓衣角、脚尖内扣；彬子黄发梢、破黑夹克、腰包；高杆高瘦长手臂；大海宽身体褪色 T 恤；小齐条纹内衫和抠袖口。 画面编号 MSB183，段落 20《WIN / INSERT COIN》。景别：横版中景。参考机位：CAM_8BIT_02_WIN_SCREEN。本张只画一个画面状态：彬子 mini-boss 停住。画面焦点：彬子像素敌人最后停住，黄发黑夹克色块仍清楚。人物焦点：彬子像素。表情要求：不可置信。姿态/运动路径：短暂停住。连续性锚点：横版固定机位，像素小川，四个敌人，书包旋风、硬币冲击波，WIN 后一秒安静，再 INSERT COIN。画面应像可用于电影分镜的单张 production storyboard panel，构图清楚，动作状态明确，不要把前后动作合在一张里 【部分原文损坏，需从源文件重建 / Partial source text corrupted; rebuild from source】,不要统一脸型，不要统一发型，不要统一身材，不要童模脸，不要网红脸，不要现代校服，不要现代手机，不要液晶屏，不要女生，不要额外角色，不要成年人黑帮，不要动漫化，不要血腥，不要英雄化暴力。 本张特别避免：复杂连招、写实血腥、欢乐庆祝、现代UI、改写文字、解释结局 【部分原文损坏，需从源文件重建 / Partial source text corrupted; rebuild from source】,确认 彬子像素 可识别；确认 横版固定机位，像素小川，四个敌人，书包旋风、硬币冲击波，WIN 后一秒安静，再 INSERT COIN 未漂移；确认只表达「彬子 mini-boss 停住」一个状态。,S8_8BIT_TRANSLATED,8-bit 转译阶段 / 8-bit translation,角色焦点：彬子像素；连续性：横版固定机位，像素小川，四个敌人，书包旋风、硬币冲击波，WIN 后一秒安静，再 INSERT COIN / Character focus: 彬子像素; continuity: 横版固定机位，像素小川，四个敌人，书包旋风、硬币冲击波，WIN 后一秒安静，再 INSERT COIN,角色焦点：彬子像素；连续性：横版固定机位，像素小川，四个敌人，书包旋风、硬币冲击波，WIN 后一秒安静，再 INSERT COIN / Character focus: 彬子像素; continuity: 横版固定机位，像素小川，四个敌人，书包旋风、硬币冲击波，WIN 后一秒安静，再 INSERT COIN,横版固定机位，像素小川，四个敌人，书包旋风、硬币冲击波，WIN 后一秒安静，再 INSERT COIN / Environment continuity lock,whitebox_renders_v2/B06/WB2_8BIT_MSB183.png
MSB184,B06,20,WIN / INSERT COIN,end_frame,A,micro_storyboard_panels/B06/MSB184_20_清场瞬间.png,90年代中国小城，中式梦核现实电影质感，潮湿发黄的童年记忆，低照度，轻微 VHS 噪点，儿童低视角，真实旧衣服和生活痕迹，不漂亮化。人物必须继承 v2 设定：阿磊海军蓝旧运动外套和左眉断点；小川右耳微外翻、过紧红领巾、浅绿色塌书包；小满浅色大衬衫、抓衣角、脚尖内扣；彬子黄发梢、破黑夹克、腰包；高杆高瘦长手臂；大海宽身体褪色 T 恤；小齐条纹内衫和抠袖口。 画面编号 MSB184，段落 20《WIN / INSERT COIN》。景别：横版全景。参考机位：CAM_8BIT_02_WIN_SCREEN。本张只画一个画面状态：清场瞬间。画面焦点：敌人全部消失或倒地成低分辨率闪烁，不做血腥表现。人物焦点：全体像素。表情要求：声音抽空式胜利。姿态/运动路径：画面短促闪白。连续性锚点：横版固定机位，像素小川，四个敌人，书包旋风、硬币冲击波，WIN 后一秒安静，再 INSERT COIN。画面应像可用于电影分镜的单张 production storyboard panel，构图清楚，动作状态明确，不要把前后动作合在一张里 【部分原文损坏，需从源文件重建 / Partial source text corrupted; rebuild from source】,不要统一脸型，不要统一发型，不要统一身材，不要童模脸，不要网红脸，不要现代校服，不要现代手机，不要液晶屏，不要女生，不要额外角色，不要成年人黑帮，不要动漫化，不要血腥，不要英雄化暴力。 本张特别避免：复杂连招、写实血腥、欢乐庆祝、现代UI、改写文字、解释结局 【部分原文损坏，需从源文件重建 / Partial source text corrupted; rebuild from source】,确认 全体像素 可识别；确认 横版固定机位，像素小川，四个敌人，书包旋风、硬币冲击波，WIN 后一秒安静，再 INSERT COIN 未漂移；确认只表达「清场瞬间」一个状态。,S8_8BIT_TRANSLATED,8-bit 转译阶段 / 8-bit translation,角色焦点：全体像素；连续性：横版固定机位，像素小川，四个敌人，书包旋风、硬币冲击波，WIN 后一秒安静，再 INSERT COIN / Character focus: 全体像素; continuity: 横版固定机位，像素小川，四个敌人，书包旋风、硬币冲击波，WIN 后一秒安静，再 INSERT COIN,角色焦点：全体像素；连续性：横版固定机位，像素小川，四个敌人，书包旋风、硬币冲击波，WIN 后一秒安静，再 INSERT COIN / Character focus: 全体像素; continuity: 横版固定机位，像素小川，四个敌人，书包旋风、硬币冲击波，WIN 后一秒安静，再 INSERT COIN,横版固定机位，像素小川，四个敌人，书包旋风、硬币冲击波，WIN 后一秒安静，再 INSERT COIN / Environment continuity lock,whitebox_renders_v2/B06/WB2_8BIT_MSB184.png
MSB185,B06,20,WIN / INSERT COIN,storyboard,A,micro_storyboard_panels/B06/MSB185_20_小川不庆祝.png,90年代中国小城，中式梦核现实电影质感，潮湿发黄的童年记忆，低照度，轻微 VHS 噪点，儿童低视角，真实旧衣服和生活痕迹，不漂亮化。人物必须继承 v2 设定：阿磊海军蓝旧运动外套和左眉断点；小川右耳微外翻、过紧红领巾、浅绿色塌书包；小满浅色大衬衫、抓衣角、脚尖内扣；彬子黄发梢、破黑夹克、腰包；高杆高瘦长手臂；大海宽身体褪色 T 恤；小齐条纹内衫和抠袖口。 画面编号 MSB185，段落 20《WIN / INSERT COIN》。景别：横版中景。参考机位：CAM_8BIT_02_WIN_SCREEN。本张只画一个画面状态：小川不庆祝。画面焦点：像素小川站在左中，仍是紧张待机动作，没有胜利姿势。人物焦点：小川像素。表情要求：空白，不明白胜利。姿态/运动路径：静止。连续性锚点：横版固定机位，像素小川，四个敌人，书包旋风、硬币冲击波，WIN 后一秒安静，再 INSERT COIN。画面应像可用于电影分镜的单张 production storyboard panel，构图清楚，动作状态明确，不要把前后动作合在一张里 【部分原文损坏，需从源文件重建 / Partial source text corrupted; rebuild from source】,不要统一脸型，不要统一发型，不要统一身材，不要童模脸，不要网红脸，不要现代校服，不要现代手机，不要液晶屏，不要女生，不要额外角色，不要成年人黑帮，不要动漫化，不要血腥，不要英雄化暴力。 本张特别避免：复杂连招、写实血腥、欢乐庆祝、现代UI、改写文字、解释结局 【部分原文损坏，需从源文件重建 / Partial source text corrupted; rebuild from source】,确认 小川像素 可识别；确认 横版固定机位，像素小川，四个敌人，书包旋风、硬币冲击波，WIN 后一秒安静，再 INSERT COIN 未漂移；确认只表达「小川不庆祝」一个状态。,S8_8BIT_TRANSLATED,8-bit 转译阶段 / 8-bit translation,角色焦点：小川像素；连续性：横版固定机位，像素小川，四个敌人，书包旋风、硬币冲击波，WIN 后一秒安静，再 INSERT COIN / Character focus: 小川像素; continuity: 横版固定机位，像素小川，四个敌人，书包旋风、硬币冲击波，WIN 后一秒安静，再 INSERT COIN,角色焦点：小川像素；连续性：横版固定机位，像素小川，四个敌人，书包旋风、硬币冲击波，WIN 后一秒安静，再 INSERT COIN / Character focus: 小川像素; continuity: 横版固定机位，像素小川，四个敌人，书包旋风、硬币冲击波，WIN 后一秒安静，再 INSERT COIN,横版固定机位，像素小川，四个敌人，书包旋风、硬币冲击波，WIN 后一秒安静，再 INSERT COIN / Environment continuity lock,whitebox_renders_v2/B06/WB2_8BIT_MSB185.png
MSB186,B06,20,WIN / INSERT COIN,keyframe,A,micro_storyboard_panels/B06/MSB186_20_WIN_居中.png,90年代中国小城，中式梦核现实电影质感，潮湿发黄的童年记忆，低照度，轻微 VHS 噪点，儿童低视角，真实旧衣服和生活痕迹，不漂亮化。人物必须继承 v2 设定：阿磊海军蓝旧运动外套和左眉断点；小川右耳微外翻、过紧红领巾、浅绿色塌书包；小满浅色大衬衫、抓衣角、脚尖内扣；彬子黄发梢、破黑夹克、腰包；高杆高瘦长手臂；大海宽身体褪色 T 恤；小齐条纹内衫和抠袖口。 画面编号 MSB186，段落 20《WIN / INSERT COIN》。景别：横版全景/UI。参考机位：CAM_8BIT_02_WIN_SCREEN。本张只画一个画面状态：WIN 居中。画面焦点：巨大黄色像素字 WIN 出现在画面中央，背景仍是废楼像素走廊。人物焦点：UI/小川。表情要求：爽感被压住。姿态/运动路径：UI 弹出。连续性锚点：横版固定机位，像素小川，四个敌人，书包旋风、硬币冲击波，WIN 后一秒安静，再 INSERT COIN。画面应像可用于电影分镜的单张 production storyboard panel，构图清楚，动作状态明确，不要把前后动作合在一张里 【部分原文损坏，需从源文件重建 / Partial source text corrupted; rebuild from source】,不要统一脸型，不要统一发型，不要统一身材，不要童模脸，不要网红脸，不要现代校服，不要现代手机，不要液晶屏，不要女生，不要额外角色，不要成年人黑帮，不要动漫化，不要血腥，不要英雄化暴力。 本张特别避免：复杂连招、写实血腥、欢乐庆祝、现代UI、改写文字、解释结局 【部分原文损坏，需从源文件重建 / Partial source text corrupted; rebuild from source】,确认 UI/小川 可识别；确认 横版固定机位，像素小川，四个敌人，书包旋风、硬币冲击波，WIN 后一秒安静，再 INSERT COIN 未漂移；确认只表达「WIN 居中」一个状态。,S8_8BIT_TRANSLATED,8-bit 转译阶段 / 8-bit translation,角色焦点：UI/小川；连续性：横版固定机位，像素小川，四个敌人，书包旋风、硬币冲击波，WIN 后一秒安静，再 INSERT COIN / Character focus: UI/小川; continuity: 横版固定机位，像素小川，四个敌人，书包旋风、硬币冲击波，WIN 后一秒安静，再 INSERT COIN,角色焦点：UI/小川；连续性：横版固定机位，像素小川，四个敌人，书包旋风、硬币冲击波，WIN 后一秒安静，再 INSERT COIN / Character focus: UI/小川; continuity: 横版固定机位，像素小川，四个敌人，书包旋风、硬币冲击波，WIN 后一秒安静，再 INSERT COIN,横版固定机位，像素小川，四个敌人，书包旋风、硬币冲击波，WIN 后一秒安静，再 INSERT COIN / Environment continuity lock,whitebox_renders_v2/B06/WB2_8BIT_MSB186.png
MSB187,B06,20,WIN / INSERT COIN,storyboard,A,micro_storyboard_panels/B06/MSB187_20_一秒安静.png,90年代中国小城，中式梦核现实电影质感，潮湿发黄的童年记忆，低照度，轻微 VHS 噪点，儿童低视角，真实旧衣服和生活痕迹，不漂亮化。人物必须继承 v2 设定：阿磊海军蓝旧运动外套和左眉断点；小川右耳微外翻、过紧红领巾、浅绿色塌书包；小满浅色大衬衫、抓衣角、脚尖内扣；彬子黄发梢、破黑夹克、腰包；高杆高瘦长手臂；大海宽身体褪色 T 恤；小齐条纹内衫和抠袖口。 画面编号 MSB187，段落 20《WIN / INSERT COIN》。景别：横版全景/UI。参考机位：CAM_8BIT_02_WIN_SCREEN。本张只画一个画面状态：一秒安静。画面焦点：WIN 保持不动，像街机卡住一样安静，电话亭轮廓仍在背景。人物焦点：UI/环境。表情要求：不安停顿。姿态/运动路径：几乎静止。连续性锚点：横版固定机位，像素小川，四个敌人，书包旋风、硬币冲击波，WIN 后一秒安静，再 INSERT COIN。画面应像可用于电影分镜的单张 production storyboard panel，构图清楚，动作状态明确，不要把前后动作合在一张里 【部分原文损坏，需从源文件重建 / Partial source text corrupted; rebuild from source】,不要统一脸型，不要统一发型，不要统一身材，不要童模脸，不要网红脸，不要现代校服，不要现代手机，不要液晶屏，不要女生，不要额外角色，不要成年人黑帮，不要动漫化，不要血腥，不要英雄化暴力。 本张特别避免：复杂连招、写实血腥、欢乐庆祝、现代UI、改写文字、解释结局 【部分原文损坏，需从源文件重建 / Partial source text corrupted; rebuild from source】,确认 UI/环境 可识别；确认 横版固定机位，像素小川，四个敌人，书包旋风、硬币冲击波，WIN 后一秒安静，再 INSERT COIN 未漂移；确认只表达「一秒安静」一个状态。,S8_8BIT_TRANSLATED,8-bit 转译阶段 / 8-bit translation,角色焦点：UI/环境；连续性：横版固定机位，像素小川，四个敌人，书包旋风、硬币冲击波，WIN 后一秒安静，再 INSERT COIN / Character focus: UI/环境; continuity: 横版固定机位，像素小川，四个敌人，书包旋风、硬币冲击波，WIN 后一秒安静，再 INSERT COIN,角色焦点：UI/环境；连续性：横版固定机位，像素小川，四个敌人，书包旋风、硬币冲击波，WIN 后一秒安静，再 INSERT COIN / Character focus: UI/环境; continuity: 横版固定机位，像素小川，四个敌人，书包旋风、硬币冲击波，WIN 后一秒安静，再 INSERT COIN,横版固定机位，像素小川，四个敌人，书包旋风、硬币冲击波，WIN 后一秒安静，再 INSERT COIN / Environment continuity lock,whitebox_renders_v2/B06/WB2_8BIT_MSB187.png
MSB188,B06,20,WIN / INSERT COIN,keyframe,A,micro_storyboard_panels/B06/MSB188_20_INSERT_COIN_尾针.png,90年代中国小城，中式梦核现实电影质感，潮湿发黄的童年记忆，低照度，轻微 VHS 噪点，儿童低视角，真实旧衣服和生活痕迹，不漂亮化。人物必须继承 v2 设定：阿磊海军蓝旧运动外套和左眉断点；小川右耳微外翻、过紧红领巾、浅绿色塌书包；小满浅色大衬衫、抓衣角、脚尖内扣；彬子黄发梢、破黑夹克、腰包；高杆高瘦长手臂；大海宽身体褪色 T 恤；小齐条纹内衫和抠袖口。 画面编号 MSB188，段落 20《WIN / INSERT COIN》。景别：横版全景/UI。参考机位：CAM_8BIT_02_WIN_SCREEN。本张只画一个画面状态：INSERT COIN 尾针。画面焦点：画面角落闪出 INSERT COIN，WIN 仍在，街机待机感吞掉结局。人物焦点：UI/环境。表情要求：胜利变成循环。姿态/运动路径：文字闪烁。连续性锚点：横版固定机位，像素小川，四个敌人，书包旋风、硬币冲击波，WIN 后一秒安静，再 INSERT COIN。画面应像可用于电影分镜的单张 production storyboard panel，构图清楚，动作状态明确，不要把前后动作合在一张里 【部分原文损坏，需从源文件重建 / Partial source text corrupted; rebuild from source】,不要统一脸型，不要统一发型，不要统一身材，不要童模脸，不要网红脸，不要现代校服，不要现代手机，不要液晶屏，不要女生，不要额外角色，不要成年人黑帮，不要动漫化，不要血腥，不要英雄化暴力。 本张特别避免：复杂连招、写实血腥、欢乐庆祝、现代UI、改写文字、解释结局 【部分原文损坏，需从源文件重建 / Partial source text corrupted; rebuild from source】,确认 UI/环境 可识别；确认 横版固定机位，像素小川，四个敌人，书包旋风、硬币冲击波，WIN 后一秒安静，再 INSERT COIN 未漂移；确认只表达「INSERT COIN 尾针」一个状态。,S8_8BIT_TRANSLATED,8-bit 转译阶段 / 8-bit translation,角色焦点：UI/环境；连续性：横版固定机位，像素小川，四个敌人，书包旋风、硬币冲击波，WIN 后一秒安静，再 INSERT COIN / Character focus: UI/环境; continuity: 横版固定机位，像素小川，四个敌人，书包旋风、硬币冲击波，WIN 后一秒安静，再 INSERT COIN,角色焦点：UI/环境；连续性：横版固定机位，像素小川，四个敌人，书包旋风、硬币冲击波，WIN 后一秒安静，再 INSERT COIN / Character focus: UI/环境; continuity: 横版固定机位，像素小川，四个敌人，书包旋风、硬币冲击波，WIN 后一秒安静，再 INSERT COIN,横版固定机位，像素小川，四个敌人，书包旋风、硬币冲击波，WIN 后一秒安静，再 INSERT COIN / Environment continuity lock,whitebox_renders_v2/B06/WB2_8BIT_MSB188.png
